file,mode,stream_start,comp_len,true_pos,damage_in_trailer,damaged_inflates_to_end,setting,damaged_body_replay_consistent,trailer_bytes_to_rewrite,decoded_len_orig,decoded_len_damaged
corrupted/saveas/text/AI_Development_MultiLanguage(saveas)_stream_zlib.pdf,saveas,632,2874,450,False,True,8/0,True,4,11519,11519
corrupted/saveas/text/AI_Development_MultiLanguage(saveas)_stream_zlib.pdf,saveas,13820,7959,5410,False,True,7/0,False,,86076,86115
corrupted/saveas/text/AI_Development_MultiLanguage(saveas)_stream_zlib.pdf,saveas,51835,5632,4567,False,True,7/0,True,3,43841,43841
corrupted/saveas/text/AI_Development_MultiLanguage(saveas)_stream_zlib.pdf,saveas,98828,343,244,False,True,8/0,False,,675,669
corrupted/saveas/text/AI_Development_MultiLanguage(saveas)_stream_zlib.pdf,saveas,116222,11137,933,False,False,7/0,False,,45628,0
corrupted/saveas/text/AI_Development_MultiLanguage(saveas)_stream_zlib.pdf,saveas,128556,41324,25769,False,True,7/0,False,,130152,130152
corrupted/saveas/text/AI_Development_MultiLanguage(saveas)_stream_zlib.pdf,saveas,171453,39150,26280,False,True,7/0,False,,108008,108008
corrupted/saveas/text/AI_Development_MultiLanguage(saveas)_stream_zlib.pdf,saveas,212845,1902,92,False,False,5/0,False,,110100,0
corrupted/saveas/text/AI_Development_MultiLanguage(saveas)_stream_zlib.pdf,saveas,214824,381,179,False,False,8/0,False,,771,0
corrupted/saveas/text/AI_Development_MultiLanguage(saveas)_stream_zlib.pdf,saveas,215298,14355,4756,False,True,7/0,True,4,45868,45868
corrupted/saveas/text/AI_Development_MultiLanguage(saveas)_stream_zlib.pdf,saveas,230874,18325,13588,False,True,7/0,False,,41076,41074
corrupted/saveas/text/AI_Development_MultiLanguage(saveas)_stream_zlib.pdf,saveas,251035,25233,24528,False,True,7/0,False,,53100,52970
corrupted/saveas/text/AI_Development_MultiLanguage(saveas)_stream_zlib.pdf,saveas,289131,9130,2658,False,True,7/0,True,3,35544,35544
corrupted/saveas/text/AI_Development_MultiLanguage(saveas)_stream_zlib.pdf,saveas,302368,430,40,False,False,8/0,False,,973,0
corrupted/saveas/text/AI_Development_MultiLanguage(saveas)_stream_zlib.pdf,saveas,311201,443,124,False,True,8/0,False,,1082,1082
corrupted/saveas/text/AI_Development_MultiLanguage(saveas)_stream_zlib.pdf,saveas,317463,12730,3018,False,True,7/0,True,3,30764,30764
corrupted/saveas/text/AI_Development_MultiLanguage(saveas)_stream_zlib.pdf,saveas,331441,18190,11323,False,True,7/0,True,4,40892,40892
corrupted/saveas/text/AI_Development_MultiLanguage(saveas)_stream_zlib.pdf,saveas,370286,2839,371,False,False,7/0,False,,9912,0
corrupted/saveas/text/AeroChef_Drone_Delivery_Cooking_Service(saveas)_stream_zlib.pdf,saveas,44868,6082,4469,False,True,7/0,False,,40616,40512
corrupted/saveas/text/AeroChef_Drone_Delivery_Cooking_Service(saveas)_stream_zlib.pdf,saveas,51209,5963,4869,False,True,7/0,False,,39765,39732
corrupted/saveas/text/AeroChef_Drone_Delivery_Cooking_Service(saveas)_stream_zlib.pdf,saveas,77674,226,80,False,True,8/0,False,,337,335
corrupted/saveas/text/AeroChef_Drone_Delivery_Cooking_Service(saveas)_stream_zlib.pdf,saveas,135083,308,24,False,False,8/0,False,,492,0
corrupted/saveas/text/AeroChef_Drone_Delivery_Cooking_Service(saveas)_stream_zlib.pdf,saveas,209851,16672,14306,False,True,7/0,False,,73260,73260
corrupted/saveas/text/AeroChef_Drone_Delivery_Cooking_Service(saveas)_stream_zlib.pdf,saveas,253698,361,135,False,True,8/0,False,,719,729
corrupted/saveas/text/AeroChef_Drone_Delivery_Cooking_Service(saveas)_stream_zlib.pdf,saveas,259092,738,562,False,True,8/0,False,,1947,1951
corrupted/saveas/text/AeroChef_Drone_Delivery_Cooking_Service(saveas)_stream_zlib.pdf,saveas,259923,11305,5677,False,True,7/0,False,,30144,30148
corrupted/saveas/text/AeroChef_Drone_Delivery_Cooking_Service(saveas)_stream_zlib.pdf,saveas,273177,26070,4966,False,True,7/0,False,,67528,67528
corrupted/saveas/text/AeroChef_Drone_Delivery_Cooking_Service(saveas)_stream_zlib.pdf,saveas,307916,9380,4092,False,True,7/0,False,,35680,35682
corrupted/saveas/text/AeroChef_Drone_Delivery_Cooking_Service(saveas)_stream_zlib.pdf,saveas,317872,3433,291,False,True,8/0,False,,6120,6124
corrupted/saveas/text/AeroChef_Drone_Delivery_Cooking_Service(saveas)_stream_zlib.pdf,saveas,325252,430,72,False,False,8/0,False,,904,0
corrupted/saveas/text/AeroChef_Drone_Delivery_Cooking_Service(saveas)_stream_zlib.pdf,saveas,325775,11241,10825,False,True,7/0,False,,28368,28375
corrupted/saveas/text/AeroChef_Drone_Delivery_Cooking_Service(saveas)_stream_zlib.pdf,saveas,338464,4955,1527,False,False,8/0,False,,10408,0
corrupted/saveas/text/AeroChef_Drone_Delivery_Cooking_Service(saveas)_stream_zlib.pdf,saveas,344426,383,156,False,True,8/0,False,,860,860
corrupted/saveas/text/AeroChef_Drone_Delivery_Cooking_Service(saveas)_stream_zlib.pdf,saveas,344901,7795,7141,False,True,7/0,False,,19656,19668
corrupted/saveas/text/AeroChef_Drone_Delivery_Cooking_Service(saveas)_stream_zlib.pdf,saveas,379124,20787,17188,False,True,7/0,True,3,45284,45284
corrupted/saveas/text/Aurora_VR_AR_Game_Lineup_Multilingual(saveas)_stream_zlib.pdf,saveas,595,3415,972,False,True,8/0,False,,22914,22976
corrupted/saveas/text/Aurora_VR_AR_Game_Lineup_Multilingual(saveas)_stream_zlib.pdf,saveas,22744,3790,2232,False,True,8/0,False,,21099,21097
corrupted/saveas/text/Aurora_VR_AR_Game_Lineup_Multilingual(saveas)_stream_zlib.pdf,saveas,49146,5924,1949,False,True,8/0,False,,44545,44546
corrupted/saveas/text/Aurora_VR_AR_Game_Lineup_Multilingual(saveas)_stream_zlib.pdf,saveas,55177,5155,1094,False,True,7/0,False,,40373,40371
corrupted/saveas/text/Aurora_VR_AR_Game_Lineup_Multilingual(saveas)_stream_zlib.pdf,saveas,60439,7569,1588,False,False,7/0,False,,45184,0
corrupted/saveas/text/Aurora_VR_AR_Game_Lineup_Multilingual(saveas)_stream_zlib.pdf,saveas,79921,17847,10762,False,True,7/0,False,,113644,113645
corrupted/saveas/text/Aurora_VR_AR_Game_Lineup_Multilingual(saveas)_stream_zlib.pdf,saveas,97890,25892,2530,False,True,7/0,False,,81056,81059
corrupted/saveas/text/Aurora_VR_AR_Game_Lineup_Multilingual(saveas)_stream_zlib.pdf,saveas,123859,740,584,False,True,8/0,False,,1615,1600
corrupted/saveas/text/Aurora_VR_AR_Game_Lineup_Multilingual(saveas)_stream_zlib.pdf,saveas,157974,10802,2987,False,True,7/0,True,4,59548,59548
corrupted/saveas/text/Aurora_VR_AR_Game_Lineup_Multilingual(saveas)_stream_zlib.pdf,saveas,202991,22475,19898,False,True,7/0,False,,61472,61471
corrupted/saveas/text/Aurora_VR_AR_Game_Lineup_Multilingual(saveas)_stream_zlib.pdf,saveas,226781,9461,9404,False,True,7/0,False,,24256,24279
corrupted/saveas/text/Aurora_VR_AR_Game_Lineup_Multilingual(saveas)_stream_zlib.pdf,saveas,245913,9806,1178,False,True,7/0,False,,26664,26659
corrupted/saveas/text/Aurora_VR_AR_Game_Lineup_Multilingual(saveas)_stream_zlib.pdf,saveas,256482,12144,10624,False,True,7/0,False,,28456,28401
corrupted/saveas/text/Aurora_VR_AR_Game_Lineup_Multilingual(saveas)_stream_zlib.pdf,saveas,270333,19807,16537,False,True,7/0,False,,44104,44249
corrupted/saveas/text/Autonomous_Vehicle_Accident_Report(saveas)_stream_zlib.pdf,saveas,616,3405,2375,False,True,8/0,False,,22396,22471
corrupted/saveas/text/Autonomous_Vehicle_Accident_Report(saveas)_stream_zlib.pdf,saveas,6915,3047,329,False,False,8/0,False,,23065,0
corrupted/saveas/text/Autonomous_Vehicle_Accident_Report(saveas)_stream_zlib.pdf,saveas,23348,3245,3025,False,True,8/0,False,,20906,20758
corrupted/saveas/text/Autonomous_Vehicle_Accident_Report(saveas)_stream_zlib.pdf,saveas,29419,3663,3162,False,True,8/0,False,,23098,23098
corrupted/saveas/text/Autonomous_Vehicle_Accident_Report(saveas)_stream_zlib.pdf,saveas,44777,5367,2743,False,False,7/0,False,,39214,0
corrupted/saveas/text/Autonomous_Vehicle_Accident_Report(saveas)_stream_zlib.pdf,saveas,50250,6410,5810,False,True,7/0,False,,41631,41632
corrupted/saveas/text/Autonomous_Vehicle_Accident_Report(saveas)_stream_zlib.pdf,saveas,56767,6113,2604,False,True,7/0,False,,36609,36731
corrupted/saveas/text/Autonomous_Vehicle_Accident_Report(saveas)_stream_zlib.pdf,saveas,63276,7829,4071,False,True,7/0,False,,24528,24529
corrupted/saveas/text/Autonomous_Vehicle_Accident_Report(saveas)_stream_zlib.pdf,saveas,98082,6019,4394,False,True,7/0,False,,13172,13187
corrupted/saveas/text/Autonomous_Vehicle_Accident_Report(saveas)_stream_zlib.pdf,saveas,104488,19128,4171,False,True,7/0,True,3,116072,116072
corrupted/saveas/text/Autonomous_Vehicle_Accident_Report(saveas)_stream_zlib.pdf,saveas,124140,22446,594,False,False,7/0,False,,56632,0
corrupted/saveas/text/Autonomous_Vehicle_Accident_Report(saveas)_stream_zlib.pdf,saveas,147826,25154,1285,False,True,7/0,False,,79184,79440
corrupted/saveas/text/Autonomous_Vehicle_Accident_Report(saveas)_stream_zlib.pdf,saveas,250085,5719,3855,False,True,8/0,True,4,16160,16160
corrupted/saveas/text/Autonomous_Vehicle_Accident_Report(saveas)_stream_zlib.pdf,saveas,279679,223,80,False,False,8/0,False,,337,0
corrupted/saveas/text/Autonomous_Vehicle_Accident_Report(saveas)_stream_zlib.pdf,saveas,279994,7333,6131,False,True,7/0,True,4,32724,32724
corrupted/saveas/text/Autonomous_Vehicle_Accident_Report(saveas)_stream_zlib.pdf,saveas,301476,8742,135,False,False,7/0,False,,18548,0
corrupted/saveas/text/Autonomous_Vehicle_Accident_Report(saveas)_stream_zlib.pdf,saveas,310295,370,80,False,True,8/0,False,,783,783
corrupted/saveas/text/Autonomous_Vehicle_Accident_Report(saveas)_stream_zlib.pdf,saveas,310757,8262,5324,False,True,8/0,False,,16520,16516
corrupted/saveas/text/Autonomous_Vehicle_Accident_Report(saveas)_stream_zlib.pdf,saveas,320572,14793,10779,False,True,7/0,False,,33552,33552
corrupted/saveas/text/Autonomous_Vehicle_Accident_Report(saveas)_stream_zlib.pdf,saveas,345655,662,410,False,True,8/0,False,,2136,2132
corrupted/saveas/text/Autonomous_Vehicle_Accident_Report(saveas)_stream_zlib.pdf,saveas,346410,16365,8235,False,True,7/0,True,3,36932,36932
corrupted/saveas/text/Autonomous_Vehicle_Accident_Report(saveas)_stream_zlib.pdf,saveas,364579,5913,369,False,True,7/0,False,,13276,13307
corrupted/saveas/text/Autonomous_Vehicle_Accident_Report(saveas)_stream_zlib.pdf,saveas,374592,3035,1400,False,True,8/0,False,,10626,10635
corrupted/saveas/text/BioNext_Data_Leak_Report(saveas)_stream_zlib.pdf,saveas,22850,3612,1894,False,True,8/0,False,,22382,22315
corrupted/saveas/text/BioNext_Data_Leak_Report(saveas)_stream_zlib.pdf,saveas,45996,5320,3589,False,True,7/0,False,,39094,39094
corrupted/saveas/text/BioNext_Data_Leak_Report(saveas)_stream_zlib.pdf,saveas,58019,6566,4278,False,True,7/0,False,,39888,39888
corrupted/saveas/text/BioNext_Data_Leak_Report(saveas)_stream_zlib.pdf,saveas,71247,25892,9073,False,True,7/0,False,,81056,81054
corrupted/saveas/text/BioNext_Data_Leak_Report(saveas)_stream_zlib.pdf,saveas,104120,14868,9750,False,True,7/0,False,,41852,42387
corrupted/saveas/text/BioNext_Data_Leak_Report(saveas)_stream_zlib.pdf,saveas,119065,365,269,False,True,8/0,False,,628,625
corrupted/saveas/text/BioNext_Data_Leak_Report(saveas)_stream_zlib.pdf,saveas,129000,45032,15779,False,True,7/0,False,,137672,137679
corrupted/saveas/text/BioNext_Data_Leak_Report(saveas)_stream_zlib.pdf,saveas,239934,25644,20214,False,True,7/0,False,,68124,68049
corrupted/saveas/text/BioNext_Data_Leak_Report(saveas)_stream_zlib.pdf,saveas,270717,13603,8135,False,True,7/0,True,3,32712,32712
corrupted/saveas/text/BioNext_Data_Leak_Report(saveas)_stream_zlib.pdf,saveas,284956,10641,4553,False,True,7/0,False,,27428,27426
corrupted/saveas/text/BioNext_Data_Leak_Report(saveas)_stream_zlib.pdf,saveas,296064,4946,64,False,False,8/0,False,,8736,0
corrupted/saveas/text/BioNext_Data_Leak_Report(saveas)_stream_zlib.pdf,saveas,320262,342,78,False,True,8/0,False,,715,715
corrupted/saveas/text/BioNext_Data_Leak_Report(saveas)_stream_zlib.pdf,saveas,366765,3112,645,False,True,8/0,False,,10843,10843
corrupted/saveas/text/Digital_Minimalism(saveas)_stream_zlib.pdf,saveas,25005,2762,2070,False,True,8/0,False,,11518,8031
corrupted/saveas/text/Digital_Minimalism(saveas)_stream_zlib.pdf,saveas,35856,6882,3831,False,True,8/0,False,,77258,77257
corrupted/saveas/text/Digital_Minimalism(saveas)_stream_zlib.pdf,saveas,46385,4358,3443,False,True,8/0,False,,39338,39097
corrupted/saveas/text/Digital_Minimalism(saveas)_stream_zlib.pdf,saveas,50849,5823,5528,False,True,7/0,False,,44331,42703
corrupted/saveas/text/Digital_Minimalism(saveas)_stream_zlib.pdf,saveas,56779,5126,3771,False,True,8/0,False,,33117,33117
corrupted/saveas/text/Digital_Minimalism(saveas)_stream_zlib.pdf,saveas,118818,380,232,False,True,8/0,False,,656,660
corrupted/saveas/text/Digital_Minimalism(saveas)_stream_zlib.pdf,saveas,119291,22490,12578,False,True,7/0,False,,56964,56963
corrupted/saveas/text/Digital_Minimalism(saveas)_stream_zlib.pdf,saveas,197300,25967,10088,False,True,7/0,False,,80464,80465
corrupted/saveas/text/Digital_Minimalism(saveas)_stream_zlib.pdf,saveas,232332,9874,8171,False,True,7/0,False,,23104,23103
corrupted/saveas/text/Digital_Minimalism(saveas)_stream_zlib.pdf,saveas,264308,7537,1143,False,True,7/0,False,,21464,21467
corrupted/saveas/text/Digital_Minimalism(saveas)_stream_zlib.pdf,saveas,272458,8799,2111,False,True,7/0,False,,23280,23280
corrupted/saveas/text/Digital_Minimalism(saveas)_stream_zlib.pdf,saveas,281864,8482,1248,False,True,8/0,False,,34436,34438
corrupted/saveas/text/Digital_Minimalism(saveas)_stream_zlib.pdf,saveas,296125,9846,5301,False,True,7/0,False,,26716,26717
corrupted/saveas/text/Digital_Minimalism(saveas)_stream_zlib.pdf,saveas,307515,4402,905,False,True,8/0,False,,9888,10107
corrupted/saveas/text/Digital_Minimalism(saveas)_stream_zlib.pdf,saveas,313365,3928,2253,False,True,7/0,False,,9232,9246
corrupted/saveas/text/Digital_Minimalism(saveas)_stream_zlib.pdf,saveas,317785,682,125,False,False,8/0,False,,2051,0
corrupted/saveas/text/Digital_Minimalism(saveas)_stream_zlib.pdf,saveas,318560,12538,11396,False,True,7/0,False,,29760,29761
corrupted/saveas/text/Digital_Minimalism(saveas)_stream_zlib.pdf,saveas,350815,2854,1819,False,True,8/0,False,,10024,10025
corrupted/saveas/text/E-Payment_Service_Outage_Report(saveas)_stream_zlib.pdf,saveas,616,3496,1892,False,True,8/0,True,3,21576,21576
corrupted/saveas/text/E-Payment_Service_Outage_Report(saveas)_stream_zlib.pdf,saveas,13317,5981,587,False,False,8/0,False,,54414,0
corrupted/saveas/text/E-Payment_Service_Outage_Report(saveas)_stream_zlib.pdf,saveas,45373,5325,2699,False,False,7/0,False,,39135,0
corrupted/saveas/text/E-Payment_Service_Outage_Report(saveas)_stream_zlib.pdf,saveas,50804,6461,3812,False,True,7/0,True,4,41698,41698
corrupted/saveas/text/E-Payment_Service_Outage_Report(saveas)_stream_zlib.pdf,saveas,64077,6384,6314,False,True,8/0,False,,11208,11205
corrupted/saveas/text/E-Payment_Service_Outage_Report(saveas)_stream_zlib.pdf,saveas,96870,19565,18998,False,True,7/0,True,4,116828,116828
corrupted/saveas/text/E-Payment_Service_Outage_Report(saveas)_stream_zlib.pdf,saveas,123024,22998,15963,False,True,7/0,False,,85136,85151
corrupted/saveas/text/E-Payment_Service_Outage_Report(saveas)_stream_zlib.pdf,saveas,175286,976,545,False,True,8/0,False,,2296,2293
corrupted/saveas/text/E-Payment_Service_Outage_Report(saveas)_stream_zlib.pdf,saveas,241464,4056,257,False,True,8/0,True,4,12624,12624
corrupted/saveas/text/E-Payment_Service_Outage_Report(saveas)_stream_zlib.pdf,saveas,269053,13594,12784,False,True,7/0,False,,26680,26696
corrupted/saveas/text/E-Payment_Service_Outage_Report(saveas)_stream_zlib.pdf,saveas,284093,7681,6759,False,True,7/0,False,,21664,21661
corrupted/saveas/text/E-Payment_Service_Outage_Report(saveas)_stream_zlib.pdf,saveas,292423,11340,1068,False,True,7/0,False,,39660,39660
corrupted/saveas/text/E-Payment_Service_Outage_Report(saveas)_stream_zlib.pdf,saveas,304427,12187,7678,False,True,7/0,False,,30040,30039
corrupted/saveas/text/E-Payment_Service_Outage_Report(saveas)_stream_zlib.pdf,saveas,317072,4586,1607,False,True,8/0,False,,8204,8213
corrupted/saveas/text/E-Payment_Service_Outage_Report(saveas)_stream_zlib.pdf,saveas,322678,7689,1113,False,True,7/0,False,,15000,15001
corrupted/saveas/text/E-Payment_Service_Outage_Report(saveas)_stream_zlib.pdf,saveas,331880,15234,10542,False,True,7/0,False,,34180,34204
corrupted/saveas/text/EcoWave_Sustainable_Fashion_Collection(saveas)_stream_zlib.pdf,saveas,23727,3000,1146,False,False,8/0,False,,15969,0
corrupted/saveas/text/EcoWave_Sustainable_Fashion_Collection(saveas)_stream_zlib.pdf,saveas,45344,6014,4513,False,True,7/0,False,,40590,40587
corrupted/saveas/text/EcoWave_Sustainable_Fashion_Collection(saveas)_stream_zlib.pdf,saveas,80424,235,71,False,True,8/0,False,,351,351
corrupted/saveas/text/EcoWave_Sustainable_Fashion_Collection(saveas)_stream_zlib.pdf,saveas,110586,18204,2911,False,True,7/0,False,,58484,58732
corrupted/saveas/text/EcoWave_Sustainable_Fashion_Collection(saveas)_stream_zlib.pdf,saveas,129267,13256,9157,False,True,7/0,False,,38772,38787
corrupted/saveas/text/EcoWave_Sustainable_Fashion_Collection(saveas)_stream_zlib.pdf,saveas,169398,274,135,False,True,8/0,False,,421,423
corrupted/saveas/text/EcoWave_Sustainable_Fashion_Collection(saveas)_stream_zlib.pdf,saveas,180115,22779,7074,False,True,7/0,False,,75544,75917
corrupted/saveas/text/EcoWave_Sustainable_Fashion_Collection(saveas)_stream_zlib.pdf,saveas,261749,7570,3411,False,True,7/0,False,,20252,20251
corrupted/saveas/text/EcoWave_Sustainable_Fashion_Collection(saveas)_stream_zlib.pdf,saveas,270409,631,178,False,False,8/0,False,,1673,0
corrupted/saveas/text/EcoWave_Sustainable_Fashion_Collection(saveas)_stream_zlib.pdf,saveas,271133,21585,523,False,True,7/0,False,,44836,44836
corrupted/saveas/text/EcoWave_Sustainable_Fashion_Collection(saveas)_stream_zlib.pdf,saveas,294281,7318,5780,False,True,7/0,False,,21000,20995
corrupted/saveas/text/EcoWave_Sustainable_Fashion_Collection(saveas)_stream_zlib.pdf,saveas,305861,324,241,False,True,8/0,False,,676,676
corrupted/saveas/text/EcoWave_Sustainable_Fashion_Collection(saveas)_stream_zlib.pdf,saveas,320434,428,72,False,True,8/0,True,3,1033,1033
corrupted/saveas/text/EcoWave_Sustainable_Fashion_Collection(saveas)_stream_zlib.pdf,saveas,341842,7489,1963,False,True,7/0,True,4,16776,16776
corrupted/saveas/text/EcoWave_Sustainable_Fashion_Collection(saveas)_stream_zlib.pdf,saveas,351029,21975,5203,False,True,7/0,False,,47620,47622
corrupted/saveas/text/EduBot_AI_Learning_Robot_Series(saveas)_stream_zlib.pdf,saveas,7491,2482,808,False,True,8/0,False,,16001,16010
corrupted/saveas/text/EduBot_AI_Learning_Robot_Series(saveas)_stream_zlib.pdf,saveas,24336,2982,2978,True,True,8/0,True,1,16561,16561
corrupted/saveas/text/EduBot_AI_Learning_Robot_Series(saveas)_stream_zlib.pdf,saveas,58667,4846,1094,False,True,7/0,False,,26024,25862
corrupted/saveas/text/EduBot_AI_Learning_Robot_Series(saveas)_stream_zlib.pdf,saveas,91671,226,36,False,False,8/0,False,,337,0
corrupted/saveas/text/EduBot_AI_Learning_Robot_Series(saveas)_stream_zlib.pdf,saveas,98189,18204,12321,False,True,7/0,False,,58484,58483
corrupted/saveas/text/EduBot_AI_Learning_Robot_Series(saveas)_stream_zlib.pdf,saveas,116470,225,206,False,True,8/0,False,,337,338
corrupted/saveas/text/EduBot_AI_Learning_Robot_Series(saveas)_stream_zlib.pdf,saveas,148991,298,27,False,False,8/0,False,,464,0
corrupted/saveas/text/EduBot_AI_Learning_Robot_Series(saveas)_stream_zlib.pdf,saveas,160195,26204,15931,False,True,7/0,True,3,87116,87116
corrupted/saveas/text/EduBot_AI_Learning_Robot_Series(saveas)_stream_zlib.pdf,saveas,188763,15544,7735,False,True,7/0,False,,65916,65916
corrupted/saveas/text/EduBot_AI_Learning_Robot_Series(saveas)_stream_zlib.pdf,saveas,211772,16484,5042,False,True,7/0,False,,37088,37076
corrupted/saveas/text/EduBot_AI_Learning_Robot_Series(saveas)_stream_zlib.pdf,saveas,253502,27659,10500,False,True,7/0,False,,71076,71080
corrupted/saveas/text/EduBot_AI_Learning_Robot_Series(saveas)_stream_zlib.pdf,saveas,298280,223,49,False,False,8/0,False,,337,0
corrupted/saveas/text/EduBot_AI_Learning_Robot_Series(saveas)_stream_zlib.pdf,saveas,336885,11623,5024,False,True,7/0,False,,30152,30153
corrupted/saveas/text/EduBot_AI_Learning_Robot_Series(saveas)_stream_zlib.pdf,saveas,349161,639,632,False,False,8/0,False,,1900,0
corrupted/saveas/text/EduBot_AI_Learning_Robot_Series(saveas)_stream_zlib.pdf,saveas,349893,12864,5561,False,True,7/0,False,,29884,29886
corrupted/saveas/text/EduBot_AI_Learning_Robot_Series(saveas)_stream_zlib.pdf,saveas,393834,2940,263,False,False,7/0,False,,9968,0
corrupted/saveas/text/Evolution_Biodegradable_Plastics(saveas)_stream_zlib.pdf,saveas,606,3029,886,False,True,8/0,False,,13525,13529
corrupted/saveas/text/Evolution_Biodegradable_Plastics(saveas)_stream_zlib.pdf,saveas,24107,3169,2658,False,True,6/0,False,,14021,13996
corrupted/saveas/text/Evolution_Biodegradable_Plastics(saveas)_stream_zlib.pdf,saveas,28981,3329,1184,False,False,8/0,False,,14142,0
corrupted/saveas/text/Evolution_Biodegradable_Plastics(saveas)_stream_zlib.pdf,saveas,51687,5930,4956,False,True,7/0,False,,44677,44554
corrupted/saveas/text/Evolution_Biodegradable_Plastics(saveas)_stream_zlib.pdf,saveas,64612,17209,16534,False,True,7/0,False,,112484,112453
corrupted/saveas/text/Evolution_Biodegradable_Plastics(saveas)_stream_zlib.pdf,saveas,108196,7814,1564,False,True,8/0,False,,13432,13432
corrupted/saveas/text/Evolution_Biodegradable_Plastics(saveas)_stream_zlib.pdf,saveas,116375,4447,3103,False,True,7/0,False,,11208,11203
corrupted/saveas/text/Evolution_Biodegradable_Plastics(saveas)_stream_zlib.pdf,saveas,121374,9412,1896,False,True,7/0,False,,60652,60652
corrupted/saveas/text/Evolution_Biodegradable_Plastics(saveas)_stream_zlib.pdf,saveas,131182,948,818,False,True,8/0,False,,2235,2259
corrupted/saveas/text/Evolution_Biodegradable_Plastics(saveas)_stream_zlib.pdf,saveas,132223,22411,1254,False,True,7/0,False,,75124,75125
corrupted/saveas/text/Evolution_Biodegradable_Plastics(saveas)_stream_zlib.pdf,saveas,245288,5235,2088,False,True,8/0,False,,14296,14296
corrupted/saveas/text/Evolution_Biodegradable_Plastics(saveas)_stream_zlib.pdf,saveas,285006,6750,2414,False,False,7/0,False,,17784,0
corrupted/saveas/text/Evolution_Biodegradable_Plastics(saveas)_stream_zlib.pdf,saveas,310451,379,292,False,False,8/0,False,,790,0
corrupted/saveas/text/Evolution_Biodegradable_Plastics(saveas)_stream_zlib.pdf,saveas,315647,9793,8277,False,True,7/0,True,3,26780,26780
corrupted/saveas/text/Evolution_Biodegradable_Plastics(saveas)_stream_zlib.pdf,saveas,326811,5821,5179,False,True,8/0,False,,10388,10376
corrupted/saveas/text/Evolution_Biodegradable_Plastics(saveas)_stream_zlib.pdf,saveas,338321,645,557,False,False,8/0,False,,1905,0
corrupted/saveas/text/Evolution_Food_Culture_Alternative_Foods(saveas)_stream_zlib.pdf,saveas,50969,5782,500,False,True,7/0,False,,44091,44094
corrupted/saveas/text/Evolution_Food_Culture_Alternative_Foods(saveas)_stream_zlib.pdf,saveas,56858,5218,3509,False,True,7/0,False,,34071,34150
corrupted/saveas/text/Evolution_Food_Culture_Alternative_Foods(saveas)_stream_zlib.pdf,saveas,98064,4643,1956,False,True,7/0,False,,11436,11440
corrupted/saveas/text/Evolution_Food_Culture_Alternative_Foods(saveas)_stream_zlib.pdf,saveas,103067,17320,14925,False,True,7/0,False,,112976,112956
corrupted/saveas/text/Evolution_Food_Culture_Alternative_Foods(saveas)_stream_zlib.pdf,saveas,120464,366,144,False,True,8/0,False,,618,620
corrupted/saveas/text/Evolution_Food_Culture_Alternative_Foods(saveas)_stream_zlib.pdf,saveas,133075,1036,858,False,True,8/0,False,,2430,2430
corrupted/saveas/text/Evolution_Food_Culture_Alternative_Foods(saveas)_stream_zlib.pdf,saveas,296531,8691,6716,False,True,8/0,True,3,34816,34816
corrupted/saveas/text/Evolution_Food_Culture_Alternative_Foods(saveas)_stream_zlib.pdf,saveas,305827,8184,5074,False,True,7/0,False,,22096,22094
corrupted/saveas/text/Evolution_Food_Culture_Alternative_Foods(saveas)_stream_zlib.pdf,saveas,321901,4486,2278,False,True,8/0,True,4,9884,9884
corrupted/saveas/text/Evolution_Food_Culture_Alternative_Foods(saveas)_stream_zlib.pdf,saveas,327888,9654,6334,False,True,7/0,False,,26516,26510
corrupted/saveas/text/Evolution_Food_Culture_Alternative_Foods(saveas)_stream_zlib.pdf,saveas,339035,13710,3538,False,True,7/0,False,,31236,31245
corrupted/saveas/text/Evolution_Food_Culture_Alternative_Foods(saveas)_stream_zlib.pdf,saveas,354034,14548,4204,False,True,7/0,False,,49524,49572
corrupted/saveas/text/Evolution_Food_Culture_Alternative_Foods(saveas)_stream_zlib.pdf,saveas,386777,2823,501,False,False,7/0,False,,10038,0
corrupted/saveas/text/International_Logistics_Fire_Report(saveas)_stream_zlib.pdf,saveas,606,3725,1322,False,True,8/0,False,,23622,23762
corrupted/saveas/text/International_Logistics_Fire_Report(saveas)_stream_zlib.pdf,saveas,6528,3134,565,False,False,8/0,False,,22983,0
corrupted/saveas/text/International_Logistics_Fire_Report(saveas)_stream_zlib.pdf,saveas,45846,5340,1428,False,True,7/0,False,,39234,39234
corrupted/saveas/text/International_Logistics_Fire_Report(saveas)_stream_zlib.pdf,saveas,51292,6443,4223,False,True,7/0,False,,41886,41927
corrupted/saveas/text/International_Logistics_Fire_Report(saveas)_stream_zlib.pdf,saveas,57842,7147,3364,False,True,7/0,False,,43846,43821
corrupted/saveas/text/International_Logistics_Fire_Report(saveas)_stream_zlib.pdf,saveas,68835,25892,8460,False,True,7/0,False,,81056,81064
corrupted/saveas/text/International_Logistics_Fire_Report(saveas)_stream_zlib.pdf,saveas,95117,19170,9809,False,True,7/0,False,,116252,116251
corrupted/saveas/text/International_Logistics_Fire_Report(saveas)_stream_zlib.pdf,saveas,187901,10962,4317,False,True,7/0,False,,28980,28982
corrupted/saveas/text/International_Logistics_Fire_Report(saveas)_stream_zlib.pdf,saveas,199978,9665,115,False,False,7/0,False,,21384,0
corrupted/saveas/text/International_Logistics_Fire_Report(saveas)_stream_zlib.pdf,saveas,229139,10630,8499,False,True,7/0,False,,27296,27291
corrupted/saveas/text/International_Logistics_Fire_Report(saveas)_stream_zlib.pdf,saveas,257075,14017,5793,False,True,7/0,False,,32400,32400
corrupted/saveas/text/International_Logistics_Fire_Report(saveas)_stream_zlib.pdf,saveas,281619,365,6,False,False,8/0,False,,796,0
corrupted/saveas/text/International_Logistics_Fire_Report(saveas)_stream_zlib.pdf,saveas,282076,7110,2700,False,True,8/0,False,,23844,23864
corrupted/saveas/text/International_Logistics_Fire_Report(saveas)_stream_zlib.pdf,saveas,290236,14618,523,False,False,7/0,False,,31984,0
corrupted/saveas/text/International_Logistics_Fire_Report(saveas)_stream_zlib.pdf,saveas,306684,6923,3199,False,True,7/0,False,,15600,15578
corrupted/saveas/text/Lumina_Interior_Lighting_Designbook(saveas)_stream_zlib.pdf,saveas,653,3178,3119,False,True,8/0,False,,18718,18670
corrupted/saveas/text/Lumina_Interior_Lighting_Designbook(saveas)_stream_zlib.pdf,saveas,8442,2903,1941,False,True,8/0,False,,19968,19926
corrupted/saveas/text/Lumina_Interior_Lighting_Designbook(saveas)_stream_zlib.pdf,saveas,39163,6335,5746,False,True,8/0,False,,62778,62861
corrupted/saveas/text/Lumina_Interior_Lighting_Designbook(saveas)_stream_zlib.pdf,saveas,49183,6081,1472,False,False,7/0,False,,40631,0
corrupted/saveas/text/Lumina_Interior_Lighting_Designbook(saveas)_stream_zlib.pdf,saveas,68703,8764,5887,False,True,7/0,False,,18580,18580
corrupted/saveas/text/Lumina_Interior_Lighting_Designbook(saveas)_stream_zlib.pdf,saveas,106229,6033,2526,False,True,8/0,False,,11088,11090
corrupted/saveas/text/Lumina_Interior_Lighting_Designbook(saveas)_stream_zlib.pdf,saveas,151956,61013,14229,False,True,7/0,False,,112516,112514
corrupted/saveas/text/Lumina_Interior_Lighting_Designbook(saveas)_stream_zlib.pdf,saveas,213390,845,259,False,True,8/0,False,,1940,1933
corrupted/saveas/text/Lumina_Interior_Lighting_Designbook(saveas)_stream_zlib.pdf,saveas,214328,20811,4573,False,True,7/0,False,,72964,72964
corrupted/saveas/text/Lumina_Interior_Lighting_Designbook(saveas)_stream_zlib.pdf,saveas,236897,25892,22186,False,True,7/0,False,,81056,81056
corrupted/saveas/text/Lumina_Interior_Lighting_Designbook(saveas)_stream_zlib.pdf,saveas,262866,335,99,False,True,8/0,False,,632,632
corrupted/saveas/text/Lumina_Interior_Lighting_Designbook(saveas)_stream_zlib.pdf,saveas,268261,33813,13542,False,True,7/0,False,,72952,73001
corrupted/saveas/text/Lumina_Interior_Lighting_Designbook(saveas)_stream_zlib.pdf,saveas,336290,9199,1474,False,True,7/0,False,,24496,24495
corrupted/saveas/text/Lumina_Interior_Lighting_Designbook(saveas)_stream_zlib.pdf,saveas,345882,11524,545,False,False,7/0,False,,40396,0
corrupted/saveas/text/Lumina_Interior_Lighting_Designbook(saveas)_stream_zlib.pdf,saveas,363160,4868,2694,False,True,8/0,False,,10328,10348
corrupted/saveas/text/Lumina_Interior_Lighting_Designbook(saveas)_stream_zlib.pdf,saveas,368882,319,59,False,True,8/0,False,,636,636
corrupted/saveas/text/Lumina_Interior_Lighting_Designbook(saveas)_stream_zlib.pdf,saveas,411508,8298,916,False,True,7/0,False,,17948,17948
corrupted/saveas/text/NeoHome_Smart_Appliances_Catalog_v5(saveas)_stream_zlib.pdf,saveas,632,3241,1805,False,True,8/0,False,,19250,19740
corrupted/saveas/text/NeoHome_Smart_Appliances_Catalog_v5(saveas)_stream_zlib.pdf,saveas,57650,6433,2042,False,True,7/0,False,,43373,43378
corrupted/saveas/text/NeoHome_Smart_Appliances_Catalog_v5(saveas)_stream_zlib.pdf,saveas,64238,2841,1614,False,True,7/0,False,,10495,10497
corrupted/saveas/text/NeoHome_Smart_Appliances_Catalog_v5(saveas)_stream_zlib.pdf,saveas,74513,6066,3565,False,True,7/0,False,,13316,13316
corrupted/saveas/text/NeoHome_Smart_Appliances_Catalog_v5(saveas)_stream_zlib.pdf,saveas,80656,226,121,False,True,8/0,False,,337,338
corrupted/saveas/text/NeoHome_Smart_Appliances_Catalog_v5(saveas)_stream_zlib.pdf,saveas,104234,226,180,False,True,8/0,False,,337,334
corrupted/saveas/text/NeoHome_Smart_Appliances_Catalog_v5(saveas)_stream_zlib.pdf,saveas,104552,6033,4026,False,True,8/0,False,,11088,11087
corrupted/saveas/text/NeoHome_Smart_Appliances_Catalog_v5(saveas)_stream_zlib.pdf,saveas,129078,25892,22241,False,True,7/0,False,,81056,81035
corrupted/saveas/text/NeoHome_Smart_Appliances_Catalog_v5(saveas)_stream_zlib.pdf,saveas,175412,70564,36298,False,True,7/0,False,,187224,187217
corrupted/saveas/text/NeoHome_Smart_Appliances_Catalog_v5(saveas)_stream_zlib.pdf,saveas,253971,722,150,False,False,8/0,False,,2195,0
corrupted/saveas/text/NeoHome_Smart_Appliances_Catalog_v5(saveas)_stream_zlib.pdf,saveas,254786,20746,8811,False,True,7/0,False,,45900,45900
corrupted/saveas/text/NeoHome_Smart_Appliances_Catalog_v5(saveas)_stream_zlib.pdf,saveas,295382,5634,5102,False,True,7/0,False,,12000,11949
corrupted/saveas/text/NeoHome_Smart_Appliances_Catalog_v5(saveas)_stream_zlib.pdf,saveas,301560,464,443,False,False,8/0,False,,1138,0
corrupted/saveas/text/NeoHome_Smart_Appliances_Catalog_v5(saveas)_stream_zlib.pdf,saveas,302116,7164,3535,False,True,8/0,False,,14100,14092
corrupted/saveas/text/NeoHome_Smart_Appliances_Catalog_v5(saveas)_stream_zlib.pdf,saveas,310915,10634,9447,False,False,7/0,False,,29136,0
corrupted/saveas/text/NeoHome_Smart_Appliances_Catalog_v5(saveas)_stream_zlib.pdf,saveas,321894,657,463,False,True,8/0,False,,1806,1788
corrupted/saveas/text/New_Care_Models_Aging_Society(saveas)_stream_zlib.pdf,saveas,595,3267,2235,False,True,8/0,False,,16048,16047
corrupted/saveas/text/New_Care_Models_Aging_Society(saveas)_stream_zlib.pdf,saveas,5616,1877,1834,False,True,8/0,True,3,8109,8109
corrupted/saveas/text/New_Care_Models_Aging_Society(saveas)_stream_zlib.pdf,saveas,21399,2610,752,False,False,8/0,False,,11034,0
corrupted/saveas/text/New_Care_Models_Aging_Society(saveas)_stream_zlib.pdf,saveas,51041,6451,3861,False,True,7/0,False,,43918,43502
corrupted/saveas/text/New_Care_Models_Aging_Society(saveas)_stream_zlib.pdf,saveas,57849,17125,5163,False,True,7/0,False,,89424,89429
corrupted/saveas/text/New_Care_Models_Aging_Society(saveas)_stream_zlib.pdf,saveas,75096,25892,5629,False,True,7/0,True,3,81056,81056
corrupted/saveas/text/New_Care_Models_Aging_Society(saveas)_stream_zlib.pdf,saveas,112559,15451,13562,False,True,7/0,False,,52340,52340
corrupted/saveas/text/New_Care_Models_Aging_Society(saveas)_stream_zlib.pdf,saveas,128131,1746,1711,False,True,8/0,False,,4726,4729
corrupted/saveas/text/New_Care_Models_Aging_Society(saveas)_stream_zlib.pdf,saveas,214393,19085,12928,False,True,7/0,False,,54808,54810
corrupted/saveas/text/New_Care_Models_Aging_Society(saveas)_stream_zlib.pdf,saveas,258211,7601,651,False,True,7/0,False,,16948,16858
corrupted/saveas/text/New_Care_Models_Aging_Society(saveas)_stream_zlib.pdf,saveas,276648,15701,9380,False,True,7/0,False,,36572,36578
corrupted/saveas/text/New_Care_Models_Aging_Society(saveas)_stream_zlib.pdf,saveas,292922,704,67,False,True,8/0,False,,2134,2134
corrupted/saveas/text/New_Care_Models_Aging_Society(saveas)_stream_zlib.pdf,saveas,293719,21003,5522,False,True,7/0,False,,44192,44204
corrupted/saveas/text/Next_Decade_Space_Exploration(saveas)_stream_zlib.pdf,saveas,626,3287,1306,False,True,8/0,False,,13726,13735
corrupted/saveas/text/Next_Decade_Space_Exploration(saveas)_stream_zlib.pdf,saveas,28381,3411,1353,False,True,8/0,True,3,14523,14523
corrupted/saveas/text/Next_Decade_Space_Exploration(saveas)_stream_zlib.pdf,saveas,35556,6922,3460,False,True,7/0,False,,75045,74952
corrupted/saveas/text/Next_Decade_Space_Exploration(saveas)_stream_zlib.pdf,saveas,50594,5643,1162,False,True,7/0,False,,43651,43651
corrupted/saveas/text/Next_Decade_Space_Exploration(saveas)_stream_zlib.pdf,saveas,60520,7235,5634,False,True,8/0,False,,12764,12763
corrupted/saveas/text/Next_Decade_Space_Exploration(saveas)_stream_zlib.pdf,saveas,67877,25892,22012,False,True,7/0,False,,81056,81062
corrupted/saveas/text/Next_Decade_Space_Exploration(saveas)_stream_zlib.pdf,saveas,93846,363,214,False,True,8/0,False,,730,719
corrupted/saveas/text/Next_Decade_Space_Exploration(saveas)_stream_zlib.pdf,saveas,100512,10187,5556,False,True,7/0,False,,20464,20465
corrupted/saveas/text/Next_Decade_Space_Exploration(saveas)_stream_zlib.pdf,saveas,117578,1214,986,False,True,8/0,False,,3034,3034
corrupted/saveas/text/Next_Decade_Space_Exploration(saveas)_stream_zlib.pdf,saveas,197089,1097,56,False,False,8/0,False,,2759,0
corrupted/saveas/text/Next_Decade_Space_Exploration(saveas)_stream_zlib.pdf,saveas,198280,82777,79773,False,True,7/0,False,,156692,156692
corrupted/saveas/text/Next_Decade_Space_Exploration(saveas)_stream_zlib.pdf,saveas,297796,638,375,False,False,8/0,False,,1641,0
corrupted/saveas/text/Next_Decade_Space_Exploration(saveas)_stream_zlib.pdf,saveas,298526,8494,6755,False,True,8/0,True,4,22620,22620
corrupted/saveas/text/Next_Decade_Space_Exploration(saveas)_stream_zlib.pdf,saveas,334000,9017,1794,False,True,7/0,True,4,24072,24072
corrupted/saveas/text/Next_Decade_Space_Exploration(saveas)_stream_zlib.pdf,saveas,353144,323,134,False,True,8/0,False,,619,623
corrupted/saveas/text/Next_Decade_Space_Exploration(saveas)_stream_zlib.pdf,saveas,357957,4846,2974,False,True,8/0,False,,10416,10418
corrupted/saveas/text/Next_Decade_Space_Exploration(saveas)_stream_zlib.pdf,saveas,389390,15551,9259,False,False,7/0,False,,48116,0
corrupted/saveas/text/Next_Decade_Space_Exploration(saveas)_stream_zlib.pdf,saveas,406780,7462,1553,False,True,7/0,False,,17364,17395
corrupted/saveas/text/Next_Decade_Space_Exploration(saveas)_stream_zlib.pdf,saveas,418606,2668,351,False,False,7/0,False,,9268,0
corrupted/saveas/text/OceanQuest_Modular_Water_Leisure_Equipment_Guide(saveas)_stream_zlib.pdf,saveas,9227,8198,2514,False,True,7/0,False,,113505,113508
corrupted/saveas/text/OceanQuest_Modular_Water_Leisure_Equipment_Guide(saveas)_stream_zlib.pdf,saveas,19965,2742,1236,False,True,8/0,False,,16610,16625
corrupted/saveas/text/OceanQuest_Modular_Water_Leisure_Equipment_Guide(saveas)_stream_zlib.pdf,saveas,48274,4623,1974,False,True,8/0,False,,39955,39955
corrupted/saveas/text/OceanQuest_Modular_Water_Leisure_Equipment_Guide(saveas)_stream_zlib.pdf,saveas,53002,4764,1844,False,True,7/0,False,,23422,23386
corrupted/saveas/text/OceanQuest_Modular_Water_Leisure_Equipment_Guide(saveas)_stream_zlib.pdf,saveas,77562,25892,11510,False,True,7/0,False,,81056,81048
corrupted/saveas/text/OceanQuest_Modular_Water_Leisure_Equipment_Guide(saveas)_stream_zlib.pdf,saveas,135038,10047,6743,False,True,7/0,False,,58792,58792
corrupted/saveas/text/OceanQuest_Modular_Water_Leisure_Equipment_Guide(saveas)_stream_zlib.pdf,saveas,184349,3371,2259,False,True,8/0,False,,6132,6132
corrupted/saveas/text/OceanQuest_Modular_Water_Leisure_Equipment_Guide(saveas)_stream_zlib.pdf,saveas,197852,4445,1453,False,True,8/0,True,3,9644,9644
corrupted/saveas/text/OceanQuest_Modular_Water_Leisure_Equipment_Guide(saveas)_stream_zlib.pdf,saveas,213346,12594,7741,False,True,7/0,False,,28388,28388
corrupted/saveas/text/OceanQuest_Modular_Water_Leisure_Equipment_Guide(saveas)_stream_zlib.pdf,saveas,226932,526,175,False,False,8/0,False,,1305,0
corrupted/saveas/text/OceanQuest_Modular_Water_Leisure_Equipment_Guide(saveas)_stream_zlib.pdf,saveas,227550,5304,1139,False,True,7/0,False,,12220,12220
corrupted/saveas/text/OceanQuest_Modular_Water_Leisure_Equipment_Guide(saveas)_stream_zlib.pdf,saveas,236738,3267,2316,False,False,7/0,False,,12012,0
corrupted/saveas/text/PetPal_Smart_PetCare_Products(saveas)_stream_zlib.pdf,saveas,653,3187,1719,False,True,8/0,False,,18508,18508
corrupted/saveas/text/PetPal_Smart_PetCare_Products(saveas)_stream_zlib.pdf,saveas,60150,6006,128,False,False,7/0,False,,35329,0
corrupted/saveas/text/PetPal_Smart_PetCare_Products(saveas)_stream_zlib.pdf,saveas,66529,15968,10863,False,True,7/0,False,,86992,86988
corrupted/saveas/text/PetPal_Smart_PetCare_Products(saveas)_stream_zlib.pdf,saveas,94377,226,153,False,True,8/0,False,,337,337
corrupted/saveas/text/PetPal_Smart_PetCare_Products(saveas)_stream_zlib.pdf,saveas,100895,18204,8401,False,True,7/0,True,3,58484,58484
corrupted/saveas/text/PetPal_Smart_PetCare_Products(saveas)_stream_zlib.pdf,saveas,124572,226,32,False,False,8/0,False,,337,0
corrupted/saveas/text/PetPal_Smart_PetCare_Products(saveas)_stream_zlib.pdf,saveas,148195,25892,2072,False,True,7/0,False,,81056,81312
corrupted/saveas/text/PetPal_Smart_PetCare_Products(saveas)_stream_zlib.pdf,saveas,193800,1121,849,False,True,8/0,False,,2821,2819
corrupted/saveas/text/PetPal_Smart_PetCare_Products(saveas)_stream_zlib.pdf,saveas,195015,51765,500,False,True,7/0,False,,151248,151247
corrupted/saveas/text/PetPal_Smart_PetCare_Products(saveas)_stream_zlib.pdf,saveas,247174,456,263,False,True,8/0,False,,842,840
corrupted/saveas/text/PetPal_Smart_PetCare_Products(saveas)_stream_zlib.pdf,saveas,277006,6151,2660,False,True,8/0,True,3,15976,15976
corrupted/saveas/text/PetPal_Smart_PetCare_Products(saveas)_stream_zlib.pdf,saveas,284410,9292,7034,False,True,7/0,True,3,21464,21464
corrupted/saveas/text/PetPal_Smart_PetCare_Products(saveas)_stream_zlib.pdf,saveas,311260,9466,8168,False,True,7/0,False,,24728,24766
corrupted/saveas/text/PetPal_Smart_PetCare_Products(saveas)_stream_zlib.pdf,saveas,355278,10926,5731,False,True,7/0,False,,29592,29593
corrupted/saveas/text/PetPal_Smart_PetCare_Products(saveas)_stream_zlib.pdf,saveas,366803,657,57,False,False,8/0,False,,1989,0
corrupted/saveas/text/PetPal_Smart_PetCare_Products(saveas)_stream_zlib.pdf,saveas,384614,7515,4870,False,True,7/0,False,,16576,16571
corrupted/saveas/text/PetPal_Smart_PetCare_Products(saveas)_stream_zlib.pdf,saveas,396594,3107,584,False,False,7/0,False,,10619,0
corrupted/saveas/text/Quantum_Computing_Race(saveas)_stream_zlib.pdf,saveas,616,3037,2375,False,True,8/0,False,,13522,13559
corrupted/saveas/text/Quantum_Computing_Race(saveas)_stream_zlib.pdf,saveas,24801,3101,617,False,False,8/0,False,,12418,0
corrupted/saveas/text/Quantum_Computing_Race(saveas)_stream_zlib.pdf,saveas,37567,8064,3821,False,True,8/0,False,,92305,92263
corrupted/saveas/text/Quantum_Computing_Race(saveas)_stream_zlib.pdf,saveas,72605,25892,18574,False,True,7/0,False,,81056,81042
corrupted/saveas/text/Quantum_Computing_Race(saveas)_stream_zlib.pdf,saveas,98894,11497,8686,False,True,7/0,False,,36764,36764
corrupted/saveas/text/Quantum_Computing_Race(saveas)_stream_zlib.pdf,saveas,111428,10377,3353,False,True,7/0,False,,20736,20735
corrupted/saveas/text/Quantum_Computing_Race(saveas)_stream_zlib.pdf,saveas,121882,425,246,False,True,8/0,False,,754,748
corrupted/saveas/text/Quantum_Computing_Race(saveas)_stream_zlib.pdf,saveas,181430,1091,285,False,True,8/0,False,,2653,2652
corrupted/saveas/text/Quantum_Computing_Race(saveas)_stream_zlib.pdf,saveas,182614,26774,26394,False,True,7/0,True,3,81252,81252
corrupted/saveas/text/Quantum_Computing_Race(saveas)_stream_zlib.pdf,saveas,211230,421,58,False,True,8/0,False,,936,936
corrupted/saveas/text/Quantum_Computing_Race(saveas)_stream_zlib.pdf,saveas,211743,8069,1397,False,True,8/0,False,,20224,20243
corrupted/saveas/text/Quantum_Computing_Race(saveas)_stream_zlib.pdf,saveas,275472,8213,8017,False,True,7/0,False,,22656,22659
corrupted/saveas/text/Quantum_Computing_Race(saveas)_stream_zlib.pdf,saveas,284307,3108,2346,False,True,8/0,False,,5824,5857
corrupted/saveas/text/Quantum_Computing_Race(saveas)_stream_zlib.pdf,saveas,288052,9431,1802,False,True,8/0,False,,35932,35962
corrupted/saveas/text/Quantum_Computing_Race(saveas)_stream_zlib.pdf,saveas,297560,373,66,False,False,8/0,False,,736,0
corrupted/saveas/text/Quantum_Computing_Race(saveas)_stream_zlib.pdf,saveas,319533,22998,20633,False,True,7/0,False,,85136,85120
corrupted/saveas/text/Quantum_Computing_Race(saveas)_stream_zlib.pdf,saveas,343104,9211,8183,False,True,8/0,False,,29180,29180
corrupted/saveas/text/Quantum_Computing_Race(saveas)_stream_zlib.pdf,saveas,366688,648,211,False,False,8/0,False,,1796,0
corrupted/saveas/text/Quantum_Computing_Race(saveas)_stream_zlib.pdf,saveas,378070,2994,2418,False,True,7/0,False,,10521,10522
corrupted/saveas/text/Robots_Automation_Future_Work(saveas)_stream_zlib.pdf,saveas,616,2715,2138,False,True,8/0,False,,11707,11717
corrupted/saveas/text/Robots_Automation_Future_Work(saveas)_stream_zlib.pdf,saveas,49485,5708,5106,False,True,7/0,False,,43773,42352
corrupted/saveas/text/Robots_Automation_Future_Work(saveas)_stream_zlib.pdf,saveas,125448,346,332,False,True,8/0,False,,590,589
corrupted/saveas/text/Robots_Automation_Future_Work(saveas)_stream_zlib.pdf,saveas,137341,1170,506,False,True,8/0,False,,2794,2787
corrupted/saveas/text/Robots_Automation_Future_Work(saveas)_stream_zlib.pdf,saveas,276112,25379,5644,False,True,7/0,False,,56416,56420
corrupted/saveas/text/Robots_Automation_Future_Work(saveas)_stream_zlib.pdf,saveas,303138,8284,2984,False,True,7/0,True,4,23036,23036
corrupted/saveas/text/Robots_Automation_Future_Work(saveas)_stream_zlib.pdf,saveas,339062,5805,256,False,False,7/0,False,,12436,0
corrupted/saveas/text/Robots_Automation_Future_Work(saveas)_stream_zlib.pdf,saveas,345440,4405,3995,False,True,8/0,False,,9884,9887
corrupted/saveas/text/Robots_Automation_Future_Work(saveas)_stream_zlib.pdf,saveas,370356,11701,8135,False,True,7/0,False,,27840,27814
corrupted/saveas/text/Robots_Automation_Future_Work(saveas)_stream_zlib.pdf,saveas,382808,627,310,False,True,8/0,False,,1578,1580
corrupted/saveas/text/Robots_Automation_Future_Work(saveas)_stream_zlib.pdf,saveas,394357,2740,2666,False,True,8/0,False,,9597,9630
corrupted/saveas/text/Security_Breach_Investigation_Report(saveas)_stream_zlib.pdf,saveas,627,3931,496,False,True,8/0,False,,25796,25792
corrupted/saveas/text/Security_Breach_Investigation_Report(saveas)_stream_zlib.pdf,saveas,26309,3673,1652,False,True,8/0,False,,23045,23032
corrupted/saveas/text/Security_Breach_Investigation_Report(saveas)_stream_zlib.pdf,saveas,57395,6365,1095,False,True,7/0,False,,42354,42354
corrupted/saveas/text/Security_Breach_Investigation_Report(saveas)_stream_zlib.pdf,saveas,72246,225,193,False,False,8/0,False,,337,0
corrupted/saveas/text/Security_Breach_Investigation_Report(saveas)_stream_zlib.pdf,saveas,77011,25892,10174,False,True,7/0,False,,81056,80967
corrupted/saveas/text/Security_Breach_Investigation_Report(saveas)_stream_zlib.pdf,saveas,103321,11003,5425,False,True,7/0,False,,17576,17573
corrupted/saveas/text/Security_Breach_Investigation_Report(saveas)_stream_zlib.pdf,saveas,114720,19382,4341,False,True,7/0,False,,116376,116627
corrupted/saveas/text/Security_Breach_Investigation_Report(saveas)_stream_zlib.pdf,saveas,189518,28886,9014,False,True,7/0,False,,103436,103436
corrupted/saveas/text/Security_Breach_Investigation_Report(saveas)_stream_zlib.pdf,saveas,219136,18601,15589,False,True,7/0,True,4,43752,43752
corrupted/saveas/text/Security_Breach_Investigation_Report(saveas)_stream_zlib.pdf,saveas,237859,393,44,False,False,8/0,False,,865,0
corrupted/saveas/text/Security_Breach_Investigation_Report(saveas)_stream_zlib.pdf,saveas,244400,592,49,False,False,8/0,False,,1621,0
corrupted/saveas/text/Security_Breach_Investigation_Report(saveas)_stream_zlib.pdf,saveas,277772,21238,1023,False,False,7/0,False,,45308,0
corrupted/saveas/text/Security_Breach_Investigation_Report(saveas)_stream_zlib.pdf,saveas,299884,225,90,False,True,8/0,False,,337,71
corrupted/saveas/text/Security_Breach_Investigation_Report(saveas)_stream_zlib.pdf,saveas,300201,7929,492,False,False,7/0,False,,21948,0
corrupted/saveas/text/Security_Breach_Investigation_Report(saveas)_stream_zlib.pdf,saveas,309564,10325,754,False,True,7/0,False,,20612,20516
corrupted/saveas/text/Security_Breach_Investigation_Report(saveas)_stream_zlib.pdf,saveas,320282,10439,3155,False,True,7/0,False,,38596,38596
corrupted/saveas/text/Security_Breach_Investigation_Report(saveas)_stream_zlib.pdf,saveas,357516,5713,5547,False,True,8/0,False,,11292,11299
corrupted/saveas/text/Security_Breach_Investigation_Report(saveas)_stream_zlib.pdf,saveas,364221,22998,1960,False,True,7/0,False,,85136,85123
corrupted/saveas/text/Security_Breach_Investigation_Report(saveas)_stream_zlib.pdf,saveas,387699,13634,1059,False,False,7/0,False,,32412,0
corrupted/saveas/text/Security_Breach_Investigation_Report(saveas)_stream_zlib.pdf,saveas,402722,19761,14205,False,True,7/0,False,,58588,58433
corrupted/saveas/text/Security_Breach_Investigation_Report(saveas)_stream_zlib.pdf,saveas,424452,14114,3243,False,True,7/0,True,3,32056,32056
corrupted/saveas/text/SkyGarden_Indoor_Vertical_Garden_Solutions(saveas)_stream_zlib.pdf,saveas,653,2928,1755,False,True,8/0,False,,16302,16283
corrupted/saveas/text/SkyGarden_Indoor_Vertical_Garden_Solutions(saveas)_stream_zlib.pdf,saveas,28650,3056,1288,False,True,8/0,False,,15926,16028
corrupted/saveas/text/SkyGarden_Indoor_Vertical_Garden_Solutions(saveas)_stream_zlib.pdf,saveas,34885,5611,2110,False,True,8/0,False,,55523,55442
corrupted/saveas/text/SkyGarden_Indoor_Vertical_Garden_Solutions(saveas)_stream_zlib.pdf,saveas,50528,6187,4067,False,False,7/0,False,,40797,0
corrupted/saveas/text/SkyGarden_Indoor_Vertical_Garden_Solutions(saveas)_stream_zlib.pdf,saveas,86704,27098,11154,False,True,7/0,False,,92836,92834
corrupted/saveas/text/SkyGarden_Indoor_Vertical_Garden_Solutions(saveas)_stream_zlib.pdf,saveas,113879,226,99,False,True,8/0,False,,337,336
corrupted/saveas/text/SkyGarden_Indoor_Vertical_Garden_Solutions(saveas)_stream_zlib.pdf,saveas,137506,226,17,False,False,8/0,False,,337,0
corrupted/saveas/text/SkyGarden_Indoor_Vertical_Garden_Solutions(saveas)_stream_zlib.pdf,saveas,137824,6033,4935,False,True,8/0,True,3,11088,11088
corrupted/saveas/text/SkyGarden_Indoor_Vertical_Garden_Solutions(saveas)_stream_zlib.pdf,saveas,144024,18204,5333,False,True,7/0,True,3,58484,58484
corrupted/saveas/text/SkyGarden_Indoor_Vertical_Garden_Solutions(saveas)_stream_zlib.pdf,saveas,193799,34593,24753,False,True,7/0,True,3,102120,102120
corrupted/saveas/text/SkyGarden_Indoor_Vertical_Garden_Solutions(saveas)_stream_zlib.pdf,saveas,231080,28574,14828,False,True,7/0,False,,72096,72106
corrupted/saveas/text/SkyGarden_Indoor_Vertical_Garden_Solutions(saveas)_stream_zlib.pdf,saveas,260600,8953,3556,False,True,7/0,False,,23416,23408
corrupted/saveas/text/SkyGarden_Indoor_Vertical_Garden_Solutions(saveas)_stream_zlib.pdf,saveas,270143,657,233,False,False,8/0,False,,1815,0
corrupted/saveas/text/SkyGarden_Indoor_Vertical_Garden_Solutions(saveas)_stream_zlib.pdf,saveas,310804,23867,10951,False,True,7/0,False,,63912,63908
corrupted/saveas/text/SkyGarden_Indoor_Vertical_Garden_Solutions(saveas)_stream_zlib.pdf,saveas,335852,5474,2003,False,True,7/0,False,,13920,13978
corrupted/saveas/text/SkyGarden_Indoor_Vertical_Garden_Solutions(saveas)_stream_zlib.pdf,saveas,341947,9520,9139,False,True,8/0,False,,36176,36181
corrupted/saveas/text/SkyGarden_Indoor_Vertical_Garden_Solutions(saveas)_stream_zlib.pdf,saveas,360717,10624,369,False,True,7/0,False,,27724,27711
corrupted/saveas/text/SkyGarden_Indoor_Vertical_Garden_Solutions(saveas)_stream_zlib.pdf,saveas,372944,4987,754,False,False,7/0,False,,10508,0
corrupted/saveas/text/SkyGarden_Indoor_Vertical_Garden_Solutions(saveas)_stream_zlib.pdf,saveas,378442,3142,2996,False,True,7/0,False,,7204,7196
corrupted/saveas/text/SkyGarden_Indoor_Vertical_Garden_Solutions(saveas)_stream_zlib.pdf,saveas,382942,23360,7019,False,True,7/0,False,,51080,51085
corrupted/saveas/text/SkyGarden_Indoor_Vertical_Garden_Solutions(saveas)_stream_zlib.pdf,saveas,407578,519,186,False,True,8/0,False,,1470,1495
corrupted/saveas/text/SkyGarden_Indoor_Vertical_Garden_Solutions(saveas)_stream_zlib.pdf,saveas,424328,2778,884,False,True,8/0,False,,9450,9455
corrupted/saveas/text/Sustainable_Fashion_Innovation(saveas)_stream_zlib.pdf,saveas,30893,3757,3252,False,True,8/0,False,,15854,15755
corrupted/saveas/text/Sustainable_Fashion_Innovation(saveas)_stream_zlib.pdf,saveas,49640,4395,485,False,True,8/0,False,,39353,39353
corrupted/saveas/text/Sustainable_Fashion_Innovation(saveas)_stream_zlib.pdf,saveas,54141,5891,5269,False,True,7/0,False,,44850,44848
corrupted/saveas/text/Sustainable_Fashion_Innovation(saveas)_stream_zlib.pdf,saveas,60139,6690,1606,False,False,7/0,False,,46058,0
corrupted/saveas/text/Sustainable_Fashion_Innovation(saveas)_stream_zlib.pdf,saveas,67187,17237,3990,False,True,7/0,True,3,112584,112584
corrupted/saveas/text/Sustainable_Fashion_Innovation(saveas)_stream_zlib.pdf,saveas,84501,310,112,False,True,8/0,False,,567,567
corrupted/saveas/text/Sustainable_Fashion_Innovation(saveas)_stream_zlib.pdf,saveas,131162,15376,15355,False,True,7/0,False,,52228,52226
corrupted/saveas/text/Sustainable_Fashion_Innovation(saveas)_stream_zlib.pdf,saveas,147936,28618,27844,False,True,7/0,False,,83828,83374
corrupted/saveas/text/Sustainable_Fashion_Innovation(saveas)_stream_zlib.pdf,saveas,179914,39575,1687,False,True,7/0,False,,109112,109219
corrupted/saveas/text/Sustainable_Fashion_Innovation(saveas)_stream_zlib.pdf,saveas,269542,3901,27,False,False,8/0,False,,8988,0
corrupted/saveas/text/Sustainable_Fashion_Innovation(saveas)_stream_zlib.pdf,saveas,291520,450,243,False,True,8/0,False,,1044,1039
corrupted/saveas/text/Sustainable_Fashion_Innovation(saveas)_stream_zlib.pdf,saveas,292062,8067,484,False,False,7/0,False,,20560,0
corrupted/saveas/text/Sustainable_Fashion_Innovation(saveas)_stream_zlib.pdf,saveas,323679,15174,7081,False,True,7/0,False,,51356,51355
corrupted/saveas/text/Sustainable_Fashion_Innovation(saveas)_stream_zlib.pdf,saveas,342972,3075,1020,False,True,7/0,False,,10927,10927
corrupted/saveas/text/UrbanRide_Electric_Bike_Scooter_Series(saveas)_stream_zlib.pdf,saveas,663,3326,394,False,True,8/0,False,,19482,19482
corrupted/saveas/text/UrbanRide_Electric_Bike_Scooter_Series(saveas)_stream_zlib.pdf,saveas,32161,3424,3260,False,True,8/0,False,,18390,18394
corrupted/saveas/text/UrbanRide_Electric_Bike_Scooter_Series(saveas)_stream_zlib.pdf,saveas,61174,6328,678,False,False,7/0,False,,37467,0
corrupted/saveas/text/UrbanRide_Electric_Bike_Scooter_Series(saveas)_stream_zlib.pdf,saveas,67880,3498,3161,False,True,6/0,False,,9872,9919
corrupted/saveas/text/UrbanRide_Electric_Bike_Scooter_Series(saveas)_stream_zlib.pdf,saveas,82341,23202,7863,False,True,7/0,False,,92648,92650
corrupted/saveas/text/UrbanRide_Electric_Bike_Scooter_Series(saveas)_stream_zlib.pdf,saveas,106033,6033,2461,False,True,8/0,False,,11088,11091
corrupted/saveas/text/UrbanRide_Electric_Bike_Scooter_Series(saveas)_stream_zlib.pdf,saveas,112233,18204,3274,False,True,7/0,False,,58484,58481
corrupted/saveas/text/UrbanRide_Electric_Bike_Scooter_Series(saveas)_stream_zlib.pdf,saveas,170109,9690,1627,False,True,7/0,False,,66804,66814
corrupted/saveas/text/UrbanRide_Electric_Bike_Scooter_Series(saveas)_stream_zlib.pdf,saveas,181169,28001,20786,False,True,7/0,False,,90216,90215
corrupted/saveas/text/UrbanRide_Electric_Bike_Scooter_Series(saveas)_stream_zlib.pdf,saveas,211713,18318,7560,False,True,7/0,False,,69640,69640
corrupted/saveas/text/UrbanRide_Electric_Bike_Scooter_Series(saveas)_stream_zlib.pdf,saveas,258892,6375,4880,False,True,7/0,False,,17228,17228
corrupted/saveas/text/UrbanRide_Electric_Bike_Scooter_Series(saveas)_stream_zlib.pdf,saveas,303922,9349,8278,False,True,7/0,False,,19248,19220
corrupted/saveas/text/UrbanRide_Electric_Bike_Scooter_Series(saveas)_stream_zlib.pdf,saveas,313859,8342,1357,False,True,7/0,False,,16952,16951
corrupted/saveas/text/UrbanRide_Electric_Bike_Scooter_Series(saveas)_stream_zlib.pdf,saveas,323308,433,1,False,True,8/0,False,,896,896
corrupted/saveas/text/UrbanRide_Electric_Bike_Scooter_Series(saveas)_stream_zlib.pdf,saveas,323834,13068,1570,False,True,7/0,False,,31140,31135
corrupted/saveas/text/UrbanRide_Electric_Bike_Scooter_Series(saveas)_stream_zlib.pdf,saveas,338489,6903,3550,False,True,7/0,True,4,17840,17840
corrupted/saveas/text/UrbanRide_Electric_Bike_Scooter_Series(saveas)_stream_zlib.pdf,saveas,368576,612,510,False,True,8/0,False,,1677,1680
corrupted/saveas/text/UrbanRide_Electric_Bike_Scooter_Series(saveas)_stream_zlib.pdf,saveas,391698,3152,360,False,False,7/0,False,,10801,0
corrupted/saveas/text/Urban_Fine_Particulate_Matter(saveas)_stream_zlib.pdf,saveas,52189,5697,1632,False,False,7/0,False,,43852,0
corrupted/saveas/text/Urban_Fine_Particulate_Matter(saveas)_stream_zlib.pdf,saveas,57993,5080,235,False,True,7/0,False,,33154,33152
corrupted/saveas/text/Urban_Fine_Particulate_Matter(saveas)_stream_zlib.pdf,saveas,63419,16884,8621,False,True,7/0,True,4,112128,112128
corrupted/saveas/text/Urban_Fine_Particulate_Matter(saveas)_stream_zlib.pdf,saveas,80425,25892,1976,False,True,7/0,False,,81056,81056
corrupted/saveas/text/Urban_Fine_Particulate_Matter(saveas)_stream_zlib.pdf,saveas,127191,368,213,False,False,8/0,False,,618,0
corrupted/saveas/text/Urban_Fine_Particulate_Matter(saveas)_stream_zlib.pdf,saveas,127652,15423,475,False,False,7/0,False,,52136,0
corrupted/saveas/text/Urban_Fine_Particulate_Matter(saveas)_stream_zlib.pdf,saveas,144644,80977,61011,False,True,7/0,False,,141072,141085
corrupted/saveas/text/Urban_Fine_Particulate_Matter(saveas)_stream_zlib.pdf,saveas,267150,8050,148,False,False,8/0,False,,20676,0
corrupted/saveas/text/Urban_Fine_Particulate_Matter(saveas)_stream_zlib.pdf,saveas,275601,643,506,False,False,8/0,False,,1740,0
corrupted/saveas/text/Urban_Fine_Particulate_Matter(saveas)_stream_zlib.pdf,saveas,276337,10871,10573,False,True,7/0,False,,25208,25227
corrupted/saveas/text/Urban_Fine_Particulate_Matter(saveas)_stream_zlib.pdf,saveas,288181,597,152,False,False,8/0,False,,1674,0
corrupted/saveas/text/Urban_Fine_Particulate_Matter(saveas)_stream_zlib.pdf,saveas,324883,5607,1805,False,True,7/0,False,,14280,14280
corrupted/saveas/text/Urban_Fine_Particulate_Matter(saveas)_stream_zlib.pdf,saveas,331111,9682,3718,False,True,7/0,False,,36296,36552
corrupted/saveas/text/Urban_Fine_Particulate_Matter(saveas)_stream_zlib.pdf,saveas,341425,3450,1895,False,True,8/0,False,,6336,6333
corrupted/saveas/text/Urban_Fine_Particulate_Matter(saveas)_stream_zlib.pdf,saveas,379637,13301,8513,False,True,7/0,False,,31360,31361
corrupted/saveas/text/Urban_Fine_Particulate_Matter(saveas)_stream_zlib.pdf,saveas,419954,2858,2631,False,True,7/0,False,,10038,10038
corrupted/saveas/text/ai_ethics_responsible_use_guidelines_multilang(saveas)_stream_zlib.pdf,saveas,27296,3565,1330,False,True,7/0,False,,22259,22180
corrupted/saveas/text/ai_ethics_responsible_use_guidelines_multilang(saveas)_stream_zlib.pdf,saveas,56231,6270,5710,False,True,7/0,False,,41577,41572
corrupted/saveas/text/ai_ethics_responsible_use_guidelines_multilang(saveas)_stream_zlib.pdf,saveas,66586,7503,395,False,True,8/0,False,,13000,12997
corrupted/saveas/text/ai_ethics_responsible_use_guidelines_multilang(saveas)_stream_zlib.pdf,saveas,86502,25892,3800,False,True,7/0,False,,81056,81055
corrupted/saveas/text/ai_ethics_responsible_use_guidelines_multilang(saveas)_stream_zlib.pdf,saveas,112471,342,223,False,True,8/0,False,,572,572
corrupted/saveas/text/ai_ethics_responsible_use_guidelines_multilang(saveas)_stream_zlib.pdf,saveas,112906,19928,12781,False,True,7/0,False,,52884,52881
corrupted/saveas/text/ai_ethics_responsible_use_guidelines_multilang(saveas)_stream_zlib.pdf,saveas,132985,516,196,False,True,8/0,False,,1025,1032
corrupted/saveas/text/ai_ethics_responsible_use_guidelines_multilang(saveas)_stream_zlib.pdf,saveas,252364,5353,1529,False,True,7/0,False,,15020,15019
corrupted/saveas/text/ai_ethics_responsible_use_guidelines_multilang(saveas)_stream_zlib.pdf,saveas,259165,26858,14481,False,True,7/0,False,,70572,70595
corrupted/saveas/text/ai_ethics_responsible_use_guidelines_multilang(saveas)_stream_zlib.pdf,saveas,294673,8243,4166,False,True,7/0,False,,22548,22537
corrupted/saveas/text/ai_ethics_responsible_use_guidelines_multilang(saveas)_stream_zlib.pdf,saveas,303574,4376,1341,False,True,8/0,False,,7452,7454
corrupted/saveas/text/ai_ethics_responsible_use_guidelines_multilang(saveas)_stream_zlib.pdf,saveas,308027,335,25,False,False,8/0,False,,632,0
corrupted/saveas/text/ai_ethics_responsible_use_guidelines_multilang(saveas)_stream_zlib.pdf,saveas,319463,6149,4034,False,True,8/0,False,,12028,12028
corrupted/saveas/text/ai_ethics_responsible_use_guidelines_multilang(saveas)_stream_zlib.pdf,saveas,326635,22998,9285,False,True,7/0,False,,85136,85137
corrupted/saveas/text/ai_ethics_responsible_use_guidelines_multilang(saveas)_stream_zlib.pdf,saveas,349710,433,265,False,True,8/0,False,,1015,1011
corrupted/saveas/text/ai_ethics_responsible_use_guidelines_multilang(saveas)_stream_zlib.pdf,saveas,350235,9743,2941,False,True,8/0,False,,32360,32361
corrupted/saveas/text/climate_crisis_preparedness_community_action_guidelines_multilang(saveas)_stream_zlib.pdf,saveas,606,3090,939,False,True,5/0,False,,21276,21278
corrupted/saveas/text/climate_crisis_preparedness_community_action_guidelines_multilang(saveas)_stream_zlib.pdf,saveas,24385,3259,111,False,False,8/0,False,,20491,0
corrupted/saveas/text/climate_crisis_preparedness_community_action_guidelines_multilang(saveas)_stream_zlib.pdf,saveas,29368,4187,226,False,False,8/0,False,,26561,0
corrupted/saveas/text/climate_crisis_preparedness_community_action_guidelines_multilang(saveas)_stream_zlib.pdf,saveas,37329,7885,1126,False,False,8/0,False,,88162,0
corrupted/saveas/text/climate_crisis_preparedness_community_action_guidelines_multilang(saveas)_stream_zlib.pdf,saveas,64300,4610,3895,False,True,7/0,False,,24508,24508
corrupted/saveas/text/climate_crisis_preparedness_community_action_guidelines_multilang(saveas)_stream_zlib.pdf,saveas,76156,16835,13225,False,True,7/0,False,,89084,89084
corrupted/saveas/text/climate_crisis_preparedness_community_action_guidelines_multilang(saveas)_stream_zlib.pdf,saveas,93399,12199,2687,False,True,7/0,True,4,23544,23544
corrupted/saveas/text/climate_crisis_preparedness_community_action_guidelines_multilang(saveas)_stream_zlib.pdf,saveas,105720,25892,2218,False,True,7/0,False,,81056,81058
corrupted/saveas/text/climate_crisis_preparedness_community_action_guidelines_multilang(saveas)_stream_zlib.pdf,saveas,131689,316,239,False,True,8/0,False,,506,504
corrupted/saveas/text/climate_crisis_preparedness_community_action_guidelines_multilang(saveas)_stream_zlib.pdf,saveas,138736,555,7,False,False,8/0,False,,1081,0
corrupted/saveas/text/climate_crisis_preparedness_community_action_guidelines_multilang(saveas)_stream_zlib.pdf,saveas,222390,8624,1911,False,True,8/0,False,,21536,21533
corrupted/saveas/text/climate_crisis_preparedness_community_action_guidelines_multilang(saveas)_stream_zlib.pdf,saveas,231994,20428,10140,False,True,7/0,False,,57712,57717
corrupted/saveas/text/climate_crisis_preparedness_community_action_guidelines_multilang(saveas)_stream_zlib.pdf,saveas,253028,668,620,False,True,8/0,False,,1946,1947
corrupted/saveas/text/climate_crisis_preparedness_community_action_guidelines_multilang(saveas)_stream_zlib.pdf,saveas,253789,12281,933,False,True,7/0,False,,23728,23727
corrupted/saveas/text/climate_crisis_preparedness_community_action_guidelines_multilang(saveas)_stream_zlib.pdf,saveas,274442,8081,3177,False,True,7/0,False,,22200,22200
corrupted/saveas/text/climate_crisis_preparedness_community_action_guidelines_multilang(saveas)_stream_zlib.pdf,saveas,293063,310,59,False,False,8/0,False,,605,0
corrupted/saveas/text/climate_crisis_preparedness_community_action_guidelines_multilang(saveas)_stream_zlib.pdf,saveas,307441,9258,6905,False,True,8/0,False,,18332,18324
corrupted/saveas/text/climate_crisis_preparedness_community_action_guidelines_multilang(saveas)_stream_zlib.pdf,saveas,317852,385,74,False,False,8/0,False,,837,0
corrupted/saveas/text/climate_crisis_preparedness_community_action_guidelines_multilang(saveas)_stream_zlib.pdf,saveas,330236,542,534,False,False,8/0,False,,1467,1501
corrupted/saveas/text/climate_crisis_preparedness_community_action_guidelines_multilang(saveas)_stream_zlib.pdf,saveas,330870,9143,8843,False,True,8/0,True,4,24524,24524
corrupted/saveas/text/climate_crisis_preparedness_community_action_guidelines_multilang(saveas)_stream_zlib.pdf,saveas,341431,15258,6349,False,True,7/0,False,,35832,35851
corrupted/saveas/text/confidential_doc_leak_collusion_investigation(saveas)_stream_zlib.pdf,saveas,7324,2072,1727,False,True,8/0,False,,15259,15218
corrupted/saveas/text/confidential_doc_leak_collusion_investigation(saveas)_stream_zlib.pdf,saveas,56985,225,201,False,True,8/0,False,,337,335
corrupted/saveas/text/confidential_doc_leak_collusion_investigation(saveas)_stream_zlib.pdf,saveas,62478,13743,5715,False,True,7/0,False,,39812,39813
corrupted/saveas/text/confidential_doc_leak_collusion_investigation(saveas)_stream_zlib.pdf,saveas,125733,399,199,False,True,8/0,False,,702,703
corrupted/saveas/text/confidential_doc_leak_collusion_investigation(saveas)_stream_zlib.pdf,saveas,139377,749,323,False,True,8/0,False,,1671,1665
corrupted/saveas/text/confidential_doc_leak_collusion_investigation(saveas)_stream_zlib.pdf,saveas,166778,27340,5432,False,True,7/0,False,,63440,63440
corrupted/saveas/text/confidential_doc_leak_collusion_investigation(saveas)_stream_zlib.pdf,saveas,194343,457,427,False,True,8/0,False,,1006,1010
corrupted/saveas/text/confidential_doc_leak_collusion_investigation(saveas)_stream_zlib.pdf,saveas,205086,626,297,False,True,8/0,False,,1677,1658
corrupted/saveas/text/confidential_doc_leak_collusion_investigation(saveas)_stream_zlib.pdf,saveas,214928,467,412,False,True,8/0,False,,1053,1053
corrupted/saveas/text/confidential_doc_leak_collusion_investigation(saveas)_stream_zlib.pdf,saveas,231391,10753,2439,False,True,7/0,False,,37636,37630
corrupted/saveas/text/confidential_doc_leak_collusion_investigation(saveas)_stream_zlib.pdf,saveas,246382,392,359,False,True,8/0,False,,911,936
corrupted/saveas/text/confidential_doc_leak_collusion_investigation(saveas)_stream_zlib.pdf,saveas,246866,6332,4001,False,True,7/0,False,,13244,13249
corrupted/saveas/text/confidential_doc_leak_collusion_investigation(saveas)_stream_zlib.pdf,saveas,253778,470,269,False,True,8/0,False,,1008,995
corrupted/saveas/text/confidential_doc_leak_collusion_investigation(saveas)_stream_zlib.pdf,saveas,254341,13103,5338,False,True,7/0,False,,30816,30818
corrupted/saveas/text/confidential_doc_leak_collusion_investigation(saveas)_stream_zlib.pdf,saveas,268999,4811,1223,False,True,8/0,False,,10236,10223
corrupted/saveas/text/confidential_doc_leak_collusion_investigation(saveas)_stream_zlib.pdf,saveas,275208,12845,5044,False,True,7/0,False,,32492,32493
corrupted/saveas/text/confidential_doc_leak_collusion_investigation(saveas)_stream_zlib.pdf,saveas,288568,620,68,False,False,8/0,False,,1684,0
corrupted/saveas/text/confidential_doc_leak_collusion_investigation(saveas)_stream_zlib.pdf,saveas,313726,11271,9110,False,True,7/0,False,,26268,26267
corrupted/saveas/text/confidential_doc_leak_collusion_investigation(saveas)_stream_zlib.pdf,saveas,328978,2537,1009,False,False,7/0,False,,8540,0
corrupted/saveas/text/digital_data_security_guidelines(saveas)_stream_zlib.pdf,saveas,606,3124,847,False,False,8/0,False,,19738,0
corrupted/saveas/text/digital_data_security_guidelines(saveas)_stream_zlib.pdf,saveas,11091,7835,7310,False,True,8/0,False,,87078,87113
corrupted/saveas/text/digital_data_security_guidelines(saveas)_stream_zlib.pdf,saveas,23231,3085,2195,False,True,8/0,False,,18887,18887
corrupted/saveas/text/digital_data_security_guidelines(saveas)_stream_zlib.pdf,saveas,28017,3468,1337,False,False,8/0,False,,21119,0
corrupted/saveas/text/digital_data_security_guidelines(saveas)_stream_zlib.pdf,saveas,50123,5909,4493,False,True,7/0,True,3,44752,44752
corrupted/saveas/text/digital_data_security_guidelines(saveas)_stream_zlib.pdf,saveas,63867,8794,8685,False,True,7/0,True,4,18620,18635
corrupted/saveas/text/digital_data_security_guidelines(saveas)_stream_zlib.pdf,saveas,115879,8571,3724,False,True,8/0,False,,41932,41934
corrupted/saveas/text/digital_data_security_guidelines(saveas)_stream_zlib.pdf,saveas,148636,1335,159,False,True,8/0,True,4,3515,3515
corrupted/saveas/text/digital_data_security_guidelines(saveas)_stream_zlib.pdf,saveas,235387,12030,8391,False,True,7/0,False,,25836,25832
corrupted/saveas/text/digital_data_security_guidelines(saveas)_stream_zlib.pdf,saveas,262002,27120,3064,False,True,7/0,True,3,64304,64304
corrupted/saveas/text/digital_data_security_guidelines(saveas)_stream_zlib.pdf,saveas,319806,3045,409,False,False,8/0,False,,7440,0
corrupted/saveas/text/digital_data_security_guidelines(saveas)_stream_zlib.pdf,saveas,323399,6306,404,False,True,7/0,False,,13448,13464
corrupted/saveas/text/digital_data_security_guidelines(saveas)_stream_zlib.pdf,saveas,340086,12555,3319,False,True,7/0,False,,31212,31210
corrupted/saveas/text/digital_data_security_guidelines(saveas)_stream_zlib.pdf,saveas,352999,547,168,False,False,8/0,False,,1635,0
corrupted/saveas/text/digital_data_security_guidelines(saveas)_stream_zlib.pdf,saveas,353639,15125,13718,False,True,7/0,False,,35904,35845
corrupted/saveas/text/digital_data_security_guidelines(saveas)_stream_zlib.pdf,saveas,370205,16680,16633,False,True,7/0,False,,53988,53988
corrupted/saveas/text/educational_technology_elearning_safety_guidelines_multilang(saveas)_stream_zlib.pdf,saveas,596,3346,1197,False,True,8/0,False,,22517,22519
corrupted/saveas/text/educational_technology_elearning_safety_guidelines_multilang(saveas)_stream_zlib.pdf,saveas,52107,5726,5533,False,True,8/0,False,,44040,44144
corrupted/saveas/text/educational_technology_elearning_safety_guidelines_multilang(saveas)_stream_zlib.pdf,saveas,57940,4518,2977,False,True,8/0,False,,40755,40887
corrupted/saveas/text/educational_technology_elearning_safety_guidelines_multilang(saveas)_stream_zlib.pdf,saveas,62563,3700,120,False,False,7/0,False,,17580,0
corrupted/saveas/text/educational_technology_elearning_safety_guidelines_multilang(saveas)_stream_zlib.pdf,saveas,83906,9256,6103,False,False,7/0,False,,31216,0
corrupted/saveas/text/educational_technology_elearning_safety_guidelines_multilang(saveas)_stream_zlib.pdf,saveas,99570,317,219,False,True,8/0,False,,506,506
corrupted/saveas/text/educational_technology_elearning_safety_guidelines_multilang(saveas)_stream_zlib.pdf,saveas,121587,1356,290,False,False,8/0,False,,3501,0
corrupted/saveas/text/educational_technology_elearning_safety_guidelines_multilang(saveas)_stream_zlib.pdf,saveas,276941,5641,3877,False,True,8/0,False,,15064,15049
corrupted/saveas/text/educational_technology_elearning_safety_guidelines_multilang(saveas)_stream_zlib.pdf,saveas,338949,3749,3265,False,True,7/0,False,,8452,8452
corrupted/saveas/text/educational_technology_elearning_safety_guidelines_multilang(saveas)_stream_zlib.pdf,saveas,343404,4086,2579,False,True,8/0,False,,9208,9211
corrupted/saveas/text/educational_technology_elearning_safety_guidelines_multilang(saveas)_stream_zlib.pdf,saveas,374187,707,261,False,False,8/0,False,,2240,0
corrupted/saveas/text/educational_technology_elearning_safety_guidelines_multilang(saveas)_stream_zlib.pdf,saveas,374987,24276,14312,False,True,7/0,False,,49676,49675
corrupted/saveas/text/global_cloud_datacenter_cooling_failure_report(saveas)_stream_zlib.pdf,saveas,73079,6033,1897,False,True,8/0,False,,11088,11081
corrupted/saveas/text/global_cloud_datacenter_cooling_failure_report(saveas)_stream_zlib.pdf,saveas,103179,23041,3510,False,True,7/0,False,,92372,92357
corrupted/saveas/text/global_cloud_datacenter_cooling_failure_report(saveas)_stream_zlib.pdf,saveas,160047,717,684,False,True,8/0,False,,1516,1510
corrupted/saveas/text/global_cloud_datacenter_cooling_failure_report(saveas)_stream_zlib.pdf,saveas,194207,26072,17871,False,True,7/0,False,,61708,61709
corrupted/saveas/text/global_cloud_datacenter_cooling_failure_report(saveas)_stream_zlib.pdf,saveas,254817,13717,7539,False,True,7/0,False,,33060,33066
corrupted/saveas/text/global_cloud_datacenter_cooling_failure_report(saveas)_stream_zlib.pdf,saveas,269942,2907,1929,False,True,8/0,False,,5380,5380
corrupted/saveas/text/global_cloud_datacenter_cooling_failure_report(saveas)_stream_zlib.pdf,saveas,292203,314,149,False,True,8/0,False,,698,727
corrupted/saveas/text/global_cloud_datacenter_cooling_failure_report(saveas)_stream_zlib.pdf,saveas,314405,13487,5456,False,True,7/0,False,,31944,31944
corrupted/saveas/text/global_cloud_datacenter_cooling_failure_report(saveas)_stream_zlib.pdf,saveas,329007,16783,8952,False,True,7/0,True,3,38244,38244
corrupted/saveas/text/global_cloud_datacenter_cooling_failure_report(saveas)_stream_zlib.pdf,saveas,347287,13999,5837,False,True,7/0,False,,49184,49184
corrupted/saveas/text/global_cloud_datacenter_cooling_failure_report(saveas)_stream_zlib.pdf,saveas,365555,2312,71,False,False,7/0,False,,7651,0
corrupted/saveas/text/green_energy_sustainable_living_guidelines_multilang(saveas)_stream_zlib.pdf,saveas,26167,3394,2942,False,True,8/0,False,,20417,20381
corrupted/saveas/text/green_energy_sustainable_living_guidelines_multilang(saveas)_stream_zlib.pdf,saveas,43166,4642,4456,False,True,7/0,False,,40054,39805
corrupted/saveas/text/green_energy_sustainable_living_guidelines_multilang(saveas)_stream_zlib.pdf,saveas,47914,5760,902,False,False,7/0,False,,44047,0
corrupted/saveas/text/green_energy_sustainable_living_guidelines_multilang(saveas)_stream_zlib.pdf,saveas,53781,5819,2127,False,True,7/0,False,,37984,37990
corrupted/saveas/text/green_energy_sustainable_living_guidelines_multilang(saveas)_stream_zlib.pdf,saveas,97908,19698,8745,False,True,7/0,True,4,116864,116864
corrupted/saveas/text/green_energy_sustainable_living_guidelines_multilang(saveas)_stream_zlib.pdf,saveas,117683,307,98,False,True,8/0,False,,492,494
corrupted/saveas/text/green_energy_sustainable_living_guidelines_multilang(saveas)_stream_zlib.pdf,saveas,118083,10020,6722,False,True,7/0,False,,66248,66231
corrupted/saveas/text/green_energy_sustainable_living_guidelines_multilang(saveas)_stream_zlib.pdf,saveas,163224,40086,36110,False,True,7/0,False,,109432,109432
corrupted/saveas/text/green_energy_sustainable_living_guidelines_multilang(saveas)_stream_zlib.pdf,saveas,206005,6954,2977,False,True,8/0,False,,18452,18460
corrupted/saveas/text/green_energy_sustainable_living_guidelines_multilang(saveas)_stream_zlib.pdf,saveas,213873,14354,7160,False,True,7/0,False,,29096,29104
corrupted/saveas/text/green_energy_sustainable_living_guidelines_multilang(saveas)_stream_zlib.pdf,saveas,228738,630,33,False,False,8/0,False,,1697,0
corrupted/saveas/text/green_energy_sustainable_living_guidelines_multilang(saveas)_stream_zlib.pdf,saveas,229461,13614,11430,False,True,7/0,False,,27328,27331
corrupted/saveas/text/green_energy_sustainable_living_guidelines_multilang(saveas)_stream_zlib.pdf,saveas,270896,321,267,False,True,8/0,True,3,590,590
corrupted/saveas/text/green_energy_sustainable_living_guidelines_multilang(saveas)_stream_zlib.pdf,saveas,277476,4188,1564,False,True,8/0,False,,9552,9586
corrupted/saveas/text/green_energy_sustainable_living_guidelines_multilang(saveas)_stream_zlib.pdf,saveas,283029,13837,5188,False,True,7/0,False,,31780,31797
corrupted/saveas/text/green_energy_sustainable_living_guidelines_multilang(saveas)_stream_zlib.pdf,saveas,297994,390,387,True,True,8/0,True,1,824,824
corrupted/saveas/text/green_energy_sustainable_living_guidelines_multilang(saveas)_stream_zlib.pdf,saveas,298477,11532,9307,False,True,7/0,False,,30144,30145
corrupted/saveas/text/green_energy_sustainable_living_guidelines_multilang(saveas)_stream_zlib.pdf,saveas,310999,12104,5492,False,True,7/0,True,3,43280,43280
corrupted/saveas/text/health_wellbeing_digital_age_guidelines_multilang(saveas)_stream_zlib.pdf,saveas,10419,6844,1928,False,True,8/0,False,,79765,79715
corrupted/saveas/text/health_wellbeing_digital_age_guidelines_multilang(saveas)_stream_zlib.pdf,saveas,65252,16549,3485,False,True,7/0,True,3,88548,88548
corrupted/saveas/text/health_wellbeing_digital_age_guidelines_multilang(saveas)_stream_zlib.pdf,saveas,119241,6699,4937,False,True,8/0,False,,56548,56555
corrupted/saveas/text/health_wellbeing_digital_age_guidelines_multilang(saveas)_stream_zlib.pdf,saveas,126192,1411,520,False,True,8/0,False,,3599,3603
corrupted/saveas/text/health_wellbeing_digital_age_guidelines_multilang(saveas)_stream_zlib.pdf,saveas,167296,4158,2711,False,True,8/0,False,,12436,12399
corrupted/saveas/text/health_wellbeing_digital_age_guidelines_multilang(saveas)_stream_zlib.pdf,saveas,171817,647,311,False,False,8/0,False,,1820,0
corrupted/saveas/text/health_wellbeing_digital_age_guidelines_multilang(saveas)_stream_zlib.pdf,saveas,172557,23719,18517,False,True,7/0,False,,58640,58644
corrupted/saveas/text/health_wellbeing_digital_age_guidelines_multilang(saveas)_stream_zlib.pdf,saveas,205191,337,116,False,True,8/0,False,,628,629
corrupted/saveas/text/health_wellbeing_digital_age_guidelines_multilang(saveas)_stream_zlib.pdf,saveas,245042,7770,5867,False,True,7/0,False,,18164,18167
corrupted/saveas/text/health_wellbeing_digital_age_guidelines_multilang(saveas)_stream_zlib.pdf,saveas,257024,3010,1313,False,True,7/0,False,,10864,10869
corrupted/saveas/text/illegal_item_trading_money_laundering_in_games(saveas)_stream_zlib.pdf,saveas,643,2504,957,False,False,8/0,False,,15505,0
corrupted/saveas/text/illegal_item_trading_money_laundering_in_games(saveas)_stream_zlib.pdf,saveas,21798,2568,2180,False,True,8/0,False,,14702,14702
corrupted/saveas/text/illegal_item_trading_money_laundering_in_games(saveas)_stream_zlib.pdf,saveas,49263,5858,1591,False,True,7/0,False,,40963,41207
corrupted/saveas/text/illegal_item_trading_money_laundering_in_games(saveas)_stream_zlib.pdf,saveas,58274,227,66,False,False,8/0,False,,337,0
corrupted/saveas/text/illegal_item_trading_money_laundering_in_games(saveas)_stream_zlib.pdf,saveas,58594,10172,8746,False,True,7/0,False,,33584,33576
corrupted/saveas/text/illegal_item_trading_money_laundering_in_games(saveas)_stream_zlib.pdf,saveas,69786,18576,6767,False,True,7/0,False,,43716,43720
corrupted/saveas/text/illegal_item_trading_money_laundering_in_games(saveas)_stream_zlib.pdf,saveas,94028,19727,8835,False,True,7/0,False,,117092,117130
corrupted/saveas/text/illegal_item_trading_money_laundering_in_games(saveas)_stream_zlib.pdf,saveas,134482,14499,10442,False,True,7/0,False,,77472,77361
corrupted/saveas/text/illegal_item_trading_money_laundering_in_games(saveas)_stream_zlib.pdf,saveas,149839,38557,3717,False,True,7/0,False,,79712,79711
corrupted/saveas/text/illegal_item_trading_money_laundering_in_games(saveas)_stream_zlib.pdf,saveas,189426,23086,12741,False,True,7/0,False,,82464,82464
corrupted/saveas/text/illegal_item_trading_money_laundering_in_games(saveas)_stream_zlib.pdf,saveas,214357,13479,7067,False,True,7/0,False,,34856,34868
corrupted/saveas/text/illegal_item_trading_money_laundering_in_games(saveas)_stream_zlib.pdf,saveas,277867,11418,4852,False,True,7/0,False,,28420,28420
corrupted/saveas/text/illegal_item_trading_money_laundering_in_games(saveas)_stream_zlib.pdf,saveas,290701,23022,19067,False,True,7/0,False,,92336,92381
corrupted/saveas/text/illegal_item_trading_money_laundering_in_games(saveas)_stream_zlib.pdf,saveas,328590,14889,6964,False,True,7/0,False,,33400,33402
corrupted/saveas/text/illegal_item_trading_money_laundering_in_games(saveas)_stream_zlib.pdf,saveas,344640,519,325,False,True,8/0,False,,1393,1406
corrupted/saveas/text/illegal_item_trading_money_laundering_in_games(saveas)_stream_zlib.pdf,saveas,345252,15431,14654,False,True,7/0,False,,36484,36448
corrupted/saveas/text/illegal_item_trading_money_laundering_in_games(saveas)_stream_zlib.pdf,saveas,361938,13306,5249,False,True,7/0,True,3,42404,42404
corrupted/saveas/text/messenger_app_data_misuse_investigation(saveas)_stream_zlib.pdf,saveas,11632,3783,764,False,True,8/0,False,,36232,36309
corrupted/saveas/text/messenger_app_data_misuse_investigation(saveas)_stream_zlib.pdf,saveas,17976,2118,963,False,True,8/0,False,,12188,12164
corrupted/saveas/text/messenger_app_data_misuse_investigation(saveas)_stream_zlib.pdf,saveas,27259,3940,1124,False,True,8/0,False,,40440,40526
corrupted/saveas/text/messenger_app_data_misuse_investigation(saveas)_stream_zlib.pdf,saveas,40003,6546,2413,False,True,7/0,False,,38032,38055
corrupted/saveas/text/messenger_app_data_misuse_investigation(saveas)_stream_zlib.pdf,saveas,47045,5599,5318,False,True,8/0,False,,10152,10152
corrupted/saveas/text/messenger_app_data_misuse_investigation(saveas)_stream_zlib.pdf,saveas,53520,20425,431,False,False,7/0,False,,118240,0
corrupted/saveas/text/messenger_app_data_misuse_investigation(saveas)_stream_zlib.pdf,saveas,118332,415,331,False,True,8/0,True,3,730,730
corrupted/saveas/text/messenger_app_data_misuse_investigation(saveas)_stream_zlib.pdf,saveas,118839,6708,6647,False,True,7/0,False,,54148,54149
corrupted/saveas/text/messenger_app_data_misuse_investigation(saveas)_stream_zlib.pdf,saveas,183385,4488,999,False,True,8/0,True,4,13280,13280
corrupted/saveas/text/messenger_app_data_misuse_investigation(saveas)_stream_zlib.pdf,saveas,204618,7990,1544,False,True,7/0,False,,22120,22124
corrupted/saveas/text/messenger_app_data_misuse_investigation(saveas)_stream_zlib.pdf,saveas,259406,2207,1838,False,True,8/0,False,,7441,7446
corrupted/saveas/text/open_source_software_contribution_guidelines_multilang(saveas)_stream_zlib.pdf,saveas,616,3723,890,False,True,8/0,False,,24169,24295
corrupted/saveas/text/open_source_software_contribution_guidelines_multilang(saveas)_stream_zlib.pdf,saveas,61388,3740,1151,False,True,7/0,False,,18004,17935
corrupted/saveas/text/open_source_software_contribution_guidelines_multilang(saveas)_stream_zlib.pdf,saveas,72765,4174,2979,False,True,7/0,True,3,10900,10900
corrupted/saveas/text/open_source_software_contribution_guidelines_multilang(saveas)_stream_zlib.pdf,saveas,77061,25892,13173,False,True,7/0,False,,81056,81087
corrupted/saveas/text/open_source_software_contribution_guidelines_multilang(saveas)_stream_zlib.pdf,saveas,103030,402,356,False,True,8/0,False,,887,808
corrupted/saveas/text/open_source_software_contribution_guidelines_multilang(saveas)_stream_zlib.pdf,saveas,103525,16224,9834,False,True,7/0,False,,45080,45133
corrupted/saveas/text/open_source_software_contribution_guidelines_multilang(saveas)_stream_zlib.pdf,saveas,192482,22998,16536,False,True,7/0,False,,85136,85145
corrupted/saveas/text/open_source_software_contribution_guidelines_multilang(saveas)_stream_zlib.pdf,saveas,223689,5868,1544,False,True,8/0,False,,15400,15422
corrupted/saveas/text/open_source_software_contribution_guidelines_multilang(saveas)_stream_zlib.pdf,saveas,230999,10060,3704,False,True,8/0,False,,26952,26987
corrupted/saveas/text/open_source_software_contribution_guidelines_multilang(saveas)_stream_zlib.pdf,saveas,249645,7715,730,False,True,7/0,False,,33184,33171
corrupted/saveas/text/open_source_software_contribution_guidelines_multilang(saveas)_stream_zlib.pdf,saveas,269712,7649,4141,False,True,7/0,False,,23920,23988
corrupted/saveas/text/open_source_software_contribution_guidelines_multilang(saveas)_stream_zlib.pdf,saveas,277943,6517,3897,False,True,7/0,False,,14040,14043
corrupted/saveas/text/open_source_software_contribution_guidelines_multilang(saveas)_stream_zlib.pdf,saveas,284537,328,221,False,True,8/0,True,3,640,640
corrupted/saveas/text/open_source_software_contribution_guidelines_multilang(saveas)_stream_zlib.pdf,saveas,284957,6398,755,False,True,8/0,False,,12320,12325
corrupted/saveas/text/open_source_software_contribution_guidelines_multilang(saveas)_stream_zlib.pdf,saveas,292838,14200,3164,False,True,7/0,False,,33828,33829
corrupted/saveas/text/open_source_software_contribution_guidelines_multilang(saveas)_stream_zlib.pdf,saveas,340224,3286,2859,False,True,7/0,False,,11823,11823
corrupted/saveas/text/personal_finance_cyber_fraud_prevention_guidelines_multilang(saveas)_stream_zlib.pdf,saveas,606,3236,222,False,False,8/0,False,,21963,0
corrupted/saveas/text/personal_finance_cyber_fraud_prevention_guidelines_multilang(saveas)_stream_zlib.pdf,saveas,12148,7533,2593,False,True,7/0,False,,88501,88483
corrupted/saveas/text/personal_finance_cyber_fraud_prevention_guidelines_multilang(saveas)_stream_zlib.pdf,saveas,23297,3315,2989,False,True,8/0,False,,22712,22675
corrupted/saveas/text/personal_finance_cyber_fraud_prevention_guidelines_multilang(saveas)_stream_zlib.pdf,saveas,34498,7642,7256,False,True,8/0,False,,90605,90537
corrupted/saveas/text/personal_finance_cyber_fraud_prevention_guidelines_multilang(saveas)_stream_zlib.pdf,saveas,56465,4529,1105,False,True,8/0,False,,40782,40855
corrupted/saveas/text/personal_finance_cyber_fraud_prevention_guidelines_multilang(saveas)_stream_zlib.pdf,saveas,61099,4453,3746,False,True,7/0,True,3,23799,23799
corrupted/saveas/text/personal_finance_cyber_fraud_prevention_guidelines_multilang(saveas)_stream_zlib.pdf,saveas,65893,5852,2974,False,True,8/0,True,4,10544,10544
corrupted/saveas/text/personal_finance_cyber_fraud_prevention_guidelines_multilang(saveas)_stream_zlib.pdf,saveas,78225,8927,255,False,True,7/0,True,4,18812,18812
corrupted/saveas/text/personal_finance_cyber_fraud_prevention_guidelines_multilang(saveas)_stream_zlib.pdf,saveas,110349,312,281,False,True,8/0,False,,506,508
corrupted/saveas/text/personal_finance_cyber_fraud_prevention_guidelines_multilang(saveas)_stream_zlib.pdf,saveas,110754,10250,5559,False,True,7/0,False,,44540,44540
corrupted/saveas/text/personal_finance_cyber_fraud_prevention_guidelines_multilang(saveas)_stream_zlib.pdf,saveas,188324,9229,1981,False,True,7/0,True,3,60048,60048
corrupted/saveas/text/personal_finance_cyber_fraud_prevention_guidelines_multilang(saveas)_stream_zlib.pdf,saveas,233031,684,147,False,True,8/0,False,,1826,1832
corrupted/saveas/text/personal_finance_cyber_fraud_prevention_guidelines_multilang(saveas)_stream_zlib.pdf,saveas,248987,4095,1190,False,True,8/0,False,,12456,12458
corrupted/saveas/text/personal_finance_cyber_fraud_prevention_guidelines_multilang(saveas)_stream_zlib.pdf,saveas,273837,7911,3492,False,True,7/0,False,,22124,22124
corrupted/saveas/text/personal_finance_cyber_fraud_prevention_guidelines_multilang(saveas)_stream_zlib.pdf,saveas,285941,410,61,False,False,8/0,False,,824,0
corrupted/saveas/text/personal_finance_cyber_fraud_prevention_guidelines_multilang(saveas)_stream_zlib.pdf,saveas,302793,4358,2831,False,True,7/0,False,,7844,7846
corrupted/saveas/text/personal_finance_cyber_fraud_prevention_guidelines_multilang(saveas)_stream_zlib.pdf,saveas,307733,8581,6608,False,True,8/0,False,,21316,21333
corrupted/saveas/text/personal_finance_cyber_fraud_prevention_guidelines_multilang(saveas)_stream_zlib.pdf,saveas,317480,7787,7364,False,True,7/0,False,,18068,18067
corrupted/saveas/text/personal_finance_cyber_fraud_prevention_guidelines_multilang(saveas)_stream_zlib.pdf,saveas,326754,10328,7908,False,False,7/0,False,,32492,0
corrupted/saveas/text/personal_finance_cyber_fraud_prevention_guidelines_multilang(saveas)_stream_zlib.pdf,saveas,340940,3398,179,False,False,8/0,False,,12250,0
corrupted/saveas/text/remote_work_home_office_guidelines(saveas)_stream_zlib.pdf,saveas,11102,6576,1832,False,False,8/0,False,,72468,0
corrupted/saveas/text/remote_work_home_office_guidelines(saveas)_stream_zlib.pdf,saveas,65738,25892,14189,False,True,7/0,False,,81056,81057
corrupted/saveas/text/remote_work_home_office_guidelines(saveas)_stream_zlib.pdf,saveas,91989,16889,6324,False,True,7/0,False,,89132,89111
corrupted/saveas/text/remote_work_home_office_guidelines(saveas)_stream_zlib.pdf,saveas,109282,11991,9082,False,True,7/0,False,,23220,23220
corrupted/saveas/text/remote_work_home_office_guidelines(saveas)_stream_zlib.pdf,saveas,121350,292,265,False,True,8/0,False,,449,441
corrupted/saveas/text/remote_work_home_office_guidelines(saveas)_stream_zlib.pdf,saveas,125729,12960,10115,False,True,7/0,False,,65832,65833
corrupted/saveas/text/remote_work_home_office_guidelines(saveas)_stream_zlib.pdf,saveas,140600,101599,64579,False,True,7/0,False,,200564,200566
corrupted/saveas/text/remote_work_home_office_guidelines(saveas)_stream_zlib.pdf,saveas,242577,328,74,False,False,8/0,False,,616,0
corrupted/saveas/text/remote_work_home_office_guidelines(saveas)_stream_zlib.pdf,saveas,242997,3694,146,False,False,8/0,False,,11688,0
corrupted/saveas/text/remote_work_home_office_guidelines(saveas)_stream_zlib.pdf,saveas,254375,727,388,False,False,8/0,False,,2201,0
corrupted/saveas/text/remote_work_home_office_guidelines(saveas)_stream_zlib.pdf,saveas,285107,8025,2580,False,True,7/0,False,,22044,22044
corrupted/saveas/text/remote_work_home_office_guidelines(saveas)_stream_zlib.pdf,saveas,293691,7953,3393,False,True,7/0,False,,21152,21175
corrupted/saveas/text/remote_work_home_office_guidelines(saveas)_stream_zlib.pdf,saveas,302292,4469,3983,False,True,8/0,False,,7564,7569
corrupted/saveas/text/remote_work_home_office_guidelines(saveas)_stream_zlib.pdf,saveas,320807,341,103,False,True,8/0,False,,682,684
corrupted/saveas/text/remote_work_home_office_guidelines(saveas)_stream_zlib.pdf,saveas,328862,3363,1545,False,True,7/0,False,,8220,8215
corrupted/saveas/text/remote_work_home_office_guidelines(saveas)_stream_zlib.pdf,saveas,333207,9125,493,False,True,8/0,False,,21596,21589
corrupted/saveas/text/remote_work_home_office_guidelines(saveas)_stream_zlib.pdf,saveas,342978,697,596,False,True,8/0,False,,1946,1944
corrupted/saveas/text/remote_work_home_office_guidelines(saveas)_stream_zlib.pdf,saveas,373942,2900,2607,False,True,8/0,False,,10290,10282
corrupted/saveas/text/smart_city_data_privacy_guidelines_multilang(saveas)_stream_zlib.pdf,saveas,26546,3727,3,False,False,8/0,False,,24518,0
corrupted/saveas/text/smart_city_data_privacy_guidelines_multilang(saveas)_stream_zlib.pdf,saveas,32246,7658,1922,False,True,7/0,False,,89181,89075
corrupted/saveas/text/smart_city_data_privacy_guidelines_multilang(saveas)_stream_zlib.pdf,saveas,48375,5783,4328,False,True,8/0,False,,44527,43669
corrupted/saveas/text/smart_city_data_privacy_guidelines_multilang(saveas)_stream_zlib.pdf,saveas,80496,10237,6919,False,True,7/0,False,,16624,16626
corrupted/saveas/text/smart_city_data_privacy_guidelines_multilang(saveas)_stream_zlib.pdf,saveas,90810,335,36,False,False,8/0,False,,632,0
corrupted/saveas/text/smart_city_data_privacy_guidelines_multilang(saveas)_stream_zlib.pdf,saveas,91237,7608,1166,False,True,7/0,True,3,23976,23976
corrupted/saveas/text/smart_city_data_privacy_guidelines_multilang(saveas)_stream_zlib.pdf,saveas,125461,294,158,False,True,8/0,False,,464,464
corrupted/saveas/text/smart_city_data_privacy_guidelines_multilang(saveas)_stream_zlib.pdf,saveas,132595,1341,173,False,True,8/0,False,,3386,3386
corrupted/saveas/text/smart_city_data_privacy_guidelines_multilang(saveas)_stream_zlib.pdf,saveas,134031,110205,73503,False,True,7/0,False,,213052,213052
corrupted/saveas/text/smart_city_data_privacy_guidelines_multilang(saveas)_stream_zlib.pdf,saveas,244592,344,81,False,True,8/0,False,,653,653
corrupted/saveas/text/smart_city_data_privacy_guidelines_multilang(saveas)_stream_zlib.pdf,saveas,245028,3087,483,False,True,8/0,False,,10832,10792
corrupted/saveas/text/smart_city_data_privacy_guidelines_multilang(saveas)_stream_zlib.pdf,saveas,248448,704,682,False,True,8/0,False,,2082,2082
corrupted/saveas/text/smart_city_data_privacy_guidelines_multilang(saveas)_stream_zlib.pdf,saveas,249245,22541,10817,False,True,7/0,False,,53552,53552
corrupted/saveas/text/smart_city_data_privacy_guidelines_multilang(saveas)_stream_zlib.pdf,saveas,281592,9413,4739,False,True,7/0,False,,19356,19443
corrupted/saveas/text/smart_city_data_privacy_guidelines_multilang(saveas)_stream_zlib.pdf,saveas,298804,5879,5799,False,True,7/0,False,,12388,12388
corrupted/saveas/text/smart_city_data_privacy_guidelines_multilang(saveas)_stream_zlib.pdf,saveas,305306,15207,9498,False,True,7/0,True,3,33468,33468
corrupted/saveas/text/smart_city_data_privacy_guidelines_multilang(saveas)_stream_zlib.pdf,saveas,322216,6225,4610,False,True,8/0,False,,18420,18427
corrupted/saveas/text/smart_city_data_privacy_guidelines_multilang(saveas)_stream_zlib.pdf,saveas,328792,477,160,False,False,8/0,False,,1198,0
corrupted/saveas/text/smart_factory_robot_malfunction_analysis(saveas)_stream_zlib.pdf,saveas,622,2342,1565,False,True,8/0,False,,14970,15006
corrupted/saveas/text/smart_factory_robot_malfunction_analysis(saveas)_stream_zlib.pdf,saveas,10658,4133,2124,False,False,8/0,False,,41140,0
corrupted/saveas/text/smart_factory_robot_malfunction_analysis(saveas)_stream_zlib.pdf,saveas,17358,2576,2534,False,True,8/0,False,,14740,14580
corrupted/saveas/text/smart_factory_robot_malfunction_analysis(saveas)_stream_zlib.pdf,saveas,41631,7774,6818,False,True,7/0,False,,46157,46252
corrupted/saveas/text/smart_factory_robot_malfunction_analysis(saveas)_stream_zlib.pdf,saveas,83561,23041,8460,False,True,7/0,False,,92372,92359
corrupted/saveas/text/smart_factory_robot_malfunction_analysis(saveas)_stream_zlib.pdf,saveas,107308,26080,18132,False,True,7/0,False,,61800,61801
corrupted/saveas/text/smart_factory_robot_malfunction_analysis(saveas)_stream_zlib.pdf,saveas,175509,13120,9571,False,True,7/0,False,,32604,32604
corrupted/saveas/text/smart_factory_robot_malfunction_analysis(saveas)_stream_zlib.pdf,saveas,189949,10001,8450,False,True,8/0,False,,27856,27832
corrupted/saveas/text/smart_factory_robot_malfunction_analysis(saveas)_stream_zlib.pdf,saveas,201359,8300,917,False,True,7/0,False,,22768,22765
corrupted/saveas/text/smart_factory_robot_malfunction_analysis(saveas)_stream_zlib.pdf,saveas,210970,11825,4350,False,True,7/0,True,4,29148,29148
corrupted/saveas/text/smart_factory_robot_malfunction_analysis(saveas)_stream_zlib.pdf,saveas,231699,452,136,False,False,8/0,False,,976,0
corrupted/saveas/text/smart_factory_robot_malfunction_analysis(saveas)_stream_zlib.pdf,saveas,232244,14595,9311,False,False,7/0,False,,33308,31720
corrupted/saveas/text/smart_factory_robot_malfunction_analysis(saveas)_stream_zlib.pdf,saveas,248087,19389,2223,False,True,7/0,False,,81740,81739
corrupted/saveas/text/smart_factory_robot_malfunction_analysis(saveas)_stream_zlib.pdf,saveas,267553,498,44,False,False,8/0,False,,1293,0
corrupted/saveas/text+img/global_agriculture_food_security_climate_impact(saveas)_stream_zlib.pdf,saveas,616,3260,167,False,False,8/0,False,,16024,0
corrupted/saveas/text+img/global_agriculture_food_security_climate_impact(saveas)_stream_zlib.pdf,saveas,11643,9622,6701,False,True,8/0,False,,105887,105887
corrupted/saveas/text+img/global_agriculture_food_security_climate_impact(saveas)_stream_zlib.pdf,saveas,24711,20385,18288,False,True,7/0,False,,816408,816663
corrupted/saveas/text+img/global_agriculture_food_security_climate_impact(saveas)_stream_zlib.pdf,saveas,45679,3512,945,False,False,6/0,False,,17733,0
corrupted/saveas/text+img/global_agriculture_food_security_climate_impact(saveas)_stream_zlib.pdf,saveas,85021,6070,4288,False,True,7/0,False,,45288,45288
corrupted/saveas/text+img/global_agriculture_food_security_climate_impact(saveas)_stream_zlib.pdf,saveas,95582,3971,3685,False,True,7/0,False,,21134,21141
corrupted/saveas/text+img/global_agriculture_food_security_climate_impact(saveas)_stream_zlib.pdf,saveas,108359,309,201,False,True,8/0,False,,584,581
corrupted/saveas/text+img/global_agriculture_food_security_climate_impact(saveas)_stream_zlib.pdf,saveas,180680,45368,44540,False,True,7/0,False,,106872,106340
corrupted/saveas/text+img/global_agriculture_food_security_climate_impact(saveas)_stream_zlib.pdf,saveas,229299,22998,4579,False,True,7/0,False,,85136,85142
corrupted/saveas/text+img/global_agriculture_food_security_climate_impact(saveas)_stream_zlib.pdf,saveas,252374,476,325,False,True,8/0,False,,1174,1178
corrupted/saveas/text+img/global_agriculture_food_security_climate_impact(saveas)_stream_zlib.pdf,saveas,252943,14015,8907,False,True,7/0,False,,28580,28615
corrupted/saveas/text+img/global_agriculture_food_security_climate_impact(saveas)_stream_zlib.pdf,saveas,279910,623,173,False,False,8/0,False,,1628,0
corrupted/saveas/text+img/global_agriculture_food_security_climate_impact(saveas)_stream_zlib.pdf,saveas,280625,9693,936,False,False,8/0,False,,26652,0
corrupted/saveas/text+img/global_agriculture_food_security_climate_impact(saveas)_stream_zlib.pdf,saveas,291773,8411,6611,False,True,7/0,False,,22796,22769
corrupted/saveas/text+img/global_agriculture_food_security_climate_impact(saveas)_stream_zlib.pdf,saveas,300838,4138,2341,False,True,8/0,False,,7316,7319
corrupted/saveas/text+img/global_agriculture_food_security_climate_impact(saveas)_stream_zlib.pdf,saveas,305053,338,292,False,True,8/0,False,,711,709
corrupted/saveas/text+img/global_agriculture_food_security_climate_impact(saveas)_stream_zlib.pdf,saveas,305482,3710,2616,False,True,8/0,False,,8400,8402
corrupted/saveas/text+img/global_agriculture_food_security_climate_impact(saveas)_stream_zlib.pdf,saveas,310287,6683,6593,False,True,8/0,False,,13040,13046
corrupted/saveas/text+img/global_ai_technology_investment_and_industry_adoption(saveas)_stream_zlib.pdf,saveas,81245,7361,2255,False,True,7/0,False,,80524,80379
corrupted/saveas/text+img/global_ai_technology_investment_and_industry_adoption(saveas)_stream_zlib.pdf,saveas,97041,5780,3849,False,True,7/0,False,,43921,43912
corrupted/saveas/text+img/global_ai_technology_investment_and_industry_adoption(saveas)_stream_zlib.pdf,saveas,103041,5313,2776,False,True,7/0,False,,34415,34446
corrupted/saveas/text+img/global_ai_technology_investment_and_industry_adoption(saveas)_stream_zlib.pdf,saveas,108701,3687,1013,False,True,6/0,False,,10152,10157
corrupted/saveas/text+img/global_ai_technology_investment_and_industry_adoption(saveas)_stream_zlib.pdf,saveas,112510,25892,11451,False,True,7/0,False,,81056,81059
corrupted/saveas/text+img/global_ai_technology_investment_and_industry_adoption(saveas)_stream_zlib.pdf,saveas,138798,11409,8201,False,True,7/0,False,,18252,18253
corrupted/saveas/text+img/global_ai_technology_investment_and_industry_adoption(saveas)_stream_zlib.pdf,saveas,184836,89315,15271,False,True,7/0,False,,166840,166833
corrupted/saveas/text+img/global_ai_technology_investment_and_industry_adoption(saveas)_stream_zlib.pdf,saveas,274528,934,38,False,False,8/0,False,,2201,0
corrupted/saveas/text+img/global_ai_technology_investment_and_industry_adoption(saveas)_stream_zlib.pdf,saveas,299052,22998,2222,False,True,7/0,False,,85136,85137
corrupted/saveas/text+img/global_ai_technology_investment_and_industry_adoption(saveas)_stream_zlib.pdf,saveas,322665,13276,7778,False,True,7/0,True,3,27188,27188
corrupted/saveas/text+img/global_ai_technology_investment_and_industry_adoption(saveas)_stream_zlib.pdf,saveas,347238,644,564,False,True,8/0,True,3,1674,1674
corrupted/saveas/text+img/global_ai_technology_investment_and_industry_adoption(saveas)_stream_zlib.pdf,saveas,356609,740,571,False,False,8/0,False,,2316,0
corrupted/saveas/text+img/global_ai_technology_investment_and_industry_adoption(saveas)_stream_zlib.pdf,saveas,396626,4057,3700,False,True,8/0,False,,7176,7175
corrupted/saveas/text+img/global_ai_technology_investment_and_industry_adoption(saveas)_stream_zlib.pdf,saveas,410670,5579,131,False,True,8/0,True,3,11280,11280
corrupted/saveas/text+img/global_ai_technology_investment_and_industry_adoption(saveas)_stream_zlib.pdf,saveas,417673,8792,5400,False,True,7/0,False,,27520,27520
corrupted/saveas/text+img/global_ai_technology_investment_and_industry_adoption(saveas)_stream_zlib.pdf,saveas,426996,609,553,False,True,8/0,False,,1705,1709
corrupted/saveas/text+img/global_ai_technology_investment_and_industry_adoption(saveas)_stream_zlib.pdf,saveas,464138,2919,8,False,False,8/0,False,,10199,0
corrupted/saveas/text+img/global_climate_change_indicators_and_ghg_emissions(saveas)_stream_zlib.pdf,saveas,21817,1987,1452,False,True,8/0,False,,10491,10447
corrupted/saveas/text+img/global_climate_change_indicators_and_ghg_emissions(saveas)_stream_zlib.pdf,saveas,101456,5955,2851,False,True,8/0,False,,39689,39672
corrupted/saveas/text+img/global_climate_change_indicators_and_ghg_emissions(saveas)_stream_zlib.pdf,saveas,167139,23299,571,False,True,7/0,True,3,92684,92684
corrupted/saveas/text+img/global_climate_change_indicators_and_ghg_emissions(saveas)_stream_zlib.pdf,saveas,272885,37587,28304,False,False,7/0,False,,123956,0
corrupted/saveas/text+img/global_climate_change_indicators_and_ghg_emissions(saveas)_stream_zlib.pdf,saveas,334812,9493,817,False,True,7/0,False,,25488,25488
corrupted/saveas/text+img/global_climate_change_indicators_and_ghg_emissions(saveas)_stream_zlib.pdf,saveas,353304,395,288,False,True,8/0,False,,826,804
corrupted/saveas/text+img/global_climate_change_indicators_and_ghg_emissions(saveas)_stream_zlib.pdf,saveas,374910,500,115,False,False,8/0,False,,1109,0
corrupted/saveas/text+img/global_climate_change_indicators_and_ghg_emissions(saveas)_stream_zlib.pdf,saveas,375503,14258,14128,False,True,7/0,False,,32684,32683
corrupted/saveas/text+img/global_climate_change_indicators_and_ghg_emissions(saveas)_stream_zlib.pdf,saveas,398525,421,258,False,True,8/0,False,,953,939
corrupted/saveas/text+img/global_climate_change_indicators_and_ghg_emissions(saveas)_stream_zlib.pdf,saveas,399039,13660,7528,False,True,7/0,False,,31168,31168
corrupted/saveas/text+img/global_climate_change_indicators_and_ghg_emissions(saveas)_stream_zlib.pdf,saveas,413881,18018,6532,False,True,7/0,True,4,68332,68332
corrupted/saveas/text+img/global_climate_change_indicators_and_ghg_emissions(saveas)_stream_zlib.pdf,saveas,433484,6867,1318,False,True,7/0,False,,16804,16808
corrupted/saveas/text+img/global_climate_change_indicators_and_ghg_emissions(saveas)_stream_zlib.pdf,saveas,444505,3070,426,False,True,7/0,False,,10640,10646
corrupted/saveas/text+img/global_esports_and_gaming_industry_growth(saveas)_stream_zlib.pdf,saveas,29143,8288,2158,False,False,7/0,False,,87070,0
corrupted/saveas/text+img/global_esports_and_gaming_industry_growth(saveas)_stream_zlib.pdf,saveas,72802,7689,929,False,False,8/0,False,,83967,0
corrupted/saveas/text+img/global_esports_and_gaming_industry_growth(saveas)_stream_zlib.pdf,saveas,89157,6019,3602,False,True,7/0,False,,44473,44453
corrupted/saveas/text+img/global_esports_and_gaming_industry_growth(saveas)_stream_zlib.pdf,saveas,155670,23022,10957,False,True,7/0,False,,92336,92337
corrupted/saveas/text+img/global_esports_and_gaming_industry_growth(saveas)_stream_zlib.pdf,saveas,195206,1188,354,False,True,8/0,False,,2918,2918
corrupted/saveas/text+img/global_esports_and_gaming_industry_growth(saveas)_stream_zlib.pdf,saveas,196488,75214,40670,False,True,7/0,False,,133072,133069
corrupted/saveas/text+img/global_esports_and_gaming_industry_growth(saveas)_stream_zlib.pdf,saveas,383532,29708,7017,False,True,7/0,False,,77064,77003
corrupted/saveas/text+img/global_esports_and_gaming_industry_growth(saveas)_stream_zlib.pdf,saveas,414584,6850,6099,False,True,7/0,False,,127608,127610
corrupted/saveas/text+img/global_esports_and_gaming_industry_growth(saveas)_stream_zlib.pdf,saveas,455665,453,373,False,True,8/0,False,,989,1001
corrupted/saveas/text+img/global_esports_and_gaming_industry_growth(saveas)_stream_zlib.pdf,saveas,483426,620,232,False,True,8/0,False,,1733,1717
corrupted/saveas/text+img/global_esports_and_gaming_industry_growth(saveas)_stream_zlib.pdf,saveas,484138,6830,4572,False,True,7/0,False,,16376,16381
corrupted/saveas/text+img/global_ev_market_growth_statistics(saveas)_stream_zlib.pdf,saveas,5886,37296,34794,False,True,7/0,False,,657072,657073
corrupted/saveas/text+img/global_ev_market_growth_statistics(saveas)_stream_zlib.pdf,saveas,59137,2342,806,False,True,8/0,False,,9881,9913
corrupted/saveas/text+img/global_ev_market_growth_statistics(saveas)_stream_zlib.pdf,saveas,63180,2948,345,False,False,8/0,False,,13851,0
corrupted/saveas/text+img/global_ev_market_growth_statistics(saveas)_stream_zlib.pdf,saveas,97034,4683,4273,False,True,8/0,False,,39630,35077
corrupted/saveas/text+img/global_ev_market_growth_statistics(saveas)_stream_zlib.pdf,saveas,107512,3078,685,False,True,8/0,False,,15916,15916
corrupted/saveas/text+img/global_ev_market_growth_statistics(saveas)_stream_zlib.pdf,saveas,168219,22998,22882,False,True,7/0,False,,85136,85128
corrupted/saveas/text+img/global_ev_market_growth_statistics(saveas)_stream_zlib.pdf,saveas,191294,344,29,False,False,8/0,False,,562,0
corrupted/saveas/text+img/global_ev_market_growth_statistics(saveas)_stream_zlib.pdf,saveas,191731,12373,5982,False,True,7/0,False,,47552,47552
corrupted/saveas/text+img/global_ev_market_growth_statistics(saveas)_stream_zlib.pdf,saveas,249468,23917,22726,False,True,7/0,False,,84076,84079
corrupted/saveas/text+img/global_ev_market_growth_statistics(saveas)_stream_zlib.pdf,saveas,275227,16355,6922,False,True,7/0,False,,49332,49406
corrupted/saveas/text+img/global_ev_market_growth_statistics(saveas)_stream_zlib.pdf,saveas,292170,590,117,False,True,8/0,False,,1611,105
corrupted/saveas/text+img/global_ev_market_growth_statistics(saveas)_stream_zlib.pdf,saveas,346607,9344,3871,False,True,7/0,False,,19352,19350
corrupted/saveas/text+img/global_ev_market_growth_statistics(saveas)_stream_zlib.pdf,saveas,366796,3517,3380,False,True,7/0,False,,8080,8068
corrupted/saveas/text+img/global_ev_market_growth_statistics(saveas)_stream_zlib.pdf,saveas,370390,450,269,False,True,8/0,False,,1094,1090
corrupted/saveas/text+img/global_ev_market_growth_statistics(saveas)_stream_zlib.pdf,saveas,370932,8295,6590,False,True,7/0,False,,16712,16703
corrupted/saveas/text+img/global_ev_market_growth_statistics(saveas)_stream_zlib.pdf,saveas,389070,15310,9043,False,True,7/0,True,3,35416,35416
corrupted/saveas/text+img/global_ev_market_growth_statistics(saveas)_stream_zlib.pdf,saveas,405003,634,376,False,True,8/0,False,,1890,1881
corrupted/saveas/text+img/global_ev_market_growth_statistics(saveas)_stream_zlib.pdf,saveas,447913,2533,476,False,False,7/0,False,,8687,0
corrupted/saveas/text+img/global_healthcare_digital_health_patient_data_trends(saveas)_stream_zlib.pdf,saveas,644,3156,1048,False,True,8/0,False,,17162,17192
corrupted/saveas/text+img/global_healthcare_digital_health_patient_data_trends(saveas)_stream_zlib.pdf,saveas,21609,134,65,False,True,8/0,True,2,30710,30710
corrupted/saveas/text+img/global_healthcare_digital_health_patient_data_trends(saveas)_stream_zlib.pdf,saveas,29127,9213,3773,False,True,8/0,False,,98391,98380
corrupted/saveas/text+img/global_healthcare_digital_health_patient_data_trends(saveas)_stream_zlib.pdf,saveas,65098,131,117,False,True,8/0,False,,29930,29205
corrupted/saveas/text+img/global_healthcare_digital_health_patient_data_trends(saveas)_stream_zlib.pdf,saveas,65639,3851,584,False,False,8/0,False,,19114,0
corrupted/saveas/text+img/global_healthcare_digital_health_patient_data_trends(saveas)_stream_zlib.pdf,saveas,72748,8645,5211,False,True,8/0,False,,103752,103797
corrupted/saveas/text+img/global_healthcare_digital_health_patient_data_trends(saveas)_stream_zlib.pdf,saveas,84018,4518,1843,False,False,8/0,False,,39612,0
corrupted/saveas/text+img/global_healthcare_digital_health_patient_data_trends(saveas)_stream_zlib.pdf,saveas,88754,5993,3603,False,True,7/0,False,,44925,45413
corrupted/saveas/text+img/global_healthcare_digital_health_patient_data_trends(saveas)_stream_zlib.pdf,saveas,94964,7680,5241,False,True,7/0,False,,55997,56058
corrupted/saveas/text+img/global_healthcare_digital_health_patient_data_trends(saveas)_stream_zlib.pdf,saveas,102997,3879,2901,False,True,6/0,False,,10392,10325
corrupted/saveas/text+img/global_healthcare_digital_health_patient_data_trends(saveas)_stream_zlib.pdf,saveas,106998,25892,25258,False,True,7/0,True,3,81056,81056
corrupted/saveas/text+img/global_healthcare_digital_health_patient_data_trends(saveas)_stream_zlib.pdf,saveas,132967,226,163,False,True,8/0,False,,337,337
corrupted/saveas/text+img/global_healthcare_digital_health_patient_data_trends(saveas)_stream_zlib.pdf,saveas,133287,19868,9589,False,True,7/0,False,,117136,117641
corrupted/saveas/text+img/global_healthcare_digital_health_patient_data_trends(saveas)_stream_zlib.pdf,saveas,154195,18459,7528,False,True,7/0,False,,60868,60870
corrupted/saveas/text+img/global_healthcare_digital_health_patient_data_trends(saveas)_stream_zlib.pdf,saveas,172777,240,207,False,True,8/0,False,,351,335
corrupted/saveas/text+img/global_healthcare_digital_health_patient_data_trends(saveas)_stream_zlib.pdf,saveas,179977,2616600,274736,False,True,7/0,True,3,4300228,4300228
corrupted/saveas/text+img/global_healthcare_digital_health_patient_data_trends(saveas)_stream_zlib.pdf,saveas,2797147,12258,12247,False,False,7/0,False,,364012,364143
corrupted/saveas/text+img/global_healthcare_digital_health_patient_data_trends(saveas)_stream_zlib.pdf,saveas,2809518,1242,1054,False,True,8/0,False,,3100,3096
corrupted/saveas/text+img/global_healthcare_digital_health_patient_data_trends(saveas)_stream_zlib.pdf,saveas,2855662,42522,13537,False,True,7/0,False,,131296,131296
corrupted/saveas/text+img/global_healthcare_digital_health_patient_data_trends(saveas)_stream_zlib.pdf,saveas,2910146,27795,22373,False,True,7/0,False,,58704,58704
corrupted/saveas/text+img/global_healthcare_digital_health_patient_data_trends(saveas)_stream_zlib.pdf,saveas,2972940,340,248,False,True,8/0,False,,711,724
corrupted/saveas/text+img/global_healthcare_digital_health_patient_data_trends(saveas)_stream_zlib.pdf,saveas,2980052,6173,2702,False,True,8/0,True,3,12056,12056
corrupted/saveas/text+img/global_healthcare_digital_health_patient_data_trends(saveas)_stream_zlib.pdf,saveas,2987584,23041,16530,False,True,7/0,False,,92372,92372
corrupted/saveas/text+img/global_healthcare_digital_health_patient_data_trends(saveas)_stream_zlib.pdf,saveas,3026885,24786,7223,False,True,7/0,False,,51296,51297
corrupted/saveas/text+img/global_renewable_energy_generation_and_carbon_reduction_analysis(saveas)_stream_zlib.pdf,saveas,617,2895,2085,False,True,8/0,False,,13075,13079
corrupted/saveas/text+img/global_renewable_energy_generation_and_carbon_reduction_analysis(saveas)_stream_zlib.pdf,saveas,12447,7619,2447,False,True,8/0,False,,81136,81361
corrupted/saveas/text+img/global_renewable_energy_generation_and_carbon_reduction_analysis(saveas)_stream_zlib.pdf,saveas,104157,4404,618,False,True,8/0,False,,27100,27110
corrupted/saveas/text+img/global_renewable_energy_generation_and_carbon_reduction_analysis(saveas)_stream_zlib.pdf,saveas,135170,5362,716,False,False,7/0,False,,12388,0
corrupted/saveas/text+img/global_renewable_energy_generation_and_carbon_reduction_analysis(saveas)_stream_zlib.pdf,saveas,164355,350,321,False,True,8/0,False,,590,584
corrupted/saveas/text+img/global_renewable_energy_generation_and_carbon_reduction_analysis(saveas)_stream_zlib.pdf,saveas,171309,31075,29191,False,True,7/0,False,,94884,94909
corrupted/saveas/text+img/global_renewable_energy_generation_and_carbon_reduction_analysis(saveas)_stream_zlib.pdf,saveas,205034,57063,3372,False,True,7/0,False,,106728,106728
corrupted/saveas/text+img/global_renewable_energy_generation_and_carbon_reduction_analysis(saveas)_stream_zlib.pdf,saveas,262414,25892,3879,False,True,7/0,False,,81056,81057
corrupted/saveas/text+img/global_renewable_energy_generation_and_carbon_reduction_analysis(saveas)_stream_zlib.pdf,saveas,288848,4701,188,False,True,7/0,False,,14204,14204
corrupted/saveas/text+img/global_renewable_energy_generation_and_carbon_reduction_analysis(saveas)_stream_zlib.pdf,saveas,294000,620,347,False,True,8/0,False,,1695,1687
corrupted/saveas/text+img/global_renewable_energy_generation_and_carbon_reduction_analysis(saveas)_stream_zlib.pdf,saveas,294712,9231,5702,False,True,8/0,False,,21276,21288
corrupted/saveas/text+img/global_renewable_energy_generation_and_carbon_reduction_analysis(saveas)_stream_zlib.pdf,saveas,304771,659,555,False,True,8/0,False,,1814,1831
corrupted/saveas/text+img/global_renewable_energy_generation_and_carbon_reduction_analysis(saveas)_stream_zlib.pdf,saveas,339603,11112,10847,False,True,7/0,False,,27516,27524
corrupted/saveas/text+img/global_renewable_energy_generation_and_carbon_reduction_analysis(saveas)_stream_zlib.pdf,saveas,350792,315,168,False,False,8/0,False,,598,0
corrupted/saveas/text+img/global_renewable_energy_generation_and_carbon_reduction_analysis(saveas)_stream_zlib.pdf,saveas,362670,335,235,False,True,8/0,False,,675,672
corrupted/saveas/text+img/global_renewable_energy_generation_and_carbon_reduction_analysis(saveas)_stream_zlib.pdf,saveas,368456,451,248,False,True,8/0,False,,1003,991
corrupted/saveas/text+img/global_renewable_energy_generation_and_carbon_reduction_analysis(saveas)_stream_zlib.pdf,saveas,384777,6855,6320,False,True,8/0,False,,13424,13424
corrupted/saveas/text+img/global_renewable_energy_generation_and_carbon_reduction_analysis(saveas)_stream_zlib.pdf,saveas,392690,439,99,False,False,8/0,False,,993,0
corrupted/saveas/text+img/global_renewable_energy_generation_and_carbon_reduction_analysis(saveas)_stream_zlib.pdf,saveas,397768,678,402,False,True,8/0,False,,2104,2100
corrupted/saveas/text+img/global_renewable_energy_generation_and_carbon_reduction_analysis(saveas)_stream_zlib.pdf,saveas,398539,14265,4833,False,False,7/0,False,,33132,0
corrupted/saveas/text+img/global_renewable_energy_generation_and_carbon_reduction_analysis(saveas)_stream_zlib.pdf,saveas,414453,16513,4271,False,True,7/0,True,3,52996,52996
corrupted/saveas/text+img/international_tourism_trends_country_spending_patterns_multilang(saveas)_stream_zlib.pdf,saveas,606,3142,1821,False,True,8/0,False,,16673,16673
corrupted/saveas/text+img/international_tourism_trends_country_spending_patterns_multilang(saveas)_stream_zlib.pdf,saveas,35542,8364,3107,False,True,7/0,False,,90758,90793
corrupted/saveas/text+img/international_tourism_trends_country_spending_patterns_multilang(saveas)_stream_zlib.pdf,saveas,52379,4011,1519,False,False,7/0,False,,20987,0
corrupted/saveas/text+img/international_tourism_trends_country_spending_patterns_multilang(saveas)_stream_zlib.pdf,saveas,75712,8062,6916,False,True,7/0,False,,89150,89014
corrupted/saveas/text+img/international_tourism_trends_country_spending_patterns_multilang(saveas)_stream_zlib.pdf,saveas,113708,25892,17745,False,True,7/0,False,,81056,81058
corrupted/saveas/text+img/international_tourism_trends_country_spending_patterns_multilang(saveas)_stream_zlib.pdf,saveas,140005,5857,5733,False,True,7/0,False,,12988,12991
corrupted/saveas/text+img/international_tourism_trends_country_spending_patterns_multilang(saveas)_stream_zlib.pdf,saveas,176431,1317,863,False,True,8/0,False,,3389,3386
corrupted/saveas/text+img/international_tourism_trends_country_spending_patterns_multilang(saveas)_stream_zlib.pdf,saveas,241526,4753,152,False,True,8/0,False,,13724,13724
corrupted/saveas/text+img/international_tourism_trends_country_spending_patterns_multilang(saveas)_stream_zlib.pdf,saveas,246632,773,5,False,False,8/0,False,,2194,0
corrupted/saveas/text+img/international_tourism_trends_country_spending_patterns_multilang(saveas)_stream_zlib.pdf,saveas,247498,10841,1073,False,True,7/0,True,4,29268,29268
corrupted/saveas/text+img/international_tourism_trends_country_spending_patterns_multilang(saveas)_stream_zlib.pdf,saveas,320727,488,430,False,False,8/0,False,,1280,0
corrupted/saveas/text+img/international_tourism_trends_country_spending_patterns_multilang(saveas)_stream_zlib.pdf,saveas,321307,7312,3362,False,True,8/0,True,3,14196,14196
corrupted/saveas/text+img/international_tourism_trends_country_spending_patterns_multilang(saveas)_stream_zlib.pdf,saveas,351448,7270,4182,False,False,7/0,False,,17096,0
corrupted/saveas/text+img/mobile_payment_and_fintech_service_expansion(saveas)_stream_zlib.pdf,saveas,606,3217,2836,False,True,8/0,True,3,16511,16511
corrupted/saveas/text+img/mobile_payment_and_fintech_service_expansion(saveas)_stream_zlib.pdf,saveas,6044,2177,581,False,False,8/0,False,,12359,0
corrupted/saveas/text+img/mobile_payment_and_fintech_service_expansion(saveas)_stream_zlib.pdf,saveas,11960,8737,3344,False,True,7/0,False,,92683,92758
corrupted/saveas/text+img/mobile_payment_and_fintech_service_expansion(saveas)_stream_zlib.pdf,saveas,24337,3327,1823,False,True,7/0,False,,16831,16833
corrupted/saveas/text+img/mobile_payment_and_fintech_service_expansion(saveas)_stream_zlib.pdf,saveas,51732,8346,3946,False,True,7/0,False,,94814,94648
corrupted/saveas/text+img/mobile_payment_and_fintech_service_expansion(saveas)_stream_zlib.pdf,saveas,111562,25892,4352,False,True,7/0,True,3,81056,81056
corrupted/saveas/text+img/mobile_payment_and_fintech_service_expansion(saveas)_stream_zlib.pdf,saveas,137855,19396,14457,False,True,7/0,False,,116372,116373
corrupted/saveas/text+img/mobile_payment_and_fintech_service_expansion(saveas)_stream_zlib.pdf,saveas,157635,11927,10992,False,True,7/0,False,,36144,36177
corrupted/saveas/text+img/mobile_payment_and_fintech_service_expansion(saveas)_stream_zlib.pdf,saveas,169639,326,64,False,False,8/0,False,,534,0
corrupted/saveas/text+img/mobile_payment_and_fintech_service_expansion(saveas)_stream_zlib.pdf,saveas,170058,20826,10858,False,True,7/0,False,,54216,54216
corrupted/saveas/text+img/mobile_payment_and_fintech_service_expansion(saveas)_stream_zlib.pdf,saveas,190995,986,597,False,True,8/0,False,,2274,2267
corrupted/saveas/text+img/mobile_payment_and_fintech_service_expansion(saveas)_stream_zlib.pdf,saveas,226229,1087,771,False,True,8/0,True,1,2707,2707
corrupted/saveas/text+img/mobile_payment_and_fintech_service_expansion(saveas)_stream_zlib.pdf,saveas,314471,226,149,False,True,8/0,False,,337,330
corrupted/saveas/text+img/mobile_payment_and_fintech_service_expansion(saveas)_stream_zlib.pdf,saveas,338459,14805,8388,False,True,7/0,False,,46616,46615
corrupted/saveas/text+img/mobile_payment_and_fintech_service_expansion(saveas)_stream_zlib.pdf,saveas,353637,693,461,False,False,8/0,False,,1924,0
corrupted/saveas/text+img/mobile_payment_and_fintech_service_expansion(saveas)_stream_zlib.pdf,saveas,354423,10088,9285,False,True,7/0,False,,22668,22672
corrupted/saveas/text+img/mobile_payment_and_fintech_service_expansion(saveas)_stream_zlib.pdf,saveas,366217,10501,7448,False,False,8/0,False,,29780,0
corrupted/saveas/text+img/mobile_payment_and_fintech_service_expansion(saveas)_stream_zlib.pdf,saveas,400198,5787,4114,False,True,7/0,True,3,12200,12200
corrupted/saveas/text+img/mobile_payment_and_fintech_service_expansion(saveas)_stream_zlib.pdf,saveas,406822,7376,1450,False,False,7/0,False,,13164,0
corrupted/saveas/text+img/mobile_payment_and_fintech_service_expansion(saveas)_stream_zlib.pdf,saveas,415143,304,23,False,False,8/0,False,,570,0
corrupted/saveas/text+img/mobile_payment_and_fintech_service_expansion(saveas)_stream_zlib.pdf,saveas,415539,5074,3142,False,True,8/0,False,,10512,10512
corrupted/saveas/text+img/mobile_payment_and_fintech_service_expansion(saveas)_stream_zlib.pdf,saveas,421965,6401,3890,False,True,8/0,False,,16832,16832
corrupted/saveas/text+img/mobile_payment_and_fintech_service_expansion(saveas)_stream_zlib.pdf,saveas,428795,661,484,False,True,8/0,False,,2056,2052
corrupted/saveas/text+img/mobile_payment_and_fintech_service_expansion(saveas)_stream_zlib.pdf,saveas,429549,13888,13010,False,True,7/0,False,,32380,32380
corrupted/saveas/text+img/mobile_payment_and_fintech_service_expansion(saveas)_stream_zlib.pdf,saveas,445054,7352,6102,False,True,7/0,False,,17160,17160
corrupted/saveas/text+img/mobile_payment_and_fintech_service_expansion(saveas)_stream_zlib.pdf,saveas,456722,3198,438,False,True,7/0,False,,11193,11192
corrupted/saveas/text+img/online_education_elearning_market_growth_analysis(saveas)_stream_zlib.pdf,saveas,34155,1965,1555,False,True,8/0,False,,11812,11812
corrupted/saveas/text+img/online_education_elearning_market_growth_analysis(saveas)_stream_zlib.pdf,saveas,72198,8673,4672,False,True,7/0,False,,97366,97013
corrupted/saveas/text+img/online_education_elearning_market_growth_analysis(saveas)_stream_zlib.pdf,saveas,87911,4138,1064,False,False,8/0,False,,23453,0
corrupted/saveas/text+img/online_education_elearning_market_growth_analysis(saveas)_stream_zlib.pdf,saveas,147283,21795,19708,False,True,7/0,False,,55764,55746
corrupted/saveas/text+img/online_education_elearning_market_growth_analysis(saveas)_stream_zlib.pdf,saveas,169234,25892,10418,False,True,7/0,True,4,81056,81056
corrupted/saveas/text+img/online_education_elearning_market_growth_analysis(saveas)_stream_zlib.pdf,saveas,195204,1635,1557,False,True,8/0,False,,4422,4423
corrupted/saveas/text+img/online_education_elearning_market_growth_analysis(saveas)_stream_zlib.pdf,saveas,274242,22998,2052,False,True,7/0,True,3,85136,85136
corrupted/saveas/text+img/online_education_elearning_market_growth_analysis(saveas)_stream_zlib.pdf,saveas,297317,432,160,False,True,8/0,False,,951,951
corrupted/saveas/text+img/online_education_elearning_market_growth_analysis(saveas)_stream_zlib.pdf,saveas,351195,11433,822,False,False,7/0,False,,28180,0
corrupted/saveas/text+img/online_education_elearning_market_growth_analysis(saveas)_stream_zlib.pdf,saveas,370122,13819,743,False,True,7/0,False,,32136,32138
corrupted/saveas/text+img/online_education_elearning_market_growth_analysis(saveas)_stream_zlib.pdf,saveas,385590,6715,5461,False,True,7/0,False,,17680,17676
corrupted/saveas/text+img/online_education_elearning_market_growth_analysis(saveas)_stream_zlib.pdf,saveas,393503,26885,10205,False,True,7/0,True,3,58516,58516
corrupted/saveas/text+img/online_education_elearning_market_growth_analysis(saveas)_stream_zlib.pdf,saveas,425009,3017,1529,False,True,7/0,False,,10808,10803
