file,class,mode,kind,orig_size,size_delta,prefix,suffix,orig_span,corrupt_span,diff_bytes,streams_hit,top_repl_byte,top_repl_share
corrupted/print/text/AI_Development_MultiLanguage(print)_font_mapping_loss.pdf,C6,print,text,970615,-238,158488,33868,778259,778021,,,,
corrupted/print/text/AI_Development_MultiLanguage(print)_header.pdf,C1,print,text,970615,0,0,970603,12,12,12,0,0xea,0.0833
corrupted/print/text/AI_Development_MultiLanguage(print)_object_header.pdf,C5,print,text,970615,-8,10,970597,8,0,,,,
corrupted/print/text/AI_Development_MultiLanguage(print)_page_tree.pdf,C4,print,text,970615,-114,966778,3723,114,0,,,,
corrupted/print/text/AI_Development_MultiLanguage(print)_partial_cut.pdf,C10,print,text,970615,-291185,679430,0,291185,0,,,,
corrupted/print/text/AI_Development_MultiLanguage(print)_remove_fonts.pdf,C7,print,text,970615,0,59,40438,930118,930118,546152,18,0x20,1.0
corrupted/print/text/AI_Development_MultiLanguage(print)_remove_unicode_fonts.pdf,C8,print,text,970615,0,59,5028,965528,965528,561343,36,0x20,1.0
corrupted/print/text/AI_Development_MultiLanguage(print)_stream_zlib.pdf,C9,print,text,970615,0,4371,5557,960687,960687,21,19,0x39,0.0476
corrupted/print/text/AI_Development_MultiLanguage(print)_trailer.pdf,C3,print,text,970615,-23,970592,0,23,0,,,,
corrupted/print/text/AI_Development_MultiLanguage(print)_xref.pdf,C2,print,text,970615,-3412,967130,73,3412,0,,,,
corrupted/print/text/AeroChef_Drone_Delivery_Cooking_Service(print)_font_mapping_loss.pdf,C6,print,text,1303168,-371,234212,37647,1031309,1030938,,,,
corrupted/print/text/AeroChef_Drone_Delivery_Cooking_Service(print)_header.pdf,C1,print,text,1303168,0,0,1303156,12,12,12,0,0xad,0.0833
corrupted/print/text/AeroChef_Drone_Delivery_Cooking_Service(print)_object_header.pdf,C5,print,text,1303168,-8,10,1303150,8,0,,,,
corrupted/print/text/AeroChef_Drone_Delivery_Cooking_Service(print)_page_tree.pdf,C4,print,text,1303168,-63,1298758,4312,98,35,,,,
corrupted/print/text/AeroChef_Drone_Delivery_Cooking_Service(print)_partial_cut.pdf,C10,print,text,1303168,-390951,912217,0,390951,0,,,,
corrupted/print/text/AeroChef_Drone_Delivery_Cooking_Service(print)_remove_fonts.pdf,C7,print,text,1303168,0,59,43941,1259168,1259168,1223477,22,0x20,1.0
corrupted/print/text/AeroChef_Drone_Delivery_Cooking_Service(print)_remove_unicode_fonts.pdf,C8,print,text,1303168,0,59,5500,1297609,1297609,1240925,44,0x20,1.0
corrupted/print/text/AeroChef_Drone_Delivery_Cooking_Service(print)_stream_zlib.pdf,C9,print,text,1303168,0,29058,9607,1264503,1264503,25,20,0x88,0.08
corrupted/print/text/AeroChef_Drone_Delivery_Cooking_Service(print)_trailer.pdf,C3,print,text,1303168,-24,1303144,0,24,0,,,,
corrupted/print/text/AeroChef_Drone_Delivery_Cooking_Service(print)_xref.pdf,C2,print,text,1303168,-3972,1299122,74,3972,0,,,,
corrupted/print/text/Aurora_VR_AR_Game_Lineup_Multilingual(print)_font_mapping_loss.pdf,C6,print,text,2078304,-163,190683,19185,1868436,1868273,,,,
corrupted/print/text/Aurora_VR_AR_Game_Lineup_Multilingual(print)_header.pdf,C1,print,text,2078304,0,0,2078292,12,12,12,0,0xec,0.1667
corrupted/print/text/Aurora_VR_AR_Game_Lineup_Multilingual(print)_object_header.pdf,C5,print,text,2078304,-8,10,2078286,8,0,,,,
corrupted/print/text/Aurora_VR_AR_Game_Lineup_Multilingual(print)_page_tree.pdf,C4,print,text,2078304,-93,2075358,2839,107,14,,,,
corrupted/print/text/Aurora_VR_AR_Game_Lineup_Multilingual(print)_partial_cut.pdf,C10,print,text,2078304,-623492,1454812,0,623492,0,,,,
corrupted/print/text/Aurora_VR_AR_Game_Lineup_Multilingual(print)_remove_fonts.pdf,C7,print,text,2078304,0,59,29266,2048979,2048979,835483,11,0x20,1.0
corrupted/print/text/Aurora_VR_AR_Game_Lineup_Multilingual(print)_remove_unicode_fonts.pdf,C8,print,text,2078304,0,59,3640,2074605,2074605,843747,22,0x20,1.0
corrupted/print/text/Aurora_VR_AR_Game_Lineup_Multilingual(print)_stream_zlib.pdf,C9,print,text,2078304,0,22766,4964,2050574,2050574,21,20,0xf7,0.0476
corrupted/print/text/Aurora_VR_AR_Game_Lineup_Multilingual(print)_trailer.pdf,C3,print,text,2078304,-24,2078280,0,24,0,,,,
corrupted/print/text/Aurora_VR_AR_Game_Lineup_Multilingual(print)_xref.pdf,C2,print,text,2078304,-2512,2075718,74,2512,0,,,,
corrupted/print/text/Autonomous_Vehicle_Accident_Report(print)_font_mapping_loss.pdf,C6,print,text,1263053,-269,206479,34424,1022150,1021881,,,,
corrupted/print/text/Autonomous_Vehicle_Accident_Report(print)_header.pdf,C1,print,text,1263053,0,0,1263041,12,12,12,0,0x59,0.0833
corrupted/print/text/Autonomous_Vehicle_Accident_Report(print)_object_header.pdf,C5,print,text,1263053,-8,10,1263035,8,0,,,,
corrupted/print/text/Autonomous_Vehicle_Accident_Report(print)_page_tree.pdf,C4,print,text,1263053,-72,1259269,3685,99,27,,,,
corrupted/print/text/Autonomous_Vehicle_Accident_Report(print)_partial_cut.pdf,C10,print,text,1263053,-378916,884137,0,378916,0,,,,
corrupted/print/text/Autonomous_Vehicle_Accident_Report(print)_remove_fonts.pdf,C7,print,text,1263053,0,59,41249,1221745,1221745,1128712,18,0x20,1.0
corrupted/print/text/Autonomous_Vehicle_Accident_Report(print)_remove_unicode_fonts.pdf,C8,print,text,1263053,0,59,4678,1258316,1258316,1144409,36,0x20,1.0
corrupted/print/text/Autonomous_Vehicle_Accident_Report(print)_stream_zlib.pdf,C9,print,text,1263053,0,113867,6944,1142242,1142242,24,21,0xfc,0.0833
corrupted/print/text/Autonomous_Vehicle_Accident_Report(print)_trailer.pdf,C3,print,text,1263053,-24,1263029,0,24,0,,,,
corrupted/print/text/Autonomous_Vehicle_Accident_Report(print)_xref.pdf,C2,print,text,1263053,-3352,1259627,74,3352,0,,,,
corrupted/print/text/BioNext_Data_Leak_Report(print)_font_mapping_loss.pdf,C6,print,text,975401,-249,161301,34936,779164,778915,,,,
corrupted/print/text/BioNext_Data_Leak_Report(print)_header.pdf,C1,print,text,975401,0,0,975389,12,12,12,0,0x0e,0.0833
corrupted/print/text/BioNext_Data_Leak_Report(print)_object_header.pdf,C5,print,text,975401,-8,10,975383,8,0,,,,
corrupted/print/text/BioNext_Data_Leak_Report(print)_page_tree.pdf,C4,print,text,975401,-118,971388,3895,118,0,,,,
corrupted/print/text/BioNext_Data_Leak_Report(print)_partial_cut.pdf,C10,print,text,975401,-292621,682780,0,292621,0,,,,
corrupted/print/text/BioNext_Data_Leak_Report(print)_remove_fonts.pdf,C7,print,text,975401,0,59,41012,934330,934330,506840,19,0x20,1.0
corrupted/print/text/BioNext_Data_Leak_Report(print)_remove_unicode_fonts.pdf,C8,print,text,975401,0,59,5040,970302,970302,523392,38,0x20,1.0
corrupted/print/text/BioNext_Data_Leak_Report(print)_stream_zlib.pdf,C9,print,text,975401,0,5051,6484,963866,963866,26,22,0x34,0.0385
corrupted/print/text/BioNext_Data_Leak_Report(print)_trailer.pdf,C3,print,text,975401,-23,975378,0,23,0,,,,
corrupted/print/text/BioNext_Data_Leak_Report(print)_xref.pdf,C2,print,text,975401,-3592,971736,73,3592,0,,,,
corrupted/print/text/Digital_Minimalism(print)_font_mapping_loss.pdf,C6,print,text,1383622,-249,408866,36863,937893,937644,,,,
corrupted/print/text/Digital_Minimalism(print)_header.pdf,C1,print,text,1383622,0,0,1383610,12,12,12,0,0xae,0.0833
corrupted/print/text/Digital_Minimalism(print)_object_header.pdf,C5,print,text,1383622,-8,10,1383604,8,0,,,,
corrupted/print/text/Digital_Minimalism(print)_page_tree.pdf,C4,print,text,1383622,-100,1379634,3871,117,17,,,,
corrupted/print/text/Digital_Minimalism(print)_partial_cut.pdf,C10,print,text,1383622,-415087,968535,0,415087,0,,,,
corrupted/print/text/Digital_Minimalism(print)_remove_fonts.pdf,C7,print,text,1383622,0,59,43842,1339721,1339721,1022084,19,0x20,1.0
corrupted/print/text/Digital_Minimalism(print)_remove_unicode_fonts.pdf,C8,print,text,1383622,0,59,5022,1378541,1378541,1038510,38,0x20,1.0
corrupted/print/text/Digital_Minimalism(print)_stream_zlib.pdf,C9,print,text,1383622,0,5950,8142,1369530,1369530,21,20,0x04,0.0476
corrupted/print/text/Digital_Minimalism(print)_trailer.pdf,C3,print,text,1383622,-24,1383598,0,24,0,,,,
corrupted/print/text/Digital_Minimalism(print)_xref.pdf,C2,print,text,1383622,-3572,1379976,74,3572,0,,,,
corrupted/print/text/E-Payment_Service_Outage_Report(print)_font_mapping_loss.pdf,C6,print,text,1347205,-259,357184,35972,954049,953790,,,,
corrupted/print/text/E-Payment_Service_Outage_Report(print)_header.pdf,C1,print,text,1347205,0,0,1347193,12,12,12,0,0x15,0.0833
corrupted/print/text/E-Payment_Service_Outage_Report(print)_object_header.pdf,C5,print,text,1347205,-8,10,1347187,8,0,,,,
corrupted/print/text/E-Payment_Service_Outage_Report(print)_page_tree.pdf,C4,print,text,1347205,-92,1343244,3869,92,0,,,,
corrupted/print/text/E-Payment_Service_Outage_Report(print)_partial_cut.pdf,C10,print,text,1347205,-404162,943043,0,404162,0,,,,
corrupted/print/text/E-Payment_Service_Outage_Report(print)_remove_fonts.pdf,C7,print,text,1347205,0,59,42733,1304413,1304413,1149990,19,0x20,1.0
corrupted/print/text/E-Payment_Service_Outage_Report(print)_remove_unicode_fonts.pdf,C8,print,text,1347205,0,59,5249,1341897,1341897,1166289,38,0x20,1.0
corrupted/print/text/E-Payment_Service_Outage_Report(print)_stream_zlib.pdf,C9,print,text,1347205,0,3288,5447,1338470,1338470,27,21,0x46,0.0741
corrupted/print/text/E-Payment_Service_Outage_Report(print)_trailer.pdf,C3,print,text,1347205,-24,1347181,0,24,0,,,,
corrupted/print/text/E-Payment_Service_Outage_Report(print)_xref.pdf,C2,print,text,1347205,-3532,1343599,74,3532,0,,,,
corrupted/print/text/EcoWave_Sustainable_Fashion_Collection(print)_font_mapping_loss.pdf,C6,print,text,783731,-379,344607,35076,404048,403669,,,,
corrupted/print/text/EcoWave_Sustainable_Fashion_Collection(print)_header.pdf,C1,print,text,783731,0,0,783719,12,12,12,0,0x54,0.0833
corrupted/print/text/EcoWave_Sustainable_Fashion_Collection(print)_object_header.pdf,C5,print,text,783731,-8,10,783713,8,0,,,,
corrupted/print/text/EcoWave_Sustainable_Fashion_Collection(print)_page_tree.pdf,C4,print,text,783731,-107,779643,3970,118,11,,,,
corrupted/print/text/EcoWave_Sustainable_Fashion_Collection(print)_partial_cut.pdf,C10,print,text,783731,-235120,548611,0,235120,0,,,,
corrupted/print/text/EcoWave_Sustainable_Fashion_Collection(print)_remove_fonts.pdf,C7,print,text,783731,0,59,41589,742083,742083,691967,20,0x20,1.0
corrupted/print/text/EcoWave_Sustainable_Fashion_Collection(print)_remove_unicode_fonts.pdf,C8,print,text,783731,0,59,5116,778556,778556,708246,40,0x20,1.0
corrupted/print/text/EcoWave_Sustainable_Fashion_Collection(print)_stream_zlib.pdf,C9,print,text,783731,0,308,7914,775509,775509,23,19,0x0a,0.0435
corrupted/print/text/EcoWave_Sustainable_Fashion_Collection(print)_trailer.pdf,C3,print,text,783731,-23,783708,0,23,0,,,,
corrupted/print/text/EcoWave_Sustainable_Fashion_Collection(print)_xref.pdf,C2,print,text,783731,-3652,780006,73,3652,0,,,,
corrupted/print/text/EduBot_AI_Learning_Robot_Series(print)_font_mapping_loss.pdf,C6,print,text,1272772,-359,238071,34837,999864,999505,,,,
corrupted/print/text/EduBot_AI_Learning_Robot_Series(print)_header.pdf,C1,print,text,1272772,0,0,1272760,12,12,12,0,0x42,0.0833
corrupted/print/text/EduBot_AI_Learning_Robot_Series(print)_object_header.pdf,C5,print,text,1272772,-8,10,1272754,8,0,,,,
corrupted/print/text/EduBot_AI_Learning_Robot_Series(print)_page_tree.pdf,C4,print,text,1272772,-106,1268690,3963,119,13,,,,
corrupted/print/text/EduBot_AI_Learning_Robot_Series(print)_partial_cut.pdf,C10,print,text,1272772,-381832,890940,0,381832,0,,,,
corrupted/print/text/EduBot_AI_Learning_Robot_Series(print)_remove_fonts.pdf,C7,print,text,1272772,0,59,41233,1231480,1231480,1165931,20,0x20,1.0
corrupted/print/text/EduBot_AI_Learning_Robot_Series(print)_remove_unicode_fonts.pdf,C8,print,text,1272772,0,59,5280,1267433,1267433,1181838,40,0x20,1.0
corrupted/print/text/EduBot_AI_Learning_Robot_Series(print)_stream_zlib.pdf,C9,print,text,1272772,0,15749,7896,1249127,1249127,22,16,0x9f,0.0909
corrupted/print/text/EduBot_AI_Learning_Robot_Series(print)_trailer.pdf,C3,print,text,1272772,-24,1272748,0,24,0,,,,
corrupted/print/text/EduBot_AI_Learning_Robot_Series(print)_xref.pdf,C2,print,text,1272772,-3652,1269046,74,3652,0,,,,
corrupted/print/text/Evolution_Biodegradable_Plastics(print)_font_mapping_loss.pdf,C6,print,text,1152712,-238,153928,36321,962463,962225,,,,
corrupted/print/text/Evolution_Biodegradable_Plastics(print)_header.pdf,C1,print,text,1152712,0,0,1152700,12,12,12,0,0xfa,0.0833
corrupted/print/text/Evolution_Biodegradable_Plastics(print)_object_header.pdf,C5,print,text,1152712,-8,10,1152694,8,0,,,,
corrupted/print/text/Evolution_Biodegradable_Plastics(print)_page_tree.pdf,C4,print,text,1152712,-74,1148950,3661,101,27,,,,
corrupted/print/text/Evolution_Biodegradable_Plastics(print)_partial_cut.pdf,C10,print,text,1152712,-345814,806898,0,345814,0,,,,
corrupted/print/text/Evolution_Biodegradable_Plastics(print)_remove_fonts.pdf,C7,print,text,1152712,0,59,44508,1108145,1108145,1044838,18,0x20,1.0
corrupted/print/text/Evolution_Biodegradable_Plastics(print)_remove_unicode_fonts.pdf,C8,print,text,1152712,0,59,5026,1147627,1147627,1060867,36,0x20,1.0
corrupted/print/text/Evolution_Biodegradable_Plastics(print)_stream_zlib.pdf,C9,print,text,1152712,0,53134,6861,1092717,1092717,24,18,0xa7,0.0417
corrupted/print/text/Evolution_Biodegradable_Plastics(print)_trailer.pdf,C3,print,text,1152712,-24,1152688,0,24,0,,,,
corrupted/print/text/Evolution_Biodegradable_Plastics(print)_xref.pdf,C2,print,text,1152712,-3332,1149306,74,3332,0,,,,
corrupted/print/text/Evolution_Food_Culture_Alternative_Foods(print)_font_mapping_loss.pdf,C6,print,text,1351078,-227,299561,35035,1016482,1016255,,,,
corrupted/print/text/Evolution_Food_Culture_Alternative_Foods(print)_header.pdf,C1,print,text,1351078,0,0,1351066,12,12,11,0,0x9f,0.0909
corrupted/print/text/Evolution_Food_Culture_Alternative_Foods(print)_object_header.pdf,C5,print,text,1351078,-8,10,1351060,8,0,,,,
corrupted/print/text/Evolution_Food_Culture_Alternative_Foods(print)_page_tree.pdf,C4,print,text,1351078,-77,1347428,3548,102,25,,,,
corrupted/print/text/Evolution_Food_Culture_Alternative_Foods(print)_partial_cut.pdf,C10,print,text,1351078,-405324,945754,0,405324,0,,,,
corrupted/print/text/Evolution_Food_Culture_Alternative_Foods(print)_remove_fonts.pdf,C7,print,text,1351078,0,59,42561,1308458,1308458,1078984,17,0x20,1.0
corrupted/print/text/Evolution_Food_Culture_Alternative_Foods(print)_remove_unicode_fonts.pdf,C8,print,text,1351078,0,59,4918,1346101,1346101,1094318,34,0x20,1.0
corrupted/print/text/Evolution_Food_Culture_Alternative_Foods(print)_stream_zlib.pdf,C9,print,text,1351078,0,52006,6285,1292787,1292787,17,12,0x88,0.0588
corrupted/print/text/Evolution_Food_Culture_Alternative_Foods(print)_trailer.pdf,C3,print,text,1351078,-24,1351054,0,24,0,,,,
corrupted/print/text/Evolution_Food_Culture_Alternative_Foods(print)_xref.pdf,C2,print,text,1351078,-3212,1347792,74,3212,0,,,,
corrupted/print/text/International_Logistics_Fire_Report(print)_font_mapping_loss.pdf,C6,print,text,1222054,-227,283483,34666,903905,903678,,,,
corrupted/print/text/International_Logistics_Fire_Report(print)_header.pdf,C1,print,text,1222054,0,0,1222042,12,12,12,0,0x7e,0.0833
corrupted/print/text/International_Logistics_Fire_Report(print)_object_header.pdf,C5,print,text,1222054,-8,10,1222036,8,0,,,,
corrupted/print/text/International_Logistics_Fire_Report(print)_page_tree.pdf,C4,print,text,1222054,-116,1218409,3529,116,0,,,,
corrupted/print/text/International_Logistics_Fire_Report(print)_partial_cut.pdf,C10,print,text,1222054,-366617,855437,0,366617,0,,,,
corrupted/print/text/International_Logistics_Fire_Report(print)_remove_fonts.pdf,C7,print,text,1222054,0,59,42132,1179863,1179863,966692,17,0x20,1.0
corrupted/print/text/International_Logistics_Fire_Report(print)_remove_unicode_fonts.pdf,C8,print,text,1222054,0,59,4847,1217148,1217148,982511,34,0x20,1.0
corrupted/print/text/International_Logistics_Fire_Report(print)_stream_zlib.pdf,C9,print,text,1222054,0,7668,8520,1205866,1205866,19,15,0xa5,0.0526
corrupted/print/text/International_Logistics_Fire_Report(print)_trailer.pdf,C3,print,text,1222054,-24,1222030,0,24,0,,,,
corrupted/print/text/International_Logistics_Fire_Report(print)_xref.pdf,C2,print,text,1222054,-3212,1218768,74,3212,0,,,,
corrupted/print/text/Lumina_Interior_Lighting_Designbook(print)_font_mapping_loss.pdf,C6,print,text,830518,-411,234557,40076,555885,555474,,,,
corrupted/print/text/Lumina_Interior_Lighting_Designbook(print)_header.pdf,C1,print,text,830518,0,0,830506,12,12,12,0,0xc1,0.0833
corrupted/print/text/Lumina_Interior_Lighting_Designbook(print)_object_header.pdf,C5,print,text,830518,-8,10,830500,8,0,,,,
corrupted/print/text/Lumina_Interior_Lighting_Designbook(print)_page_tree.pdf,C4,print,text,830518,-83,826113,4318,87,4,,,,
corrupted/print/text/Lumina_Interior_Lighting_Designbook(print)_partial_cut.pdf,C10,print,text,830518,-249156,581362,0,249156,0,,,,
corrupted/print/text/Lumina_Interior_Lighting_Designbook(print)_remove_fonts.pdf,C7,print,text,830518,0,59,47355,783104,783104,749417,22,0x20,1.0
corrupted/print/text/Lumina_Interior_Lighting_Designbook(print)_remove_unicode_fonts.pdf,C8,print,text,830518,0,59,5798,824661,824661,768018,44,0x20,1.0
corrupted/print/text/Lumina_Interior_Lighting_Designbook(print)_stream_zlib.pdf,C9,print,text,830518,0,3802,5866,820850,820850,23,21,0x5a,0.0435
corrupted/print/text/Lumina_Interior_Lighting_Designbook(print)_trailer.pdf,C3,print,text,830518,-23,830495,0,23,0,,,,
corrupted/print/text/Lumina_Interior_Lighting_Designbook(print)_xref.pdf,C2,print,text,830518,-3972,826473,73,3972,0,,,,
corrupted/print/text/NeoHome_Smart_Appliances_Catalog_v5(print)_font_mapping_loss.pdf,C6,print,text,1404584,-326,337648,21794,1045142,1044816,,,,
corrupted/print/text/NeoHome_Smart_Appliances_Catalog_v5(print)_header.pdf,C1,print,text,1404584,0,0,1404572,12,12,12,0,0xcd,0.0833
corrupted/print/text/NeoHome_Smart_Appliances_Catalog_v5(print)_object_header.pdf,C5,print,text,1404584,-8,10,1404566,8,0,,,,
corrupted/print/text/NeoHome_Smart_Appliances_Catalog_v5(print)_page_tree.pdf,C4,print,text,1404584,-104,1401119,3361,104,0,,,,
corrupted/print/text/NeoHome_Smart_Appliances_Catalog_v5(print)_partial_cut.pdf,C10,print,text,1404584,-421376,983208,0,421376,0,,,,
corrupted/print/text/NeoHome_Smart_Appliances_Catalog_v5(print)_remove_fonts.pdf,C7,print,text,1404584,0,59,29572,1374953,1374953,600679,15,0x20,1.0
corrupted/print/text/NeoHome_Smart_Appliances_Catalog_v5(print)_remove_unicode_fonts.pdf,C8,print,text,1404584,0,59,4851,1399674,1399674,610528,30,0x20,1.0
corrupted/print/text/NeoHome_Smart_Appliances_Catalog_v5(print)_stream_zlib.pdf,C9,print,text,1404584,0,16380,4943,1383261,1383261,18,14,0x7c,0.1667
corrupted/print/text/NeoHome_Smart_Appliances_Catalog_v5(print)_trailer.pdf,C3,print,text,1404584,-24,1404560,0,24,0,,,,
corrupted/print/text/NeoHome_Smart_Appliances_Catalog_v5(print)_xref.pdf,C2,print,text,1404584,-3032,1401478,74,3032,0,,,,
corrupted/print/text/New_Care_Models_Aging_Society(print)_font_mapping_loss.pdf,C6,print,text,1344061,-162,138302,18929,1186830,1186668,,,,
corrupted/print/text/New_Care_Models_Aging_Society(print)_header.pdf,C1,print,text,1344061,0,0,1344049,12,12,12,0,0x18,0.0833
corrupted/print/text/New_Care_Models_Aging_Society(print)_object_header.pdf,C5,print,text,1344061,-8,10,1344043,8,0,,,,
corrupted/print/text/New_Care_Models_Aging_Society(print)_page_tree.pdf,C4,print,text,1344061,-128,1341183,2750,128,0,,,,
corrupted/print/text/New_Care_Models_Aging_Society(print)_partial_cut.pdf,C10,print,text,1344061,-403219,940842,0,403219,0,,,,
corrupted/print/text/New_Care_Models_Aging_Society(print)_remove_fonts.pdf,C7,print,text,1344061,0,59,27112,1316890,1316890,308942,11,0x20,1.0
corrupted/print/text/New_Care_Models_Aging_Society(print)_remove_unicode_fonts.pdf,C8,print,text,1344061,0,59,4330,1339672,1339672,317349,22,0x20,1.0
corrupted/print/text/New_Care_Models_Aging_Society(print)_stream_zlib.pdf,C9,print,text,1344061,0,52519,17228,1274314,1274314,14,12,0x4f,0.0714
corrupted/print/text/New_Care_Models_Aging_Society(print)_trailer.pdf,C3,print,text,1344061,-24,1344037,0,24,0,,,,
corrupted/print/text/New_Care_Models_Aging_Society(print)_xref.pdf,C2,print,text,1344061,-2452,1341535,74,2452,0,,,,
corrupted/print/text/Next_Decade_Space_Exploration(print)_font_mapping_loss.pdf,C6,print,text,685037,-238,138421,38539,508077,507839,,,,
corrupted/print/text/Next_Decade_Space_Exploration(print)_header.pdf,C1,print,text,685037,0,0,685025,12,12,12,0,0xdb,0.0833
corrupted/print/text/Next_Decade_Space_Exploration(print)_object_header.pdf,C5,print,text,685037,-8,10,685019,8,0,,,,
corrupted/print/text/Next_Decade_Space_Exploration(print)_page_tree.pdf,C4,print,text,685037,-54,681279,3670,88,34,,,,
corrupted/print/text/Next_Decade_Space_Exploration(print)_partial_cut.pdf,C10,print,text,685037,-205512,479525,0,205512,0,,,,
corrupted/print/text/Next_Decade_Space_Exploration(print)_remove_fonts.pdf,C7,print,text,685037,0,59,45271,639707,639707,607328,18,0x20,1.0
corrupted/print/text/Next_Decade_Space_Exploration(print)_remove_unicode_fonts.pdf,C8,print,text,685037,0,59,5046,679932,679932,624746,36,0x20,1.0
corrupted/print/text/Next_Decade_Space_Exploration(print)_stream_zlib.pdf,C9,print,text,685037,0,959,6014,678064,678064,21,16,0x82,0.0952
corrupted/print/text/Next_Decade_Space_Exploration(print)_trailer.pdf,C3,print,text,685037,-23,685014,0,23,0,,,,
corrupted/print/text/Next_Decade_Space_Exploration(print)_xref.pdf,C2,print,text,685037,-3332,681632,73,3332,0,,,,
corrupted/print/text/OceanQuest_Modular_Water_Leisure_Equipment_Guide(print)_font_mapping_loss.pdf,C6,print,text,1789449,-173,121983,20611,1646855,1646682,,,,
corrupted/print/text/OceanQuest_Modular_Water_Leisure_Equipment_Guide(print)_header.pdf,C1,print,text,1789449,0,0,1789437,12,12,12,0,0x03,0.0833
corrupted/print/text/OceanQuest_Modular_Water_Leisure_Equipment_Guide(print)_object_header.pdf,C5,print,text,1789449,-8,10,1789431,8,0,,,,
corrupted/print/text/OceanQuest_Modular_Water_Leisure_Equipment_Guide(print)_page_tree.pdf,C4,print,text,1789449,-73,1786392,2974,83,10,,,,
corrupted/print/text/OceanQuest_Modular_Water_Leisure_Equipment_Guide(print)_partial_cut.pdf,C10,print,text,1789449,-536835,1252614,0,536835,0,,,,
corrupted/print/text/OceanQuest_Modular_Water_Leisure_Equipment_Guide(print)_remove_fonts.pdf,C7,print,text,1789449,0,59,28444,1760946,1760946,795633,12,0x20,1.0
corrupted/print/text/OceanQuest_Modular_Water_Leisure_Equipment_Guide(print)_remove_unicode_fonts.pdf,C8,print,text,1789449,0,59,3800,1785590,1785590,804952,24,0x20,1.0
corrupted/print/text/OceanQuest_Modular_Water_Leisure_Equipment_Guide(print)_stream_zlib.pdf,C9,print,text,1789449,0,6596,4428,1778425,1778425,23,18,0xf7,0.087
corrupted/print/text/OceanQuest_Modular_Water_Leisure_Equipment_Guide(print)_trailer.pdf,C3,print,text,1789449,-24,1789425,0,24,0,,,,
corrupted/print/text/OceanQuest_Modular_Water_Leisure_Equipment_Guide(print)_xref.pdf,C2,print,text,1789449,-2612,1786763,74,2612,0,,,,
corrupted/print/text/PetPal_Smart_PetCare_Products(print)_font_mapping_loss.pdf,C6,print,text,1660080,-390,349726,31644,1278710,1278320,,,,
corrupted/print/text/PetPal_Smart_PetCare_Products(print)_header.pdf,C1,print,text,1660080,0,0,1660068,12,12,12,0,0x50,0.0833
corrupted/print/text/PetPal_Smart_PetCare_Products(print)_object_header.pdf,C5,print,text,1660080,-8,10,1660062,8,0,,,,
corrupted/print/text/PetPal_Smart_PetCare_Products(print)_page_tree.pdf,C4,print,text,1660080,-103,1655880,4097,103,0,,,,
corrupted/print/text/PetPal_Smart_PetCare_Products(print)_partial_cut.pdf,C10,print,text,1660080,-498024,1162056,0,498024,0,,,,
corrupted/print/text/PetPal_Smart_PetCare_Products(print)_remove_fonts.pdf,C7,print,text,1660080,0,59,38796,1621225,1621225,1118649,20,0x20,1.0
corrupted/print/text/PetPal_Smart_PetCare_Products(print)_remove_unicode_fonts.pdf,C8,print,text,1660080,0,59,5463,1654558,1654558,1133383,40,0x20,1.0
corrupted/print/text/PetPal_Smart_PetCare_Products(print)_stream_zlib.pdf,C9,print,text,1660080,0,40830,9044,1610206,1610206,26,21,0x9e,0.0385
corrupted/print/text/PetPal_Smart_PetCare_Products(print)_trailer.pdf,C3,print,text,1660080,-24,1660056,0,24,0,,,,
corrupted/print/text/PetPal_Smart_PetCare_Products(print)_xref.pdf,C2,print,text,1660080,-3772,1656234,74,3772,0,,,,
corrupted/print/text/Quantum_Computing_Race(print)_font_mapping_loss.pdf,C6,print,text,1192986,-250,151917,38733,1002336,1002086,,,,
corrupted/print/text/Quantum_Computing_Race(print)_header.pdf,C1,print,text,1192986,0,0,1192974,12,12,12,0,0x7a,0.0833
corrupted/print/text/Quantum_Computing_Race(print)_object_header.pdf,C5,print,text,1192986,-8,10,1192968,8,0,,,,
corrupted/print/text/Quantum_Computing_Race(print)_page_tree.pdf,C4,print,text,1192986,-79,1188914,3974,98,19,,,,
corrupted/print/text/Quantum_Computing_Race(print)_partial_cut.pdf,C10,print,text,1192986,-357896,835090,0,357896,0,,,,
corrupted/print/text/Quantum_Computing_Race(print)_remove_fonts.pdf,C7,print,text,1192986,0,59,46564,1146363,1146363,1109097,20,0x20,1.0
corrupted/print/text/Quantum_Computing_Race(print)_remove_unicode_fonts.pdf,C8,print,text,1192986,0,59,5185,1187742,1187742,1126662,40,0x20,1.0
corrupted/print/text/Quantum_Computing_Race(print)_stream_zlib.pdf,C9,print,text,1192986,0,105983,8665,1078338,1078338,24,16,0x70,0.0833
corrupted/print/text/Quantum_Computing_Race(print)_trailer.pdf,C3,print,text,1192986,-24,1192962,0,24,0,,,,
corrupted/print/text/Quantum_Computing_Race(print)_xref.pdf,C2,print,text,1192986,-3652,1189260,74,3652,0,,,,
corrupted/print/text/Robots_Automation_Future_Work(print)_font_mapping_loss.pdf,C6,print,text,1059788,-248,431260,35125,593403,593155,,,,
corrupted/print/text/Robots_Automation_Future_Work(print)_header.pdf,C1,print,text,1059788,0,0,1059776,12,12,12,0,0xb0,0.1667
corrupted/print/text/Robots_Automation_Future_Work(print)_object_header.pdf,C5,print,text,1059788,-8,10,1059770,8,0,,,,
corrupted/print/text/Robots_Automation_Future_Work(print)_page_tree.pdf,C4,print,text,1059788,-93,1055949,3726,113,20,,,,
corrupted/print/text/Robots_Automation_Future_Work(print)_partial_cut.pdf,C10,print,text,1059788,-317937,741851,0,317937,0,,,,
corrupted/print/text/Robots_Automation_Future_Work(print)_remove_fonts.pdf,C7,print,text,1059788,0,59,41972,1017757,1017757,657199,18,0x20,1.0
corrupted/print/text/Robots_Automation_Future_Work(print)_remove_unicode_fonts.pdf,C8,print,text,1059788,0,59,5053,1054676,1054676,672917,36,0x20,1.0
corrupted/print/text/Robots_Automation_Future_Work(print)_stream_zlib.pdf,C9,print,text,1059788,0,114855,6393,938540,938540,23,20,0x4d,0.0435
corrupted/print/text/Robots_Automation_Future_Work(print)_trailer.pdf,C3,print,text,1059788,-24,1059764,0,24,0,,,,
corrupted/print/text/Robots_Automation_Future_Work(print)_xref.pdf,C2,print,text,1059788,-3412,1056302,74,3412,0,,,,
corrupted/print/text/Security_Breach_Investigation_Report(print)_font_mapping_loss.pdf,C6,print,text,1494884,-239,220543,36308,1238033,1237794,,,,
corrupted/print/text/Security_Breach_Investigation_Report(print)_header.pdf,C1,print,text,1494884,0,0,1494872,12,12,12,0,0xb8,0.0833
corrupted/print/text/Security_Breach_Investigation_Report(print)_object_header.pdf,C5,print,text,1494884,-8,10,1494866,8,0,,,,
corrupted/print/text/Security_Breach_Investigation_Report(print)_page_tree.pdf,C4,print,text,1494884,-47,1490898,3907,79,32,,,,
corrupted/print/text/Security_Breach_Investigation_Report(print)_partial_cut.pdf,C10,print,text,1494884,-448466,1046418,0,448466,0,,,,
corrupted/print/text/Security_Breach_Investigation_Report(print)_remove_fonts.pdf,C7,print,text,1494884,0,59,43707,1451118,1451118,1150078,19,0x20,1.0
corrupted/print/text/Security_Breach_Investigation_Report(print)_remove_unicode_fonts.pdf,C8,print,text,1494884,0,59,5156,1489669,1489669,1166641,38,0x20,1.0
corrupted/print/text/Security_Breach_Investigation_Report(print)_stream_zlib.pdf,C9,print,text,1494884,0,51023,7818,1436043,1436043,18,13,0xdf,0.0556
corrupted/print/text/Security_Breach_Investigation_Report(print)_trailer.pdf,C3,print,text,1494884,-24,1494860,0,24,0,,,,
corrupted/print/text/Security_Breach_Investigation_Report(print)_xref.pdf,C2,print,text,1494884,-3552,1491258,74,3552,0,,,,
corrupted/print/text/SkyGarden_Indoor_Vertical_Garden_Solutions(print)_font_mapping_loss.pdf,C6,print,text,1518363,-381,554559,34699,929105,928724,,,,
corrupted/print/text/SkyGarden_Indoor_Vertical_Garden_Solutions(print)_header.pdf,C1,print,text,1518363,0,0,1518351,12,12,12,0,0x28,0.0833
corrupted/print/text/SkyGarden_Indoor_Vertical_Garden_Solutions(print)_object_header.pdf,C5,print,text,1518363,-8,10,1518345,8,0,,,,
corrupted/print/text/SkyGarden_Indoor_Vertical_Garden_Solutions(print)_page_tree.pdf,C4,print,text,1518363,-104,1514050,4209,104,0,,,,
corrupted/print/text/SkyGarden_Indoor_Vertical_Garden_Solutions(print)_partial_cut.pdf,C10,print,text,1518363,-455509,1062854,0,455509,0,,,,
corrupted/print/text/SkyGarden_Indoor_Vertical_Garden_Solutions(print)_remove_fonts.pdf,C7,print,text,1518363,0,59,41196,1477108,1477108,1218729,21,0x20,1.0
corrupted/print/text/SkyGarden_Indoor_Vertical_Garden_Solutions(print)_remove_unicode_fonts.pdf,C8,print,text,1518363,0,59,5222,1513082,1513082,1234759,42,0x20,1.0
corrupted/print/text/SkyGarden_Indoor_Vertical_Garden_Solutions(print)_stream_zlib.pdf,C9,print,text,1518363,0,90717,5785,1421861,1421861,23,18,0x8a,0.087
corrupted/print/text/SkyGarden_Indoor_Vertical_Garden_Solutions(print)_trailer.pdf,C3,print,text,1518363,-24,1518339,0,24,0,,,,
corrupted/print/text/SkyGarden_Indoor_Vertical_Garden_Solutions(print)_xref.pdf,C2,print,text,1518363,-3872,1514417,74,3872,0,,,,
corrupted/print/text/Sustainable_Fashion_Innovation(print)_font_mapping_loss.pdf,C6,print,text,1036260,-227,148356,35699,852205,851978,,,,
corrupted/print/text/Sustainable_Fashion_Innovation(print)_header.pdf,C1,print,text,1036260,0,0,1036248,12,12,12,0,0xf4,0.0833
corrupted/print/text/Sustainable_Fashion_Innovation(print)_object_header.pdf,C5,print,text,1036260,-8,10,1036242,8,0,,,,
corrupted/print/text/Sustainable_Fashion_Innovation(print)_page_tree.pdf,C4,print,text,1036260,-122,1032660,3478,122,0,,,,
corrupted/print/text/Sustainable_Fashion_Innovation(print)_partial_cut.pdf,C10,print,text,1036260,-310878,725382,0,310878,0,,,,
corrupted/print/text/Sustainable_Fashion_Innovation(print)_remove_fonts.pdf,C7,print,text,1036260,0,59,44169,992032,992032,930995,17,0x20,1.0
corrupted/print/text/Sustainable_Fashion_Innovation(print)_remove_unicode_fonts.pdf,C8,print,text,1036260,0,59,4766,1031435,1031435,947082,34,0x20,1.0
corrupted/print/text/Sustainable_Fashion_Innovation(print)_stream_zlib.pdf,C9,print,text,1036260,0,6183,6915,1023162,1023162,21,17,0xe8,0.0952
corrupted/print/text/Sustainable_Fashion_Innovation(print)_trailer.pdf,C3,print,text,1036260,-24,1036236,0,24,0,,,,
corrupted/print/text/Sustainable_Fashion_Innovation(print)_xref.pdf,C2,print,text,1036260,-3172,1033014,74,3172,0,,,,
corrupted/print/text/UrbanRide_Electric_Bike_Scooter_Series(print)_font_mapping_loss.pdf,C6,print,text,1401339,-382,424889,35580,940870,940488,,,,
corrupted/print/text/UrbanRide_Electric_Bike_Scooter_Series(print)_header.pdf,C1,print,text,1401339,0,0,1401327,12,12,12,0,0x3f,0.1667
corrupted/print/text/UrbanRide_Electric_Bike_Scooter_Series(print)_object_header.pdf,C5,print,text,1401339,-8,10,1401321,8,0,,,,
corrupted/print/text/UrbanRide_Electric_Bike_Scooter_Series(print)_page_tree.pdf,C4,print,text,1401339,-92,1397210,4037,92,0,,,,
corrupted/print/text/UrbanRide_Electric_Bike_Scooter_Series(print)_partial_cut.pdf,C10,print,text,1401339,-420402,980937,0,420402,0,,,,
corrupted/print/text/UrbanRide_Electric_Bike_Scooter_Series(print)_remove_fonts.pdf,C7,print,text,1401339,0,59,42357,1358923,1358923,1165527,20,0x20,1.0
corrupted/print/text/UrbanRide_Electric_Bike_Scooter_Series(print)_remove_unicode_fonts.pdf,C8,print,text,1401339,0,59,5464,1395816,1395816,1181988,40,0x20,1.0
corrupted/print/text/UrbanRide_Electric_Bike_Scooter_Series(print)_stream_zlib.pdf,C9,print,text,1401339,0,18471,7905,1374963,1374963,27,24,0xcd,0.0741
corrupted/print/text/UrbanRide_Electric_Bike_Scooter_Series(print)_trailer.pdf,C3,print,text,1401339,-24,1401315,0,24,0,,,,
corrupted/print/text/UrbanRide_Electric_Bike_Scooter_Series(print)_xref.pdf,C2,print,text,1401339,-3692,1397573,74,3692,0,,,,
corrupted/print/text/Urban_Fine_Particulate_Matter(print)_font_mapping_loss.pdf,C6,print,text,688825,-249,143976,37843,507006,506757,,,,
corrupted/print/text/Urban_Fine_Particulate_Matter(print)_header.pdf,C1,print,text,688825,0,0,688813,12,12,12,0,0xf1,0.0833
corrupted/print/text/Urban_Fine_Particulate_Matter(print)_object_header.pdf,C5,print,text,688825,-8,10,688807,8,0,,,,
corrupted/print/text/Urban_Fine_Particulate_Matter(print)_page_tree.pdf,C4,print,text,688825,-104,684907,3810,108,4,,,,
corrupted/print/text/Urban_Fine_Particulate_Matter(print)_partial_cut.pdf,C10,print,text,688825,-206648,482177,0,206648,0,,,,
corrupted/print/text/Urban_Fine_Particulate_Matter(print)_remove_fonts.pdf,C7,print,text,688825,0,59,46069,642697,642697,588600,19,0x20,1.0
corrupted/print/text/Urban_Fine_Particulate_Matter(print)_remove_unicode_fonts.pdf,C8,print,text,688825,0,59,5050,683716,683716,605481,38,0x20,1.0
corrupted/print/text/Urban_Fine_Particulate_Matter(print)_stream_zlib.pdf,C9,print,text,688825,0,10043,5724,673058,673058,17,14,0x34,0.0588
corrupted/print/text/Urban_Fine_Particulate_Matter(print)_trailer.pdf,C3,print,text,688825,-23,688802,0,23,0,,,,
corrupted/print/text/Urban_Fine_Particulate_Matter(print)_xref.pdf,C2,print,text,688825,-3492,685260,73,3492,0,,,,
corrupted/print/text/ai_ethics_responsible_use_guidelines_multilang(print)_font_mapping_loss.pdf,C6,print,text,752670,-230,138074,34776,579820,579590,,,,
corrupted/print/text/ai_ethics_responsible_use_guidelines_multilang(print)_header.pdf,C1,print,text,752670,0,0,752658,12,12,12,0,0xd9,0.0833
corrupted/print/text/ai_ethics_responsible_use_guidelines_multilang(print)_object_header.pdf,C5,print,text,752670,-8,10,752652,8,0,,,,
corrupted/print/text/ai_ethics_responsible_use_guidelines_multilang(print)_page_tree.pdf,C4,print,text,752670,-66,748575,3996,99,33,,,,
corrupted/print/text/ai_ethics_responsible_use_guidelines_multilang(print)_partial_cut.pdf,C10,print,text,752670,-225801,526869,0,225801,0,,,,
corrupted/print/text/ai_ethics_responsible_use_guidelines_multilang(print)_remove_fonts.pdf,C7,print,text,752670,0,59,41793,710818,710818,679675,20,0x20,1.0
corrupted/print/text/ai_ethics_responsible_use_guidelines_multilang(print)_remove_unicode_fonts.pdf,C8,print,text,752670,0,59,5437,747174,747174,695624,40,0x20,1.0
corrupted/print/text/ai_ethics_responsible_use_guidelines_multilang(print)_stream_zlib.pdf,C9,print,text,752670,0,132243,5971,614456,614456,24,17,0x10,0.0833
corrupted/print/text/ai_ethics_responsible_use_guidelines_multilang(print)_trailer.pdf,C3,print,text,752670,-23,752647,0,23,0,,,,
corrupted/print/text/ai_ethics_responsible_use_guidelines_multilang(print)_xref.pdf,C2,print,text,752670,-3652,748945,73,3652,0,,,,
corrupted/print/text/climate_crisis_preparedness_community_action_guidelines_multilang(print)_font_mapping_loss.pdf,C6,print,text,1729873,-218,204489,27946,1497438,1497220,,,,
corrupted/print/text/climate_crisis_preparedness_community_action_guidelines_multilang(print)_header.pdf,C1,print,text,1729873,0,0,1729861,12,12,12,0,0x58,0.0833
corrupted/print/text/climate_crisis_preparedness_community_action_guidelines_multilang(print)_object_header.pdf,C5,print,text,1729873,-8,10,1729855,8,0,,,,
corrupted/print/text/climate_crisis_preparedness_community_action_guidelines_multilang(print)_page_tree.pdf,C4,print,text,1729873,-123,1726038,3712,123,0,,,,
corrupted/print/text/climate_crisis_preparedness_community_action_guidelines_multilang(print)_partial_cut.pdf,C10,print,text,1729873,-518962,1210911,0,518962,0,,,,
corrupted/print/text/climate_crisis_preparedness_community_action_guidelines_multilang(print)_remove_fonts.pdf,C7,print,text,1729873,0,59,35626,1694188,1694188,901258,17,0x20,1.0
corrupted/print/text/climate_crisis_preparedness_community_action_guidelines_multilang(print)_remove_unicode_fonts.pdf,C8,print,text,1729873,0,59,5297,1724517,1724517,913777,34,0x20,1.0
corrupted/print/text/climate_crisis_preparedness_community_action_guidelines_multilang(print)_stream_zlib.pdf,C9,print,text,1729873,0,85420,6577,1637876,1637876,28,26,0x9d,0.0714
corrupted/print/text/climate_crisis_preparedness_community_action_guidelines_multilang(print)_trailer.pdf,C3,print,text,1729873,-24,1729849,0,24,0,,,,
corrupted/print/text/climate_crisis_preparedness_community_action_guidelines_multilang(print)_xref.pdf,C2,print,text,1729873,-3372,1726427,74,3372,0,,,,
corrupted/print/text/confidential_doc_leak_collusion_investigation(print)_font_mapping_loss.pdf,C6,print,text,1223223,-289,286114,31111,905998,905709,,,,
corrupted/print/text/confidential_doc_leak_collusion_investigation(print)_header.pdf,C1,print,text,1223223,0,0,1223211,12,12,12,0,0x1f,0.0833
corrupted/print/text/confidential_doc_leak_collusion_investigation(print)_object_header.pdf,C5,print,text,1223223,-8,10,1223205,8,0,,,,
corrupted/print/text/confidential_doc_leak_collusion_investigation(print)_page_tree.pdf,C4,print,text,1223223,-93,1219288,3827,108,15,,,,
corrupted/print/text/confidential_doc_leak_collusion_investigation(print)_partial_cut.pdf,C10,print,text,1223223,-366967,856256,0,366967,0,,,,
corrupted/print/text/confidential_doc_leak_collusion_investigation(print)_remove_fonts.pdf,C7,print,text,1223223,0,59,36216,1186948,1186948,1099321,19,0x20,1.0
corrupted/print/text/confidential_doc_leak_collusion_investigation(print)_remove_unicode_fonts.pdf,C8,print,text,1223223,0,59,4661,1218503,1218503,1113659,38,0x20,1.0
corrupted/print/text/confidential_doc_leak_collusion_investigation(print)_stream_zlib.pdf,C9,print,text,1223223,0,15321,7519,1200383,1200383,19,15,0x9a,0.1053
corrupted/print/text/confidential_doc_leak_collusion_investigation(print)_trailer.pdf,C3,print,text,1223223,-24,1223199,0,24,0,,,,
corrupted/print/text/confidential_doc_leak_collusion_investigation(print)_xref.pdf,C2,print,text,1223223,-3492,1219657,74,3492,0,,,,
corrupted/print/text/digital_data_security_guidelines(print)_font_mapping_loss.pdf,C6,print,text,809417,-249,157977,33350,618090,617841,,,,
corrupted/print/text/digital_data_security_guidelines(print)_header.pdf,C1,print,text,809417,0,0,809405,12,12,12,0,0x11,0.0833
corrupted/print/text/digital_data_security_guidelines(print)_object_header.pdf,C5,print,text,809417,-8,10,809399,8,0,,,,
corrupted/print/text/digital_data_security_guidelines(print)_page_tree.pdf,C4,print,text,809417,-122,805476,3819,122,0,,,,
corrupted/print/text/digital_data_security_guidelines(print)_partial_cut.pdf,C10,print,text,809417,-242826,566591,0,242826,0,,,,
corrupted/print/text/digital_data_security_guidelines(print)_remove_fonts.pdf,C7,print,text,809417,0,59,40368,768990,768990,597579,19,0x20,1.0
corrupted/print/text/digital_data_security_guidelines(print)_remove_unicode_fonts.pdf,C8,print,text,809417,0,59,5334,804024,804024,612711,38,0x20,1.0
corrupted/print/text/digital_data_security_guidelines(print)_stream_zlib.pdf,C9,print,text,809417,0,68870,7381,733166,733166,26,20,0x69,0.0385
corrupted/print/text/digital_data_security_guidelines(print)_trailer.pdf,C3,print,text,809417,-23,809394,0,23,0,,,,
corrupted/print/text/digital_data_security_guidelines(print)_xref.pdf,C2,print,text,809417,-3512,805832,73,3512,0,,,,
corrupted/print/text/educational_technology_elearning_safety_guidelines_multilang(print)_font_mapping_loss.pdf,C6,print,text,723224,-207,66152,34023,623049,622842,,,,
corrupted/print/text/educational_technology_elearning_safety_guidelines_multilang(print)_header.pdf,C1,print,text,723224,0,0,723212,12,12,12,0,0x18,0.0833
corrupted/print/text/educational_technology_elearning_safety_guidelines_multilang(print)_object_header.pdf,C5,print,text,723224,-8,10,723206,8,0,,,,
corrupted/print/text/educational_technology_elearning_safety_guidelines_multilang(print)_page_tree.pdf,C4,print,text,723224,-105,719595,3515,114,9,,,,
corrupted/print/text/educational_technology_elearning_safety_guidelines_multilang(print)_partial_cut.pdf,C10,print,text,723224,-216968,506256,0,216968,0,,,,
corrupted/print/text/educational_technology_elearning_safety_guidelines_multilang(print)_remove_fonts.pdf,C7,print,text,723224,0,59,40259,682906,682906,609663,17,0x20,1.0
corrupted/print/text/educational_technology_elearning_safety_guidelines_multilang(print)_remove_unicode_fonts.pdf,C8,print,text,723224,0,59,5219,717946,717946,625260,34,0x20,1.0
corrupted/print/text/educational_technology_elearning_safety_guidelines_multilang(print)_stream_zlib.pdf,C9,print,text,723224,0,75890,9474,637860,637860,16,13,0xd9,0.125
corrupted/print/text/educational_technology_elearning_safety_guidelines_multilang(print)_trailer.pdf,C3,print,text,723224,-23,723201,0,23,0,,,,
corrupted/print/text/educational_technology_elearning_safety_guidelines_multilang(print)_xref.pdf,C2,print,text,723224,-3172,719979,73,3172,0,,,,
corrupted/print/text/global_cloud_datacenter_cooling_failure_report(print)_font_mapping_loss.pdf,C6,print,text,1070979,-370,432598,30554,607827,607457,,,,
corrupted/print/text/global_cloud_datacenter_cooling_failure_report(print)_header.pdf,C1,print,text,1070979,0,0,1070967,12,12,12,0,0x50,0.0833
corrupted/print/text/global_cloud_datacenter_cooling_failure_report(print)_object_header.pdf,C5,print,text,1070979,-8,10,1070961,8,0,,,,
corrupted/print/text/global_cloud_datacenter_cooling_failure_report(print)_page_tree.pdf,C4,print,text,1070979,-60,1066682,4214,83,23,,,,
corrupted/print/text/global_cloud_datacenter_cooling_failure_report(print)_partial_cut.pdf,C10,print,text,1070979,-321294,749685,0,321294,0,,,,
corrupted/print/text/global_cloud_datacenter_cooling_failure_report(print)_remove_fonts.pdf,C7,print,text,1070979,0,59,34669,1036251,1036251,799132,21,0x20,1.0
corrupted/print/text/global_cloud_datacenter_cooling_failure_report(print)_remove_unicode_fonts.pdf,C8,print,text,1070979,0,59,5054,1065866,1065866,813600,42,0x20,1.0
corrupted/print/text/global_cloud_datacenter_cooling_failure_report(print)_stream_zlib.pdf,C9,print,text,1070979,0,41131,7398,1022450,1022450,30,23,0x22,0.0667
corrupted/print/text/global_cloud_datacenter_cooling_failure_report(print)_trailer.pdf,C3,print,text,1070979,-24,1070955,0,24,0,,,,
corrupted/print/text/global_cloud_datacenter_cooling_failure_report(print)_xref.pdf,C2,print,text,1070979,-3852,1067053,74,3852,0,,,,
corrupted/print/text/green_energy_sustainable_living_guidelines_multilang(print)_font_mapping_loss.pdf,C6,print,text,1407970,-227,416410,30645,960915,960688,,,,
corrupted/print/text/green_energy_sustainable_living_guidelines_multilang(print)_header.pdf,C1,print,text,1407970,0,0,1407958,12,12,12,0,0xd4,0.0833
corrupted/print/text/green_energy_sustainable_living_guidelines_multilang(print)_object_header.pdf,C5,print,text,1407970,-8,10,1407952,8,0,,,,
corrupted/print/text/green_energy_sustainable_living_guidelines_multilang(print)_page_tree.pdf,C4,print,text,1407970,-108,1404268,3594,108,0,,,,
corrupted/print/text/green_energy_sustainable_living_guidelines_multilang(print)_partial_cut.pdf,C10,print,text,1407970,-422392,985578,0,422392,0,,,,
corrupted/print/text/green_energy_sustainable_living_guidelines_multilang(print)_remove_fonts.pdf,C7,print,text,1407970,0,59,36668,1371243,1371243,1041413,17,0x20,1.0
corrupted/print/text/green_energy_sustainable_living_guidelines_multilang(print)_remove_unicode_fonts.pdf,C8,print,text,1407970,0,59,5107,1402804,1402804,1055116,34,0x20,1.0
corrupted/print/text/green_energy_sustainable_living_guidelines_multilang(print)_stream_zlib.pdf,C9,print,text,1407970,0,15976,6363,1385631,1385631,20,18,0xfa,0.05
corrupted/print/text/green_energy_sustainable_living_guidelines_multilang(print)_trailer.pdf,C3,print,text,1407970,-24,1407946,0,24,0,,,,
corrupted/print/text/green_energy_sustainable_living_guidelines_multilang(print)_xref.pdf,C2,print,text,1407970,-3252,1404644,74,3252,0,,,,
corrupted/print/text/health_wellbeing_digital_age_guidelines_multilang(print)_font_mapping_loss.pdf,C6,print,text,457552,-153,164875,26955,265722,265569,,,,
corrupted/print/text/health_wellbeing_digital_age_guidelines_multilang(print)_header.pdf,C1,print,text,457552,0,0,457540,12,12,12,0,0x8a,0.0833
corrupted/print/text/health_wellbeing_digital_age_guidelines_multilang(print)_object_header.pdf,C5,print,text,457552,-8,10,457534,8,0,,,,
corrupted/print/text/health_wellbeing_digital_age_guidelines_multilang(print)_page_tree.pdf,C4,print,text,457552,-74,454575,2876,101,27,,,,
corrupted/print/text/health_wellbeing_digital_age_guidelines_multilang(print)_partial_cut.pdf,C10,print,text,457552,-137266,320286,0,137266,0,,,,
corrupted/print/text/health_wellbeing_digital_age_guidelines_multilang(print)_remove_fonts.pdf,C7,print,text,457552,0,59,32444,425049,425049,373431,13,0x20,1.0
corrupted/print/text/health_wellbeing_digital_age_guidelines_multilang(print)_remove_unicode_fonts.pdf,C8,print,text,457552,0,59,4300,453193,453193,385868,26,0x20,1.0
corrupted/print/text/health_wellbeing_digital_age_guidelines_multilang(print)_stream_zlib.pdf,C9,print,text,457552,0,21163,7854,428535,428535,19,15,0x36,0.1053
corrupted/print/text/health_wellbeing_digital_age_guidelines_multilang(print)_trailer.pdf,C3,print,text,457552,-23,457529,0,23,0,,,,
corrupted/print/text/health_wellbeing_digital_age_guidelines_multilang(print)_xref.pdf,C2,print,text,457552,-2532,454947,73,2532,0,,,,
corrupted/print/text/illegal_item_trading_money_laundering_in_games(print)_font_mapping_loss.pdf,C6,print,text,1522531,-289,379434,32658,1110439,1110150,,,,
corrupted/print/text/illegal_item_trading_money_laundering_in_games(print)_header.pdf,C1,print,text,1522531,0,0,1522519,12,12,12,0,0x03,0.1667
corrupted/print/text/illegal_item_trading_money_laundering_in_games(print)_object_header.pdf,C5,print,text,1522531,-8,10,1522513,8,0,,,,
corrupted/print/text/illegal_item_trading_money_laundering_in_games(print)_page_tree.pdf,C4,print,text,1522531,-100,1518575,3844,112,12,,,,
corrupted/print/text/illegal_item_trading_money_laundering_in_games(print)_partial_cut.pdf,C10,print,text,1522531,-456760,1065771,0,456760,0,,,,
corrupted/print/text/illegal_item_trading_money_laundering_in_games(print)_remove_fonts.pdf,C7,print,text,1522531,0,59,37340,1485132,1485132,1285451,19,0x20,1.0
corrupted/print/text/illegal_item_trading_money_laundering_in_games(print)_remove_unicode_fonts.pdf,C8,print,text,1522531,0,59,5128,1517344,1517344,1300248,38,0x20,1.0
corrupted/print/text/illegal_item_trading_money_laundering_in_games(print)_stream_zlib.pdf,C9,print,text,1522531,0,20677,5994,1495860,1495860,18,15,0x4e,0.0556
corrupted/print/text/illegal_item_trading_money_laundering_in_games(print)_trailer.pdf,C3,print,text,1522531,-24,1522507,0,24,0,,,,
corrupted/print/text/illegal_item_trading_money_laundering_in_games(print)_xref.pdf,C2,print,text,1522531,-3512,1518945,74,3512,0,,,,
corrupted/print/text/messenger_app_data_misuse_investigation(print)_font_mapping_loss.pdf,C6,print,text,787311,-316,446126,23491,317694,317378,,,,
corrupted/print/text/messenger_app_data_misuse_investigation(print)_header.pdf,C1,print,text,787311,0,0,787299,12,12,12,0,0xe4,0.0833
corrupted/print/text/messenger_app_data_misuse_investigation(print)_object_header.pdf,C5,print,text,787311,-8,10,787293,8,0,,,,
corrupted/print/text/messenger_app_data_misuse_investigation(print)_page_tree.pdf,C4,print,text,787311,-87,783984,3235,92,5,,,,
corrupted/print/text/messenger_app_data_misuse_investigation(print)_partial_cut.pdf,C10,print,text,787311,-236194,551117,0,236194,0,,,,
corrupted/print/text/messenger_app_data_misuse_investigation(print)_remove_fonts.pdf,C7,print,text,787311,0,59,27392,759860,759860,559473,15,0x20,1.0
corrupted/print/text/messenger_app_data_misuse_investigation(print)_remove_unicode_fonts.pdf,C8,print,text,787311,0,59,4608,782644,782644,570205,30,0x20,1.0
corrupted/print/text/messenger_app_data_misuse_investigation(print)_stream_zlib.pdf,C9,print,text,787311,0,10284,21549,755478,755478,12,12,0x38,0.0833
corrupted/print/text/messenger_app_data_misuse_investigation(print)_trailer.pdf,C3,print,text,787311,-23,787288,0,23,0,,,,
corrupted/print/text/messenger_app_data_misuse_investigation(print)_xref.pdf,C2,print,text,787311,-2892,784346,73,2892,0,,,,
corrupted/print/text/open_source_software_contribution_guidelines_multilang(print)_font_mapping_loss.pdf,C6,print,text,1215434,-228,160398,33445,1021591,1021363,,,,
corrupted/print/text/open_source_software_contribution_guidelines_multilang(print)_header.pdf,C1,print,text,1215434,0,0,1215422,12,12,12,0,0xeb,0.0833
corrupted/print/text/open_source_software_contribution_guidelines_multilang(print)_object_header.pdf,C5,print,text,1215434,-8,10,1215416,8,0,,,,
corrupted/print/text/open_source_software_contribution_guidelines_multilang(print)_page_tree.pdf,C4,print,text,1215434,-92,1211630,3712,92,0,,,,
corrupted/print/text/open_source_software_contribution_guidelines_multilang(print)_partial_cut.pdf,C10,print,text,1215434,-364631,850803,0,364631,0,,,,
corrupted/print/text/open_source_software_contribution_guidelines_multilang(print)_remove_fonts.pdf,C7,print,text,1215434,0,59,40578,1174797,1174797,1053283,18,0x20,1.0
corrupted/print/text/open_source_software_contribution_guidelines_multilang(print)_remove_unicode_fonts.pdf,C8,print,text,1215434,0,59,5314,1210061,1210061,1068269,36,0x20,1.0
corrupted/print/text/open_source_software_contribution_guidelines_multilang(print)_stream_zlib.pdf,C9,print,text,1215434,0,6993,7281,1201160,1201160,21,19,0xdb,0.0476
corrupted/print/text/open_source_software_contribution_guidelines_multilang(print)_trailer.pdf,C3,print,text,1215434,-24,1215410,0,24,0,,,,
corrupted/print/text/open_source_software_contribution_guidelines_multilang(print)_xref.pdf,C2,print,text,1215434,-3352,1212008,74,3352,0,,,,
corrupted/print/text/personal_finance_cyber_fraud_prevention_guidelines_multilang(print)_font_mapping_loss.pdf,C6,print,text,1757631,-229,150549,28623,1578459,1578230,,,,
corrupted/print/text/personal_finance_cyber_fraud_prevention_guidelines_multilang(print)_header.pdf,C1,print,text,1757631,0,0,1757619,12,12,12,0,0x95,0.0833
corrupted/print/text/personal_finance_cyber_fraud_prevention_guidelines_multilang(print)_object_header.pdf,C5,print,text,1757631,-8,10,1757613,8,0,,,,
corrupted/print/text/personal_finance_cyber_fraud_prevention_guidelines_multilang(print)_page_tree.pdf,C4,print,text,1757631,-108,1753520,4000,111,3,,,,
corrupted/print/text/personal_finance_cyber_fraud_prevention_guidelines_multilang(print)_partial_cut.pdf,C10,print,text,1757631,-527290,1230341,0,527290,0,,,,
corrupted/print/text/personal_finance_cyber_fraud_prevention_guidelines_multilang(print)_remove_fonts.pdf,C7,print,text,1757631,0,59,35237,1722335,1722335,1012568,19,0x20,1.0
corrupted/print/text/personal_finance_cyber_fraud_prevention_guidelines_multilang(print)_remove_unicode_fonts.pdf,C8,print,text,1757631,0,59,4660,1752912,1752912,1025935,38,0x20,1.0
corrupted/print/text/personal_finance_cyber_fraud_prevention_guidelines_multilang(print)_stream_zlib.pdf,C9,print,text,1757631,0,1663,5175,1750793,1750793,26,24,0x55,0.0769
corrupted/print/text/personal_finance_cyber_fraud_prevention_guidelines_multilang(print)_trailer.pdf,C3,print,text,1757631,-24,1757607,0,24,0,,,,
corrupted/print/text/personal_finance_cyber_fraud_prevention_guidelines_multilang(print)_xref.pdf,C2,print,text,1757631,-3652,1753905,74,3652,0,,,,
corrupted/print/text/remote_work_home_office_guidelines(print)_font_mapping_loss.pdf,C6,print,text,1076535,-238,179994,32424,864117,863879,,,,
corrupted/print/text/remote_work_home_office_guidelines(print)_header.pdf,C1,print,text,1076535,0,0,1076523,12,12,12,0,0x74,0.0833
corrupted/print/text/remote_work_home_office_guidelines(print)_object_header.pdf,C5,print,text,1076535,-8,10,1076517,8,0,,,,
corrupted/print/text/remote_work_home_office_guidelines(print)_page_tree.pdf,C4,print,text,1076535,-75,1072751,3693,91,16,,,,
corrupted/print/text/remote_work_home_office_guidelines(print)_partial_cut.pdf,C10,print,text,1076535,-322961,753574,0,322961,0,,,,
corrupted/print/text/remote_work_home_office_guidelines(print)_remove_fonts.pdf,C7,print,text,1076535,0,59,39258,1037218,1037218,949244,18,0x20,1.0
corrupted/print/text/remote_work_home_office_guidelines(print)_remove_unicode_fonts.pdf,C8,print,text,1076535,0,59,5104,1071372,1071372,963872,36,0x20,1.0
corrupted/print/text/remote_work_home_office_guidelines(print)_stream_zlib.pdf,C9,print,text,1076535,0,58932,5641,1011962,1011962,21,18,0x95,0.0952
corrupted/print/text/remote_work_home_office_guidelines(print)_trailer.pdf,C3,print,text,1076535,-24,1076511,0,24,0,,,,
corrupted/print/text/remote_work_home_office_guidelines(print)_xref.pdf,C2,print,text,1076535,-3352,1073109,74,3352,0,,,,
corrupted/print/text/smart_city_data_privacy_guidelines_multilang(print)_font_mapping_loss.pdf,C6,print,text,1015999,-185,149447,29379,837173,836988,,,,
corrupted/print/text/smart_city_data_privacy_guidelines_multilang(print)_header.pdf,C1,print,text,1015999,0,0,1015987,12,12,12,0,0x9a,0.0833
corrupted/print/text/smart_city_data_privacy_guidelines_multilang(print)_object_header.pdf,C5,print,text,1015999,-8,10,1015981,8,0,,,,
corrupted/print/text/smart_city_data_privacy_guidelines_multilang(print)_page_tree.pdf,C4,print,text,1015999,-88,1012698,3213,88,0,,,,
corrupted/print/text/smart_city_data_privacy_guidelines_multilang(print)_partial_cut.pdf,C10,print,text,1015999,-304800,711199,0,304800,0,,,,
corrupted/print/text/smart_city_data_privacy_guidelines_multilang(print)_remove_fonts.pdf,C7,print,text,1015999,0,59,35447,980493,980493,939581,15,0x20,1.0
corrupted/print/text/smart_city_data_privacy_guidelines_multilang(print)_remove_unicode_fonts.pdf,C8,print,text,1015999,0,59,4700,1011240,1011240,952908,30,0x20,1.0
corrupted/print/text/smart_city_data_privacy_guidelines_multilang(print)_stream_zlib.pdf,C9,print,text,1015999,0,104966,8877,902156,902156,18,14,0xac,0.1111
corrupted/print/text/smart_city_data_privacy_guidelines_multilang(print)_trailer.pdf,C3,print,text,1015999,-24,1015975,0,24,0,,,,
corrupted/print/text/smart_city_data_privacy_guidelines_multilang(print)_xref.pdf,C2,print,text,1015999,-2852,1013073,74,2852,0,,,,
corrupted/print/text/smart_factory_robot_malfunction_analysis(print)_font_mapping_loss.pdf,C6,print,text,1493859,-184,185516,22189,1286154,1285970,,,,
corrupted/print/text/smart_factory_robot_malfunction_analysis(print)_header.pdf,C1,print,text,1493859,0,0,1493847,12,12,12,0,0x86,0.0833
corrupted/print/text/smart_factory_robot_malfunction_analysis(print)_object_header.pdf,C5,print,text,1493859,-8,10,1493841,8,0,,,,
corrupted/print/text/smart_factory_robot_malfunction_analysis(print)_page_tree.pdf,C4,print,text,1493859,-85,1490650,3101,108,23,,,,
corrupted/print/text/smart_factory_robot_malfunction_analysis(print)_partial_cut.pdf,C10,print,text,1493859,-448158,1045701,0,448158,0,,,,
corrupted/print/text/smart_factory_robot_malfunction_analysis(print)_remove_fonts.pdf,C7,print,text,1493859,0,59,26521,1467279,1467279,1082740,14,0x20,1.0
corrupted/print/text/smart_factory_robot_malfunction_analysis(print)_remove_unicode_fonts.pdf,C8,print,text,1493859,0,59,4453,1489347,1489347,1092515,28,0x20,1.0
corrupted/print/text/smart_factory_robot_malfunction_analysis(print)_stream_zlib.pdf,C9,print,text,1493859,0,60095,6336,1427428,1427428,16,13,0x22,0.125
corrupted/print/text/smart_factory_robot_malfunction_analysis(print)_trailer.pdf,C3,print,text,1493859,-24,1493835,0,24,0,,,,
corrupted/print/text/smart_factory_robot_malfunction_analysis(print)_xref.pdf,C2,print,text,1493859,-2772,1491013,74,2772,0,,,,
corrupted/print/text+img/global_agriculture_food_security_climate_impact(print)_font_mapping_loss.pdf,C6,print,text+img,691253,-205,173877,31994,485382,485177,,,,
corrupted/print/text+img/global_agriculture_food_security_climate_impact(print)_header.pdf,C1,print,text+img,691253,0,0,691241,12,12,12,0,0x68,0.1667
corrupted/print/text+img/global_agriculture_food_security_climate_impact(print)_object_header.pdf,C5,print,text+img,691253,-8,10,691235,8,0,,,,
corrupted/print/text+img/global_agriculture_food_security_climate_impact(print)_page_tree.pdf,C4,print,text+img,691253,-76,687917,3258,78,2,,,,
corrupted/print/text+img/global_agriculture_food_security_climate_impact(print)_partial_cut.pdf,C10,print,text+img,691253,-207376,483877,0,207376,0,,,,
corrupted/print/text+img/global_agriculture_food_security_climate_impact(print)_remove_fonts.pdf,C7,print,text+img,691253,0,59,59740,631454,631454,532809,15,0x20,1.0
corrupted/print/text+img/global_agriculture_food_security_climate_impact(print)_remove_unicode_fonts.pdf,C8,print,text+img,691253,0,59,4853,686341,686341,546953,30,0x20,1.0
corrupted/print/text+img/global_agriculture_food_security_climate_impact(print)_stream_zlib.pdf,C9,print,text+img,691253,0,24041,4924,662288,662288,20,15,0xd8,0.1
corrupted/print/text+img/global_agriculture_food_security_climate_impact(print)_trailer.pdf,C3,print,text+img,691253,-23,691230,0,23,0,,,,
corrupted/print/text+img/global_agriculture_food_security_climate_impact(print)_xref.pdf,C2,print,text+img,691253,-2892,688288,73,2892,0,,,,
corrupted/print/text+img/global_ai_technology_investment_and_industry_adoption(print)_font_mapping_loss.pdf,C6,print,text+img,902983,-268,141441,38718,722824,722556,,,,
corrupted/print/text+img/global_ai_technology_investment_and_industry_adoption(print)_header.pdf,C1,print,text+img,902983,0,0,902971,12,12,12,0,0x11,0.0833
corrupted/print/text+img/global_ai_technology_investment_and_industry_adoption(print)_object_header.pdf,C5,print,text+img,902983,-8,10,902965,8,0,,,,
corrupted/print/text+img/global_ai_technology_investment_and_industry_adoption(print)_page_tree.pdf,C4,print,text+img,902983,-77,899000,3873,110,33,,,,
corrupted/print/text+img/global_ai_technology_investment_and_industry_adoption(print)_partial_cut.pdf,C10,print,text+img,902983,-270895,632088,0,270895,0,,,,
corrupted/print/text+img/global_ai_technology_investment_and_industry_adoption(print)_remove_fonts.pdf,C7,print,text+img,902983,0,59,46279,856645,856645,695280,19,0x20,1.0
corrupted/print/text+img/global_ai_technology_investment_and_industry_adoption(print)_remove_unicode_fonts.pdf,C8,print,text+img,902983,0,59,5161,897763,897763,712825,38,0x20,1.0
corrupted/print/text+img/global_ai_technology_investment_and_industry_adoption(print)_stream_zlib.pdf,C9,print,text+img,902983,0,546,7631,894806,894806,26,21,0xea,0.0769
corrupted/print/text+img/global_ai_technology_investment_and_industry_adoption(print)_trailer.pdf,C3,print,text+img,902983,-23,902960,0,23,0,,,,
corrupted/print/text+img/global_ai_technology_investment_and_industry_adoption(print)_xref.pdf,C2,print,text+img,902983,-3532,899378,73,3532,0,,,,
corrupted/print/text+img/global_climate_change_indicators_and_ghg_emissions(print)_font_mapping_loss.pdf,C6,print,text+img,1607595,-299,332570,36327,1238698,1238399,,,,
corrupted/print/text+img/global_climate_change_indicators_and_ghg_emissions(print)_header.pdf,C1,print,text+img,1607595,0,0,1607583,12,12,12,0,0x08,0.0833
corrupted/print/text+img/global_climate_change_indicators_and_ghg_emissions(print)_object_header.pdf,C5,print,text+img,1607595,-8,10,1607577,8,0,,,,
corrupted/print/text+img/global_climate_change_indicators_and_ghg_emissions(print)_page_tree.pdf,C4,print,text+img,1607595,-84,1603555,3952,88,4,,,,
corrupted/print/text+img/global_climate_change_indicators_and_ghg_emissions(print)_partial_cut.pdf,C10,print,text+img,1607595,-482279,1125316,0,482279,0,,,,
corrupted/print/text+img/global_climate_change_indicators_and_ghg_emissions(print)_remove_fonts.pdf,C7,print,text+img,1607595,0,59,116051,1491485,1491485,1107701,19,0x20,1.0
corrupted/print/text+img/global_climate_change_indicators_and_ghg_emissions(print)_remove_unicode_fonts.pdf,C8,print,text+img,1607595,0,59,5227,1602309,1602309,1124288,38,0x20,1.0
corrupted/print/text+img/global_climate_change_indicators_and_ghg_emissions(print)_stream_zlib.pdf,C9,print,text+img,1607595,0,98504,5866,1503225,1503225,26,19,0x75,0.0769
corrupted/print/text+img/global_climate_change_indicators_and_ghg_emissions(print)_trailer.pdf,C3,print,text+img,1607595,-24,1607571,0,24,0,,,,
corrupted/print/text+img/global_climate_change_indicators_and_ghg_emissions(print)_xref.pdf,C2,print,text+img,1607595,-3592,1603929,74,3592,0,,,,
corrupted/print/text+img/global_esports_and_gaming_industry_growth(print)_font_mapping_loss.pdf,C6,print,text+img,1431772,-249,256555,38278,1136939,1136690,,,,
corrupted/print/text+img/global_esports_and_gaming_industry_growth(print)_header.pdf,C1,print,text+img,1431772,0,0,1431760,12,12,12,0,0xe6,0.0833
corrupted/print/text+img/global_esports_and_gaming_industry_growth(print)_object_header.pdf,C5,print,text+img,1431772,-8,10,1431754,8,0,,,,
corrupted/print/text+img/global_esports_and_gaming_industry_growth(print)_page_tree.pdf,C4,print,text+img,1431772,-95,1427801,3853,118,23,,,,
corrupted/print/text+img/global_esports_and_gaming_industry_growth(print)_partial_cut.pdf,C10,print,text+img,1431772,-429532,1002240,0,429532,0,,,,
corrupted/print/text+img/global_esports_and_gaming_industry_growth(print)_remove_fonts.pdf,C7,print,text+img,1431772,0,59,46371,1385342,1385342,1173718,19,0x20,1.0
corrupted/print/text+img/global_esports_and_gaming_industry_growth(print)_remove_unicode_fonts.pdf,C8,print,text+img,1431772,0,59,5297,1426416,1426416,1190938,38,0x20,1.0
corrupted/print/text+img/global_esports_and_gaming_industry_growth(print)_stream_zlib.pdf,C9,print,text+img,1431772,0,94948,6795,1330029,1330029,24,17,0xc8,0.0833
corrupted/print/text+img/global_esports_and_gaming_industry_growth(print)_trailer.pdf,C3,print,text+img,1431772,-24,1431748,0,24,0,,,,
corrupted/print/text+img/global_esports_and_gaming_industry_growth(print)_xref.pdf,C2,print,text+img,1431772,-3532,1428166,74,3532,0,,,,
corrupted/print/text+img/global_ev_market_growth_statistics(print)_font_mapping_loss.pdf,C6,print,text+img,1263441,-259,319011,34767,909663,909404,,,,
corrupted/print/text+img/global_ev_market_growth_statistics(print)_header.pdf,C1,print,text+img,1263441,0,0,1263429,12,12,12,0,0x82,0.1667
corrupted/print/text+img/global_ev_market_growth_statistics(print)_object_header.pdf,C5,print,text+img,1263441,-8,10,1263423,8,0,,,,
corrupted/print/text+img/global_ev_market_growth_statistics(print)_page_tree.pdf,C4,print,text+img,1263441,-107,1259377,3957,107,0,,,,
corrupted/print/text+img/global_ev_market_growth_statistics(print)_partial_cut.pdf,C10,print,text+img,1263441,-379033,884408,0,379033,0,,,,
corrupted/print/text+img/global_ev_market_growth_statistics(print)_remove_fonts.pdf,C7,print,text+img,1263441,0,59,100427,1162955,1162955,665862,19,0x20,1.0
corrupted/print/text+img/global_ev_market_growth_statistics(print)_remove_unicode_fonts.pdf,C8,print,text+img,1263441,0,59,5139,1258243,1258243,681755,38,0x20,1.0
corrupted/print/text+img/global_ev_market_growth_statistics(print)_stream_zlib.pdf,C9,print,text+img,1263441,0,595,8735,1254111,1254111,30,26,0xd2,0.0667
corrupted/print/text+img/global_ev_market_growth_statistics(print)_trailer.pdf,C3,print,text+img,1263441,-24,1263417,0,24,0,,,,
corrupted/print/text+img/global_ev_market_growth_statistics(print)_xref.pdf,C2,print,text+img,1263441,-3632,1259735,74,3632,0,,,,
corrupted/print/text+img/global_healthcare_digital_health_patient_data_trends(print)_font_mapping_loss.pdf,C6,print,text+img,1536907,-229,630188,31076,875643,875414,,,,
corrupted/print/text+img/global_healthcare_digital_health_patient_data_trends(print)_header.pdf,C1,print,text+img,1536907,0,0,1536895,12,12,12,0,0x0d,0.0833
corrupted/print/text+img/global_healthcare_digital_health_patient_data_trends(print)_object_header.pdf,C5,print,text+img,1536907,-8,10,1536889,8,0,,,,
corrupted/print/text+img/global_healthcare_digital_health_patient_data_trends(print)_page_tree.pdf,C4,print,text+img,1536907,-45,1533004,3823,80,35,,,,
corrupted/print/text+img/global_healthcare_digital_health_patient_data_trends(print)_partial_cut.pdf,C10,print,text+img,1536907,-461073,1075834,0,461073,0,,,,
corrupted/print/text+img/global_healthcare_digital_health_patient_data_trends(print)_remove_fonts.pdf,C7,print,text+img,1536907,0,59,40032,1496816,1496816,644695,17,0x20,1.0
corrupted/print/text+img/global_healthcare_digital_health_patient_data_trends(print)_remove_unicode_fonts.pdf,C8,print,text+img,1536907,0,59,5569,1531279,1531279,658732,34,0x20,1.0
corrupted/print/text+img/global_healthcare_digital_health_patient_data_trends(print)_stream_zlib.pdf,C9,print,text+img,1536907,0,82713,8645,1445549,1445549,21,19,0xe8,0.0476
corrupted/print/text+img/global_healthcare_digital_health_patient_data_trends(print)_trailer.pdf,C3,print,text+img,1536907,-24,1536883,0,24,0,,,,
corrupted/print/text+img/global_healthcare_digital_health_patient_data_trends(print)_xref.pdf,C2,print,text+img,1536907,-3452,1533381,74,3452,0,,,,
corrupted/print/text+img/global_renewable_energy_generation_and_carbon_reduction_analysis(print)_font_mapping_loss.pdf,C6,print,text+img,1607526,-229,383137,36616,1187773,1187544,,,,
corrupted/print/text+img/global_renewable_energy_generation_and_carbon_reduction_analysis(print)_header.pdf,C1,print,text+img,1607526,0,0,1607514,12,12,12,0,0x07,0.0833
corrupted/print/text+img/global_renewable_energy_generation_and_carbon_reduction_analysis(print)_object_header.pdf,C5,print,text+img,1607526,-8,10,1607508,8,0,,,,
corrupted/print/text+img/global_renewable_energy_generation_and_carbon_reduction_analysis(print)_page_tree.pdf,C4,print,text+img,1607526,-124,1603452,3950,124,0,,,,
corrupted/print/text+img/global_renewable_energy_generation_and_carbon_reduction_analysis(print)_partial_cut.pdf,C10,print,text+img,1607526,-482258,1125268,0,482258,0,,,,
corrupted/print/text+img/global_renewable_energy_generation_and_carbon_reduction_analysis(print)_remove_fonts.pdf,C7,print,text+img,1607526,0,59,44052,1563415,1563415,1148232,19,0x20,1.0
corrupted/print/text+img/global_renewable_energy_generation_and_carbon_reduction_analysis(print)_remove_unicode_fonts.pdf,C8,print,text+img,1607526,0,59,5241,1602226,1602226,1164649,38,0x20,1.0
corrupted/print/text+img/global_renewable_energy_generation_and_carbon_reduction_analysis(print)_stream_zlib.pdf,C9,print,text+img,1607526,0,3760,7039,1596727,1596727,23,17,0xed,0.0435
corrupted/print/text+img/global_renewable_energy_generation_and_carbon_reduction_analysis(print)_trailer.pdf,C3,print,text+img,1607526,-24,1607502,0,24,0,,,,
corrupted/print/text+img/global_renewable_energy_generation_and_carbon_reduction_analysis(print)_xref.pdf,C2,print,text+img,1607526,-3612,1603840,74,3612,0,,,,
corrupted/print/text+img/international_tourism_trends_country_spending_patterns_multilang(print)_font_mapping_loss.pdf,C6,print,text+img,1315439,-229,156801,38468,1120170,1119941,,,,
corrupted/print/text+img/international_tourism_trends_country_spending_patterns_multilang(print)_header.pdf,C1,print,text+img,1315439,0,0,1315427,12,12,12,0,0x7b,0.0833
corrupted/print/text+img/international_tourism_trends_country_spending_patterns_multilang(print)_object_header.pdf,C5,print,text+img,1315439,-8,10,1315421,8,0,,,,
corrupted/print/text+img/international_tourism_trends_country_spending_patterns_multilang(print)_page_tree.pdf,C4,print,text+img,1315439,-103,1311445,3891,103,0,,,,
corrupted/print/text+img/international_tourism_trends_country_spending_patterns_multilang(print)_partial_cut.pdf,C10,print,text+img,1315439,-394632,920807,0,394632,0,,,,
corrupted/print/text+img/international_tourism_trends_country_spending_patterns_multilang(print)_remove_fonts.pdf,C7,print,text+img,1315439,0,59,46523,1268857,1268857,1049927,19,0x20,1.0
corrupted/print/text+img/international_tourism_trends_country_spending_patterns_multilang(print)_remove_unicode_fonts.pdf,C8,print,text+img,1315439,0,59,5212,1310168,1310168,1067415,38,0x20,1.0
corrupted/print/text+img/international_tourism_trends_country_spending_patterns_multilang(print)_stream_zlib.pdf,C9,print,text+img,1315439,0,53445,9143,1252851,1252851,19,15,0xd1,0.1053
corrupted/print/text+img/international_tourism_trends_country_spending_patterns_multilang(print)_trailer.pdf,C3,print,text+img,1315439,-24,1315415,0,24,0,,,,
corrupted/print/text+img/international_tourism_trends_country_spending_patterns_multilang(print)_xref.pdf,C2,print,text+img,1315439,-3532,1311833,74,3532,0,,,,
corrupted/print/text+img/mobile_payment_and_fintech_service_expansion(print)_font_mapping_loss.pdf,C6,print,text+img,1170936,-259,436833,38077,696026,695767,,,,
corrupted/print/text+img/mobile_payment_and_fintech_service_expansion(print)_header.pdf,C1,print,text+img,1170936,0,0,1170924,12,12,12,0,0x27,0.0833
corrupted/print/text+img/mobile_payment_and_fintech_service_expansion(print)_object_header.pdf,C5,print,text+img,1170936,-8,10,1170918,8,0,,,,
corrupted/print/text+img/mobile_payment_and_fintech_service_expansion(print)_page_tree.pdf,C4,print,text+img,1170936,-83,1166882,3940,114,31,,,,
corrupted/print/text+img/mobile_payment_and_fintech_service_expansion(print)_partial_cut.pdf,C10,print,text+img,1170936,-351281,819655,0,351281,0,,,,
corrupted/print/text+img/mobile_payment_and_fintech_service_expansion(print)_remove_fonts.pdf,C7,print,text+img,1170936,0,59,134155,1036722,1036722,649935,19,0x20,1.0
corrupted/print/text+img/mobile_payment_and_fintech_service_expansion(print)_remove_unicode_fonts.pdf,C8,print,text+img,1170936,0,59,5283,1165594,1165594,667143,38,0x20,1.0
corrupted/print/text+img/mobile_payment_and_fintech_service_expansion(print)_stream_zlib.pdf,C9,print,text+img,1170936,0,436287,8110,726539,726539,26,21,0x79,0.0769
corrupted/print/text+img/mobile_payment_and_fintech_service_expansion(print)_trailer.pdf,C3,print,text+img,1170936,-24,1170912,0,24,0,,,,
corrupted/print/text+img/mobile_payment_and_fintech_service_expansion(print)_xref.pdf,C2,print,text+img,1170936,-3612,1167250,74,3612,0,,,,
corrupted/print/text+img/online_education_elearning_market_growth_analysis(print)_font_mapping_loss.pdf,C6,print,text+img,2052190,-174,112855,21486,1917849,1917675,,,,
corrupted/print/text+img/online_education_elearning_market_growth_analysis(print)_header.pdf,C1,print,text+img,2052190,0,0,2052178,12,12,12,0,0x1a,0.0833
corrupted/print/text+img/online_education_elearning_market_growth_analysis(print)_object_header.pdf,C5,print,text+img,2052190,-8,10,2052172,8,0,,,,
corrupted/print/text+img/online_education_elearning_market_growth_analysis(print)_page_tree.pdf,C4,print,text+img,2052190,-102,2048951,3126,113,11,,,,
corrupted/print/text+img/online_education_elearning_market_growth_analysis(print)_partial_cut.pdf,C10,print,text+img,2052190,-615657,1436533,0,615657,0,,,,
corrupted/print/text+img/online_education_elearning_market_growth_analysis(print)_remove_fonts.pdf,C7,print,text+img,2052190,0,59,30290,2021841,2021841,989877,13,0x20,1.0
corrupted/print/text+img/online_education_elearning_market_growth_analysis(print)_remove_unicode_fonts.pdf,C8,print,text+img,2052190,0,59,4619,2047512,2047512,999209,26,0x20,1.0
corrupted/print/text+img/online_education_elearning_market_growth_analysis(print)_stream_zlib.pdf,C9,print,text+img,2052190,0,2387,4864,2044939,2044939,27,26,0x61,0.0741
corrupted/print/text+img/online_education_elearning_market_growth_analysis(print)_trailer.pdf,C3,print,text+img,2052190,-24,2052166,0,24,0,,,,
corrupted/print/text+img/online_education_elearning_market_growth_analysis(print)_xref.pdf,C2,print,text+img,2052190,-2792,2049324,74,2792,0,,,,
corrupted/saveas/text/AI_Development_MultiLanguage(saveas)_font_mapping_loss.pdf,C6,saveas,text,401834,-372,313,365223,36298,35926,,,,
corrupted/saveas/text/AI_Development_MultiLanguage(saveas)_header.pdf,C1,saveas,text,401834,0,0,401822,12,12,12,0,0x3a,0.1667
corrupted/saveas/text/AI_Development_MultiLanguage(saveas)_object_header.pdf,C5,saveas,text,401834,-8,16,401810,8,0,,,,
corrupted/saveas/text/AI_Development_MultiLanguage(saveas)_page_tree.pdf,C4,saveas,text,401834,-113,41,401581,212,99,,,,
corrupted/saveas/text/AI_Development_MultiLanguage(saveas)_partial_cut.pdf,C10,saveas,text,401834,-120551,281283,0,120551,0,,,,
corrupted/saveas/text/AI_Development_MultiLanguage(saveas)_remove_fonts.pdf,C7,saveas,text,401834,0,4148,35675,362011,362011,283384,20,0x20,1.0
corrupted/saveas/text/AI_Development_MultiLanguage(saveas)_remove_unicode_fonts.pdf,C8,saveas,text,401834,0,3634,35675,362525,362525,292390,34,0x20,1.0
corrupted/saveas/text/AI_Development_MultiLanguage(saveas)_stream_zlib.pdf,C9,saveas,text,401834,0,1082,31176,369576,369576,25,18,0x13,0.08
corrupted/saveas/text/AI_Development_MultiLanguage(saveas)_trailer.pdf,C3,saveas,text,401834,-211,401623,0,211,0,,,,
corrupted/saveas/text/AI_Development_MultiLanguage(saveas)_xref.pdf,C2,saveas,text,401834,-28354,373146,334,28354,0,,,,
corrupted/saveas/text/AeroChef_Drone_Delivery_Cooking_Service(saveas)_font_mapping_loss.pdf,C6,saveas,text,436319,-402565,9,0,436310,33745,,,,
corrupted/saveas/text/AeroChef_Drone_Delivery_Cooking_Service(saveas)_header.pdf,C1,saveas,text,436319,0,0,436307,12,12,12,0,0xaa,0.0833
corrupted/saveas/text/AeroChef_Drone_Delivery_Cooking_Service(saveas)_object_header.pdf,C5,saveas,text,436319,-8,16,436295,8,0,,,,
corrupted/saveas/text/AeroChef_Drone_Delivery_Cooking_Service(saveas)_page_tree.pdf,C4,saveas,text,436319,-109,41,436049,229,120,,,,
corrupted/saveas/text/AeroChef_Drone_Delivery_Cooking_Service(saveas)_partial_cut.pdf,C10,saveas,text,436319,-130896,305423,0,130896,0,,,,
corrupted/saveas/text/AeroChef_Drone_Delivery_Cooking_Service(saveas)_remove_fonts.pdf,C7,saveas,text,436319,0,4298,36389,395632,395632,318727,22,0x20,1.0
corrupted/saveas/text/AeroChef_Drone_Delivery_Cooking_Service(saveas)_remove_unicode_fonts.pdf,C8,saveas,text,436319,0,4298,36389,395632,395632,325836,34,0x20,1.0
corrupted/saveas/text/AeroChef_Drone_Delivery_Cooking_Service(saveas)_stream_zlib.pdf,C9,saveas,text,436319,0,9845,40006,386468,386468,22,17,0x5e,0.0909
corrupted/saveas/text/AeroChef_Drone_Delivery_Cooking_Service(saveas)_trailer.pdf,C3,saveas,text,436319,-211,436108,0,211,0,,,,
corrupted/saveas/text/AeroChef_Drone_Delivery_Cooking_Service(saveas)_xref.pdf,C2,saveas,text,436319,-28674,407311,334,28674,0,,,,
corrupted/saveas/text/Aurora_VR_AR_Game_Lineup_Multilingual(saveas)_font_mapping_loss.pdf,C6,saveas,text,337459,-224,311,304953,32195,31971,,,,
corrupted/saveas/text/Aurora_VR_AR_Game_Lineup_Multilingual(saveas)_header.pdf,C1,saveas,text,337459,0,0,337447,12,12,12,0,0xde,0.0833
corrupted/saveas/text/Aurora_VR_AR_Game_Lineup_Multilingual(saveas)_object_header.pdf,C5,saveas,text,337459,-8,16,337435,8,0,,,,
corrupted/saveas/text/Aurora_VR_AR_Game_Lineup_Multilingual(saveas)_page_tree.pdf,C4,saveas,text,337459,-112,41,337175,243,131,,,,
corrupted/saveas/text/Aurora_VR_AR_Game_Lineup_Multilingual(saveas)_partial_cut.pdf,C10,saveas,text,337459,-101238,236221,0,101238,0,,,,
corrupted/saveas/text/Aurora_VR_AR_Game_Lineup_Multilingual(saveas)_remove_fonts.pdf,C7,saveas,text,337459,0,4431,47300,285728,285728,211094,13,0x20,1.0
corrupted/saveas/text/Aurora_VR_AR_Game_Lineup_Multilingual(saveas)_remove_unicode_fonts.pdf,C8,saveas,text,337459,0,4431,47300,285728,285728,215020,19,0x20,1.0
corrupted/saveas/text/Aurora_VR_AR_Game_Lineup_Multilingual(saveas)_stream_zlib.pdf,C9,saveas,text,337459,0,1567,46741,289151,289151,15,14,0x77,0.1333
corrupted/saveas/text/Aurora_VR_AR_Game_Lineup_Multilingual(saveas)_trailer.pdf,C3,saveas,text,337459,-210,337249,0,210,0,,,,
corrupted/saveas/text/Aurora_VR_AR_Game_Lineup_Multilingual(saveas)_xref.pdf,C2,saveas,text,337459,-39094,298033,332,39094,0,,,,
corrupted/saveas/text/Autonomous_Vehicle_Accident_Report(saveas)_font_mapping_loss.pdf,C6,saveas,text,408376,-389,312,373334,34730,34341,,,,
corrupted/saveas/text/Autonomous_Vehicle_Accident_Report(saveas)_header.pdf,C1,saveas,text,408376,0,0,408364,12,12,12,0,0x8d,0.0833
corrupted/saveas/text/Autonomous_Vehicle_Accident_Report(saveas)_object_header.pdf,C5,saveas,text,408376,-8,16,408352,8,0,,,,
corrupted/saveas/text/Autonomous_Vehicle_Accident_Report(saveas)_page_tree.pdf,C4,saveas,text,408376,-86,41,408121,214,128,,,,
corrupted/saveas/text/Autonomous_Vehicle_Accident_Report(saveas)_partial_cut.pdf,C10,saveas,text,408376,-122513,285863,0,122513,0,,,,
corrupted/saveas/text/Autonomous_Vehicle_Accident_Report(saveas)_remove_fonts.pdf,C7,saveas,text,408376,0,4442,37865,366069,366069,289267,19,0x20,1.0
corrupted/saveas/text/Autonomous_Vehicle_Accident_Report(saveas)_remove_unicode_fonts.pdf,C8,saveas,text,408376,0,4442,37865,366069,366069,296598,32,0x20,1.0
corrupted/saveas/text/Autonomous_Vehicle_Accident_Report(saveas)_stream_zlib.pdf,C9,saveas,text,408376,0,2991,32383,373002,373002,29,24,0x30,0.069
corrupted/saveas/text/Autonomous_Vehicle_Accident_Report(saveas)_trailer.pdf,C3,saveas,text,408376,-211,408165,0,211,0,,,,
corrupted/saveas/text/Autonomous_Vehicle_Accident_Report(saveas)_xref.pdf,C2,saveas,text,408376,-30394,377648,334,30394,0,,,,
corrupted/saveas/text/BioNext_Data_Leak_Report(saveas)_font_mapping_loss.pdf,C6,saveas,text,401246,-354,312,365284,35650,35296,,,,
corrupted/saveas/text/BioNext_Data_Leak_Report(saveas)_header.pdf,C1,saveas,text,401246,0,0,401234,12,12,12,0,0x42,0.0833
corrupted/saveas/text/BioNext_Data_Leak_Report(saveas)_object_header.pdf,C5,saveas,text,401246,-8,16,401222,8,0,,,,
corrupted/saveas/text/BioNext_Data_Leak_Report(saveas)_page_tree.pdf,C4,saveas,text,401246,-87,41,401005,200,113,,,,
corrupted/saveas/text/BioNext_Data_Leak_Report(saveas)_partial_cut.pdf,C10,saveas,text,401246,-120374,280872,0,120374,0,,,,
corrupted/saveas/text/BioNext_Data_Leak_Report(saveas)_remove_fonts.pdf,C7,saveas,text,401246,0,4388,38652,358206,358206,280727,20,0x20,1.0
corrupted/saveas/text/BioNext_Data_Leak_Report(saveas)_remove_unicode_fonts.pdf,C8,saveas,text,401246,0,4388,38652,358206,358206,287853,32,0x20,1.0
corrupted/saveas/text/BioNext_Data_Leak_Report(saveas)_stream_zlib.pdf,C9,saveas,text,401246,0,12771,33835,354640,354640,18,14,0x4c,0.0556
corrupted/saveas/text/BioNext_Data_Leak_Report(saveas)_trailer.pdf,C3,saveas,text,401246,-211,401035,0,211,0,,,,
corrupted/saveas/text/BioNext_Data_Leak_Report(saveas)_xref.pdf,C2,saveas,text,401246,-31014,369898,334,31014,0,,,,
corrupted/saveas/text/Digital_Minimalism(saveas)_font_mapping_loss.pdf,C6,saveas,text,382698,-343,312,347100,35286,34943,,,,
corrupted/saveas/text/Digital_Minimalism(saveas)_header.pdf,C1,saveas,text,382698,0,0,382686,12,12,12,0,0x2e,0.0833
corrupted/saveas/text/Digital_Minimalism(saveas)_object_header.pdf,C5,saveas,text,382698,-8,16,382674,8,0,,,,
corrupted/saveas/text/Digital_Minimalism(saveas)_page_tree.pdf,C4,saveas,text,382698,-91,41,382451,206,115,,,,
corrupted/saveas/text/Digital_Minimalism(saveas)_partial_cut.pdf,C10,saveas,text,382698,-114810,267888,0,114810,0,,,,
corrupted/saveas/text/Digital_Minimalism(saveas)_remove_fonts.pdf,C7,saveas,text,382698,0,4128,35946,342624,342624,263935,20,0x20,1.0
corrupted/saveas/text/Digital_Minimalism(saveas)_remove_unicode_fonts.pdf,C8,saveas,text,382698,0,4128,35946,342624,342624,272233,32,0x20,1.0
corrupted/saveas/text/Digital_Minimalism(saveas)_stream_zlib.pdf,C9,saveas,text,382698,0,9247,30063,343388,343388,24,19,0xc1,0.0417
corrupted/saveas/text/Digital_Minimalism(saveas)_trailer.pdf,C3,saveas,text,382698,-211,382487,0,211,0,,,,
corrupted/saveas/text/Digital_Minimalism(saveas)_xref.pdf,C2,saveas,text,382698,-28674,353690,334,28674,0,,,,
corrupted/saveas/text/E-Payment_Service_Outage_Report(saveas)_font_mapping_loss.pdf,C6,saveas,text,425777,-363,312,390421,35044,34681,,,,
corrupted/saveas/text/E-Payment_Service_Outage_Report(saveas)_header.pdf,C1,saveas,text,425777,0,0,425765,12,12,12,0,0x39,0.0833
corrupted/saveas/text/E-Payment_Service_Outage_Report(saveas)_object_header.pdf,C5,saveas,text,425777,-8,16,425753,8,0,,,,
corrupted/saveas/text/E-Payment_Service_Outage_Report(saveas)_page_tree.pdf,C4,saveas,text,425777,-59,41,425542,194,135,,,,
corrupted/saveas/text/E-Payment_Service_Outage_Report(saveas)_partial_cut.pdf,C10,saveas,text,425777,-127734,298043,0,127734,0,,,,
corrupted/saveas/text/E-Payment_Service_Outage_Report(saveas)_remove_fonts.pdf,C7,saveas,text,425777,0,4520,38479,382778,382778,305498,20,0x20,1.0
corrupted/saveas/text/E-Payment_Service_Outage_Report(saveas)_remove_unicode_fonts.pdf,C8,saveas,text,425777,0,4520,38479,382778,382778,312568,32,0x20,1.0
corrupted/saveas/text/E-Payment_Service_Outage_Report(saveas)_stream_zlib.pdf,C9,saveas,text,425777,0,2508,83354,339915,339915,18,16,0xa6,0.1111
corrupted/saveas/text/E-Payment_Service_Outage_Report(saveas)_trailer.pdf,C3,saveas,text,425777,-211,425566,0,211,0,,,,
corrupted/saveas/text/E-Payment_Service_Outage_Report(saveas)_xref.pdf,C2,saveas,text,425777,-30734,394709,334,30734,0,,,,
corrupted/saveas/text/EcoWave_Sustainable_Fashion_Collection(saveas)_font_mapping_loss.pdf,C6,saveas,text,409910,-478,313,374593,35004,34526,,,,
corrupted/saveas/text/EcoWave_Sustainable_Fashion_Collection(saveas)_header.pdf,C1,saveas,text,409910,0,0,409898,12,12,12,0,0x0d,0.0833
corrupted/saveas/text/EcoWave_Sustainable_Fashion_Collection(saveas)_object_header.pdf,C5,saveas,text,409910,-8,16,409886,8,0,,,,
corrupted/saveas/text/EcoWave_Sustainable_Fashion_Collection(saveas)_page_tree.pdf,C4,saveas,text,409910,-50,41,409686,183,133,,,,
corrupted/saveas/text/EcoWave_Sustainable_Fashion_Collection(saveas)_partial_cut.pdf,C10,saveas,text,409910,-122973,286937,0,122973,0,,,,
corrupted/saveas/text/EcoWave_Sustainable_Fashion_Collection(saveas)_remove_fonts.pdf,C7,saveas,text,409910,0,4098,36887,368925,368925,290377,21,0x20,1.0
corrupted/saveas/text/EcoWave_Sustainable_Fashion_Collection(saveas)_remove_unicode_fonts.pdf,C8,saveas,text,409910,0,4098,36887,368925,368925,298216,35,0x20,1.0
corrupted/saveas/text/EcoWave_Sustainable_Fashion_Collection(saveas)_stream_zlib.pdf,C9,saveas,text,409910,0,24873,36236,348801,348801,18,15,0x6d,0.0556
corrupted/saveas/text/EcoWave_Sustainable_Fashion_Collection(saveas)_trailer.pdf,C3,saveas,text,409910,-211,409699,0,211,0,,,,
corrupted/saveas/text/EcoWave_Sustainable_Fashion_Collection(saveas)_xref.pdf,C2,saveas,text,409910,-29314,380262,334,29314,0,,,,
corrupted/saveas/text/EduBot_AI_Learning_Robot_Series(saveas)_font_mapping_loss.pdf,C6,saveas,text,425643,-494,313,389272,36058,35564,,,,
corrupted/saveas/text/EduBot_AI_Learning_Robot_Series(saveas)_header.pdf,C1,saveas,text,425643,0,0,425631,12,12,12,0,0x37,0.1667
corrupted/saveas/text/EduBot_AI_Learning_Robot_Series(saveas)_object_header.pdf,C5,saveas,text,425643,-8,16,425619,8,0,,,,
corrupted/saveas/text/EduBot_AI_Learning_Robot_Series(saveas)_page_tree.pdf,C4,saveas,text,425643,-71,42,425394,207,136,,,,
corrupted/saveas/text/EduBot_AI_Learning_Robot_Series(saveas)_partial_cut.pdf,C10,saveas,text,425643,-127693,297950,0,127693,0,,,,
corrupted/saveas/text/EduBot_AI_Learning_Robot_Series(saveas)_remove_fonts.pdf,C7,saveas,text,425643,0,3936,36393,385314,385314,304582,22,0x20,1.0
corrupted/saveas/text/EduBot_AI_Learning_Robot_Series(saveas)_remove_unicode_fonts.pdf,C8,saveas,text,425643,0,3936,36393,385314,385314,312812,38,0x20,1.0
corrupted/saveas/text/EduBot_AI_Learning_Robot_Series(saveas)_stream_zlib.pdf,C9,saveas,text,425643,0,8299,31545,385799,385799,24,16,0xaf,0.0417
corrupted/saveas/text/EduBot_AI_Learning_Robot_Series(saveas)_trailer.pdf,C3,saveas,text,425643,-211,425432,0,211,0,,,,
corrupted/saveas/text/EduBot_AI_Learning_Robot_Series(saveas)_xref.pdf,C2,saveas,text,425643,-28514,396795,334,28514,0,,,,
corrupted/saveas/text/Evolution_Biodegradable_Plastics(saveas)_font_mapping_loss.pdf,C6,saveas,text,406598,-321,312,371250,35036,34715,,,,
corrupted/saveas/text/Evolution_Biodegradable_Plastics(saveas)_header.pdf,C1,saveas,text,406598,0,0,406586,12,12,12,0,0xe5,0.0833
corrupted/saveas/text/Evolution_Biodegradable_Plastics(saveas)_object_header.pdf,C5,saveas,text,406598,-8,16,406574,8,0,,,,
corrupted/saveas/text/Evolution_Biodegradable_Plastics(saveas)_page_tree.pdf,C4,saveas,text,406598,-71,41,406353,204,133,,,,
corrupted/saveas/text/Evolution_Biodegradable_Plastics(saveas)_partial_cut.pdf,C10,saveas,text,406598,-121980,284618,0,121980,0,,,,
corrupted/saveas/text/Evolution_Biodegradable_Plastics(saveas)_remove_fonts.pdf,C7,saveas,text,406598,0,4061,38501,364036,364036,285457,19,0x20,1.0
corrupted/saveas/text/Evolution_Biodegradable_Plastics(saveas)_remove_unicode_fonts.pdf,C8,saveas,text,406598,0,4061,38501,364036,364036,293775,31,0x20,1.0
corrupted/saveas/text/Evolution_Biodegradable_Plastics(saveas)_stream_zlib.pdf,C9,saveas,text,406598,0,1492,55025,350081,350081,22,16,0x2c,0.0909
corrupted/saveas/text/Evolution_Biodegradable_Plastics(saveas)_trailer.pdf,C3,saveas,text,406598,-211,406387,0,211,0,,,,
corrupted/saveas/text/Evolution_Biodegradable_Plastics(saveas)_xref.pdf,C2,saveas,text,406598,-30974,375290,334,30974,0,,,,
corrupted/saveas/text/Evolution_Food_Culture_Alternative_Foods(saveas)_font_mapping_loss.pdf,C6,saveas,text,418669,-332,312,383375,34982,34650,,,,
corrupted/saveas/text/Evolution_Food_Culture_Alternative_Foods(saveas)_header.pdf,C1,saveas,text,418669,0,0,418657,12,12,12,0,0xd4,0.25
corrupted/saveas/text/Evolution_Food_Culture_Alternative_Foods(saveas)_object_header.pdf,C5,saveas,text,418669,-8,16,418645,8,0,,,,
corrupted/saveas/text/Evolution_Food_Culture_Alternative_Foods(saveas)_page_tree.pdf,C4,saveas,text,418669,-122,41,418400,228,106,,,,
corrupted/saveas/text/Evolution_Food_Culture_Alternative_Foods(saveas)_partial_cut.pdf,C10,saveas,text,418669,-125601,293068,0,125601,0,,,,
corrupted/saveas/text/Evolution_Food_Culture_Alternative_Foods(saveas)_remove_fonts.pdf,C7,saveas,text,418669,0,3948,36055,378666,378666,301343,19,0x20,1.0
corrupted/saveas/text/Evolution_Food_Culture_Alternative_Foods(saveas)_remove_unicode_fonts.pdf,C8,saveas,text,418669,0,3948,36055,378666,378666,309659,31,0x20,1.0
corrupted/saveas/text/Evolution_Food_Culture_Alternative_Foods(saveas)_stream_zlib.pdf,C9,saveas,text,418669,0,4796,31390,382483,382483,19,13,0xc9,0.0526
corrupted/saveas/text/Evolution_Food_Culture_Alternative_Foods(saveas)_trailer.pdf,C3,saveas,text,418669,-211,418458,0,211,0,,,,
corrupted/saveas/text/Evolution_Food_Culture_Alternative_Foods(saveas)_xref.pdf,C2,saveas,text,418669,-28714,389621,334,28714,0,,,,
corrupted/saveas/text/International_Logistics_Fire_Report(saveas)_font_mapping_loss.pdf,C6,saveas,text,353108,-332,312,317564,35232,34900,,,,
corrupted/saveas/text/International_Logistics_Fire_Report(saveas)_header.pdf,C1,saveas,text,353108,0,0,353096,12,12,12,0,0x87,0.0833
corrupted/saveas/text/International_Logistics_Fire_Report(saveas)_object_header.pdf,C5,saveas,text,353108,-8,16,353084,8,0,,,,
corrupted/saveas/text/International_Logistics_Fire_Report(saveas)_page_tree.pdf,C4,saveas,text,353108,-108,41,352852,215,107,,,,
corrupted/saveas/text/International_Logistics_Fire_Report(saveas)_partial_cut.pdf,C10,saveas,text,353108,-105933,247175,0,105933,0,,,,
corrupted/saveas/text/International_Logistics_Fire_Report(saveas)_remove_fonts.pdf,C7,saveas,text,353108,0,4747,39482,308879,308879,229386,19,0x20,1.0
corrupted/saveas/text/International_Logistics_Fire_Report(saveas)_remove_unicode_fonts.pdf,C8,saveas,text,353108,0,4747,39482,308879,308879,236693,31,0x20,1.0
corrupted/saveas/text/International_Logistics_Fire_Report(saveas)_stream_zlib.pdf,C9,saveas,text,353108,0,1928,43224,307956,307956,19,15,0x11,0.0526
corrupted/saveas/text/International_Logistics_Fire_Report(saveas)_trailer.pdf,C3,saveas,text,353108,-211,352897,0,211,0,,,,
corrupted/saveas/text/International_Logistics_Fire_Report(saveas)_xref.pdf,C2,saveas,text,353108,-31734,321040,334,31734,0,,,,
corrupted/saveas/text/Lumina_Interior_Lighting_Designbook(saveas)_font_mapping_loss.pdf,C6,saveas,text,458913,-535,313,420016,38584,38049,,,,
corrupted/saveas/text/Lumina_Interior_Lighting_Designbook(saveas)_header.pdf,C1,saveas,text,458913,0,0,458901,12,12,12,0,0x9e,0.1667
corrupted/saveas/text/Lumina_Interior_Lighting_Designbook(saveas)_object_header.pdf,C5,saveas,text,458913,-8,16,458889,8,0,,,,
corrupted/saveas/text/Lumina_Interior_Lighting_Designbook(saveas)_page_tree.pdf,C4,saveas,text,458913,-90,41,458664,208,118,,,,
corrupted/saveas/text/Lumina_Interior_Lighting_Designbook(saveas)_partial_cut.pdf,C10,saveas,text,458913,-137674,321239,0,137674,0,,,,
corrupted/saveas/text/Lumina_Interior_Lighting_Designbook(saveas)_remove_fonts.pdf,C7,saveas,text,458913,0,4245,39088,415580,415580,330430,22,0x20,1.0
corrupted/saveas/text/Lumina_Interior_Lighting_Designbook(saveas)_remove_unicode_fonts.pdf,C8,saveas,text,458913,0,4245,39088,415580,415580,339070,38,0x20,1.0
corrupted/saveas/text/Lumina_Interior_Lighting_Designbook(saveas)_stream_zlib.pdf,C9,saveas,text,458913,0,3772,46488,408653,408653,24,18,0x3c,0.0833
corrupted/saveas/text/Lumina_Interior_Lighting_Designbook(saveas)_trailer.pdf,C3,saveas,text,458913,-211,458702,0,211,0,,,,
corrupted/saveas/text/Lumina_Interior_Lighting_Designbook(saveas)_xref.pdf,C2,saveas,text,458913,-31094,427485,334,31094,0,,,,
corrupted/saveas/text/NeoHome_Smart_Appliances_Catalog_v5(saveas)_font_mapping_loss.pdf,C6,saveas,text,382585,-392,312,347604,34669,34277,,,,
corrupted/saveas/text/NeoHome_Smart_Appliances_Catalog_v5(saveas)_header.pdf,C1,saveas,text,382585,0,0,382573,12,12,12,0,0x21,0.0833
corrupted/saveas/text/NeoHome_Smart_Appliances_Catalog_v5(saveas)_object_header.pdf,C5,saveas,text,382585,-8,16,382561,8,0,,,,
corrupted/saveas/text/NeoHome_Smart_Appliances_Catalog_v5(saveas)_page_tree.pdf,C4,saveas,text,382585,-101,41,382325,219,118,,,,
corrupted/saveas/text/NeoHome_Smart_Appliances_Catalog_v5(saveas)_partial_cut.pdf,C10,saveas,text,382585,-114776,267809,0,114776,0,,,,
corrupted/saveas/text/NeoHome_Smart_Appliances_Catalog_v5(saveas)_remove_fonts.pdf,C7,saveas,text,382585,0,4294,41347,336944,336944,261273,16,0x20,1.0
corrupted/saveas/text/NeoHome_Smart_Appliances_Catalog_v5(saveas)_remove_unicode_fonts.pdf,C8,saveas,text,382585,0,4294,41347,336944,336944,267437,27,0x20,1.0
corrupted/saveas/text/NeoHome_Smart_Appliances_Catalog_v5(saveas)_stream_zlib.pdf,C9,saveas,text,382585,0,2437,38094,342054,342054,19,17,0x5e,0.0526
corrupted/saveas/text/NeoHome_Smart_Appliances_Catalog_v5(saveas)_trailer.pdf,C3,saveas,text,382585,-211,382374,0,211,0,,,,
corrupted/saveas/text/NeoHome_Smart_Appliances_Catalog_v5(saveas)_xref.pdf,C2,saveas,text,382585,-33454,348797,334,33454,0,,,,
corrupted/saveas/text/New_Care_Models_Aging_Society(saveas)_font_mapping_loss.pdf,C6,saveas,text,351968,-219,311,321779,29878,29659,,,,
corrupted/saveas/text/New_Care_Models_Aging_Society(saveas)_header.pdf,C1,saveas,text,351968,0,0,351956,12,12,11,0,0x69,0.0909
corrupted/saveas/text/New_Care_Models_Aging_Society(saveas)_object_header.pdf,C5,saveas,text,351968,-8,16,351944,8,0,,,,
corrupted/saveas/text/New_Care_Models_Aging_Society(saveas)_page_tree.pdf,C4,saveas,text,351968,-91,41,351729,198,107,,,,
corrupted/saveas/text/New_Care_Models_Aging_Society(saveas)_partial_cut.pdf,C10,saveas,text,351968,-105591,246377,0,105591,0,,,,
corrupted/saveas/text/New_Care_Models_Aging_Society(saveas)_remove_fonts.pdf,C7,saveas,text,351968,0,4288,37227,310453,310453,246359,13,0x20,1.0
corrupted/saveas/text/New_Care_Models_Aging_Society(saveas)_remove_unicode_fonts.pdf,C8,saveas,text,351968,0,4288,37227,310453,310453,251672,20,0x20,1.0
corrupted/saveas/text/New_Care_Models_Aging_Society(saveas)_stream_zlib.pdf,C9,saveas,text,351968,0,2830,52726,296412,296412,16,13,0x34,0.0625
corrupted/saveas/text/New_Care_Models_Aging_Society(saveas)_trailer.pdf,C3,saveas,text,351968,-210,351758,0,210,0,,,,
corrupted/saveas/text/New_Care_Models_Aging_Society(saveas)_xref.pdf,C2,saveas,text,351968,-29714,321922,332,29714,0,,,,
corrupted/saveas/text/Next_Decade_Space_Exploration(saveas)_font_mapping_loss.pdf,C6,saveas,text,448143,-345,312,412845,34986,34641,,,,
corrupted/saveas/text/Next_Decade_Space_Exploration(saveas)_header.pdf,C1,saveas,text,448143,0,0,448131,12,12,12,0,0x62,0.1667
corrupted/saveas/text/Next_Decade_Space_Exploration(saveas)_object_header.pdf,C5,saveas,text,448143,-8,16,448119,8,0,,,,
corrupted/saveas/text/Next_Decade_Space_Exploration(saveas)_page_tree.pdf,C4,saveas,text,448143,-90,41,447898,204,114,,,,
corrupted/saveas/text/Next_Decade_Space_Exploration(saveas)_partial_cut.pdf,C10,saveas,text,448143,-134443,313700,0,134443,0,,,,
corrupted/saveas/text/Next_Decade_Space_Exploration(saveas)_remove_fonts.pdf,C7,saveas,text,448143,0,4321,33882,409940,409940,334727,18,0x20,1.0
corrupted/saveas/text/Next_Decade_Space_Exploration(saveas)_remove_unicode_fonts.pdf,C8,saveas,text,448143,0,4321,33882,409940,409940,343773,32,0x20,1.0
corrupted/saveas/text/Next_Decade_Space_Exploration(saveas)_stream_zlib.pdf,C9,saveas,text,448143,0,1932,29185,417026,417026,25,19,0xdd,0.04
corrupted/saveas/text/Next_Decade_Space_Exploration(saveas)_trailer.pdf,C3,saveas,text,448143,-211,447932,0,211,0,,,,
corrupted/saveas/text/Next_Decade_Space_Exploration(saveas)_xref.pdf,C2,saveas,text,448143,-26514,421295,334,26514,0,,,,
corrupted/saveas/text/OceanQuest_Modular_Water_Leisure_Equipment_Guide(saveas)_font_mapping_loss.pdf,C6,saveas,text,274712,-224,311,247682,26719,26495,,,,
corrupted/saveas/text/OceanQuest_Modular_Water_Leisure_Equipment_Guide(saveas)_header.pdf,C1,saveas,text,274712,0,0,274700,12,12,12,0,0xde,0.0833
corrupted/saveas/text/OceanQuest_Modular_Water_Leisure_Equipment_Guide(saveas)_object_header.pdf,C5,saveas,text,274712,-8,16,274688,8,0,,,,
corrupted/saveas/text/OceanQuest_Modular_Water_Leisure_Equipment_Guide(saveas)_page_tree.pdf,C4,saveas,text,274712,-69,41,274474,197,128,,,,
corrupted/saveas/text/OceanQuest_Modular_Water_Leisure_Equipment_Guide(saveas)_partial_cut.pdf,C10,saveas,text,274712,-82414,192298,0,82414,0,,,,
corrupted/saveas/text/OceanQuest_Modular_Water_Leisure_Equipment_Guide(saveas)_remove_fonts.pdf,C7,saveas,text,274712,0,3484,41839,229389,229389,164999,13,0x20,1.0
corrupted/saveas/text/OceanQuest_Modular_Water_Leisure_Equipment_Guide(saveas)_remove_unicode_fonts.pdf,C8,saveas,text,274712,0,3484,41839,229389,229389,168880,19,0x20,1.0
corrupted/saveas/text/OceanQuest_Modular_Water_Leisure_Equipment_Guide(saveas)_stream_zlib.pdf,C9,saveas,text,274712,0,3702,35657,235353,235353,18,13,0xa9,0.0556
corrupted/saveas/text/OceanQuest_Modular_Water_Leisure_Equipment_Guide(saveas)_trailer.pdf,C3,saveas,text,274712,-210,274502,0,210,0,,,,
corrupted/saveas/text/OceanQuest_Modular_Water_Leisure_Equipment_Guide(saveas)_xref.pdf,C2,saveas,text,274712,-34354,240026,332,34354,0,,,,
corrupted/saveas/text/PetPal_Smart_PetCare_Products(saveas)_font_mapping_loss.pdf,C6,saveas,text,430430,-510,313,393300,36817,36307,,,,
corrupted/saveas/text/PetPal_Smart_PetCare_Products(saveas)_header.pdf,C1,saveas,text,430430,0,0,430418,12,12,12,0,0x1f,0.0833
corrupted/saveas/text/PetPal_Smart_PetCare_Products(saveas)_object_header.pdf,C5,saveas,text,430430,-8,16,430406,8,0,,,,
corrupted/saveas/text/PetPal_Smart_PetCare_Products(saveas)_page_tree.pdf,C4,saveas,text,430430,-73,41,430190,199,126,,,,
corrupted/saveas/text/PetPal_Smart_PetCare_Products(saveas)_partial_cut.pdf,C10,saveas,text,430430,-129129,301301,0,129129,0,,,,
corrupted/saveas/text/PetPal_Smart_PetCare_Products(saveas)_remove_fonts.pdf,C7,saveas,text,430430,0,4266,38282,387882,387882,307195,22,0x20,1.0
corrupted/saveas/text/PetPal_Smart_PetCare_Products(saveas)_remove_unicode_fonts.pdf,C8,saveas,text,430430,0,4266,38282,387882,387882,315479,37,0x20,1.0
corrupted/saveas/text/PetPal_Smart_PetCare_Products(saveas)_stream_zlib.pdf,C9,saveas,text,430430,0,2372,33251,394807,394807,22,17,0x73,0.0455
corrupted/saveas/text/PetPal_Smart_PetCare_Products(saveas)_trailer.pdf,C3,saveas,text,430430,-211,430219,0,211,0,,,,
corrupted/saveas/text/PetPal_Smart_PetCare_Products(saveas)_xref.pdf,C2,saveas,text,430430,-30374,399722,334,30374,0,,,,
corrupted/saveas/text/Quantum_Computing_Race(saveas)_font_mapping_loss.pdf,C6,saveas,text,411513,-346,312,374204,36997,36651,,,,
corrupted/saveas/text/Quantum_Computing_Race(saveas)_header.pdf,C1,saveas,text,411513,0,0,411501,12,12,12,0,0xe0,0.0833
corrupted/saveas/text/Quantum_Computing_Race(saveas)_object_header.pdf,C5,saveas,text,411513,-8,16,411489,8,0,,,,
corrupted/saveas/text/Quantum_Computing_Race(saveas)_page_tree.pdf,C4,saveas,text,411513,-121,42,411247,224,103,,,,
corrupted/saveas/text/Quantum_Computing_Race(saveas)_partial_cut.pdf,C10,saveas,text,411513,-123454,288059,0,123454,0,,,,
corrupted/saveas/text/Quantum_Computing_Race(saveas)_remove_fonts.pdf,C7,saveas,text,411513,0,4061,37552,369900,369900,286798,20,0x20,1.0
corrupted/saveas/text/Quantum_Computing_Race(saveas)_remove_unicode_fonts.pdf,C8,saveas,text,411513,0,4061,37552,369900,369900,295528,33,0x20,1.0
corrupted/saveas/text/Quantum_Computing_Race(saveas)_stream_zlib.pdf,C9,saveas,text,411513,0,2991,31024,377498,377498,21,19,0xd2,0.0476
corrupted/saveas/text/Quantum_Computing_Race(saveas)_trailer.pdf,C3,saveas,text,411513,-211,411302,0,211,0,,,,
corrupted/saveas/text/Quantum_Computing_Race(saveas)_xref.pdf,C2,saveas,text,411513,-30094,381085,334,30094,0,,,,
corrupted/saveas/text/Robots_Automation_Future_Work(saveas)_font_mapping_loss.pdf,C6,saveas,text,424906,-353,312,390965,33629,33276,,,,
corrupted/saveas/text/Robots_Automation_Future_Work(saveas)_header.pdf,C1,saveas,text,424906,0,0,424894,12,12,12,0,0xfb,0.0833
corrupted/saveas/text/Robots_Automation_Future_Work(saveas)_object_header.pdf,C5,saveas,text,424906,-8,16,424882,8,0,,,,
corrupted/saveas/text/Robots_Automation_Future_Work(saveas)_page_tree.pdf,C4,saveas,text,424906,-103,41,424627,238,135,,,,
corrupted/saveas/text/Robots_Automation_Future_Work(saveas)_partial_cut.pdf,C10,saveas,text,424906,-127472,297434,0,127472,0,,,,
corrupted/saveas/text/Robots_Automation_Future_Work(saveas)_remove_fonts.pdf,C7,saveas,text,424906,0,3745,34605,386556,386556,312261,20,0x20,1.0
corrupted/saveas/text/Robots_Automation_Future_Work(saveas)_remove_unicode_fonts.pdf,C8,saveas,text,424906,0,3745,34605,386556,386556,320137,32,0x20,1.0
corrupted/saveas/text/Robots_Automation_Future_Work(saveas)_stream_zlib.pdf,C9,saveas,text,424906,0,2754,27882,394270,394270,18,12,0xc7,0.1111
corrupted/saveas/text/Robots_Automation_Future_Work(saveas)_trailer.pdf,C3,saveas,text,424906,-211,424695,0,211,0,,,,
corrupted/saveas/text/Robots_Automation_Future_Work(saveas)_xref.pdf,C2,saveas,text,424906,-27454,397118,334,27454,0,,,,
corrupted/saveas/text/Security_Breach_Investigation_Report(saveas)_font_mapping_loss.pdf,C6,saveas,text,480786,-407,313,439505,40968,40561,,,,
corrupted/saveas/text/Security_Breach_Investigation_Report(saveas)_header.pdf,C1,saveas,text,480786,0,0,480774,12,12,12,0,0x15,0.0833
corrupted/saveas/text/Security_Breach_Investigation_Report(saveas)_object_header.pdf,C5,saveas,text,480786,-8,16,480762,8,0,,,,
corrupted/saveas/text/Security_Breach_Investigation_Report(saveas)_page_tree.pdf,C4,saveas,text,480786,-86,41,480544,201,115,,,,
corrupted/saveas/text/Security_Breach_Investigation_Report(saveas)_partial_cut.pdf,C10,saveas,text,480786,-144236,336550,0,144236,0,,,,
corrupted/saveas/text/Security_Breach_Investigation_Report(saveas)_remove_fonts.pdf,C7,saveas,text,480786,0,4974,42201,433611,433611,343451,21,0x20,1.0
corrupted/saveas/text/Security_Breach_Investigation_Report(saveas)_remove_unicode_fonts.pdf,C8,saveas,text,480786,0,4974,42201,433611,433611,352286,38,0x20,1.0
corrupted/saveas/text/Security_Breach_Investigation_Report(saveas)_stream_zlib.pdf,C9,saveas,text,480786,0,1123,53090,426573,426573,26,21,0x37,0.0769
corrupted/saveas/text/Security_Breach_Investigation_Report(saveas)_trailer.pdf,C3,saveas,text,480786,-211,480575,0,211,0,,,,
corrupted/saveas/text/Security_Breach_Investigation_Report(saveas)_xref.pdf,C2,saveas,text,480786,-34094,446358,334,34094,0,,,,
corrupted/saveas/text/SkyGarden_Indoor_Vertical_Garden_Solutions(saveas)_font_mapping_loss.pdf,C6,saveas,text,454495,-479,313,419876,34306,33827,,,,
corrupted/saveas/text/SkyGarden_Indoor_Vertical_Garden_Solutions(saveas)_header.pdf,C1,saveas,text,454495,0,0,454483,12,12,12,0,0x0f,0.0833
corrupted/saveas/text/SkyGarden_Indoor_Vertical_Garden_Solutions(saveas)_object_header.pdf,C5,saveas,text,454495,-8,16,454471,8,0,,,,
corrupted/saveas/text/SkyGarden_Indoor_Vertical_Garden_Solutions(saveas)_page_tree.pdf,C4,saveas,text,454495,-82,41,454259,195,113,,,,
corrupted/saveas/text/SkyGarden_Indoor_Vertical_Garden_Solutions(saveas)_partial_cut.pdf,C10,saveas,text,454495,-136349,318146,0,136349,0,,,,
corrupted/saveas/text/SkyGarden_Indoor_Vertical_Garden_Solutions(saveas)_remove_fonts.pdf,C7,saveas,text,454495,0,4002,34464,416029,416029,339336,22,0x20,1.0
corrupted/saveas/text/SkyGarden_Indoor_Vertical_Garden_Solutions(saveas)_remove_unicode_fonts.pdf,C8,saveas,text,454495,0,4002,34464,416029,416029,346586,35,0x20,1.0
corrupted/saveas/text/SkyGarden_Indoor_Vertical_Garden_Solutions(saveas)_stream_zlib.pdf,C9,saveas,text,454495,0,2408,29282,422805,422805,26,23,0x67,0.0769
corrupted/saveas/text/SkyGarden_Indoor_Vertical_Garden_Solutions(saveas)_trailer.pdf,C3,saveas,text,454495,-211,454284,0,211,0,,,,
corrupted/saveas/text/SkyGarden_Indoor_Vertical_Garden_Solutions(saveas)_xref.pdf,C2,saveas,text,454495,-27034,427127,334,27034,0,,,,
corrupted/saveas/text/Sustainable_Fashion_Innovation(saveas)_font_mapping_loss.pdf,C6,saveas,text,377656,-337,312,340142,37202,36865,,,,
corrupted/saveas/text/Sustainable_Fashion_Innovation(saveas)_header.pdf,C1,saveas,text,377656,0,0,377644,12,12,12,0,0xf3,0.1667
corrupted/saveas/text/Sustainable_Fashion_Innovation(saveas)_object_header.pdf,C5,saveas,text,377656,-8,16,377632,8,0,,,,
corrupted/saveas/text/Sustainable_Fashion_Innovation(saveas)_page_tree.pdf,C4,saveas,text,377656,-87,41,377402,213,126,,,,
corrupted/saveas/text/Sustainable_Fashion_Innovation(saveas)_partial_cut.pdf,C10,saveas,text,377656,-113297,264359,0,113297,0,,,,
corrupted/saveas/text/Sustainable_Fashion_Innovation(saveas)_remove_fonts.pdf,C7,saveas,text,377656,0,4519,38784,334353,334353,251502,18,0x20,1.0
corrupted/saveas/text/Sustainable_Fashion_Innovation(saveas)_remove_unicode_fonts.pdf,C8,saveas,text,377656,0,4519,38784,334353,334353,259691,30,0x20,1.0
corrupted/saveas/text/Sustainable_Fashion_Innovation(saveas)_stream_zlib.pdf,C9,saveas,text,377656,0,12296,33663,331697,331697,20,14,0xff,0.1
corrupted/saveas/text/Sustainable_Fashion_Innovation(saveas)_trailer.pdf,C3,saveas,text,377656,-211,377445,0,211,0,,,,
corrupted/saveas/text/Sustainable_Fashion_Innovation(saveas)_xref.pdf,C2,saveas,text,377656,-31254,346068,334,31254,0,,,,
corrupted/saveas/text/UrbanRide_Electric_Bike_Scooter_Series(saveas)_font_mapping_loss.pdf,C6,saveas,text,426099,-504,313,388070,37716,37212,,,,
corrupted/saveas/text/UrbanRide_Electric_Bike_Scooter_Series(saveas)_header.pdf,C1,saveas,text,426099,0,0,426087,12,12,11,0,0x52,0.0909
corrupted/saveas/text/UrbanRide_Electric_Bike_Scooter_Series(saveas)_object_header.pdf,C5,saveas,text,426099,-8,16,426075,8,0,,,,
corrupted/saveas/text/UrbanRide_Electric_Bike_Scooter_Series(saveas)_page_tree.pdf,C4,saveas,text,426099,-96,41,425842,216,120,,,,
corrupted/saveas/text/UrbanRide_Electric_Bike_Scooter_Series(saveas)_partial_cut.pdf,C10,saveas,text,426099,-127830,298269,0,127830,0,,,,
corrupted/saveas/text/UrbanRide_Electric_Bike_Scooter_Series(saveas)_remove_fonts.pdf,C7,saveas,text,426099,0,4405,38909,382785,382785,298455,22,0x20,1.0
corrupted/saveas/text/UrbanRide_Electric_Bike_Scooter_Series(saveas)_remove_unicode_fonts.pdf,C8,saveas,text,426099,0,4405,38909,382785,382785,306535,37,0x20,1.0
corrupted/saveas/text/UrbanRide_Electric_Bike_Scooter_Series(saveas)_stream_zlib.pdf,C9,saveas,text,426099,0,1057,34040,391002,391002,25,18,0x22,0.04
corrupted/saveas/text/UrbanRide_Electric_Bike_Scooter_Series(saveas)_trailer.pdf,C3,saveas,text,426099,-211,425888,0,211,0,,,,
corrupted/saveas/text/UrbanRide_Electric_Bike_Scooter_Series(saveas)_xref.pdf,C2,saveas,text,426099,-30894,394871,334,30894,0,,,,
corrupted/saveas/text/Urban_Fine_Particulate_Matter(saveas)_font_mapping_loss.pdf,C6,saveas,text,451881,-354,312,415777,35792,35438,,,,
corrupted/saveas/text/Urban_Fine_Particulate_Matter(saveas)_header.pdf,C1,saveas,text,451881,0,0,451869,12,12,12,0,0x82,0.1667
corrupted/saveas/text/Urban_Fine_Particulate_Matter(saveas)_object_header.pdf,C5,saveas,text,451881,-8,16,451857,8,0,,,,
corrupted/saveas/text/Urban_Fine_Particulate_Matter(saveas)_page_tree.pdf,C4,saveas,text,451881,-87,41,451647,193,106,,,,
corrupted/saveas/text/Urban_Fine_Particulate_Matter(saveas)_partial_cut.pdf,C10,saveas,text,451881,-135565,316316,0,135565,0,,,,
corrupted/saveas/text/Urban_Fine_Particulate_Matter(saveas)_remove_fonts.pdf,C7,saveas,text,451881,0,4466,36241,411174,411174,332968,20,0x20,1.0
corrupted/saveas/text/Urban_Fine_Particulate_Matter(saveas)_remove_unicode_fonts.pdf,C8,saveas,text,451881,0,4466,36241,411174,411174,341439,33,0x20,1.0
corrupted/saveas/text/Urban_Fine_Particulate_Matter(saveas)_stream_zlib.pdf,C9,saveas,text,451881,0,11457,29295,411129,411129,23,17,0x2d,0.0435
corrupted/saveas/text/Urban_Fine_Particulate_Matter(saveas)_trailer.pdf,C3,saveas,text,451881,-211,451670,0,211,0,,,,
corrupted/saveas/text/Urban_Fine_Particulate_Matter(saveas)_xref.pdf,C2,saveas,text,451881,-28714,422833,334,28714,0,,,,
corrupted/saveas/text/ai_ethics_responsible_use_guidelines_multilang(saveas)_font_mapping_loss.pdf,C6,saveas,text,431612,-332,312,396833,34467,34135,,,,
corrupted/saveas/text/ai_ethics_responsible_use_guidelines_multilang(saveas)_header.pdf,C1,saveas,text,431612,0,0,431600,12,12,12,0,0x8a,0.0833
corrupted/saveas/text/ai_ethics_responsible_use_guidelines_multilang(saveas)_object_header.pdf,C5,saveas,text,431612,-8,16,431588,8,0,,,,
corrupted/saveas/text/ai_ethics_responsible_use_guidelines_multilang(saveas)_page_tree.pdf,C4,saveas,text,431612,-114,41,431349,222,108,,,,
corrupted/saveas/text/ai_ethics_responsible_use_guidelines_multilang(saveas)_partial_cut.pdf,C10,saveas,text,431612,-129484,302128,0,129484,0,,,,
corrupted/saveas/text/ai_ethics_responsible_use_guidelines_multilang(saveas)_remove_fonts.pdf,C7,saveas,text,431612,0,4170,38500,388942,388942,314973,20,0x20,1.0
corrupted/saveas/text/ai_ethics_responsible_use_guidelines_multilang(saveas)_remove_unicode_fonts.pdf,C8,saveas,text,431612,0,4170,38500,388942,388942,322227,32,0x20,1.0
corrupted/saveas/text/ai_ethics_responsible_use_guidelines_multilang(saveas)_stream_zlib.pdf,C9,saveas,text,431612,0,11934,78435,341243,341243,20,16,0x30,0.05
corrupted/saveas/text/ai_ethics_responsible_use_guidelines_multilang(saveas)_trailer.pdf,C3,saveas,text,431612,-211,431401,0,211,0,,,,
corrupted/saveas/text/ai_ethics_responsible_use_guidelines_multilang(saveas)_xref.pdf,C2,saveas,text,431612,-30594,400684,334,30594,0,,,,
corrupted/saveas/text/climate_crisis_preparedness_community_action_guidelines_multilang(saveas)_font_mapping_loss.pdf,C6,saveas,text,400219,-328,312,363148,36759,36431,,,,
corrupted/saveas/text/climate_crisis_preparedness_community_action_guidelines_multilang(saveas)_header.pdf,C1,saveas,text,400219,0,0,400207,12,12,12,0,0x7a,0.0833
corrupted/saveas/text/climate_crisis_preparedness_community_action_guidelines_multilang(saveas)_object_header.pdf,C5,saveas,text,400219,-8,16,400195,8,0,,,,
corrupted/saveas/text/climate_crisis_preparedness_community_action_guidelines_multilang(saveas)_page_tree.pdf,C4,saveas,text,400219,-84,41,399988,190,106,,,,
corrupted/saveas/text/climate_crisis_preparedness_community_action_guidelines_multilang(saveas)_partial_cut.pdf,C10,saveas,text,400219,-120066,280153,0,120066,0,,,,
corrupted/saveas/text/climate_crisis_preparedness_community_action_guidelines_multilang(saveas)_remove_fonts.pdf,C7,saveas,text,400219,0,4117,43511,352591,352591,271626,19,0x20,1.0
corrupted/saveas/text/climate_crisis_preparedness_community_action_guidelines_multilang(saveas)_remove_unicode_fonts.pdf,C8,saveas,text,400219,0,4117,43511,352591,352591,279230,31,0x20,1.0
corrupted/saveas/text/climate_crisis_preparedness_community_action_guidelines_multilang(saveas)_stream_zlib.pdf,C9,saveas,text,400219,0,1545,52438,346236,346236,26,21,0x10,0.0769
corrupted/saveas/text/climate_crisis_preparedness_community_action_guidelines_multilang(saveas)_trailer.pdf,C3,saveas,text,400219,-211,400008,0,211,0,,,,
corrupted/saveas/text/climate_crisis_preparedness_community_action_guidelines_multilang(saveas)_xref.pdf,C2,saveas,text,400219,-35454,364431,334,35454,0,,,,
corrupted/saveas/text/confidential_doc_leak_collusion_investigation(saveas)_font_mapping_loss.pdf,C6,saveas,text,356304,-441,313,322568,33423,32982,,,,
corrupted/saveas/text/confidential_doc_leak_collusion_investigation(saveas)_header.pdf,C1,saveas,text,356304,0,0,356292,12,12,12,0,0xdd,0.0833
corrupted/saveas/text/confidential_doc_leak_collusion_investigation(saveas)_object_header.pdf,C5,saveas,text,356304,-8,16,356280,8,0,,,,
corrupted/saveas/text/confidential_doc_leak_collusion_investigation(saveas)_page_tree.pdf,C4,saveas,text,356304,-117,42,356042,220,103,,,,
corrupted/saveas/text/confidential_doc_leak_collusion_investigation(saveas)_partial_cut.pdf,C10,saveas,text,356304,-106892,249412,0,106892,0,,,,
corrupted/saveas/text/confidential_doc_leak_collusion_investigation(saveas)_remove_fonts.pdf,C7,saveas,text,356304,0,3517,31288,321499,321499,248775,20,0x20,1.0
corrupted/saveas/text/confidential_doc_leak_collusion_investigation(saveas)_remove_unicode_fonts.pdf,C8,saveas,text,356304,0,3517,31288,321499,321499,257446,37,0x20,1.0
corrupted/saveas/text/confidential_doc_leak_collusion_investigation(saveas)_stream_zlib.pdf,C9,saveas,text,356304,0,9051,26316,320937,320937,24,19,0xac,0.0417
corrupted/saveas/text/confidential_doc_leak_collusion_investigation(saveas)_trailer.pdf,C3,saveas,text,356304,-211,356093,0,211,0,,,,
corrupted/saveas/text/confidential_doc_leak_collusion_investigation(saveas)_xref.pdf,C2,saveas,text,356304,-24434,331536,334,24434,0,,,,
corrupted/saveas/text/digital_data_security_guidelines(saveas)_font_mapping_loss.pdf,C6,saveas,text,426907,-322,312,392536,34059,33737,,,,
corrupted/saveas/text/digital_data_security_guidelines(saveas)_header.pdf,C1,saveas,text,426907,0,0,426895,12,12,11,0,0x44,0.0909
corrupted/saveas/text/digital_data_security_guidelines(saveas)_object_header.pdf,C5,saveas,text,426907,-8,16,426883,8,0,,,,
corrupted/saveas/text/digital_data_security_guidelines(saveas)_page_tree.pdf,C4,saveas,text,426907,-69,42,426670,195,126,,,,
corrupted/saveas/text/digital_data_security_guidelines(saveas)_partial_cut.pdf,C10,saveas,text,426907,-128073,298834,0,128073,0,,,,
corrupted/saveas/text/digital_data_security_guidelines(saveas)_remove_fonts.pdf,C7,saveas,text,426907,0,4154,40003,382750,382750,307483,20,0x20,1.0
corrupted/saveas/text/digital_data_security_guidelines(saveas)_remove_unicode_fonts.pdf,C8,saveas,text,426907,0,4154,40003,382750,382750,314887,32,0x20,1.0
corrupted/saveas/text/digital_data_security_guidelines(saveas)_stream_zlib.pdf,C9,saveas,text,426907,0,1453,38621,386833,386833,21,17,0x33,0.0476
corrupted/saveas/text/digital_data_security_guidelines(saveas)_trailer.pdf,C3,saveas,text,426907,-211,426696,0,211,0,,,,
corrupted/saveas/text/digital_data_security_guidelines(saveas)_xref.pdf,C2,saveas,text,426907,-32254,394319,334,32254,0,,,,
corrupted/saveas/text/educational_technology_elearning_safety_guidelines_multilang(saveas)_font_mapping_loss.pdf,C6,saveas,text,441477,-333,312,405087,36078,35745,,,,
corrupted/saveas/text/educational_technology_elearning_safety_guidelines_multilang(saveas)_header.pdf,C1,saveas,text,441477,0,0,441465,12,12,12,0,0xc9,0.0833
corrupted/saveas/text/educational_technology_elearning_safety_guidelines_multilang(saveas)_object_header.pdf,C5,saveas,text,441477,-8,16,441453,8,0,,,,
corrupted/saveas/text/educational_technology_elearning_safety_guidelines_multilang(saveas)_page_tree.pdf,C4,saveas,text,441477,-96,41,441233,203,107,,,,
corrupted/saveas/text/educational_technology_elearning_safety_guidelines_multilang(saveas)_partial_cut.pdf,C10,saveas,text,441477,-132444,309033,0,132444,0,,,,
corrupted/saveas/text/educational_technology_elearning_safety_guidelines_multilang(saveas)_remove_fonts.pdf,C7,saveas,text,441477,0,4368,42195,394914,394914,317458,19,0x20,1.0
corrupted/saveas/text/educational_technology_elearning_safety_guidelines_multilang(saveas)_remove_unicode_fonts.pdf,C8,saveas,text,441477,0,4368,42195,394914,394914,324749,31,0x20,1.0
corrupted/saveas/text/educational_technology_elearning_safety_guidelines_multilang(saveas)_stream_zlib.pdf,C9,saveas,text,441477,0,1793,41850,397834,397834,16,12,0x22,0.0625
corrupted/saveas/text/educational_technology_elearning_safety_guidelines_multilang(saveas)_trailer.pdf,C3,saveas,text,441477,-211,441266,0,211,0,,,,
corrupted/saveas/text/educational_technology_elearning_safety_guidelines_multilang(saveas)_xref.pdf,C2,saveas,text,441477,-34034,407109,334,34034,0,,,,
corrupted/saveas/text/global_cloud_datacenter_cooling_failure_report(saveas)_font_mapping_loss.pdf,C6,saveas,text,390116,-492,313,359827,29976,29484,,,,
corrupted/saveas/text/global_cloud_datacenter_cooling_failure_report(saveas)_header.pdf,C1,saveas,text,390116,0,0,390104,12,12,12,0,0x6b,0.0833
corrupted/saveas/text/global_cloud_datacenter_cooling_failure_report(saveas)_object_header.pdf,C5,saveas,text,390116,-8,16,390092,8,0,,,,
corrupted/saveas/text/global_cloud_datacenter_cooling_failure_report(saveas)_page_tree.pdf,C4,saveas,text,390116,-81,41,389873,202,121,,,,
corrupted/saveas/text/global_cloud_datacenter_cooling_failure_report(saveas)_partial_cut.pdf,C10,saveas,text,390116,-117035,273081,0,117035,0,,,,
corrupted/saveas/text/global_cloud_datacenter_cooling_failure_report(saveas)_remove_fonts.pdf,C7,saveas,text,390116,0,3122,28811,358183,358183,293529,22,0x20,1.0
corrupted/saveas/text/global_cloud_datacenter_cooling_failure_report(saveas)_remove_unicode_fonts.pdf,C8,saveas,text,390116,0,3122,28811,358183,358183,300811,37,0x20,1.0
corrupted/saveas/text/global_cloud_datacenter_cooling_failure_report(saveas)_stream_zlib.pdf,C9,saveas,text,390116,0,74976,24489,290651,290651,17,12,0xcc,0.0588
corrupted/saveas/text/global_cloud_datacenter_cooling_failure_report(saveas)_trailer.pdf,C3,saveas,text,390116,-211,389905,0,211,0,,,,
corrupted/saveas/text/global_cloud_datacenter_cooling_failure_report(saveas)_xref.pdf,C2,saveas,text,390116,-21894,367888,334,21894,0,,,,
corrupted/saveas/text/green_energy_sustainable_living_guidelines_multilang(saveas)_font_mapping_loss.pdf,C6,saveas,text,377338,-337,312,344212,32814,32477,,,,
corrupted/saveas/text/green_energy_sustainable_living_guidelines_multilang(saveas)_header.pdf,C1,saveas,text,377338,0,0,377326,12,12,12,0,0x9b,0.1667
corrupted/saveas/text/green_energy_sustainable_living_guidelines_multilang(saveas)_object_header.pdf,C5,saveas,text,377338,-8,16,377314,8,0,,,,
corrupted/saveas/text/green_energy_sustainable_living_guidelines_multilang(saveas)_page_tree.pdf,C4,saveas,text,377338,-96,41,377079,218,122,,,,
corrupted/saveas/text/green_energy_sustainable_living_guidelines_multilang(saveas)_partial_cut.pdf,C10,saveas,text,377338,-113202,264136,0,113202,0,,,,
corrupted/saveas/text/green_energy_sustainable_living_guidelines_multilang(saveas)_remove_fonts.pdf,C7,saveas,text,377338,0,3829,37280,336229,336229,263803,19,0x20,1.0
corrupted/saveas/text/green_energy_sustainable_living_guidelines_multilang(saveas)_remove_unicode_fonts.pdf,C8,saveas,text,377338,0,3829,37280,336229,336229,270937,31,0x20,1.0
corrupted/saveas/text/green_energy_sustainable_living_guidelines_multilang(saveas)_stream_zlib.pdf,C9,saveas,text,377338,0,29109,54050,294179,294179,24,18,0x79,0.0417
corrupted/saveas/text/green_energy_sustainable_living_guidelines_multilang(saveas)_trailer.pdf,C3,saveas,text,377338,-211,377127,0,211,0,,,,
corrupted/saveas/text/green_energy_sustainable_living_guidelines_multilang(saveas)_xref.pdf,C2,saveas,text,377338,-29674,347330,334,29674,0,,,,
corrupted/saveas/text/health_wellbeing_digital_age_guidelines_multilang(saveas)_font_mapping_loss.pdf,C6,saveas,text,291461,-218,311,261667,29483,29265,,,,
corrupted/saveas/text/health_wellbeing_digital_age_guidelines_multilang(saveas)_header.pdf,C1,saveas,text,291461,0,0,291449,12,12,12,0,0x63,0.0833
corrupted/saveas/text/health_wellbeing_digital_age_guidelines_multilang(saveas)_object_header.pdf,C5,saveas,text,291461,-8,16,291437,8,0,,,,
corrupted/saveas/text/health_wellbeing_digital_age_guidelines_multilang(saveas)_page_tree.pdf,C4,saveas,text,291461,-117,41,291193,227,110,,,,
corrupted/saveas/text/health_wellbeing_digital_age_guidelines_multilang(saveas)_partial_cut.pdf,C10,saveas,text,291461,-87439,204022,0,87439,0,,,,
corrupted/saveas/text/health_wellbeing_digital_age_guidelines_multilang(saveas)_remove_fonts.pdf,C7,saveas,text,291461,0,4143,38630,248688,248688,181654,14,0x20,1.0
corrupted/saveas/text/health_wellbeing_digital_age_guidelines_multilang(saveas)_remove_unicode_fonts.pdf,C8,saveas,text,291461,0,4143,38630,248688,248688,186885,22,0x20,1.0
corrupted/saveas/text/health_wellbeing_digital_age_guidelines_multilang(saveas)_stream_zlib.pdf,C9,saveas,text,291461,0,12347,33123,245991,245991,13,11,0xba,0.0769
corrupted/saveas/text/health_wellbeing_digital_age_guidelines_multilang(saveas)_trailer.pdf,C3,saveas,text,291461,-210,291251,0,210,0,,,,
corrupted/saveas/text/health_wellbeing_digital_age_guidelines_multilang(saveas)_xref.pdf,C2,saveas,text,291461,-31074,260055,332,31074,0,,,,
corrupted/saveas/text/illegal_item_trading_money_laundering_in_games(saveas)_font_mapping_loss.pdf,C6,saveas,text,423302,-452,313,388675,34314,33862,,,,
corrupted/saveas/text/illegal_item_trading_money_laundering_in_games(saveas)_header.pdf,C1,saveas,text,423302,0,0,423290,12,12,12,0,0x68,0.0833
corrupted/saveas/text/illegal_item_trading_money_laundering_in_games(saveas)_object_header.pdf,C5,saveas,text,423302,-8,16,423278,8,0,,,,
corrupted/saveas/text/illegal_item_trading_money_laundering_in_games(saveas)_page_tree.pdf,C4,saveas,text,423302,-47,41,423081,180,133,,,,
corrupted/saveas/text/illegal_item_trading_money_laundering_in_games(saveas)_partial_cut.pdf,C10,saveas,text,423302,-126991,296311,0,126991,0,,,,
corrupted/saveas/text/illegal_item_trading_money_laundering_in_games(saveas)_remove_fonts.pdf,C7,saveas,text,423302,0,3568,32456,387278,387278,312063,21,0x20,1.0
corrupted/saveas/text/illegal_item_trading_money_laundering_in_games(saveas)_remove_unicode_fonts.pdf,C8,saveas,text,423302,0,3568,32456,387278,387278,321346,39,0x20,1.0
corrupted/saveas/text/illegal_item_trading_money_laundering_in_games(saveas)_stream_zlib.pdf,C9,saveas,text,423302,0,1600,31711,389991,389991,27,17,0xcb,0.037
corrupted/saveas/text/illegal_item_trading_money_laundering_in_games(saveas)_trailer.pdf,C3,saveas,text,423302,-211,423091,0,211,0,,,,
corrupted/saveas/text/illegal_item_trading_money_laundering_in_games(saveas)_xref.pdf,C2,saveas,text,423302,-25234,397734,334,25234,0,,,,
corrupted/saveas/text/messenger_app_data_misuse_investigation(saveas)_font_mapping_loss.pdf,C6,saveas,text,283262,-398,312,256267,26683,26285,,,,
corrupted/saveas/text/messenger_app_data_misuse_investigation(saveas)_header.pdf,C1,saveas,text,283262,0,0,283250,12,12,12,0,0xd8,0.0833
corrupted/saveas/text/messenger_app_data_misuse_investigation(saveas)_object_header.pdf,C5,saveas,text,283262,-8,16,283238,8,0,,,,
corrupted/saveas/text/messenger_app_data_misuse_investigation(saveas)_page_tree.pdf,C4,saveas,text,283262,-94,41,283019,202,108,,,,
corrupted/saveas/text/messenger_app_data_misuse_investigation(saveas)_partial_cut.pdf,C10,saveas,text,283262,-84979,198283,0,84979,0,,,,
corrupted/saveas/text/messenger_app_data_misuse_investigation(saveas)_remove_fonts.pdf,C7,saveas,text,283262,0,3063,28221,251978,251978,194733,16,0x20,1.0
corrupted/saveas/text/messenger_app_data_misuse_investigation(saveas)_remove_unicode_fonts.pdf,C8,saveas,text,283262,0,3063,28221,251978,251978,200681,28,0x20,1.0
corrupted/saveas/text/messenger_app_data_misuse_investigation(saveas)_stream_zlib.pdf,C9,saveas,text,283262,0,12396,22017,248849,248849,15,11,0x67,0.1333
corrupted/saveas/text/messenger_app_data_misuse_investigation(saveas)_trailer.pdf,C3,saveas,text,283262,-211,283051,0,211,0,,,,
corrupted/saveas/text/messenger_app_data_misuse_investigation(saveas)_xref.pdf,C2,saveas,text,283262,-21294,261634,334,21294,0,,,,
corrupted/saveas/text/open_source_software_contribution_guidelines_multilang(saveas)_font_mapping_loss.pdf,C6,saveas,text,377679,-316,312,342689,34678,34362,,,,
corrupted/saveas/text/open_source_software_contribution_guidelines_multilang(saveas)_header.pdf,C1,saveas,text,377679,0,0,377667,12,12,12,0,0x76,0.1667
corrupted/saveas/text/open_source_software_contribution_guidelines_multilang(saveas)_object_header.pdf,C5,saveas,text,377679,-8,16,377655,8,0,,,,
corrupted/saveas/text/open_source_software_contribution_guidelines_multilang(saveas)_page_tree.pdf,C4,saveas,text,377679,-105,41,377411,227,122,,,,
corrupted/saveas/text/open_source_software_contribution_guidelines_multilang(saveas)_partial_cut.pdf,C10,saveas,text,377679,-113304,264375,0,113304,0,,,,
corrupted/saveas/text/open_source_software_contribution_guidelines_multilang(saveas)_remove_fonts.pdf,C7,saveas,text,377679,0,4747,41840,331092,331092,253334,19,0x20,1.0
corrupted/saveas/text/open_source_software_contribution_guidelines_multilang(saveas)_remove_unicode_fonts.pdf,C8,saveas,text,377679,0,4747,41840,331092,331092,260074,29,0x20,1.0
corrupted/saveas/text/open_source_software_contribution_guidelines_multilang(saveas)_stream_zlib.pdf,C9,saveas,text,377679,0,1506,34595,341578,341578,21,16,0xde,0.0952
corrupted/saveas/text/open_source_software_contribution_guidelines_multilang(saveas)_trailer.pdf,C3,saveas,text,377679,-211,377468,0,211,0,,,,
corrupted/saveas/text/open_source_software_contribution_guidelines_multilang(saveas)_xref.pdf,C2,saveas,text,377679,-33814,343531,334,33814,0,,,,
corrupted/saveas/text/personal_finance_cyber_fraud_prevention_guidelines_multilang(saveas)_font_mapping_loss.pdf,C6,saveas,text,379727,-310,312,345487,33928,33618,,,,
corrupted/saveas/text/personal_finance_cyber_fraud_prevention_guidelines_multilang(saveas)_header.pdf,C1,saveas,text,379727,0,0,379715,12,12,12,0,0x53,0.0833
corrupted/saveas/text/personal_finance_cyber_fraud_prevention_guidelines_multilang(saveas)_object_header.pdf,C5,saveas,text,379727,-8,16,379703,8,0,,,,
corrupted/saveas/text/personal_finance_cyber_fraud_prevention_guidelines_multilang(saveas)_page_tree.pdf,C4,saveas,text,379727,-65,42,379494,191,126,,,,
corrupted/saveas/text/personal_finance_cyber_fraud_prevention_guidelines_multilang(saveas)_partial_cut.pdf,C10,saveas,text,379727,-113919,265808,0,113919,0,,,,
corrupted/saveas/text/personal_finance_cyber_fraud_prevention_guidelines_multilang(saveas)_remove_fonts.pdf,C7,saveas,text,379727,0,4250,42626,332851,332851,256856,20,0x20,1.0
corrupted/saveas/text/personal_finance_cyber_fraud_prevention_guidelines_multilang(saveas)_remove_unicode_fonts.pdf,C8,saveas,text,379727,0,4250,42626,332851,332851,263162,30,0x20,1.0
corrupted/saveas/text/personal_finance_cyber_fraud_prevention_guidelines_multilang(saveas)_stream_zlib.pdf,C9,saveas,text,379727,0,828,38607,340292,340292,21,20,0xd5,0.0952
corrupted/saveas/text/personal_finance_cyber_fraud_prevention_guidelines_multilang(saveas)_trailer.pdf,C3,saveas,text,379727,-211,379516,0,211,0,,,,
corrupted/saveas/text/personal_finance_cyber_fraud_prevention_guidelines_multilang(saveas)_xref.pdf,C2,saveas,text,379727,-35034,344359,334,35034,0,,,,
corrupted/saveas/text/remote_work_home_office_guidelines(saveas)_font_mapping_loss.pdf,C6,saveas,text,406631,-309,312,375302,31017,30708,,,,
corrupted/saveas/text/remote_work_home_office_guidelines(saveas)_header.pdf,C1,saveas,text,406631,0,0,406619,12,12,12,0,0x84,0.0833
corrupted/saveas/text/remote_work_home_office_guidelines(saveas)_object_header.pdf,C5,saveas,text,406631,-8,16,406607,8,0,,,,
corrupted/saveas/text/remote_work_home_office_guidelines(saveas)_page_tree.pdf,C4,saveas,text,406631,-97,41,406379,211,114,,,,
corrupted/saveas/text/remote_work_home_office_guidelines(saveas)_partial_cut.pdf,C10,saveas,text,406631,-121990,284641,0,121990,0,,,,
corrupted/saveas/text/remote_work_home_office_guidelines(saveas)_remove_fonts.pdf,C7,saveas,text,406631,0,3898,37212,365521,365521,296390,19,0x20,1.0
corrupted/saveas/text/remote_work_home_office_guidelines(saveas)_remove_unicode_fonts.pdf,C8,saveas,text,406631,0,3898,37212,365521,365521,302697,29,0x20,1.0
corrupted/saveas/text/remote_work_home_office_guidelines(saveas)_stream_zlib.pdf,C9,saveas,text,406631,0,5140,30081,371410,371410,21,19,0xc5,0.0476
corrupted/saveas/text/remote_work_home_office_guidelines(saveas)_trailer.pdf,C3,saveas,text,406631,-211,406420,0,211,0,,,,
corrupted/saveas/text/remote_work_home_office_guidelines(saveas)_xref.pdf,C2,saveas,text,406631,-29434,376863,334,29434,0,,,,
corrupted/saveas/text/smart_city_data_privacy_guidelines_multilang(saveas)_font_mapping_loss.pdf,C6,saveas,text,390578,-256,311,358590,31677,31421,,,,
corrupted/saveas/text/smart_city_data_privacy_guidelines_multilang(saveas)_header.pdf,C1,saveas,text,390578,0,0,390566,12,12,12,0,0x44,0.0833
corrupted/saveas/text/smart_city_data_privacy_guidelines_multilang(saveas)_object_header.pdf,C5,saveas,text,390578,-8,16,390554,8,0,,,,
corrupted/saveas/text/smart_city_data_privacy_guidelines_multilang(saveas)_page_tree.pdf,C4,saveas,text,390578,-70,42,390331,205,135,,,,
corrupted/saveas/text/smart_city_data_privacy_guidelines_multilang(saveas)_partial_cut.pdf,C10,saveas,text,390578,-117174,273404,0,117174,0,,,,
corrupted/saveas/text/smart_city_data_privacy_guidelines_multilang(saveas)_remove_fonts.pdf,C7,saveas,text,390578,0,4536,42437,343605,343605,272026,16,0x20,1.0
corrupted/saveas/text/smart_city_data_privacy_guidelines_multilang(saveas)_remove_unicode_fonts.pdf,C8,saveas,text,390578,0,4536,42437,343605,343605,277755,25,0x20,1.0
corrupted/saveas/text/smart_city_data_privacy_guidelines_multilang(saveas)_stream_zlib.pdf,C9,saveas,text,390578,0,26549,38344,325685,325685,22,19,0xce,0.0455
corrupted/saveas/text/smart_city_data_privacy_guidelines_multilang(saveas)_trailer.pdf,C3,saveas,text,390578,-210,390368,0,210,0,,,,
corrupted/saveas/text/smart_city_data_privacy_guidelines_multilang(saveas)_xref.pdf,C2,saveas,text,390578,-34634,355612,332,34634,0,,,,
corrupted/saveas/text/smart_factory_robot_malfunction_analysis(saveas)_font_mapping_loss.pdf,C6,saveas,text,325132,-298,312,296453,28367,28069,,,,
corrupted/saveas/text/smart_factory_robot_malfunction_analysis(saveas)_header.pdf,C1,saveas,text,325132,0,0,325120,12,12,12,0,0xe4,0.0833
corrupted/saveas/text/smart_factory_robot_malfunction_analysis(saveas)_object_header.pdf,C5,saveas,text,325132,-8,16,325108,8,0,,,,
corrupted/saveas/text/smart_factory_robot_malfunction_analysis(saveas)_page_tree.pdf,C4,saveas,text,325132,-74,41,324918,173,99,,,,
corrupted/saveas/text/smart_factory_robot_malfunction_analysis(saveas)_partial_cut.pdf,C10,saveas,text,325132,-97540,227592,0,97540,0,,,,
corrupted/saveas/text/smart_factory_robot_malfunction_analysis(saveas)_remove_fonts.pdf,C7,saveas,text,325132,0,3372,29890,291870,291870,231679,15,0x20,1.0
corrupted/saveas/text/smart_factory_robot_malfunction_analysis(saveas)_remove_unicode_fonts.pdf,C8,saveas,text,325132,0,3372,29890,291870,291870,238488,28,0x20,1.0
corrupted/saveas/text/smart_factory_robot_malfunction_analysis(saveas)_stream_zlib.pdf,C9,saveas,text,325132,0,2187,57534,265411,265411,18,14,0x46,0.0556
corrupted/saveas/text/smart_factory_robot_malfunction_analysis(saveas)_trailer.pdf,C3,saveas,text,325132,-211,324921,0,211,0,,,,
corrupted/saveas/text/smart_factory_robot_malfunction_analysis(saveas)_xref.pdf,C2,saveas,text,325132,-22994,301804,334,22994,0,,,,
corrupted/saveas/text+img/global_agriculture_food_security_climate_impact(saveas)_font_mapping_loss.pdf,C6,saveas,text+img,385304,-284,312,328285,56707,56423,,,,
corrupted/saveas/text+img/global_agriculture_food_security_climate_impact(saveas)_header.pdf,C1,saveas,text+img,385304,0,0,385292,12,12,12,0,0x44,0.0833
corrupted/saveas/text+img/global_agriculture_food_security_climate_impact(saveas)_object_header.pdf,C5,saveas,text+img,385304,-8,16,385280,8,0,,,,
corrupted/saveas/text+img/global_agriculture_food_security_climate_impact(saveas)_page_tree.pdf,C4,saveas,text+img,385304,-60,41,385091,172,112,,,,
corrupted/saveas/text+img/global_agriculture_food_security_climate_impact(saveas)_partial_cut.pdf,C10,saveas,text+img,385304,-115592,269712,0,115592,0,,,,
corrupted/saveas/text+img/global_agriculture_food_security_climate_impact(saveas)_remove_fonts.pdf,C7,saveas,text+img,385304,0,4297,42114,338893,338893,226121,16,0x20,1.0
corrupted/saveas/text+img/global_agriculture_food_security_climate_impact(saveas)_remove_unicode_fonts.pdf,C8,saveas,text+img,385304,0,4297,42114,338893,338893,233095,26,0x20,1.0
corrupted/saveas/text+img/global_agriculture_food_security_climate_impact(saveas)_stream_zlib.pdf,C9,saveas,text+img,385304,0,783,38350,346171,346171,23,19,0x2f,0.087
corrupted/saveas/text+img/global_agriculture_food_security_climate_impact(saveas)_trailer.pdf,C3,saveas,text+img,385304,-211,385093,0,211,0,,,,
corrupted/saveas/text+img/global_agriculture_food_security_climate_impact(saveas)_xref.pdf,C2,saveas,text+img,385304,-34134,350836,334,34134,0,,,,
corrupted/saveas/text+img/global_ai_technology_investment_and_industry_adoption(saveas)_font_mapping_loss.pdf,C6,saveas,text+img,496586,-375,312,415601,80673,80298,,,,
corrupted/saveas/text+img/global_ai_technology_investment_and_industry_adoption(saveas)_header.pdf,C1,saveas,text+img,496586,0,0,496574,12,12,12,0,0xa4,0.0833
corrupted/saveas/text+img/global_ai_technology_investment_and_industry_adoption(saveas)_object_header.pdf,C5,saveas,text+img,496586,-8,16,496562,8,0,,,,
corrupted/saveas/text+img/global_ai_technology_investment_and_industry_adoption(saveas)_page_tree.pdf,C4,saveas,text+img,496586,-61,41,496354,191,130,,,,
corrupted/saveas/text+img/global_ai_technology_investment_and_industry_adoption(saveas)_partial_cut.pdf,C10,saveas,text+img,496586,-148976,347610,0,148976,0,,,,
corrupted/saveas/text+img/global_ai_technology_investment_and_industry_adoption(saveas)_remove_fonts.pdf,C7,saveas,text+img,496586,0,4101,36836,455649,455649,331859,19,0x20,1.0
corrupted/saveas/text+img/global_ai_technology_investment_and_industry_adoption(saveas)_remove_unicode_fonts.pdf,C8,saveas,text+img,496586,0,4101,36836,455649,455649,340115,32,0x20,1.0
corrupted/saveas/text+img/global_ai_technology_investment_and_industry_adoption(saveas)_stream_zlib.pdf,C9,saveas,text+img,496586,0,83500,32439,380647,380647,22,17,0x09,0.0455
corrupted/saveas/text+img/global_ai_technology_investment_and_industry_adoption(saveas)_trailer.pdf,C3,saveas,text+img,496586,-211,496375,0,211,0,,,,
corrupted/saveas/text+img/global_ai_technology_investment_and_industry_adoption(saveas)_xref.pdf,C2,saveas,text+img,496586,-29174,467078,334,29174,0,,,,
corrupted/saveas/text+img/global_climate_change_indicators_and_ghg_emissions(saveas)_font_mapping_loss.pdf,C6,saveas,text+img,478364,-411,313,427014,51037,50626,,,,
corrupted/saveas/text+img/global_climate_change_indicators_and_ghg_emissions(saveas)_header.pdf,C1,saveas,text+img,478364,0,0,478352,12,12,12,0,0x64,0.0833
corrupted/saveas/text+img/global_climate_change_indicators_and_ghg_emissions(saveas)_object_header.pdf,C5,saveas,text+img,478364,-8,16,478340,8,0,,,,
corrupted/saveas/text+img/global_climate_change_indicators_and_ghg_emissions(saveas)_page_tree.pdf,C4,saveas,text+img,478364,-117,41,478092,231,114,,,,
corrupted/saveas/text+img/global_climate_change_indicators_and_ghg_emissions(saveas)_partial_cut.pdf,C10,saveas,text+img,478364,-143510,334854,0,143510,0,,,,
corrupted/saveas/text+img/global_climate_change_indicators_and_ghg_emissions(saveas)_remove_fonts.pdf,C7,saveas,text+img,478364,0,4409,37994,435961,435961,312320,20,0x20,1.0
corrupted/saveas/text+img/global_climate_change_indicators_and_ghg_emissions(saveas)_remove_unicode_fonts.pdf,C8,saveas,text+img,478364,0,4409,37994,435961,435961,321531,35,0x20,1.0
corrupted/saveas/text+img/global_climate_change_indicators_and_ghg_emissions(saveas)_stream_zlib.pdf,C9,saveas,text+img,478364,0,23269,33432,421663,421663,21,14,0xa5,0.0476
corrupted/saveas/text+img/global_climate_change_indicators_and_ghg_emissions(saveas)_trailer.pdf,C3,saveas,text+img,478364,-211,478153,0,211,0,,,,
corrupted/saveas/text+img/global_climate_change_indicators_and_ghg_emissions(saveas)_xref.pdf,C2,saveas,text+img,478364,-30434,447596,334,30434,0,,,,
corrupted/saveas/text+img/global_esports_and_gaming_industry_growth(saveas)_font_mapping_loss.pdf,C6,saveas,text+img,556919,-355,313,484377,72229,71874,,,,
corrupted/saveas/text+img/global_esports_and_gaming_industry_growth(saveas)_header.pdf,C1,saveas,text+img,556919,0,0,556907,12,12,12,0,0x72,0.0833
corrupted/saveas/text+img/global_esports_and_gaming_industry_growth(saveas)_object_header.pdf,C5,saveas,text+img,556919,-8,16,556895,8,0,,,,
corrupted/saveas/text+img/global_esports_and_gaming_industry_growth(saveas)_page_tree.pdf,C4,saveas,text+img,556919,-67,41,556675,203,136,,,,
corrupted/saveas/text+img/global_esports_and_gaming_industry_growth(saveas)_partial_cut.pdf,C10,saveas,text+img,556919,-167076,389843,0,167076,0,,,,
corrupted/saveas/text+img/global_esports_and_gaming_industry_growth(saveas)_remove_fonts.pdf,C7,saveas,text+img,556919,0,4369,38274,514276,514276,399103,21,0x20,1.0
corrupted/saveas/text+img/global_esports_and_gaming_industry_growth(saveas)_remove_unicode_fonts.pdf,C8,saveas,text+img,556919,0,4369,38274,514276,514276,407807,35,0x20,1.0
corrupted/saveas/text+img/global_esports_and_gaming_industry_growth(saveas)_stream_zlib.pdf,C9,saveas,text+img,556919,0,5489,33851,517579,517579,15,13,0xb7,0.0667
corrupted/saveas/text+img/global_esports_and_gaming_industry_growth(saveas)_trailer.pdf,C3,saveas,text+img,556919,-211,556708,0,211,0,,,,
corrupted/saveas/text+img/global_esports_and_gaming_industry_growth(saveas)_xref.pdf,C2,saveas,text+img,556919,-30334,526251,334,30334,0,,,,
corrupted/saveas/text+img/global_ev_market_growth_statistics(saveas)_font_mapping_loss.pdf,C6,saveas,text+img,475655,-340,312,406642,68701,68361,,,,
corrupted/saveas/text+img/global_ev_market_growth_statistics(saveas)_header.pdf,C1,saveas,text+img,475655,0,0,475643,12,12,12,0,0x42,0.0833
corrupted/saveas/text+img/global_ev_market_growth_statistics(saveas)_object_header.pdf,C5,saveas,text+img,475655,-8,16,475631,8,0,,,,
corrupted/saveas/text+img/global_ev_market_growth_statistics(saveas)_page_tree.pdf,C4,saveas,text+img,475655,-102,42,475408,205,103,,,,
corrupted/saveas/text+img/global_ev_market_growth_statistics(saveas)_partial_cut.pdf,C10,saveas,text+img,475655,-142697,332958,0,142697,0,,,,
corrupted/saveas/text+img/global_ev_market_growth_statistics(saveas)_remove_fonts.pdf,C7,saveas,text+img,475655,0,3889,31977,439789,439789,315004,20,0x20,1.0
corrupted/saveas/text+img/global_ev_market_growth_statistics(saveas)_remove_unicode_fonts.pdf,C8,saveas,text+img,475655,0,3889,31977,439789,439789,322171,31,0x20,1.0
corrupted/saveas/text+img/global_ev_market_growth_statistics(saveas)_stream_zlib.pdf,C9,saveas,text+img,475655,0,40680,27265,407710,407710,21,18,0x83,0.0952
corrupted/saveas/text+img/global_ev_market_growth_statistics(saveas)_trailer.pdf,C3,saveas,text+img,475655,-211,475444,0,211,0,,,,
corrupted/saveas/text+img/global_ev_market_growth_statistics(saveas)_xref.pdf,C2,saveas,text+img,475655,-24854,450467,334,24854,0,,,,
corrupted/saveas/text+img/global_healthcare_digital_health_patient_data_trends(saveas)_font_mapping_loss.pdf,C6,saveas,text+img,3093594,-346,313,3021106,72175,71829,,,,
corrupted/saveas/text+img/global_healthcare_digital_health_patient_data_trends(saveas)_header.pdf,C1,saveas,text+img,3093594,0,0,3093582,12,12,12,0,0xb2,0.0833
corrupted/saveas/text+img/global_healthcare_digital_health_patient_data_trends(saveas)_object_header.pdf,C5,saveas,text+img,3093594,-8,16,3093570,8,0,,,,
corrupted/saveas/text+img/global_healthcare_digital_health_patient_data_trends(saveas)_page_tree.pdf,C4,saveas,text+img,3093594,-92,41,3093325,228,136,,,,
corrupted/saveas/text+img/global_healthcare_digital_health_patient_data_trends(saveas)_partial_cut.pdf,C10,saveas,text+img,3093594,-928079,2165515,0,928079,0,,,,
corrupted/saveas/text+img/global_healthcare_digital_health_patient_data_trends(saveas)_remove_fonts.pdf,C7,saveas,text+img,3093594,0,4216,41904,3047474,3047474,2921257,19,0x20,1.0
corrupted/saveas/text+img/global_healthcare_digital_health_patient_data_trends(saveas)_remove_unicode_fonts.pdf,C8,saveas,text+img,3093594,0,4216,41904,3047474,3047474,2929827,34,0x20,1.0
corrupted/saveas/text+img/global_healthcare_digital_health_patient_data_trends(saveas)_stream_zlib.pdf,C9,saveas,text+img,3093594,0,1692,59485,3032417,3032417,26,24,0x40,0.0385
corrupted/saveas/text+img/global_healthcare_digital_health_patient_data_trends(saveas)_trailer.pdf,C3,saveas,text+img,3093594,-215,3093379,0,215,0,,,,
corrupted/saveas/text+img/global_healthcare_digital_health_patient_data_trends(saveas)_xref.pdf,C2,saveas,text+img,3093594,-33674,3059582,338,33674,0,,,,
corrupted/saveas/text+img/global_renewable_energy_generation_and_carbon_reduction_analysis(saveas)_font_mapping_loss.pdf,C6,saveas,text+img,465903,-355,313,383641,81949,81594,,,,
corrupted/saveas/text+img/global_renewable_energy_generation_and_carbon_reduction_analysis(saveas)_header.pdf,C1,saveas,text+img,465903,0,0,465891,12,12,12,0,0x7e,0.0833
corrupted/saveas/text+img/global_renewable_energy_generation_and_carbon_reduction_analysis(saveas)_object_header.pdf,C5,saveas,text+img,465903,-8,16,465879,8,0,,,,
corrupted/saveas/text+img/global_renewable_energy_generation_and_carbon_reduction_analysis(saveas)_page_tree.pdf,C4,saveas,text+img,465903,-114,41,465634,228,114,,,,
corrupted/saveas/text+img/global_renewable_energy_generation_and_carbon_reduction_analysis(saveas)_partial_cut.pdf,C10,saveas,text+img,465903,-139771,326132,0,139771,0,,,,
corrupted/saveas/text+img/global_renewable_energy_generation_and_carbon_reduction_analysis(saveas)_remove_fonts.pdf,C7,saveas,text+img,465903,0,3920,34918,427065,427065,302874,20,0x20,1.0
corrupted/saveas/text+img/global_renewable_energy_generation_and_carbon_reduction_analysis(saveas)_remove_unicode_fonts.pdf,C8,saveas,text+img,465903,0,3920,34918,427065,427065,311480,34,0x20,1.0
corrupted/saveas/text+img/global_renewable_energy_generation_and_carbon_reduction_analysis(saveas)_stream_zlib.pdf,C9,saveas,text+img,465903,0,2702,47178,416023,416023,23,21,0x11,0.087
corrupted/saveas/text+img/global_renewable_energy_generation_and_carbon_reduction_analysis(saveas)_trailer.pdf,C3,saveas,text+img,465903,-211,465692,0,211,0,,,,
corrupted/saveas/text+img/global_renewable_energy_generation_and_carbon_reduction_analysis(saveas)_xref.pdf,C2,saveas,text+img,465903,-27634,437935,334,27634,0,,,,
corrupted/saveas/text+img/international_tourism_trends_country_spending_patterns_multilang(saveas)_font_mapping_loss.pdf,C6,saveas,text+img,421898,-305,312,346444,75142,74837,,,,
corrupted/saveas/text+img/international_tourism_trends_country_spending_patterns_multilang(saveas)_header.pdf,C1,saveas,text+img,421898,0,0,421886,12,12,12,0,0xa3,0.1667
corrupted/saveas/text+img/international_tourism_trends_country_spending_patterns_multilang(saveas)_object_header.pdf,C5,saveas,text+img,421898,-8,16,421874,8,0,,,,
corrupted/saveas/text+img/international_tourism_trends_country_spending_patterns_multilang(saveas)_page_tree.pdf,C4,saveas,text+img,421898,-96,41,421646,211,115,,,,
corrupted/saveas/text+img/international_tourism_trends_country_spending_patterns_multilang(saveas)_partial_cut.pdf,C10,saveas,text+img,421898,-126570,295328,0,126570,0,,,,
corrupted/saveas/text+img/international_tourism_trends_country_spending_patterns_multilang(saveas)_remove_fonts.pdf,C7,saveas,text+img,421898,0,4169,38331,379398,379398,259035,19,0x20,1.0
corrupted/saveas/text+img/international_tourism_trends_country_spending_patterns_multilang(saveas)_remove_unicode_fonts.pdf,C8,saveas,text+img,421898,0,4169,38331,379398,379398,266717,30,0x20,1.0
corrupted/saveas/text+img/international_tourism_trends_country_spending_patterns_multilang(saveas)_stream_zlib.pdf,C9,saveas,text+img,421898,0,2427,36850,382621,382621,19,15,0x98,0.0526
corrupted/saveas/text+img/international_tourism_trends_country_spending_patterns_multilang(saveas)_trailer.pdf,C3,saveas,text+img,421898,-211,421687,0,211,0,,,,
corrupted/saveas/text+img/international_tourism_trends_country_spending_patterns_multilang(saveas)_xref.pdf,C2,saveas,text+img,421898,-30554,391010,334,30554,0,,,,
corrupted/saveas/text+img/mobile_payment_and_fintech_service_expansion(saveas)_font_mapping_loss.pdf,C6,saveas,text+img,492289,-367,312,440844,51133,50766,,,,
corrupted/saveas/text+img/mobile_payment_and_fintech_service_expansion(saveas)_header.pdf,C1,saveas,text+img,492289,0,0,492277,12,12,12,0,0x70,0.1667
corrupted/saveas/text+img/mobile_payment_and_fintech_service_expansion(saveas)_object_header.pdf,C5,saveas,text+img,492289,-8,16,492265,8,0,,,,
corrupted/saveas/text+img/mobile_payment_and_fintech_service_expansion(saveas)_page_tree.pdf,C4,saveas,text+img,492289,-90,41,492047,201,111,,,,
corrupted/saveas/text+img/mobile_payment_and_fintech_service_expansion(saveas)_partial_cut.pdf,C10,saveas,text+img,492289,-147687,344602,0,147687,0,,,,
corrupted/saveas/text+img/mobile_payment_and_fintech_service_expansion(saveas)_remove_fonts.pdf,C7,saveas,text+img,492289,0,4239,39864,448186,448186,326058,20,0x20,1.0
corrupted/saveas/text+img/mobile_payment_and_fintech_service_expansion(saveas)_remove_unicode_fonts.pdf,C8,saveas,text+img,492289,0,4239,39864,448186,448186,334264,33,0x20,1.0
corrupted/saveas/text+img/mobile_payment_and_fintech_service_expansion(saveas)_stream_zlib.pdf,C9,saveas,text+img,492289,0,3442,35128,453719,453719,29,28,0x11,0.0345
corrupted/saveas/text+img/mobile_payment_and_fintech_service_expansion(saveas)_trailer.pdf,C3,saveas,text+img,492289,-211,492078,0,211,0,,,,
corrupted/saveas/text+img/mobile_payment_and_fintech_service_expansion(saveas)_xref.pdf,C2,saveas,text+img,492289,-32014,459941,334,32014,0,,,,
corrupted/saveas/text+img/online_education_elearning_market_growth_analysis(saveas)_font_mapping_loss.pdf,C6,saveas,text+img,459293,-245,311,364871,94111,93866,,,,
corrupted/saveas/text+img/online_education_elearning_market_growth_analysis(saveas)_header.pdf,C1,saveas,text+img,459293,0,0,459281,12,12,12,0,0x44,0.0833
corrupted/saveas/text+img/online_education_elearning_market_growth_analysis(saveas)_object_header.pdf,C5,saveas,text+img,459293,-8,16,459269,8,0,,,,
corrupted/saveas/text+img/online_education_elearning_market_growth_analysis(saveas)_page_tree.pdf,C4,saveas,text+img,459293,-49,41,459068,184,135,,,,
corrupted/saveas/text+img/online_education_elearning_market_growth_analysis(saveas)_partial_cut.pdf,C10,saveas,text+img,459293,-137788,321505,0,137788,0,,,,
corrupted/saveas/text+img/online_education_elearning_market_growth_analysis(saveas)_remove_fonts.pdf,C7,saveas,text+img,459293,0,4124,38886,416283,416283,284379,14,0x20,1.0
corrupted/saveas/text+img/online_education_elearning_market_growth_analysis(saveas)_remove_unicode_fonts.pdf,C8,saveas,text+img,459293,0,4124,38886,416283,416283,290655,23,0x20,1.0
corrupted/saveas/text+img/online_education_elearning_market_growth_analysis(saveas)_stream_zlib.pdf,C9,saveas,text+img,459293,0,35710,32754,390829,390829,17,13,0xdf,0.1176
corrupted/saveas/text+img/online_education_elearning_market_growth_analysis(saveas)_trailer.pdf,C3,saveas,text+img,459293,-210,459083,0,210,0,,,,
corrupted/saveas/text+img/online_education_elearning_market_growth_analysis(saveas)_xref.pdf,C2,saveas,text+img,459293,-30914,428047,332,30914,0,,,,
