file,mode,kind,comp_len,decomp_len,header,match
original/print/text/AI_Development_MultiLanguage(print).pdf,print,fontfile,10295,21080,789c,
original/print/text/AI_Development_MultiLanguage(print).pdf,print,fontfile,96384,230284,789c,
original/print/text/AI_Development_MultiLanguage(print).pdf,print,fontfile,29660,75740,789c,
original/print/text/AI_Development_MultiLanguage(print).pdf,print,fontfile,15997,38328,789c,
original/print/text/AI_Development_MultiLanguage(print).pdf,print,content,3522,21953,789c,
original/print/text/AI_Development_MultiLanguage(print).pdf,print,fontfile,11101,45580,789c,
original/print/text/AI_Development_MultiLanguage(print).pdf,print,content,76894,200724,789c,
original/print/text/AI_Development_MultiLanguage(print).pdf,print,other,76644,200730,789c,
original/print/text/AI_Development_MultiLanguage(print).pdf,print,other,76851,200740,789c,
original/print/text/AI_Development_MultiLanguage(print).pdf,print,content,76358,200708,789c,
original/print/text/AI_Development_MultiLanguage(print).pdf,print,fontfile,48373,131580,789c,
original/print/text/AI_Development_MultiLanguage(print).pdf,print,other,48026,128217,789c,
original/print/text/AI_Development_MultiLanguage(print).pdf,print,fontfile,29804,78408,789c,
original/print/text/AI_Development_MultiLanguage(print).pdf,print,fontfile,26270,56904,789c,
original/print/text/AI_Development_MultiLanguage(print).pdf,print,fontfile,57093,119812,789c,
original/print/text/AI_Development_MultiLanguage(print).pdf,print,content,5971,64072,789c,
original/print/text/AI_Development_MultiLanguage(print).pdf,print,fontfile,6471,11404,789c,
original/print/text/AI_Development_MultiLanguage(print).pdf,print,fontfile,17631,42092,789c,
original/print/text/AI_Development_MultiLanguage(print).pdf,print,fontfile,52254,133580,789c,
original/print/text/AI_Development_MultiLanguage(print).pdf,print,content,3401,24373,789c,
original/print/text/AI_Development_MultiLanguage(print).pdf,print,fontfile,10024,28016,789c,
original/print/text/AI_Development_MultiLanguage(print).pdf,print,fontfile,8954,18464,789c,
original/print/text/AI_Development_MultiLanguage(print).pdf,print,fontfile,26993,52672,789c,
original/print/text/AI_Development_MultiLanguage(print).pdf,print,content,3210,22214,789c,
original/print/text/AI_Development_MultiLanguage(print).pdf,print,fontfile,25765,57096,789c,
original/print/text/AI_Development_MultiLanguage(print).pdf,print,fontfile,30960,75556,789c,
original/print/text/AI_Development_MultiLanguage(print).pdf,print,fontfile,41972,108776,789c,
original/print/text/AI_Development_MultiLanguage(print).pdf,print,content,6218,71024,789c,
original/print/text/AeroChef_Drone_Delivery_Cooking_Service(print).pdf,print,fontfile,15029,37164,789c,
original/print/text/AeroChef_Drone_Delivery_Cooking_Service(print).pdf,print,fontfile,11366,22696,789c,
original/print/text/AeroChef_Drone_Delivery_Cooking_Service(print).pdf,print,fontfile,11673,23900,789c,
original/print/text/AeroChef_Drone_Delivery_Cooking_Service(print).pdf,print,fontfile,9744,16336,789c,
original/print/text/AeroChef_Drone_Delivery_Cooking_Service(print).pdf,print,content,3960,29343,789c,
original/print/text/AeroChef_Drone_Delivery_Cooking_Service(print).pdf,print,fontfile,5348,53024,789c,
original/print/text/AeroChef_Drone_Delivery_Cooking_Service(print).pdf,print,fontfile,78512,142012,789c,
original/print/text/AeroChef_Drone_Delivery_Cooking_Service(print).pdf,print,fontfile,26043,96832,789c,
original/print/text/AeroChef_Drone_Delivery_Cooking_Service(print).pdf,print,fontfile,96384,230284,789c,
original/print/text/AeroChef_Drone_Delivery_Cooking_Service(print).pdf,print,content,1972,10462,789c,
original/print/text/AeroChef_Drone_Delivery_Cooking_Service(print).pdf,print,fontfile,11901,27576,789c,
original/print/text/AeroChef_Drone_Delivery_Cooking_Service(print).pdf,print,fontfile,21761,57064,789c,
original/print/text/AeroChef_Drone_Delivery_Cooking_Service(print).pdf,print,fontfile,41502,99888,789c,
original/print/text/AeroChef_Drone_Delivery_Cooking_Service(print).pdf,print,content,6074,56448,789c,
original/print/text/AeroChef_Drone_Delivery_Cooking_Service(print).pdf,print,fontfile,40784,96708,789c,
original/print/text/AeroChef_Drone_Delivery_Cooking_Service(print).pdf,print,fontfile,52468,133716,789c,
original/print/text/AeroChef_Drone_Delivery_Cooking_Service(print).pdf,print,fontfile,7382,12532,789c,
original/print/text/AeroChef_Drone_Delivery_Cooking_Service(print).pdf,print,content,2674,18841,789c,
original/print/text/AeroChef_Drone_Delivery_Cooking_Service(print).pdf,print,fontfile,10250,28244,789c,
original/print/text/AeroChef_Drone_Delivery_Cooking_Service(print).pdf,print,fontfile,27646,53304,789c,
original/print/text/AeroChef_Drone_Delivery_Cooking_Service(print).pdf,print,content,3665,27222,789c,
original/print/text/AeroChef_Drone_Delivery_Cooking_Service(print).pdf,print,fontfile,21285,48116,789c,
original/print/text/AeroChef_Drone_Delivery_Cooking_Service(print).pdf,print,fontfile,36034,76912,789c,
original/print/text/AeroChef_Drone_Delivery_Cooking_Service(print).pdf,print,fontfile,33595,79944,789c,
original/print/text/AeroChef_Drone_Delivery_Cooking_Service(print).pdf,print,content,5920,63853,789c,
original/print/text/Aurora_VR_AR_Game_Lineup_Multilingual(print).pdf,print,fontfile,29922,76304,789c,
original/print/text/Aurora_VR_AR_Game_Lineup_Multilingual(print).pdf,print,content,58843,200715,789c,
original/print/text/Aurora_VR_AR_Game_Lineup_Multilingual(print).pdf,print,fontfile,96384,230284,789c,
original/print/text/Aurora_VR_AR_Game_Lineup_Multilingual(print).pdf,print,content,4097,11798,789c,
original/print/text/Aurora_VR_AR_Game_Lineup_Multilingual(print).pdf,print,content,76694,200743,789c,
original/print/text/Aurora_VR_AR_Game_Lineup_Multilingual(print).pdf,print,other,76439,200742,789c,
original/print/text/Aurora_VR_AR_Game_Lineup_Multilingual(print).pdf,print,other,76947,200741,789c,
original/print/text/Aurora_VR_AR_Game_Lineup_Multilingual(print).pdf,print,other,76941,200745,789c,
original/print/text/Aurora_VR_AR_Game_Lineup_Multilingual(print).pdf,print,other,76637,200707,789c,
original/print/text/Aurora_VR_AR_Game_Lineup_Multilingual(print).pdf,print,other,77433,200753,789c,
original/print/text/Aurora_VR_AR_Game_Lineup_Multilingual(print).pdf,print,other,76637,200717,789c,
original/print/text/Aurora_VR_AR_Game_Lineup_Multilingual(print).pdf,print,other,76832,200739,789c,
original/print/text/Aurora_VR_AR_Game_Lineup_Multilingual(print).pdf,print,other,77027,200709,789c,
original/print/text/Aurora_VR_AR_Game_Lineup_Multilingual(print).pdf,print,other,76432,200712,789c,
original/print/text/Aurora_VR_AR_Game_Lineup_Multilingual(print).pdf,print,other,76559,200712,789c,
original/print/text/Aurora_VR_AR_Game_Lineup_Multilingual(print).pdf,print,other,77268,200717,789c,
original/print/text/Aurora_VR_AR_Game_Lineup_Multilingual(print).pdf,print,other,76548,200758,789c,
original/print/text/Aurora_VR_AR_Game_Lineup_Multilingual(print).pdf,print,other,76868,200768,789c,
original/print/text/Aurora_VR_AR_Game_Lineup_Multilingual(print).pdf,print,fontfile,11894,61516,789c,
original/print/text/Aurora_VR_AR_Game_Lineup_Multilingual(print).pdf,print,other,47293,121577,789c,
original/print/text/Aurora_VR_AR_Game_Lineup_Multilingual(print).pdf,print,fontfile,38809,93908,789c,
original/print/text/Aurora_VR_AR_Game_Lineup_Multilingual(print).pdf,print,fontfile,37674,93732,789c,
original/print/text/Aurora_VR_AR_Game_Lineup_Multilingual(print).pdf,print,content,6524,101755,789c,
original/print/text/Aurora_VR_AR_Game_Lineup_Multilingual(print).pdf,print,fontfile,43479,102792,789c,
original/print/text/Aurora_VR_AR_Game_Lineup_Multilingual(print).pdf,print,fontfile,7218,12284,789c,
original/print/text/Aurora_VR_AR_Game_Lineup_Multilingual(print).pdf,print,content,4963,38275,789c,
original/print/text/Aurora_VR_AR_Game_Lineup_Multilingual(print).pdf,print,fontfile,27226,52680,789c,
original/print/text/Aurora_VR_AR_Game_Lineup_Multilingual(print).pdf,print,content,5315,40126,789c,
original/print/text/Aurora_VR_AR_Game_Lineup_Multilingual(print).pdf,print,fontfile,25675,56916,789c,
original/print/text/Aurora_VR_AR_Game_Lineup_Multilingual(print).pdf,print,fontfile,32535,70440,789c,
original/print/text/Aurora_VR_AR_Game_Lineup_Multilingual(print).pdf,print,content,9741,123897,789c,
original/print/text/Autonomous_Vehicle_Accident_Report(print).pdf,print,fontfile,26646,65348,789c,
original/print/text/Autonomous_Vehicle_Accident_Report(print).pdf,print,fontfile,96384,230284,789c,
original/print/text/Autonomous_Vehicle_Accident_Report(print).pdf,print,fontfile,17492,40120,789c,
original/print/text/Autonomous_Vehicle_Accident_Report(print).pdf,print,content,60498,200742,789c,
original/print/text/Autonomous_Vehicle_Accident_Report(print).pdf,print,other,3388,10440,789c,
original/print/text/Autonomous_Vehicle_Accident_Report(print).pdf,print,fontfile,26260,81156,789c,
original/print/text/Autonomous_Vehicle_Accident_Report(print).pdf,print,fontfile,38332,88240,789c,
original/print/text/Autonomous_Vehicle_Accident_Report(print).pdf,print,content,2185,12993,789c,
original/print/text/Autonomous_Vehicle_Accident_Report(print).pdf,print,fontfile,16590,37776,789c,
original/print/text/Autonomous_Vehicle_Accident_Report(print).pdf,print,fontfile,55833,122308,789c,
original/print/text/Autonomous_Vehicle_Accident_Report(print).pdf,print,fontfile,16134,43080,789c,
original/print/text/Autonomous_Vehicle_Accident_Report(print).pdf,print,content,4842,42494,789c,
original/print/text/Autonomous_Vehicle_Accident_Report(print).pdf,print,fontfile,50466,130760,789c,
original/print/text/Autonomous_Vehicle_Accident_Report(print).pdf,print,fontfile,45874,108052,789c,
original/print/text/Autonomous_Vehicle_Accident_Report(print).pdf,print,fontfile,18880,43912,789c,
original/print/text/Autonomous_Vehicle_Accident_Report(print).pdf,print,fontfile,9906,19624,789c,
original/print/text/Autonomous_Vehicle_Accident_Report(print).pdf,print,content,3983,27506,789c,
original/print/text/Autonomous_Vehicle_Accident_Report(print).pdf,print,content,3486,24397,789c,
original/print/text/Autonomous_Vehicle_Accident_Report(print).pdf,print,fontfile,35594,80380,789c,
original/print/text/Autonomous_Vehicle_Accident_Report(print).pdf,print,fontfile,29676,65392,789c,
original/print/text/Autonomous_Vehicle_Accident_Report(print).pdf,print,fontfile,9811,20016,789c,
original/print/text/Autonomous_Vehicle_Accident_Report(print).pdf,print,content,6473,61667,789c,
original/print/text/BioNext_Data_Leak_Report(print).pdf,print,fontfile,6789,11948,789c,
original/print/text/BioNext_Data_Leak_Report(print).pdf,print,fontfile,96384,230284,789c,
original/print/text/BioNext_Data_Leak_Report(print).pdf,print,fontfile,17653,40316,789c,
original/print/text/BioNext_Data_Leak_Report(print).pdf,print,fontfile,33607,82676,789c,
original/print/text/BioNext_Data_Leak_Report(print).pdf,print,content,4240,28012,789c,
original/print/text/BioNext_Data_Leak_Report(print).pdf,print,fontfile,17520,82076,789c,
original/print/text/BioNext_Data_Leak_Report(print).pdf,print,content,75051,200736,789c,
original/print/text/BioNext_Data_Leak_Report(print).pdf,print,other,75673,200705,789c,
original/print/text/BioNext_Data_Leak_Report(print).pdf,print,other,75400,200759,789c,
original/print/text/BioNext_Data_Leak_Report(print).pdf,print,other,75349,200750,789c,
original/print/text/BioNext_Data_Leak_Report(print).pdf,print,other,75661,200727,789c,
original/print/text/BioNext_Data_Leak_Report(print).pdf,print,fontfile,50345,101924,789c,
original/print/text/BioNext_Data_Leak_Report(print).pdf,print,other,18941,52668,789c,
original/print/text/BioNext_Data_Leak_Report(print).pdf,print,fontfile,40664,91172,789c,
original/print/text/BioNext_Data_Leak_Report(print).pdf,print,fontfile,19697,37384,789c,
original/print/text/BioNext_Data_Leak_Report(print).pdf,print,fontfile,41199,100668,789c,
original/print/text/BioNext_Data_Leak_Report(print).pdf,print,content,5962,54352,789c,
original/print/text/BioNext_Data_Leak_Report(print).pdf,print,fontfile,6517,11424,789c,
original/print/text/BioNext_Data_Leak_Report(print).pdf,print,fontfile,47095,111248,789c,
original/print/text/BioNext_Data_Leak_Report(print).pdf,print,fontfile,14501,36680,789c,
original/print/text/BioNext_Data_Leak_Report(print).pdf,print,content,4007,26855,789c,
original/print/text/BioNext_Data_Leak_Report(print).pdf,print,fontfile,5497,12908,789c,
original/print/text/BioNext_Data_Leak_Report(print).pdf,print,fontfile,10782,21140,789c,
original/print/text/BioNext_Data_Leak_Report(print).pdf,print,fontfile,2625,49804,789c,
original/print/text/BioNext_Data_Leak_Report(print).pdf,print,fontfile,12479,31332,789c,
original/print/text/BioNext_Data_Leak_Report(print).pdf,print,content,3912,27124,789c,
original/print/text/BioNext_Data_Leak_Report(print).pdf,print,fontfile,35005,81112,789c,
original/print/text/BioNext_Data_Leak_Report(print).pdf,print,fontfile,37173,86420,789c,
original/print/text/BioNext_Data_Leak_Report(print).pdf,print,fontfile,10621,21676,789c,
original/print/text/BioNext_Data_Leak_Report(print).pdf,print,content,5724,56011,789c,
original/print/text/Digital_Minimalism(print).pdf,print,fontfile,7444,13160,789c,
original/print/text/Digital_Minimalism(print).pdf,print,fontfile,96384,230284,789c,
original/print/text/Digital_Minimalism(print).pdf,print,content,60772,200762,789c,
original/print/text/Digital_Minimalism(print).pdf,print,other,60550,200724,789c,
original/print/text/Digital_Minimalism(print).pdf,print,other,61384,200726,789c,
original/print/text/Digital_Minimalism(print).pdf,print,other,61287,200751,789c,
original/print/text/Digital_Minimalism(print).pdf,print,fontfile,16119,38508,789c,
original/print/text/Digital_Minimalism(print).pdf,print,other,42630,143219,789c,
original/print/text/Digital_Minimalism(print).pdf,print,fontfile,33195,77380,789c,
original/print/text/Digital_Minimalism(print).pdf,print,fontfile,7020,56676,789c,
original/print/text/Digital_Minimalism(print).pdf,print,fontfile,52844,138340,789c,
original/print/text/Digital_Minimalism(print).pdf,print,fontfile,27127,82508,789c,
original/print/text/Digital_Minimalism(print).pdf,print,content,1967,8979,789c,
original/print/text/Digital_Minimalism(print).pdf,print,fontfile,15752,42740,789c,
original/print/text/Digital_Minimalism(print).pdf,print,fontfile,17518,37968,789c,
original/print/text/Digital_Minimalism(print).pdf,print,fontfile,50590,114832,789c,
original/print/text/Digital_Minimalism(print).pdf,print,content,6655,70028,789c,
original/print/text/Digital_Minimalism(print).pdf,print,fontfile,11371,30716,789c,
original/print/text/Digital_Minimalism(print).pdf,print,fontfile,42872,101816,789c,
original/print/text/Digital_Minimalism(print).pdf,print,fontfile,51668,132472,789c,
original/print/text/Digital_Minimalism(print).pdf,print,content,3478,23582,789c,
original/print/text/Digital_Minimalism(print).pdf,print,fontfile,5117,12604,789c,
original/print/text/Digital_Minimalism(print).pdf,print,fontfile,27088,52784,789c,
original/print/text/Digital_Minimalism(print).pdf,print,content,3597,26623,789c,
original/print/text/Digital_Minimalism(print).pdf,print,fontfile,7786,15972,789c,
original/print/text/Digital_Minimalism(print).pdf,print,fontfile,26061,58220,789c,
original/print/text/Digital_Minimalism(print).pdf,print,fontfile,41188,105080,789c,
original/print/text/Digital_Minimalism(print).pdf,print,content,6627,79569,789c,
original/print/text/E-Payment_Service_Outage_Report(print).pdf,print,fontfile,6958,12196,789c,
original/print/text/E-Payment_Service_Outage_Report(print).pdf,print,fontfile,96384,230284,789c,
original/print/text/E-Payment_Service_Outage_Report(print).pdf,print,content,62632,200748,789c,
original/print/text/E-Payment_Service_Outage_Report(print).pdf,print,fontfile,17537,40184,789c,
original/print/text/E-Payment_Service_Outage_Report(print).pdf,print,other,59170,200714,789c,
original/print/text/E-Payment_Service_Outage_Report(print).pdf,print,content,396,1998,789c,
original/print/text/E-Payment_Service_Outage_Report(print).pdf,print,fontfile,5015,52636,789c,
original/print/text/E-Payment_Service_Outage_Report(print).pdf,print,fontfile,31845,105380,789c,
original/print/text/E-Payment_Service_Outage_Report(print).pdf,print,fontfile,75116,137052,789c,
original/print/text/E-Payment_Service_Outage_Report(print).pdf,print,content,2156,12122,789c,
original/print/text/E-Payment_Service_Outage_Report(print).pdf,print,fontfile,14442,39540,789c,
original/print/text/E-Payment_Service_Outage_Report(print).pdf,print,fontfile,52025,115832,789c,
original/print/text/E-Payment_Service_Outage_Report(print).pdf,print,fontfile,21162,41544,789c,
original/print/text/E-Payment_Service_Outage_Report(print).pdf,print,content,6113,52535,789c,
original/print/text/E-Payment_Service_Outage_Report(print).pdf,print,fontfile,11520,30916,789c,
original/print/text/E-Payment_Service_Outage_Report(print).pdf,print,fontfile,54332,137696,789c,
original/print/text/E-Payment_Service_Outage_Report(print).pdf,print,fontfile,45872,108576,789c,
original/print/text/E-Payment_Service_Outage_Report(print).pdf,print,content,4154,28601,789c,
original/print/text/E-Payment_Service_Outage_Report(print).pdf,print,fontfile,5063,12368,789c,
original/print/text/E-Payment_Service_Outage_Report(print).pdf,print,fontfile,30370,57896,789c,
original/print/text/E-Payment_Service_Outage_Report(print).pdf,print,content,4521,31477,789c,
original/print/text/E-Payment_Service_Outage_Report(print).pdf,print,fontfile,7287,14932,789c,
original/print/text/E-Payment_Service_Outage_Report(print).pdf,print,fontfile,44587,119568,789c,
original/print/text/E-Payment_Service_Outage_Report(print).pdf,print,fontfile,28257,62216,789c,
original/print/text/E-Payment_Service_Outage_Report(print).pdf,print,content,6409,64420,789c,
original/print/text/EcoWave_Sustainable_Fashion_Collection(print).pdf,print,fontfile,9162,18008,789c,
original/print/text/EcoWave_Sustainable_Fashion_Collection(print).pdf,print,fontfile,8368,14376,789c,
original/print/text/EcoWave_Sustainable_Fashion_Collection(print).pdf,print,fontfile,11673,23900,789c,
original/print/text/EcoWave_Sustainable_Fashion_Collection(print).pdf,print,fontfile,32021,79596,789c,
original/print/text/EcoWave_Sustainable_Fashion_Collection(print).pdf,print,fontfile,96384,230284,789c,
original/print/text/EcoWave_Sustainable_Fashion_Collection(print).pdf,print,content,3738,26308,789c,
original/print/text/EcoWave_Sustainable_Fashion_Collection(print).pdf,print,fontfile,23933,77592,789c,
original/print/text/EcoWave_Sustainable_Fashion_Collection(print).pdf,print,fontfile,65353,123884,789c,
original/print/text/EcoWave_Sustainable_Fashion_Collection(print).pdf,print,content,21022,56905,789c,
original/print/text/EcoWave_Sustainable_Fashion_Collection(print).pdf,print,fontfile,18007,47172,789c,
original/print/text/EcoWave_Sustainable_Fashion_Collection(print).pdf,print,fontfile,53076,111548,789c,
original/print/text/EcoWave_Sustainable_Fashion_Collection(print).pdf,print,content,5033,48716,789c,
original/print/text/EcoWave_Sustainable_Fashion_Collection(print).pdf,print,fontfile,11152,30248,789c,
original/print/text/EcoWave_Sustainable_Fashion_Collection(print).pdf,print,fontfile,7513,12796,789c,
original/print/text/EcoWave_Sustainable_Fashion_Collection(print).pdf,print,fontfile,53049,136132,789c,
original/print/text/EcoWave_Sustainable_Fashion_Collection(print).pdf,print,content,3111,21598,789c,
original/print/text/EcoWave_Sustainable_Fashion_Collection(print).pdf,print,fontfile,9567,27160,789c,
original/print/text/EcoWave_Sustainable_Fashion_Collection(print).pdf,print,fontfile,27473,53240,789c,
original/print/text/EcoWave_Sustainable_Fashion_Collection(print).pdf,print,fontfile,8180,17188,789c,
original/print/text/EcoWave_Sustainable_Fashion_Collection(print).pdf,print,content,2951,19195,789c,
original/print/text/EcoWave_Sustainable_Fashion_Collection(print).pdf,print,fontfile,32234,70380,789c,
original/print/text/EcoWave_Sustainable_Fashion_Collection(print).pdf,print,fontfile,11403,23516,789c,
original/print/text/EcoWave_Sustainable_Fashion_Collection(print).pdf,print,fontfile,34617,73952,789c,
original/print/text/EcoWave_Sustainable_Fashion_Collection(print).pdf,print,content,6139,59637,789c,
original/print/text/EduBot_AI_Learning_Robot_Series(print).pdf,print,fontfile,29629,75428,789c,
original/print/text/EduBot_AI_Learning_Robot_Series(print).pdf,print,fontfile,11673,23900,789c,
original/print/text/EduBot_AI_Learning_Robot_Series(print).pdf,print,fontfile,16774,39216,789c,
original/print/text/EduBot_AI_Learning_Robot_Series(print).pdf,print,fontfile,96384,230284,789c,
original/print/text/EduBot_AI_Learning_Robot_Series(print).pdf,print,content,13132,50715,789c,
original/print/text/EduBot_AI_Learning_Robot_Series(print).pdf,print,fontfile,35648,110688,789c,
original/print/text/EduBot_AI_Learning_Robot_Series(print).pdf,print,fontfile,16623,67884,789c,
original/print/text/EduBot_AI_Learning_Robot_Series(print).pdf,print,content,24957,68355,789c,
original/print/text/EduBot_AI_Learning_Robot_Series(print).pdf,print,fontfile,11862,26984,789c,
original/print/text/EduBot_AI_Learning_Robot_Series(print).pdf,print,fontfile,24433,52916,789c,
original/print/text/EduBot_AI_Learning_Robot_Series(print).pdf,print,fontfile,43133,103432,789c,
original/print/text/EduBot_AI_Learning_Robot_Series(print).pdf,print,content,5409,52620,789c,
original/print/text/EduBot_AI_Learning_Robot_Series(print).pdf,print,fontfile,15785,39596,789c,
original/print/text/EduBot_AI_Learning_Robot_Series(print).pdf,print,fontfile,43341,102528,789c,
original/print/text/EduBot_AI_Learning_Robot_Series(print).pdf,print,fontfile,53917,135964,789c,
original/print/text/EduBot_AI_Learning_Robot_Series(print).pdf,print,content,3125,20745,789c,
original/print/text/EduBot_AI_Learning_Robot_Series(print).pdf,print,fontfile,7425,15236,789c,
original/print/text/EduBot_AI_Learning_Robot_Series(print).pdf,print,fontfile,7711,16300,789c,
original/print/text/EduBot_AI_Learning_Robot_Series(print).pdf,print,content,2861,21426,789c,
original/print/text/EduBot_AI_Learning_Robot_Series(print).pdf,print,fontfile,24628,64812,789c,
original/print/text/EduBot_AI_Learning_Robot_Series(print).pdf,print,fontfile,26352,58344,789c,
original/print/text/EduBot_AI_Learning_Robot_Series(print).pdf,print,fontfile,37566,79596,789c,
original/print/text/EduBot_AI_Learning_Robot_Series(print).pdf,print,content,6022,62447,789c,
original/print/text/Evolution_Biodegradable_Plastics(print).pdf,print,fontfile,96384,230284,789c,
original/print/text/Evolution_Biodegradable_Plastics(print).pdf,print,fontfile,8443,14552,789c,
original/print/text/Evolution_Biodegradable_Plastics(print).pdf,print,fontfile,15857,38156,789c,
original/print/text/Evolution_Biodegradable_Plastics(print).pdf,print,content,31248,115595,789c,
original/print/text/Evolution_Biodegradable_Plastics(print).pdf,print,fontfile,18955,84216,789c,
original/print/text/Evolution_Biodegradable_Plastics(print).pdf,print,fontfile,23529,77168,789c,
original/print/text/Evolution_Biodegradable_Plastics(print).pdf,print,fontfile,97737,170380,789c,
original/print/text/Evolution_Biodegradable_Plastics(print).pdf,print,content,1722,7082,789c,
original/print/text/Evolution_Biodegradable_Plastics(print).pdf,print,fontfile,12813,29156,789c,
original/print/text/Evolution_Biodegradable_Plastics(print).pdf,print,fontfile,17506,46472,789c,
original/print/text/Evolution_Biodegradable_Plastics(print).pdf,print,fontfile,54726,115000,789c,
original/print/text/Evolution_Biodegradable_Plastics(print).pdf,print,content,8198,90198,789c,
original/print/text/Evolution_Biodegradable_Plastics(print).pdf,print,fontfile,40847,96320,789c,
original/print/text/Evolution_Biodegradable_Plastics(print).pdf,print,fontfile,12634,33024,789c,
original/print/text/Evolution_Biodegradable_Plastics(print).pdf,print,fontfile,51742,132544,789c,
original/print/text/Evolution_Biodegradable_Plastics(print).pdf,print,content,3951,28314,789c,
original/print/text/Evolution_Biodegradable_Plastics(print).pdf,print,fontfile,26533,51984,789c,
original/print/text/Evolution_Biodegradable_Plastics(print).pdf,print,fontfile,6468,14588,789c,
original/print/text/Evolution_Biodegradable_Plastics(print).pdf,print,content,3762,27364,789c,
original/print/text/Evolution_Biodegradable_Plastics(print).pdf,print,fontfile,7729,15912,789c,
original/print/text/Evolution_Biodegradable_Plastics(print).pdf,print,fontfile,25490,56368,789c,
original/print/text/Evolution_Biodegradable_Plastics(print).pdf,print,fontfile,42691,108928,789c,
original/print/text/Evolution_Biodegradable_Plastics(print).pdf,print,content,7835,95925,789c,
original/print/text/Evolution_Food_Culture_Alternative_Foods(print).pdf,print,fontfile,28085,71868,789c,
original/print/text/Evolution_Food_Culture_Alternative_Foods(print).pdf,print,fontfile,96384,230284,789c,
original/print/text/Evolution_Food_Culture_Alternative_Foods(print).pdf,print,fontfile,16058,38384,789c,
original/print/text/Evolution_Food_Culture_Alternative_Foods(print).pdf,print,content,58875,200759,789c,
original/print/text/Evolution_Food_Culture_Alternative_Foods(print).pdf,print,content,61363,200724,789c,
original/print/text/Evolution_Food_Culture_Alternative_Foods(print).pdf,print,other,36649,119917,789c,
original/print/text/Evolution_Food_Culture_Alternative_Foods(print).pdf,print,fontfile,77231,140132,789c,
original/print/text/Evolution_Food_Culture_Alternative_Foods(print).pdf,print,fontfile,51707,137208,789c,
original/print/text/Evolution_Food_Culture_Alternative_Foods(print).pdf,print,content,43958,115805,789c,
original/print/text/Evolution_Food_Culture_Alternative_Foods(print).pdf,print,fontfile,17074,38712,789c,
original/print/text/Evolution_Food_Culture_Alternative_Foods(print).pdf,print,fontfile,51705,109520,789c,
original/print/text/Evolution_Food_Culture_Alternative_Foods(print).pdf,print,fontfile,16952,36624,789c,
original/print/text/Evolution_Food_Culture_Alternative_Foods(print).pdf,print,content,6890,75545,789c,
original/print/text/Evolution_Food_Culture_Alternative_Foods(print).pdf,print,fontfile,16095,39948,789c,
original/print/text/Evolution_Food_Culture_Alternative_Foods(print).pdf,print,fontfile,51865,132852,789c,
original/print/text/Evolution_Food_Culture_Alternative_Foods(print).pdf,print,fontfile,42256,100628,789c,
original/print/text/Evolution_Food_Culture_Alternative_Foods(print).pdf,print,content,3822,26166,789c,
original/print/text/Evolution_Food_Culture_Alternative_Foods(print).pdf,print,fontfile,7698,15932,789c,
original/print/text/Evolution_Food_Culture_Alternative_Foods(print).pdf,print,fontfile,27169,52776,789c,
original/print/text/Evolution_Food_Culture_Alternative_Foods(print).pdf,print,content,3823,27811,789c,
original/print/text/Evolution_Food_Culture_Alternative_Foods(print).pdf,print,fontfile,26577,65896,789c,
original/print/text/Evolution_Food_Culture_Alternative_Foods(print).pdf,print,fontfile,41656,106160,789c,
original/print/text/Evolution_Food_Culture_Alternative_Foods(print).pdf,print,fontfile,26016,58152,789c,
original/print/text/Evolution_Food_Culture_Alternative_Foods(print).pdf,print,content,7174,90678,789c,
original/print/text/International_Logistics_Fire_Report(print).pdf,print,fontfile,14769,36708,789c,
original/print/text/International_Logistics_Fire_Report(print).pdf,print,fontfile,96384,230284,789c,
original/print/text/International_Logistics_Fire_Report(print).pdf,print,content,62763,200712,789c,
original/print/text/International_Logistics_Fire_Report(print).pdf,print,other,63704,200729,789c,
original/print/text/International_Logistics_Fire_Report(print).pdf,print,fontfile,11232,18332,789c,
original/print/text/International_Logistics_Fire_Report(print).pdf,print,other,32484,119175,789c,
original/print/text/International_Logistics_Fire_Report(print).pdf,print,fontfile,32836,106612,789c,
original/print/text/International_Logistics_Fire_Report(print).pdf,print,fontfile,24653,78708,789c,
original/print/text/International_Logistics_Fire_Report(print).pdf,print,content,26377,72403,789c,
original/print/text/International_Logistics_Fire_Report(print).pdf,print,fontfile,42445,95692,789c,
original/print/text/International_Logistics_Fire_Report(print).pdf,print,fontfile,17308,36248,789c,
original/print/text/International_Logistics_Fire_Report(print).pdf,print,fontfile,19116,49196,789c,
original/print/text/International_Logistics_Fire_Report(print).pdf,print,content,6182,56256,789c,
original/print/text/International_Logistics_Fire_Report(print).pdf,print,fontfile,49807,129724,789c,
original/print/text/International_Logistics_Fire_Report(print).pdf,print,fontfile,44568,105828,789c,
original/print/text/International_Logistics_Fire_Report(print).pdf,print,fontfile,15279,37808,789c,
original/print/text/International_Logistics_Fire_Report(print).pdf,print,content,4054,26676,789c,
original/print/text/International_Logistics_Fire_Report(print).pdf,print,fontfile,26332,51620,789c,
original/print/text/International_Logistics_Fire_Report(print).pdf,print,fontfile,8865,18212,789c,
original/print/text/International_Logistics_Fire_Report(print).pdf,print,content,3861,26773,789c,
original/print/text/International_Logistics_Fire_Report(print).pdf,print,fontfile,34483,80480,789c,
original/print/text/International_Logistics_Fire_Report(print).pdf,print,fontfile,28018,60440,789c,
original/print/text/International_Logistics_Fire_Report(print).pdf,print,fontfile,10833,22340,789c,
original/print/text/International_Logistics_Fire_Report(print).pdf,print,content,7114,64094,789c,
original/print/text/Lumina_Interior_Lighting_Designbook(print).pdf,print,fontfile,9390,19844,789c,
original/print/text/Lumina_Interior_Lighting_Designbook(print).pdf,print,fontfile,15776,38024,789c,
original/print/text/Lumina_Interior_Lighting_Designbook(print).pdf,print,fontfile,11673,23900,789c,
original/print/text/Lumina_Interior_Lighting_Designbook(print).pdf,print,fontfile,11557,18772,789c,
original/print/text/Lumina_Interior_Lighting_Designbook(print).pdf,print,content,3580,24807,789c,
original/print/text/Lumina_Interior_Lighting_Designbook(print).pdf,print,fontfile,7362,40104,789c,
original/print/text/Lumina_Interior_Lighting_Designbook(print).pdf,print,fontfile,71692,132932,789c,
original/print/text/Lumina_Interior_Lighting_Designbook(print).pdf,print,fontfile,21839,74936,789c,
original/print/text/Lumina_Interior_Lighting_Designbook(print).pdf,print,fontfile,96384,230284,789c,
original/print/text/Lumina_Interior_Lighting_Designbook(print).pdf,print,content,2093,10962,789c,
original/print/text/Lumina_Interior_Lighting_Designbook(print).pdf,print,fontfile,13990,38452,789c,
original/print/text/Lumina_Interior_Lighting_Designbook(print).pdf,print,fontfile,65530,139664,789c,
original/print/text/Lumina_Interior_Lighting_Designbook(print).pdf,print,fontfile,42950,102548,789c,
original/print/text/Lumina_Interior_Lighting_Designbook(print).pdf,print,content,6144,58689,789c,
original/print/text/Lumina_Interior_Lighting_Designbook(print).pdf,print,fontfile,6281,11192,789c,
original/print/text/Lumina_Interior_Lighting_Designbook(print).pdf,print,fontfile,13028,33744,789c,
original/print/text/Lumina_Interior_Lighting_Designbook(print).pdf,print,fontfile,54500,138432,789c,
original/print/text/Lumina_Interior_Lighting_Designbook(print).pdf,print,content,3431,23210,789c,
original/print/text/Lumina_Interior_Lighting_Designbook(print).pdf,print,fontfile,26006,51192,789c,
original/print/text/Lumina_Interior_Lighting_Designbook(print).pdf,print,fontfile,11619,30240,789c,
original/print/text/Lumina_Interior_Lighting_Designbook(print).pdf,print,fontfile,9497,19212,789c,
original/print/text/Lumina_Interior_Lighting_Designbook(print).pdf,print,content,2859,19214,789c,
original/print/text/Lumina_Interior_Lighting_Designbook(print).pdf,print,fontfile,26230,58576,789c,
original/print/text/Lumina_Interior_Lighting_Designbook(print).pdf,print,fontfile,43150,115992,789c,
original/print/text/Lumina_Interior_Lighting_Designbook(print).pdf,print,fontfile,12208,24688,789c,
original/print/text/Lumina_Interior_Lighting_Designbook(print).pdf,print,content,6894,65224,789c,
original/print/text/NeoHome_Smart_Appliances_Catalog_v5(print).pdf,print,fontfile,25510,63012,789c,
original/print/text/NeoHome_Smart_Appliances_Catalog_v5(print).pdf,print,fontfile,17523,40268,789c,
original/print/text/NeoHome_Smart_Appliances_Catalog_v5(print).pdf,print,fontfile,11673,23900,789c,
original/print/text/NeoHome_Smart_Appliances_Catalog_v5(print).pdf,print,fontfile,96384,230284,789c,
original/print/text/NeoHome_Smart_Appliances_Catalog_v5(print).pdf,print,content,3993,28334,789c,
original/print/text/NeoHome_Smart_Appliances_Catalog_v5(print).pdf,print,fontfile,28472,70952,789c,
original/print/text/NeoHome_Smart_Appliances_Catalog_v5(print).pdf,print,content,77173,200749,789c,
original/print/text/NeoHome_Smart_Appliances_Catalog_v5(print).pdf,print,other,76627,200730,789c,
original/print/text/NeoHome_Smart_Appliances_Catalog_v5(print).pdf,print,other,76327,200751,789c,
original/print/text/NeoHome_Smart_Appliances_Catalog_v5(print).pdf,print,other,75787,200755,789c,
original/print/text/NeoHome_Smart_Appliances_Catalog_v5(print).pdf,print,other,76915,200714,789c,
original/print/text/NeoHome_Smart_Appliances_Catalog_v5(print).pdf,print,other,76827,200715,789c,
original/print/text/NeoHome_Smart_Appliances_Catalog_v5(print).pdf,print,other,76806,200724,789c,
original/print/text/NeoHome_Smart_Appliances_Catalog_v5(print).pdf,print,other,76769,200718,789c,
original/print/text/NeoHome_Smart_Appliances_Catalog_v5(print).pdf,print,content,76236,200731,789c,
original/print/text/NeoHome_Smart_Appliances_Catalog_v5(print).pdf,print,other,54332,142835,789c,
original/print/text/NeoHome_Smart_Appliances_Catalog_v5(print).pdf,print,fontfile,38222,85044,789c,
original/print/text/NeoHome_Smart_Appliances_Catalog_v5(print).pdf,print,fontfile,28615,61728,789c,
original/print/text/NeoHome_Smart_Appliances_Catalog_v5(print).pdf,print,content,6902,67521,789c,
original/print/text/NeoHome_Smart_Appliances_Catalog_v5(print).pdf,print,fontfile,15525,39324,789c,
original/print/text/NeoHome_Smart_Appliances_Catalog_v5(print).pdf,print,fontfile,53872,136048,789c,
original/print/text/NeoHome_Smart_Appliances_Catalog_v5(print).pdf,print,content,3807,27546,789c,
original/print/text/NeoHome_Smart_Appliances_Catalog_v5(print).pdf,print,fontfile,7273,15104,789c,
original/print/text/NeoHome_Smart_Appliances_Catalog_v5(print).pdf,print,fontfile,29831,56992,789c,
original/print/text/NeoHome_Smart_Appliances_Catalog_v5(print).pdf,print,content,3758,26321,789c,
original/print/text/NeoHome_Smart_Appliances_Catalog_v5(print).pdf,print,fontfile,23634,63800,789c,
original/print/text/NeoHome_Smart_Appliances_Catalog_v5(print).pdf,print,fontfile,45691,125756,789c,
original/print/text/NeoHome_Smart_Appliances_Catalog_v5(print).pdf,print,content,7416,84095,789c,
original/print/text/New_Care_Models_Aging_Society(print).pdf,print,fontfile,96384,230284,789c,
original/print/text/New_Care_Models_Aging_Society(print).pdf,print,fontfile,11541,22940,789c,
original/print/text/New_Care_Models_Aging_Society(print).pdf,print,content,29013,110759,789c,
original/print/text/New_Care_Models_Aging_Society(print).pdf,print,fontfile,15388,52292,789c,
original/print/text/New_Care_Models_Aging_Society(print).pdf,print,content,76482,200770,789c,
original/print/text/New_Care_Models_Aging_Society(print).pdf,print,other,77119,200739,789c,
original/print/text/New_Care_Models_Aging_Society(print).pdf,print,other,76972,200708,789c,
original/print/text/New_Care_Models_Aging_Society(print).pdf,print,other,77026,200736,789c,
original/print/text/New_Care_Models_Aging_Society(print).pdf,print,other,75796,200745,789c,
original/print/text/New_Care_Models_Aging_Society(print).pdf,print,other,76362,200763,789c,
original/print/text/New_Care_Models_Aging_Society(print).pdf,print,other,76590,200734,789c,
original/print/text/New_Care_Models_Aging_Society(print).pdf,print,other,76194,200721,789c,
original/print/text/New_Care_Models_Aging_Society(print).pdf,print,other,76365,200709,789c,
original/print/text/New_Care_Models_Aging_Society(print).pdf,print,other,76631,200768,789c,
original/print/text/New_Care_Models_Aging_Society(print).pdf,print,other,77066,200720,789c,
original/print/text/New_Care_Models_Aging_Society(print).pdf,print,other,76942,200723,789c,
original/print/text/New_Care_Models_Aging_Society(print).pdf,print,other,34870,91799,789c,
original/print/text/New_Care_Models_Aging_Society(print).pdf,print,fontfile,34470,87352,789c,
original/print/text/New_Care_Models_Aging_Society(print).pdf,print,fontfile,26630,59264,789c,
original/print/text/New_Care_Models_Aging_Society(print).pdf,print,content,8340,87726,789c,
original/print/text/New_Care_Models_Aging_Society(print).pdf,print,fontfile,6525,11492,789c,
original/print/text/New_Care_Models_Aging_Society(print).pdf,print,fontfile,17721,42316,789c,
original/print/text/New_Care_Models_Aging_Society(print).pdf,print,content,3417,29025,789c,
original/print/text/New_Care_Models_Aging_Society(print).pdf,print,fontfile,10174,28124,789c,
original/print/text/New_Care_Models_Aging_Society(print).pdf,print,fontfile,27414,53184,789c,
original/print/text/New_Care_Models_Aging_Society(print).pdf,print,content,3637,26706,789c,
original/print/text/New_Care_Models_Aging_Society(print).pdf,print,fontfile,28577,62908,789c,
original/print/text/New_Care_Models_Aging_Society(print).pdf,print,fontfile,33944,78852,789c,
original/print/text/New_Care_Models_Aging_Society(print).pdf,print,content,7843,99702,789c,
original/print/text/Next_Decade_Space_Exploration(print).pdf,print,fontfile,7846,13856,789c,
original/print/text/Next_Decade_Space_Exploration(print).pdf,print,fontfile,96384,230284,789c,
original/print/text/Next_Decade_Space_Exploration(print).pdf,print,fontfile,16419,38840,789c,
original/print/text/Next_Decade_Space_Exploration(print).pdf,print,fontfile,11117,22320,789c,
original/print/text/Next_Decade_Space_Exploration(print).pdf,print,content,4026,28324,789c,
original/print/text/Next_Decade_Space_Exploration(print).pdf,print,fontfile,6561,54524,789c,
original/print/text/Next_Decade_Space_Exploration(print).pdf,print,fontfile,88168,157064,789c,
original/print/text/Next_Decade_Space_Exploration(print).pdf,print,fontfile,82646,156640,789c,
original/print/text/Next_Decade_Space_Exploration(print).pdf,print,content,1826,7166,789c,
original/print/text/Next_Decade_Space_Exploration(print).pdf,print,fontfile,30871,65376,789c,
original/print/text/Next_Decade_Space_Exploration(print).pdf,print,fontfile,18940,49544,789c,
original/print/text/Next_Decade_Space_Exploration(print).pdf,print,fontfile,55438,119020,789c,
original/print/text/Next_Decade_Space_Exploration(print).pdf,print,content,6488,69322,789c,
original/print/text/Next_Decade_Space_Exploration(print).pdf,print,fontfile,12845,33320,789c,
original/print/text/Next_Decade_Space_Exploration(print).pdf,print,fontfile,52515,134044,789c,
original/print/text/Next_Decade_Space_Exploration(print).pdf,print,content,3687,24884,789c,
original/print/text/Next_Decade_Space_Exploration(print).pdf,print,fontfile,9845,27576,789c,
original/print/text/Next_Decade_Space_Exploration(print).pdf,print,fontfile,27540,53312,789c,
original/print/text/Next_Decade_Space_Exploration(print).pdf,print,fontfile,6954,15356,789c,
original/print/text/Next_Decade_Space_Exploration(print).pdf,print,content,3434,23420,789c,
original/print/text/Next_Decade_Space_Exploration(print).pdf,print,fontfile,29148,63952,789c,
original/print/text/Next_Decade_Space_Exploration(print).pdf,print,fontfile,42723,104752,789c,
original/print/text/Next_Decade_Space_Exploration(print).pdf,print,fontfile,11383,24104,789c,
original/print/text/Next_Decade_Space_Exploration(print).pdf,print,content,6380,67078,789c,
original/print/text/OceanQuest_Modular_Water_Leisure_Equipment_Guide(print).pdf,print,fontfile,10809,21884,789c,
original/print/text/OceanQuest_Modular_Water_Leisure_Equipment_Guide(print).pdf,print,fontfile,9550,16048,789c,
original/print/text/OceanQuest_Modular_Water_Leisure_Equipment_Guide(print).pdf,print,fontfile,96384,230284,789c,
original/print/text/OceanQuest_Modular_Water_Leisure_Equipment_Guide(print).pdf,print,content,3245,37292,789c,
original/print/text/OceanQuest_Modular_Water_Leisure_Equipment_Guide(print).pdf,print,content,76334,200730,789c,
original/print/text/OceanQuest_Modular_Water_Leisure_Equipment_Guide(print).pdf,print,other,76002,200750,789c,
original/print/text/OceanQuest_Modular_Water_Leisure_Equipment_Guide(print).pdf,print,other,76581,200763,789c,
original/print/text/OceanQuest_Modular_Water_Leisure_Equipment_Guide(print).pdf,print,other,75953,200709,789c,
original/print/text/OceanQuest_Modular_Water_Leisure_Equipment_Guide(print).pdf,print,other,76620,200753,789c,
original/print/text/OceanQuest_Modular_Water_Leisure_Equipment_Guide(print).pdf,print,other,75990,200767,789c,
original/print/text/OceanQuest_Modular_Water_Leisure_Equipment_Guide(print).pdf,print,other,76012,200761,789c,
original/print/text/OceanQuest_Modular_Water_Leisure_Equipment_Guide(print).pdf,print,other,76905,200738,789c,
original/print/text/OceanQuest_Modular_Water_Leisure_Equipment_Guide(print).pdf,print,other,76280,200713,789c,
original/print/text/OceanQuest_Modular_Water_Leisure_Equipment_Guide(print).pdf,print,other,76501,200745,789c,
original/print/text/OceanQuest_Modular_Water_Leisure_Equipment_Guide(print).pdf,print,other,76170,200711,789c,
original/print/text/OceanQuest_Modular_Water_Leisure_Equipment_Guide(print).pdf,print,other,75844,200709,789c,
original/print/text/OceanQuest_Modular_Water_Leisure_Equipment_Guide(print).pdf,print,fontfile,11238,60836,789c,
original/print/text/OceanQuest_Modular_Water_Leisure_Equipment_Guide(print).pdf,print,other,23913,60862,789c,
original/print/text/OceanQuest_Modular_Water_Leisure_Equipment_Guide(print).pdf,print,fontfile,42027,101780,789c,
original/print/text/OceanQuest_Modular_Water_Leisure_Equipment_Guide(print).pdf,print,fontfile,19042,52496,789c,
original/print/text/OceanQuest_Modular_Water_Leisure_Equipment_Guide(print).pdf,print,content,5500,92637,789c,
original/print/text/OceanQuest_Modular_Water_Leisure_Equipment_Guide(print).pdf,print,fontfile,7303,12544,789c,
original/print/text/OceanQuest_Modular_Water_Leisure_Equipment_Guide(print).pdf,print,fontfile,52075,133172,789c,
original/print/text/OceanQuest_Modular_Water_Leisure_Equipment_Guide(print).pdf,print,content,3306,31326,789c,
original/print/text/OceanQuest_Modular_Water_Leisure_Equipment_Guide(print).pdf,print,fontfile,27133,52540,789c,
original/print/text/OceanQuest_Modular_Water_Leisure_Equipment_Guide(print).pdf,print,content,2827,38207,789c,
original/print/text/OceanQuest_Modular_Water_Leisure_Equipment_Guide(print).pdf,print,fontfile,26108,56844,789c,
original/print/text/OceanQuest_Modular_Water_Leisure_Equipment_Guide(print).pdf,print,fontfile,9167,18960,789c,
original/print/text/OceanQuest_Modular_Water_Leisure_Equipment_Guide(print).pdf,print,content,7493,92606,789c,
original/print/text/PetPal_Smart_PetCare_Products(print).pdf,print,fontfile,29443,75508,789c,
original/print/text/PetPal_Smart_PetCare_Products(print).pdf,print,fontfile,11673,23900,789c,
original/print/text/PetPal_Smart_PetCare_Products(print).pdf,print,fontfile,16443,38912,789c,
original/print/text/PetPal_Smart_PetCare_Products(print).pdf,print,fontfile,96384,230284,789c,
original/print/text/PetPal_Smart_PetCare_Products(print).pdf,print,content,13217,51986,789c,
original/print/text/PetPal_Smart_PetCare_Products(print).pdf,print,fontfile,29154,71896,789c,
original/print/text/PetPal_Smart_PetCare_Products(print).pdf,print,content,75807,200762,789c,
original/print/text/PetPal_Smart_PetCare_Products(print).pdf,print,other,75634,200713,789c,
original/print/text/PetPal_Smart_PetCare_Products(print).pdf,print,other,75422,200709,789c,
original/print/text/PetPal_Smart_PetCare_Products(print).pdf,print,other,76508,200745,789c,
original/print/text/PetPal_Smart_PetCare_Products(print).pdf,print,other,76111,200725,789c,
original/print/text/PetPal_Smart_PetCare_Products(print).pdf,print,other,76572,200761,789c,
original/print/text/PetPal_Smart_PetCare_Products(print).pdf,print,fontfile,28380,71608,789c,
original/print/text/PetPal_Smart_PetCare_Products(print).pdf,print,other,5186,15840,789c,
original/print/text/PetPal_Smart_PetCare_Products(print).pdf,print,fontfile,14084,31804,789c,
original/print/text/PetPal_Smart_PetCare_Products(print).pdf,print,fontfile,16917,36324,789c,
original/print/text/PetPal_Smart_PetCare_Products(print).pdf,print,fontfile,19031,49508,789c,
original/print/text/PetPal_Smart_PetCare_Products(print).pdf,print,content,4873,47629,789c,
original/print/text/PetPal_Smart_PetCare_Products(print).pdf,print,fontfile,15413,39116,789c,
original/print/text/PetPal_Smart_PetCare_Products(print).pdf,print,fontfile,13293,33972,789c,
original/print/text/PetPal_Smart_PetCare_Products(print).pdf,print,fontfile,52141,133436,789c,
original/print/text/PetPal_Smart_PetCare_Products(print).pdf,print,content,3181,21652,789c,
original/print/text/PetPal_Smart_PetCare_Products(print).pdf,print,fontfile,6841,14224,789c,
original/print/text/PetPal_Smart_PetCare_Products(print).pdf,print,fontfile,27279,53004,789c,
original/print/text/PetPal_Smart_PetCare_Products(print).pdf,print,content,3735,25998,789c,
original/print/text/PetPal_Smart_PetCare_Products(print).pdf,print,fontfile,23957,64252,789c,
original/print/text/PetPal_Smart_PetCare_Products(print).pdf,print,fontfile,42534,107324,789c,
original/print/text/PetPal_Smart_PetCare_Products(print).pdf,print,fontfile,11417,23316,789c,
original/print/text/PetPal_Smart_PetCare_Products(print).pdf,print,content,6778,66629,789c,
original/print/text/Quantum_Computing_Race(print).pdf,print,fontfile,7199,12508,789c,
original/print/text/Quantum_Computing_Race(print).pdf,print,fontfile,96384,230284,789c,
original/print/text/Quantum_Computing_Race(print).pdf,print,fontfile,30376,77588,789c,
original/print/text/Quantum_Computing_Race(print).pdf,print,fontfile,11320,22588,789c,
original/print/text/Quantum_Computing_Race(print).pdf,print,content,4010,27326,789c,
original/print/text/Quantum_Computing_Race(print).pdf,print,fontfile,17575,55272,789c,
original/print/text/Quantum_Computing_Race(print).pdf,print,fontfile,47249,129432,789c,
original/print/text/Quantum_Computing_Race(print).pdf,print,fontfile,27934,83296,789c,
original/print/text/Quantum_Computing_Race(print).pdf,print,content,1861,8473,789c,
original/print/text/Quantum_Computing_Race(print).pdf,print,fontfile,16037,36052,789c,
original/print/text/Quantum_Computing_Race(print).pdf,print,fontfile,42371,103824,789c,
original/print/text/Quantum_Computing_Race(print).pdf,print,fontfile,34731,109348,789c,
original/print/text/Quantum_Computing_Race(print).pdf,print,content,8089,88444,789c,
original/print/text/Quantum_Computing_Race(print).pdf,print,fontfile,12037,31904,789c,
original/print/text/Quantum_Computing_Race(print).pdf,print,fontfile,7031,12236,789c,
original/print/text/Quantum_Computing_Race(print).pdf,print,fontfile,52519,133968,789c,
original/print/text/Quantum_Computing_Race(print).pdf,print,content,3773,26331,789c,
original/print/text/Quantum_Computing_Race(print).pdf,print,fontfile,27381,53124,789c,
original/print/text/Quantum_Computing_Race(print).pdf,print,fontfile,11545,30076,789c,
original/print/text/Quantum_Computing_Race(print).pdf,print,content,3877,26791,789c,
original/print/text/Quantum_Computing_Race(print).pdf,print,fontfile,36516,85816,789c,
original/print/text/Quantum_Computing_Race(print).pdf,print,fontfile,25820,57856,789c,
original/print/text/Quantum_Computing_Race(print).pdf,print,fontfile,10416,22224,789c,
original/print/text/Quantum_Computing_Race(print).pdf,print,content,7479,85229,789c,
original/print/text/Robots_Automation_Future_Work(print).pdf,print,fontfile,10472,21368,789c,
original/print/text/Robots_Automation_Future_Work(print).pdf,print,fontfile,96384,230284,789c,
original/print/text/Robots_Automation_Future_Work(print).pdf,print,fontfile,29414,75992,789c,
original/print/text/Robots_Automation_Future_Work(print).pdf,print,content,60269,200717,789c,
original/print/text/Robots_Automation_Future_Work(print).pdf,print,other,61172,200714,789c,
original/print/text/Robots_Automation_Future_Work(print).pdf,print,other,60055,200711,789c,
original/print/text/Robots_Automation_Future_Work(print).pdf,print,other,60755,200721,789c,
original/print/text/Robots_Automation_Future_Work(print).pdf,print,other,50442,167606,789c,
original/print/text/Robots_Automation_Future_Work(print).pdf,print,fontfile,84430,151752,789c,
original/print/text/Robots_Automation_Future_Work(print).pdf,print,fontfile,37011,112892,789c,
original/print/text/Robots_Automation_Future_Work(print).pdf,print,content,40964,107537,789c,
original/print/text/Robots_Automation_Future_Work(print).pdf,print,fontfile,16060,35524,789c,
original/print/text/Robots_Automation_Future_Work(print).pdf,print,fontfile,57240,123128,789c,
original/print/text/Robots_Automation_Future_Work(print).pdf,print,fontfile,18733,49956,789c,
original/print/text/Robots_Automation_Future_Work(print).pdf,print,content,6490,66507,789c,
original/print/text/Robots_Automation_Future_Work(print).pdf,print,fontfile,16552,40756,789c,
original/print/text/Robots_Automation_Future_Work(print).pdf,print,fontfile,51973,133032,789c,
original/print/text/Robots_Automation_Future_Work(print).pdf,print,fontfile,12946,33444,789c,
original/print/text/Robots_Automation_Future_Work(print).pdf,print,content,3603,24236,789c,
original/print/text/Robots_Automation_Future_Work(print).pdf,print,fontfile,7444,15536,789c,
original/print/text/Robots_Automation_Future_Work(print).pdf,print,fontfile,27081,52780,789c,
original/print/text/Robots_Automation_Future_Work(print).pdf,print,fontfile,6743,15108,789c,
original/print/text/Robots_Automation_Future_Work(print).pdf,print,content,3482,23100,789c,
original/print/text/Robots_Automation_Future_Work(print).pdf,print,fontfile,37593,89272,789c,
original/print/text/Robots_Automation_Future_Work(print).pdf,print,fontfile,25212,56300,789c,
original/print/text/Robots_Automation_Future_Work(print).pdf,print,fontfile,10655,23384,789c,
original/print/text/Robots_Automation_Future_Work(print).pdf,print,content,6495,72875,789c,
original/print/text/Security_Breach_Investigation_Report(print).pdf,print,fontfile,15174,37172,789c,
original/print/text/Security_Breach_Investigation_Report(print).pdf,print,fontfile,96384,230284,789c,
original/print/text/Security_Breach_Investigation_Report(print).pdf,print,fontfile,11600,18732,789c,
original/print/text/Security_Breach_Investigation_Report(print).pdf,print,content,60763,200742,789c,
original/print/text/Security_Breach_Investigation_Report(print).pdf,print,content,34550,109745,789c,
original/print/text/Security_Breach_Investigation_Report(print).pdf,print,fontfile,32298,76248,789c,
original/print/text/Security_Breach_Investigation_Report(print).pdf,print,fontfile,29127,85072,789c,
original/print/text/Security_Breach_Investigation_Report(print).pdf,print,content,74509,200763,789c,
original/print/text/Security_Breach_Investigation_Report(print).pdf,print,fontfile,43298,100204,789c,
original/print/text/Security_Breach_Investigation_Report(print).pdf,print,other,73333,200760,789c,
original/print/text/Security_Breach_Investigation_Report(print).pdf,print,other,26493,70088,789c,
original/print/text/Security_Breach_Investigation_Report(print).pdf,print,fontfile,12930,29180,789c,
original/print/text/Security_Breach_Investigation_Report(print).pdf,print,fontfile,46242,109312,789c,
original/print/text/Security_Breach_Investigation_Report(print).pdf,print,fontfile,52683,112020,789c,
original/print/text/Security_Breach_Investigation_Report(print).pdf,print,content,6776,60699,789c,
original/print/text/Security_Breach_Investigation_Report(print).pdf,print,fontfile,11756,31196,789c,
original/print/text/Security_Breach_Investigation_Report(print).pdf,print,fontfile,20496,45976,789c,
original/print/text/Security_Breach_Investigation_Report(print).pdf,print,fontfile,53495,136632,789c,
original/print/text/Security_Breach_Investigation_Report(print).pdf,print,content,4675,33968,789c,
original/print/text/Security_Breach_Investigation_Report(print).pdf,print,fontfile,7605,15688,789c,
original/print/text/Security_Breach_Investigation_Report(print).pdf,print,fontfile,12490,31204,789c,
original/print/text/Security_Breach_Investigation_Report(print).pdf,print,content,4519,31821,789c,
original/print/text/Security_Breach_Investigation_Report(print).pdf,print,fontfile,26608,58748,789c,
original/print/text/Security_Breach_Investigation_Report(print).pdf,print,fontfile,46848,115228,789c,
original/print/text/Security_Breach_Investigation_Report(print).pdf,print,fontfile,27544,60516,789c,
original/print/text/Security_Breach_Investigation_Report(print).pdf,print,content,7047,70909,789c,
original/print/text/SkyGarden_Indoor_Vertical_Garden_Solutions(print).pdf,print,fontfile,25067,62068,789c,
original/print/text/SkyGarden_Indoor_Vertical_Garden_Solutions(print).pdf,print,fontfile,97394,242092,789c,
original/print/text/SkyGarden_Indoor_Vertical_Garden_Solutions(print).pdf,print,content,62365,200705,789c,
original/print/text/SkyGarden_Indoor_Vertical_Garden_Solutions(print).pdf,print,other,61623,200755,789c,
original/print/text/SkyGarden_Indoor_Vertical_Garden_Solutions(print).pdf,print,fontfile,11673,23900,789c,
original/print/text/SkyGarden_Indoor_Vertical_Garden_Solutions(print).pdf,print,content,62397,200757,789c,
original/print/text/SkyGarden_Indoor_Vertical_Garden_Solutions(print).pdf,print,fontfile,9527,15948,789c,
original/print/text/SkyGarden_Indoor_Vertical_Garden_Solutions(print).pdf,print,other,41707,137716,789c,
original/print/text/SkyGarden_Indoor_Vertical_Garden_Solutions(print).pdf,print,fontfile,30341,73552,789c,
original/print/text/SkyGarden_Indoor_Vertical_Garden_Solutions(print).pdf,print,fontfile,44028,125692,789c,
original/print/text/SkyGarden_Indoor_Vertical_Garden_Solutions(print).pdf,print,fontfile,28608,72048,789c,
original/print/text/SkyGarden_Indoor_Vertical_Garden_Solutions(print).pdf,print,content,1966,10747,789c,
original/print/text/SkyGarden_Indoor_Vertical_Garden_Solutions(print).pdf,print,fontfile,40498,90128,789c,
original/print/text/SkyGarden_Indoor_Vertical_Garden_Solutions(print).pdf,print,fontfile,46052,111496,789c,
original/print/text/SkyGarden_Indoor_Vertical_Garden_Solutions(print).pdf,print,fontfile,39220,96272,789c,
original/print/text/SkyGarden_Indoor_Vertical_Garden_Solutions(print).pdf,print,content,5478,52420,789c,
original/print/text/SkyGarden_Indoor_Vertical_Garden_Solutions(print).pdf,print,fontfile,15572,39288,789c,
original/print/text/SkyGarden_Indoor_Vertical_Garden_Solutions(print).pdf,print,fontfile,52595,134212,789c,
original/print/text/SkyGarden_Indoor_Vertical_Garden_Solutions(print).pdf,print,fontfile,7439,12776,789c,
original/print/text/SkyGarden_Indoor_Vertical_Garden_Solutions(print).pdf,print,content,3057,21043,789c,
original/print/text/SkyGarden_Indoor_Vertical_Garden_Solutions(print).pdf,print,fontfile,26356,51592,789c,
original/print/text/SkyGarden_Indoor_Vertical_Garden_Solutions(print).pdf,print,fontfile,11741,30420,789c,
original/print/text/SkyGarden_Indoor_Vertical_Garden_Solutions(print).pdf,print,content,2772,20044,789c,
original/print/text/SkyGarden_Indoor_Vertical_Garden_Solutions(print).pdf,print,fontfile,6971,13944,789c,
original/print/text/SkyGarden_Indoor_Vertical_Garden_Solutions(print).pdf,print,fontfile,36213,77416,789c,
original/print/text/SkyGarden_Indoor_Vertical_Garden_Solutions(print).pdf,print,fontfile,25347,55624,789c,
original/print/text/SkyGarden_Indoor_Vertical_Garden_Solutions(print).pdf,print,content,6123,63481,789c,
original/print/text/Sustainable_Fashion_Innovation(print).pdf,print,fontfile,9100,15532,789c,
original/print/text/Sustainable_Fashion_Innovation(print).pdf,print,fontfile,96384,230284,789c,
original/print/text/Sustainable_Fashion_Innovation(print).pdf,print,fontfile,11126,22368,789c,
original/print/text/Sustainable_Fashion_Innovation(print).pdf,print,content,29750,112102,789c,
original/print/text/Sustainable_Fashion_Innovation(print).pdf,print,fontfile,15324,52180,789c,
original/print/text/Sustainable_Fashion_Innovation(print).pdf,print,fontfile,29875,85872,789c,
original/print/text/Sustainable_Fashion_Innovation(print).pdf,print,fontfile,48794,132684,789c,
original/print/text/Sustainable_Fashion_Innovation(print).pdf,print,content,1848,7826,789c,
original/print/text/Sustainable_Fashion_Innovation(print).pdf,print,fontfile,17138,38012,789c,
original/print/text/Sustainable_Fashion_Innovation(print).pdf,print,fontfile,18910,40396,789c,
original/print/text/Sustainable_Fashion_Innovation(print).pdf,print,content,7994,87695,789c,
original/print/text/Sustainable_Fashion_Innovation(print).pdf,print,fontfile,6660,11652,789c,
original/print/text/Sustainable_Fashion_Innovation(print).pdf,print,fontfile,43832,103968,789c,
original/print/text/Sustainable_Fashion_Innovation(print).pdf,print,fontfile,12599,32724,789c,
original/print/text/Sustainable_Fashion_Innovation(print).pdf,print,content,3781,25654,789c,
original/print/text/Sustainable_Fashion_Innovation(print).pdf,print,fontfile,26559,51884,789c,
original/print/text/Sustainable_Fashion_Innovation(print).pdf,print,fontfile,11127,29560,789c,
original/print/text/Sustainable_Fashion_Innovation(print).pdf,print,content,4106,29673,789c,
original/print/text/Sustainable_Fashion_Innovation(print).pdf,print,fontfile,21569,49020,789c,
original/print/text/Sustainable_Fashion_Innovation(print).pdf,print,fontfile,33462,77648,789c,
original/print/text/Sustainable_Fashion_Innovation(print).pdf,print,fontfile,42342,107996,789c,
original/print/text/Sustainable_Fashion_Innovation(print).pdf,print,content,8118,101403,789c,
original/print/text/UrbanRide_Electric_Bike_Scooter_Series(print).pdf,print,fontfile,14875,36820,789c,
original/print/text/UrbanRide_Electric_Bike_Scooter_Series(print).pdf,print,fontfile,11037,22172,789c,
original/print/text/UrbanRide_Electric_Bike_Scooter_Series(print).pdf,print,fontfile,11673,23900,789c,
original/print/text/UrbanRide_Electric_Bike_Scooter_Series(print).pdf,print,content,60286,200750,789c,
original/print/text/UrbanRide_Electric_Bike_Scooter_Series(print).pdf,print,other,62005,200725,789c,
original/print/text/UrbanRide_Electric_Bike_Scooter_Series(print).pdf,print,other,15947,51470,789c,
original/print/text/UrbanRide_Electric_Bike_Scooter_Series(print).pdf,print,fontfile,37457,113788,789c,
original/print/text/UrbanRide_Electric_Bike_Scooter_Series(print).pdf,print,fontfile,19419,71688,789c,
original/print/text/UrbanRide_Electric_Bike_Scooter_Series(print).pdf,print,content,26143,72332,789c,
original/print/text/UrbanRide_Electric_Bike_Scooter_Series(print).pdf,print,fontfile,17869,42148,789c,
original/print/text/UrbanRide_Electric_Bike_Scooter_Series(print).pdf,print,fontfile,21450,42768,789c,
original/print/text/UrbanRide_Electric_Bike_Scooter_Series(print).pdf,print,fontfile,16780,44144,789c,
original/print/text/UrbanRide_Electric_Bike_Scooter_Series(print).pdf,print,fontfile,96384,230284,789c,
original/print/text/UrbanRide_Electric_Bike_Scooter_Series(print).pdf,print,content,5093,48321,789c,
original/print/text/UrbanRide_Electric_Bike_Scooter_Series(print).pdf,print,fontfile,49616,129052,789c,
original/print/text/UrbanRide_Electric_Bike_Scooter_Series(print).pdf,print,fontfile,7262,12620,789c,
original/print/text/UrbanRide_Electric_Bike_Scooter_Series(print).pdf,print,fontfile,19500,44616,789c,
original/print/text/UrbanRide_Electric_Bike_Scooter_Series(print).pdf,print,content,3993,28914,789c,
original/print/text/UrbanRide_Electric_Bike_Scooter_Series(print).pdf,print,fontfile,9978,20056,789c,
original/print/text/UrbanRide_Electric_Bike_Scooter_Series(print).pdf,print,content,3702,28248,789c,
original/print/text/UrbanRide_Electric_Bike_Scooter_Series(print).pdf,print,fontfile,20346,46296,789c,
original/print/text/UrbanRide_Electric_Bike_Scooter_Series(print).pdf,print,fontfile,33665,77528,789c,
original/print/text/UrbanRide_Electric_Bike_Scooter_Series(print).pdf,print,fontfile,44955,112048,789c,
original/print/text/UrbanRide_Electric_Bike_Scooter_Series(print).pdf,print,content,6402,65784,789c,
original/print/text/Urban_Fine_Particulate_Matter(print).pdf,print,fontfile,96384,230284,789c,
original/print/text/Urban_Fine_Particulate_Matter(print).pdf,print,fontfile,10148,16900,789c,
original/print/text/Urban_Fine_Particulate_Matter(print).pdf,print,fontfile,10727,21696,789c,
original/print/text/Urban_Fine_Particulate_Matter(print).pdf,print,content,24720,96925,789c,
original/print/text/Urban_Fine_Particulate_Matter(print).pdf,print,fontfile,15377,52088,789c,
original/print/text/Urban_Fine_Particulate_Matter(print).pdf,print,fontfile,91708,161488,789c,
original/print/text/Urban_Fine_Particulate_Matter(print).pdf,print,fontfile,46826,129408,789c,
original/print/text/Urban_Fine_Particulate_Matter(print).pdf,print,content,1919,7696,789c,
original/print/text/Urban_Fine_Particulate_Matter(print).pdf,print,fontfile,39650,87388,789c,
original/print/text/Urban_Fine_Particulate_Matter(print).pdf,print,fontfile,18527,40072,789c,
original/print/text/Urban_Fine_Particulate_Matter(print).pdf,print,fontfile,43086,104960,789c,
original/print/text/Urban_Fine_Particulate_Matter(print).pdf,print,fontfile,12453,211148,789c,
original/print/text/Urban_Fine_Particulate_Matter(print).pdf,print,content,7045,74895,789c,
original/print/text/Urban_Fine_Particulate_Matter(print).pdf,print,fontfile,15702,39648,789c,
original/print/text/Urban_Fine_Particulate_Matter(print).pdf,print,fontfile,52713,134332,789c,
original/print/text/Urban_Fine_Particulate_Matter(print).pdf,print,fontfile,7393,12748,789c,
original/print/text/Urban_Fine_Particulate_Matter(print).pdf,print,content,3606,25019,789c,
original/print/text/Urban_Fine_Particulate_Matter(print).pdf,print,fontfile,7553,15848,789c,
original/print/text/Urban_Fine_Particulate_Matter(print).pdf,print,fontfile,28376,54512,789c,
original/print/text/Urban_Fine_Particulate_Matter(print).pdf,print,fontfile,6109,13996,789c,
original/print/text/Urban_Fine_Particulate_Matter(print).pdf,print,content,3410,22785,789c,
original/print/text/Urban_Fine_Particulate_Matter(print).pdf,print,fontfile,25292,66396,789c,
original/print/text/Urban_Fine_Particulate_Matter(print).pdf,print,fontfile,26738,59816,789c,
original/print/text/Urban_Fine_Particulate_Matter(print).pdf,print,fontfile,33670,72740,789c,
original/print/text/Urban_Fine_Particulate_Matter(print).pdf,print,content,7874,97253,789c,
original/print/text/ai_ethics_responsible_use_guidelines_multilang(print).pdf,print,fontfile,14774,36772,789c,
original/print/text/ai_ethics_responsible_use_guidelines_multilang(print).pdf,print,fontfile,8100,14048,789c,
original/print/text/ai_ethics_responsible_use_guidelines_multilang(print).pdf,print,fontfile,12896,25056,789c,
original/print/text/ai_ethics_responsible_use_guidelines_multilang(print).pdf,print,fontfile,96384,230284,789c,
original/print/text/ai_ethics_responsible_use_guidelines_multilang(print).pdf,print,content,3291,25287,789c,
original/print/text/ai_ethics_responsible_use_guidelines_multilang(print).pdf,print,fontfile,30267,73300,789c,
original/print/text/ai_ethics_responsible_use_guidelines_multilang(print).pdf,print,fontfile,10799,60216,789c,
original/print/text/ai_ethics_responsible_use_guidelines_multilang(print).pdf,print,fontfile,97913,195860,789c,
original/print/text/ai_ethics_responsible_use_guidelines_multilang(print).pdf,print,content,1605,9512,789c,
original/print/text/ai_ethics_responsible_use_guidelines_multilang(print).pdf,print,fontfile,38885,86340,789c,
original/print/text/ai_ethics_responsible_use_guidelines_multilang(print).pdf,print,fontfile,15761,41944,789c,
original/print/text/ai_ethics_responsible_use_guidelines_multilang(print).pdf,print,fontfile,42452,103116,789c,
original/print/text/ai_ethics_responsible_use_guidelines_multilang(print).pdf,print,content,6091,66318,789c,
original/print/text/ai_ethics_responsible_use_guidelines_multilang(print).pdf,print,fontfile,49994,129600,789c,
original/print/text/ai_ethics_responsible_use_guidelines_multilang(print).pdf,print,fontfile,12077,31796,789c,
original/print/text/ai_ethics_responsible_use_guidelines_multilang(print).pdf,print,fontfile,8340,13864,789c,
original/print/text/ai_ethics_responsible_use_guidelines_multilang(print).pdf,print,content,3009,21886,789c,
original/print/text/ai_ethics_responsible_use_guidelines_multilang(print).pdf,print,fontfile,26426,51720,789c,
original/print/text/ai_ethics_responsible_use_guidelines_multilang(print).pdf,print,fontfile,5816,13584,789c,
original/print/text/ai_ethics_responsible_use_guidelines_multilang(print).pdf,print,fontfile,12932,31940,789c,
original/print/text/ai_ethics_responsible_use_guidelines_multilang(print).pdf,print,content,3068,21735,789c,
original/print/text/ai_ethics_responsible_use_guidelines_multilang(print).pdf,print,fontfile,37008,88996,789c,
original/print/text/ai_ethics_responsible_use_guidelines_multilang(print).pdf,print,fontfile,9357,19280,789c,
original/print/text/ai_ethics_responsible_use_guidelines_multilang(print).pdf,print,fontfile,38046,81196,789c,
original/print/text/ai_ethics_responsible_use_guidelines_multilang(print).pdf,print,content,6676,81553,789c,
original/print/text/climate_crisis_preparedness_community_action_guidelines_multilang(print).pdf,print,fontfile,25365,62604,789c,
original/print/text/climate_crisis_preparedness_community_action_guidelines_multilang(print).pdf,print,fontfile,13283,25628,789c,
original/print/text/climate_crisis_preparedness_community_action_guidelines_multilang(print).pdf,print,content,58201,200726,789c,
original/print/text/climate_crisis_preparedness_community_action_guidelines_multilang(print).pdf,print,fontfile,96384,230284,789c,
original/print/text/climate_crisis_preparedness_community_action_guidelines_multilang(print).pdf,print,other,9185,27133,789c,
original/print/text/climate_crisis_preparedness_community_action_guidelines_multilang(print).pdf,print,fontfile,15855,79380,789c,
original/print/text/climate_crisis_preparedness_community_action_guidelines_multilang(print).pdf,print,fontfile,11456,60932,789c,
original/print/text/climate_crisis_preparedness_community_action_guidelines_multilang(print).pdf,print,content,77589,200742,789c,
original/print/text/climate_crisis_preparedness_community_action_guidelines_multilang(print).pdf,print,other,76632,200749,789c,
original/print/text/climate_crisis_preparedness_community_action_guidelines_multilang(print).pdf,print,other,76600,200759,789c,
original/print/text/climate_crisis_preparedness_community_action_guidelines_multilang(print).pdf,print,other,75918,200724,789c,
original/print/text/climate_crisis_preparedness_community_action_guidelines_multilang(print).pdf,print,other,76747,200750,789c,
original/print/text/climate_crisis_preparedness_community_action_guidelines_multilang(print).pdf,print,other,76953,200747,789c,
original/print/text/climate_crisis_preparedness_community_action_guidelines_multilang(print).pdf,print,other,77107,200733,789c,
original/print/text/climate_crisis_preparedness_community_action_guidelines_multilang(print).pdf,print,other,76601,200721,789c,
original/print/text/climate_crisis_preparedness_community_action_guidelines_multilang(print).pdf,print,other,76928,200768,789c,
original/print/text/climate_crisis_preparedness_community_action_guidelines_multilang(print).pdf,print,other,5306,13537,789c,
original/print/text/climate_crisis_preparedness_community_action_guidelines_multilang(print).pdf,print,fontfile,16621,37364,789c,
original/print/text/climate_crisis_preparedness_community_action_guidelines_multilang(print).pdf,print,fontfile,35823,90256,789c,
original/print/text/climate_crisis_preparedness_community_action_guidelines_multilang(print).pdf,print,fontfile,19904,38588,789c,
original/print/text/climate_crisis_preparedness_community_action_guidelines_multilang(print).pdf,print,content,7653,84268,789c,
original/print/text/climate_crisis_preparedness_community_action_guidelines_multilang(print).pdf,print,fontfile,40490,95792,789c,
original/print/text/climate_crisis_preparedness_community_action_guidelines_multilang(print).pdf,print,fontfile,11911,31452,789c,
original/print/text/climate_crisis_preparedness_community_action_guidelines_multilang(print).pdf,print,fontfile,19938,45220,789c,
original/print/text/climate_crisis_preparedness_community_action_guidelines_multilang(print).pdf,print,content,3520,27226,789c,
original/print/text/climate_crisis_preparedness_community_action_guidelines_multilang(print).pdf,print,fontfile,10902,21436,789c,
original/print/text/climate_crisis_preparedness_community_action_guidelines_multilang(print).pdf,print,content,3734,27957,789c,
original/print/text/climate_crisis_preparedness_community_action_guidelines_multilang(print).pdf,print,fontfile,24492,65196,789c,
original/print/text/climate_crisis_preparedness_community_action_guidelines_multilang(print).pdf,print,fontfile,36432,81160,789c,
original/print/text/climate_crisis_preparedness_community_action_guidelines_multilang(print).pdf,print,fontfile,28655,64292,789c,
original/print/text/climate_crisis_preparedness_community_action_guidelines_multilang(print).pdf,print,content,7339,91454,789c,
original/print/text/confidential_doc_leak_collusion_investigation(print).pdf,print,fontfile,15474,37640,789c,
original/print/text/confidential_doc_leak_collusion_investigation(print).pdf,print,fontfile,32529,80636,789c,
original/print/text/confidential_doc_leak_collusion_investigation(print).pdf,print,fontfile,43275,100168,789c,
original/print/text/confidential_doc_leak_collusion_investigation(print).pdf,print,fontfile,10449,21380,789c,
original/print/text/confidential_doc_leak_collusion_investigation(print).pdf,print,content,2802,18233,789c,
original/print/text/confidential_doc_leak_collusion_investigation(print).pdf,print,fontfile,34161,108284,789c,
original/print/text/confidential_doc_leak_collusion_investigation(print).pdf,print,fontfile,38327,83856,789c,
original/print/text/confidential_doc_leak_collusion_investigation(print).pdf,print,content,60846,159799,789c,
original/print/text/confidential_doc_leak_collusion_investigation(print).pdf,print,fontfile,17725,39980,789c,
original/print/text/confidential_doc_leak_collusion_investigation(print).pdf,print,fontfile,15922,34224,789c,
original/print/text/confidential_doc_leak_collusion_investigation(print).pdf,print,fontfile,16091,42540,789c,
original/print/text/confidential_doc_leak_collusion_investigation(print).pdf,print,content,3712,37326,789c,
original/print/text/confidential_doc_leak_collusion_investigation(print).pdf,print,fontfile,42146,99864,789c,
original/print/text/confidential_doc_leak_collusion_investigation(print).pdf,print,fontfile,53789,135672,789c,
original/print/text/confidential_doc_leak_collusion_investigation(print).pdf,print,fontfile,6873,11648,789c,
original/print/text/confidential_doc_leak_collusion_investigation(print).pdf,print,content,2039,13846,789c,
original/print/text/confidential_doc_leak_collusion_investigation(print).pdf,print,fontfile,7971,16348,789c,
original/print/text/confidential_doc_leak_collusion_investigation(print).pdf,print,fontfile,11566,30148,789c,
original/print/text/confidential_doc_leak_collusion_investigation(print).pdf,print,content,3122,21953,789c,
original/print/text/confidential_doc_leak_collusion_investigation(print).pdf,print,fontfile,25709,67156,789c,
original/print/text/confidential_doc_leak_collusion_investigation(print).pdf,print,fontfile,35721,76560,789c,
original/print/text/confidential_doc_leak_collusion_investigation(print).pdf,print,fontfile,24777,54724,789c,
original/print/text/confidential_doc_leak_collusion_investigation(print).pdf,print,content,4753,52368,789c,
original/print/text/digital_data_security_guidelines(print).pdf,print,fontfile,9422,19856,789c,
original/print/text/digital_data_security_guidelines(print).pdf,print,fontfile,96384,230284,789c,
original/print/text/digital_data_security_guidelines(print).pdf,print,fontfile,29059,74804,789c,
original/print/text/digital_data_security_guidelines(print).pdf,print,fontfile,17272,39828,789c,
original/print/text/digital_data_security_guidelines(print).pdf,print,content,3211,21644,789c,
original/print/text/digital_data_security_guidelines(print).pdf,print,fontfile,8521,41884,789c,
original/print/text/digital_data_security_guidelines(print).pdf,print,fontfile,95532,166672,789c,
original/print/text/digital_data_security_guidelines(print).pdf,print,content,75176,200744,789c,
original/print/text/digital_data_security_guidelines(print).pdf,print,other,66243,172809,789c,
original/print/text/digital_data_security_guidelines(print).pdf,print,fontfile,27394,58380,789c,
original/print/text/digital_data_security_guidelines(print).pdf,print,fontfile,20196,44548,789c,
original/print/text/digital_data_security_guidelines(print).pdf,print,fontfile,58895,131016,789c,
original/print/text/digital_data_security_guidelines(print).pdf,print,fontfile,12453,211148,789c,
original/print/text/digital_data_security_guidelines(print).pdf,print,content,6781,76879,789c,
original/print/text/digital_data_security_guidelines(print).pdf,print,fontfile,6388,11156,789c,
original/print/text/digital_data_security_guidelines(print).pdf,print,fontfile,16660,40872,789c,
original/print/text/digital_data_security_guidelines(print).pdf,print,fontfile,54044,136048,789c,
original/print/text/digital_data_security_guidelines(print).pdf,print,content,3184,22228,789c,
original/print/text/digital_data_security_guidelines(print).pdf,print,fontfile,9747,27352,789c,
original/print/text/digital_data_security_guidelines(print).pdf,print,fontfile,7946,16552,789c,
original/print/text/digital_data_security_guidelines(print).pdf,print,fontfile,30181,57260,789c,
original/print/text/digital_data_security_guidelines(print).pdf,print,content,3336,23188,789c,
original/print/text/digital_data_security_guidelines(print).pdf,print,fontfile,25533,57544,789c,
original/print/text/digital_data_security_guidelines(print).pdf,print,fontfile,27957,70568,789c,
original/print/text/digital_data_security_guidelines(print).pdf,print,fontfile,43829,110628,789c,
original/print/text/digital_data_security_guidelines(print).pdf,print,content,6666,78203,789c,
original/print/text/educational_technology_elearning_safety_guidelines_multilang(print).pdf,print,fontfile,28107,72036,789c,
original/print/text/educational_technology_elearning_safety_guidelines_multilang(print).pdf,print,fontfile,17411,40068,789c,
original/print/text/educational_technology_elearning_safety_guidelines_multilang(print).pdf,print,content,19271,70290,789c,
original/print/text/educational_technology_elearning_safety_guidelines_multilang(print).pdf,print,fontfile,20047,85692,789c,
original/print/text/educational_technology_elearning_safety_guidelines_multilang(print).pdf,print,fontfile,117616,224752,789c,
original/print/text/educational_technology_elearning_safety_guidelines_multilang(print).pdf,print,fontfile,96384,230284,789c,
original/print/text/educational_technology_elearning_safety_guidelines_multilang(print).pdf,print,content,27996,76011,789c,
original/print/text/educational_technology_elearning_safety_guidelines_multilang(print).pdf,print,fontfile,39877,88068,789c,
original/print/text/educational_technology_elearning_safety_guidelines_multilang(print).pdf,print,fontfile,13212,29352,789c,
original/print/text/educational_technology_elearning_safety_guidelines_multilang(print).pdf,print,fontfile,44602,107512,789c,
original/print/text/educational_technology_elearning_safety_guidelines_multilang(print).pdf,print,fontfile,6677,11576,789c,
original/print/text/educational_technology_elearning_safety_guidelines_multilang(print).pdf,print,fontfile,50649,130880,789c,
original/print/text/educational_technology_elearning_safety_guidelines_multilang(print).pdf,print,fontfile,46222,108616,789c,
original/print/text/educational_technology_elearning_safety_guidelines_multilang(print).pdf,print,content,3359,24365,789c,
original/print/text/educational_technology_elearning_safety_guidelines_multilang(print).pdf,print,fontfile,10465,28364,789c,
original/print/text/educational_technology_elearning_safety_guidelines_multilang(print).pdf,print,fontfile,26759,52104,789c,
original/print/text/educational_technology_elearning_safety_guidelines_multilang(print).pdf,print,fontfile,9323,19080,789c,
original/print/text/educational_technology_elearning_safety_guidelines_multilang(print).pdf,print,content,3116,21939,789c,
original/print/text/educational_technology_elearning_safety_guidelines_multilang(print).pdf,print,fontfile,7325,15388,789c,
original/print/text/educational_technology_elearning_safety_guidelines_multilang(print).pdf,print,fontfile,37730,89000,789c,
original/print/text/educational_technology_elearning_safety_guidelines_multilang(print).pdf,print,fontfile,37232,84336,789c,
original/print/text/educational_technology_elearning_safety_guidelines_multilang(print).pdf,print,content,5884,67645,789c,
original/print/text/global_cloud_datacenter_cooling_failure_report(print).pdf,print,fontfile,10035,20716,789c,
original/print/text/global_cloud_datacenter_cooling_failure_report(print).pdf,print,fontfile,30777,77688,789c,
original/print/text/global_cloud_datacenter_cooling_failure_report(print).pdf,print,fontfile,11673,23900,789c,
original/print/text/global_cloud_datacenter_cooling_failure_report(print).pdf,print,fontfile,16262,38472,789c,
original/print/text/global_cloud_datacenter_cooling_failure_report(print).pdf,print,content,2405,15657,789c,
original/print/text/global_cloud_datacenter_cooling_failure_report(print).pdf,print,fontfile,13497,49252,789c,
original/print/text/global_cloud_datacenter_cooling_failure_report(print).pdf,print,content,78839,200742,789c,
original/print/text/global_cloud_datacenter_cooling_failure_report(print).pdf,print,other,78130,200711,789c,
original/print/text/global_cloud_datacenter_cooling_failure_report(print).pdf,print,fontfile,37002,82124,789c,
original/print/text/global_cloud_datacenter_cooling_failure_report(print).pdf,print,other,55606,141263,789c,
original/print/text/global_cloud_datacenter_cooling_failure_report(print).pdf,print,fontfile,32126,83412,789c,
original/print/text/global_cloud_datacenter_cooling_failure_report(print).pdf,print,fontfile,22434,48796,789c,
original/print/text/global_cloud_datacenter_cooling_failure_report(print).pdf,print,fontfile,45103,99772,789c,
original/print/text/global_cloud_datacenter_cooling_failure_report(print).pdf,print,content,2868,25727,789c,
original/print/text/global_cloud_datacenter_cooling_failure_report(print).pdf,print,fontfile,6832,11792,789c,
original/print/text/global_cloud_datacenter_cooling_failure_report(print).pdf,print,fontfile,17637,42140,789c,
original/print/text/global_cloud_datacenter_cooling_failure_report(print).pdf,print,fontfile,52903,135324,789c,
original/print/text/global_cloud_datacenter_cooling_failure_report(print).pdf,print,content,1775,12247,789c,
original/print/text/global_cloud_datacenter_cooling_failure_report(print).pdf,print,fontfile,10865,28956,789c,
original/print/text/global_cloud_datacenter_cooling_failure_report(print).pdf,print,fontfile,9236,18632,789c,
original/print/text/global_cloud_datacenter_cooling_failure_report(print).pdf,print,fontfile,28663,54824,789c,
original/print/text/global_cloud_datacenter_cooling_failure_report(print).pdf,print,content,2353,16220,789c,
original/print/text/global_cloud_datacenter_cooling_failure_report(print).pdf,print,fontfile,26455,58280,789c,
original/print/text/global_cloud_datacenter_cooling_failure_report(print).pdf,print,fontfile,29603,72908,789c,
original/print/text/global_cloud_datacenter_cooling_failure_report(print).pdf,print,fontfile,41119,105824,789c,
original/print/text/global_cloud_datacenter_cooling_failure_report(print).pdf,print,content,3741,37308,789c,
original/print/text/green_energy_sustainable_living_guidelines_multilang(print).pdf,print,fontfile,25936,63532,789c,
original/print/text/green_energy_sustainable_living_guidelines_multilang(print).pdf,print,fontfile,15499,37724,789c,
original/print/text/green_energy_sustainable_living_guidelines_multilang(print).pdf,print,fontfile,96384,230284,789c,
original/print/text/green_energy_sustainable_living_guidelines_multilang(print).pdf,print,content,62779,200706,789c,
original/print/text/green_energy_sustainable_living_guidelines_multilang(print).pdf,print,other,62417,200721,789c,
original/print/text/green_energy_sustainable_living_guidelines_multilang(print).pdf,print,other,62293,200734,789c,
original/print/text/green_energy_sustainable_living_guidelines_multilang(print).pdf,print,other,62790,200724,789c,
original/print/text/green_energy_sustainable_living_guidelines_multilang(print).pdf,print,other,26015,82392,789c,
original/print/text/green_energy_sustainable_living_guidelines_multilang(print).pdf,print,fontfile,44057,92376,789c,
original/print/text/green_energy_sustainable_living_guidelines_multilang(print).pdf,print,fontfile,49348,133000,789c,
original/print/text/green_energy_sustainable_living_guidelines_multilang(print).pdf,print,content,28490,77982,789c,
original/print/text/green_energy_sustainable_living_guidelines_multilang(print).pdf,print,fontfile,14917,34280,789c,
original/print/text/green_energy_sustainable_living_guidelines_multilang(print).pdf,print,fontfile,45756,95808,789c,
original/print/text/green_energy_sustainable_living_guidelines_multilang(print).pdf,print,fontfile,21169,42192,789c,
original/print/text/green_energy_sustainable_living_guidelines_multilang(print).pdf,print,content,5131,55380,789c,
original/print/text/green_energy_sustainable_living_guidelines_multilang(print).pdf,print,fontfile,15830,39584,789c,
original/print/text/green_energy_sustainable_living_guidelines_multilang(print).pdf,print,fontfile,50853,131148,789c,
original/print/text/green_energy_sustainable_living_guidelines_multilang(print).pdf,print,fontfile,45481,107192,789c,
original/print/text/green_energy_sustainable_living_guidelines_multilang(print).pdf,print,content,2725,18365,789c,
original/print/text/green_energy_sustainable_living_guidelines_multilang(print).pdf,print,fontfile,7001,14476,789c,
original/print/text/green_energy_sustainable_living_guidelines_multilang(print).pdf,print,fontfile,26848,52444,789c,
original/print/text/green_energy_sustainable_living_guidelines_multilang(print).pdf,print,content,3110,22991,789c,
original/print/text/green_energy_sustainable_living_guidelines_multilang(print).pdf,print,fontfile,24539,64804,789c,
original/print/text/green_energy_sustainable_living_guidelines_multilang(print).pdf,print,fontfile,39433,99916,789c,
original/print/text/green_energy_sustainable_living_guidelines_multilang(print).pdf,print,fontfile,28964,64152,789c,
original/print/text/green_energy_sustainable_living_guidelines_multilang(print).pdf,print,content,5671,69319,789c,
original/print/text/health_wellbeing_digital_age_guidelines_multilang(print).pdf,print,fontfile,25792,63296,789c,
original/print/text/health_wellbeing_digital_age_guidelines_multilang(print).pdf,print,fontfile,11140,18196,789c,
original/print/text/health_wellbeing_digital_age_guidelines_multilang(print).pdf,print,fontfile,96384,230284,789c,
original/print/text/health_wellbeing_digital_age_guidelines_multilang(print).pdf,print,content,29563,109960,789c,
original/print/text/health_wellbeing_digital_age_guidelines_multilang(print).pdf,print,fontfile,16171,80112,789c,
original/print/text/health_wellbeing_digital_age_guidelines_multilang(print).pdf,print,fontfile,37592,97304,789c,
original/print/text/health_wellbeing_digital_age_guidelines_multilang(print).pdf,print,content,1531,8480,789c,
original/print/text/health_wellbeing_digital_age_guidelines_multilang(print).pdf,print,fontfile,11700,26720,789c,
original/print/text/health_wellbeing_digital_age_guidelines_multilang(print).pdf,print,fontfile,31704,74468,789c,
original/print/text/health_wellbeing_digital_age_guidelines_multilang(print).pdf,print,content,5374,60891,789c,
original/print/text/health_wellbeing_digital_age_guidelines_multilang(print).pdf,print,fontfile,11272,30240,789c,
original/print/text/health_wellbeing_digital_age_guidelines_multilang(print).pdf,print,fontfile,46297,108952,789c,
original/print/text/health_wellbeing_digital_age_guidelines_multilang(print).pdf,print,content,2865,20264,789c,
original/print/text/health_wellbeing_digital_age_guidelines_multilang(print).pdf,print,fontfile,7643,15648,789c,
original/print/text/health_wellbeing_digital_age_guidelines_multilang(print).pdf,print,fontfile,30484,57844,789c,
original/print/text/health_wellbeing_digital_age_guidelines_multilang(print).pdf,print,content,2984,20754,789c,
original/print/text/health_wellbeing_digital_age_guidelines_multilang(print).pdf,print,fontfile,35272,82232,789c,
original/print/text/health_wellbeing_digital_age_guidelines_multilang(print).pdf,print,fontfile,11684,24904,789c,
original/print/text/health_wellbeing_digital_age_guidelines_multilang(print).pdf,print,content,5160,54115,789c,
original/print/text/illegal_item_trading_money_laundering_in_games(print).pdf,print,fontfile,29032,74404,789c,
original/print/text/illegal_item_trading_money_laundering_in_games(print).pdf,print,fontfile,43275,100168,789c,
original/print/text/illegal_item_trading_money_laundering_in_games(print).pdf,print,fontfile,16216,38556,789c,
original/print/text/illegal_item_trading_money_laundering_in_games(print).pdf,print,content,64296,200732,789c,
original/print/text/illegal_item_trading_money_laundering_in_games(print).pdf,print,other,45588,142300,789c,
original/print/text/illegal_item_trading_money_laundering_in_games(print).pdf,print,fontfile,48948,100128,789c,
original/print/text/illegal_item_trading_money_laundering_in_games(print).pdf,print,fontfile,32465,106032,789c,
original/print/text/illegal_item_trading_money_laundering_in_games(print).pdf,print,content,64549,168126,789c,
original/print/text/illegal_item_trading_money_laundering_in_games(print).pdf,print,fontfile,21440,50684,789c,
original/print/text/illegal_item_trading_money_laundering_in_games(print).pdf,print,fontfile,49396,110040,789c,
original/print/text/illegal_item_trading_money_laundering_in_games(print).pdf,print,fontfile,17941,38360,789c,
original/print/text/illegal_item_trading_money_laundering_in_games(print).pdf,print,content,3594,32450,789c,
original/print/text/illegal_item_trading_money_laundering_in_games(print).pdf,print,fontfile,16608,40636,789c,
original/print/text/illegal_item_trading_money_laundering_in_games(print).pdf,print,fontfile,52676,133964,789c,
original/print/text/illegal_item_trading_money_laundering_in_games(print).pdf,print,fontfile,45186,106952,789c,
original/print/text/illegal_item_trading_money_laundering_in_games(print).pdf,print,content,2971,19496,789c,
original/print/text/illegal_item_trading_money_laundering_in_games(print).pdf,print,fontfile,7931,16208,789c,
original/print/text/illegal_item_trading_money_laundering_in_games(print).pdf,print,fontfile,28143,53980,789c,
original/print/text/illegal_item_trading_money_laundering_in_games(print).pdf,print,content,2973,19784,789c,
original/print/text/illegal_item_trading_money_laundering_in_games(print).pdf,print,fontfile,28249,71144,789c,
original/print/text/illegal_item_trading_money_laundering_in_games(print).pdf,print,fontfile,40540,99040,789c,
original/print/text/illegal_item_trading_money_laundering_in_games(print).pdf,print,fontfile,27637,60852,789c,
original/print/text/illegal_item_trading_money_laundering_in_games(print).pdf,print,content,4330,48048,789c,
original/print/text/messenger_app_data_misuse_investigation(print).pdf,print,fontfile,6171,11172,789c,
original/print/text/messenger_app_data_misuse_investigation(print).pdf,print,fontfile,11673,23900,789c,
original/print/text/messenger_app_data_misuse_investigation(print).pdf,print,content,62723,200765,789c,
original/print/text/messenger_app_data_misuse_investigation(print).pdf,print,other,64838,200732,789c,
original/print/text/messenger_app_data_misuse_investigation(print).pdf,print,other,52406,160968,789c,
original/print/text/messenger_app_data_misuse_investigation(print).pdf,print,fontfile,7854,56192,789c,
original/print/text/messenger_app_data_misuse_investigation(print).pdf,print,fontfile,38545,115716,789c,
original/print/text/messenger_app_data_misuse_investigation(print).pdf,print,fontfile,1489,33036,789c,
original/print/text/messenger_app_data_misuse_investigation(print).pdf,print,content,1122,6243,789c,
original/print/text/messenger_app_data_misuse_investigation(print).pdf,print,fontfile,14891,40204,789c,
original/print/text/messenger_app_data_misuse_investigation(print).pdf,print,fontfile,21734,42768,789c,
original/print/text/messenger_app_data_misuse_investigation(print).pdf,print,content,3150,31720,789c,
original/print/text/messenger_app_data_misuse_investigation(print).pdf,print,fontfile,11812,31368,789c,
original/print/text/messenger_app_data_misuse_investigation(print).pdf,print,fontfile,46447,108636,789c,
original/print/text/messenger_app_data_misuse_investigation(print).pdf,print,content,2348,15341,789c,
original/print/text/messenger_app_data_misuse_investigation(print).pdf,print,fontfile,5220,12744,789c,
original/print/text/messenger_app_data_misuse_investigation(print).pdf,print,content,2646,18124,789c,
original/print/text/messenger_app_data_misuse_investigation(print).pdf,print,fontfile,8238,17308,789c,
original/print/text/messenger_app_data_misuse_investigation(print).pdf,print,fontfile,28438,62708,789c,
original/print/text/messenger_app_data_misuse_investigation(print).pdf,print,content,3539,39381,789c,
original/print/text/open_source_software_contribution_guidelines_multilang(print).pdf,print,fontfile,7529,13296,789c,
original/print/text/open_source_software_contribution_guidelines_multilang(print).pdf,print,fontfile,15568,37852,789c,
original/print/text/open_source_software_contribution_guidelines_multilang(print).pdf,print,fontfile,96384,230284,789c,
original/print/text/open_source_software_contribution_guidelines_multilang(print).pdf,print,fontfile,34890,85904,789c,
original/print/text/open_source_software_contribution_guidelines_multilang(print).pdf,print,content,3399,23357,789c,
original/print/text/open_source_software_contribution_guidelines_multilang(print).pdf,print,fontfile,58598,148232,789c,
original/print/text/open_source_software_contribution_guidelines_multilang(print).pdf,print,content,74413,200723,789c,
original/print/text/open_source_software_contribution_guidelines_multilang(print).pdf,print,other,15912,40922,789c,
original/print/text/open_source_software_contribution_guidelines_multilang(print).pdf,print,fontfile,14698,33660,789c,
original/print/text/open_source_software_contribution_guidelines_multilang(print).pdf,print,fontfile,13453,30264,789c,
original/print/text/open_source_software_contribution_guidelines_multilang(print).pdf,print,fontfile,20513,53872,789c,
original/print/text/open_source_software_contribution_guidelines_multilang(print).pdf,print,content,6527,74244,789c,
original/print/text/open_source_software_contribution_guidelines_multilang(print).pdf,print,fontfile,16262,40388,789c,
original/print/text/open_source_software_contribution_guidelines_multilang(print).pdf,print,fontfile,50899,131220,789c,
original/print/text/open_source_software_contribution_guidelines_multilang(print).pdf,print,fontfile,15209,37772,789c,
original/print/text/open_source_software_contribution_guidelines_multilang(print).pdf,print,content,3447,24176,789c,
original/print/text/open_source_software_contribution_guidelines_multilang(print).pdf,print,fontfile,8157,17144,789c,
original/print/text/open_source_software_contribution_guidelines_multilang(print).pdf,print,fontfile,13192,32232,789c,
original/print/text/open_source_software_contribution_guidelines_multilang(print).pdf,print,content,3321,23912,789c,
original/print/text/open_source_software_contribution_guidelines_multilang(print).pdf,print,fontfile,27121,60164,789c,
original/print/text/open_source_software_contribution_guidelines_multilang(print).pdf,print,fontfile,37987,90760,789c,
original/print/text/open_source_software_contribution_guidelines_multilang(print).pdf,print,fontfile,29085,64160,789c,
original/print/text/open_source_software_contribution_guidelines_multilang(print).pdf,print,content,6781,82847,789c,
original/print/text/personal_finance_cyber_fraud_prevention_guidelines_multilang(print).pdf,print,fontfile,6425,11532,789c,
original/print/text/personal_finance_cyber_fraud_prevention_guidelines_multilang(print).pdf,print,fontfile,17207,39772,789c,
original/print/text/personal_finance_cyber_fraud_prevention_guidelines_multilang(print).pdf,print,fontfile,9634,20212,789c,
original/print/text/personal_finance_cyber_fraud_prevention_guidelines_multilang(print).pdf,print,content,3326,22374,789c,
original/print/text/personal_finance_cyber_fraud_prevention_guidelines_multilang(print).pdf,print,fontfile,10234,44492,789c,
original/print/text/personal_finance_cyber_fraud_prevention_guidelines_multilang(print).pdf,print,content,76610,200758,789c,
original/print/text/personal_finance_cyber_fraud_prevention_guidelines_multilang(print).pdf,print,other,76433,200729,789c,
original/print/text/personal_finance_cyber_fraud_prevention_guidelines_multilang(print).pdf,print,other,76293,200718,789c,
original/print/text/personal_finance_cyber_fraud_prevention_guidelines_multilang(print).pdf,print,other,76732,200764,789c,
original/print/text/personal_finance_cyber_fraud_prevention_guidelines_multilang(print).pdf,print,other,77403,200742,789c,
original/print/text/personal_finance_cyber_fraud_prevention_guidelines_multilang(print).pdf,print,other,76461,200724,789c,
original/print/text/personal_finance_cyber_fraud_prevention_guidelines_multilang(print).pdf,print,other,76936,200747,789c,
original/print/text/personal_finance_cyber_fraud_prevention_guidelines_multilang(print).pdf,print,other,77357,200737,789c,
original/print/text/personal_finance_cyber_fraud_prevention_guidelines_multilang(print).pdf,print,fontfile,18709,83616,789c,
original/print/text/personal_finance_cyber_fraud_prevention_guidelines_multilang(print).pdf,print,fontfile,96384,230284,789c,
original/print/text/personal_finance_cyber_fraud_prevention_guidelines_multilang(print).pdf,print,other,63488,164322,789c,
original/print/text/personal_finance_cyber_fraud_prevention_guidelines_multilang(print).pdf,print,fontfile,39819,87496,789c,
original/print/text/personal_finance_cyber_fraud_prevention_guidelines_multilang(print).pdf,print,fontfile,21332,42336,789c,
original/print/text/personal_finance_cyber_fraud_prevention_guidelines_multilang(print).pdf,print,fontfile,14492,39376,789c,
original/print/text/personal_finance_cyber_fraud_prevention_guidelines_multilang(print).pdf,print,content,6353,73933,789c,
original/print/text/personal_finance_cyber_fraud_prevention_guidelines_multilang(print).pdf,print,fontfile,15874,39740,789c,
original/print/text/personal_finance_cyber_fraud_prevention_guidelines_multilang(print).pdf,print,fontfile,46351,108972,789c,
original/print/text/personal_finance_cyber_fraud_prevention_guidelines_multilang(print).pdf,print,fontfile,11737,31372,789c,
original/print/text/personal_finance_cyber_fraud_prevention_guidelines_multilang(print).pdf,print,content,3359,24655,789c,
original/print/text/personal_finance_cyber_fraud_prevention_guidelines_multilang(print).pdf,print,fontfile,26179,51408,789c,
original/print/text/personal_finance_cyber_fraud_prevention_guidelines_multilang(print).pdf,print,fontfile,4824,12016,789c,
original/print/text/personal_finance_cyber_fraud_prevention_guidelines_multilang(print).pdf,print,content,3571,29063,789c,
original/print/text/personal_finance_cyber_fraud_prevention_guidelines_multilang(print).pdf,print,fontfile,22089,49772,789c,
original/print/text/personal_finance_cyber_fraud_prevention_guidelines_multilang(print).pdf,print,fontfile,11694,24808,789c,
original/print/text/personal_finance_cyber_fraud_prevention_guidelines_multilang(print).pdf,print,fontfile,37610,89128,789c,
original/print/text/personal_finance_cyber_fraud_prevention_guidelines_multilang(print).pdf,print,content,6262,65984,789c,
original/print/text/remote_work_home_office_guidelines(print).pdf,print,fontfile,7504,13276,789c,
original/print/text/remote_work_home_office_guidelines(print).pdf,print,fontfile,96384,230284,789c,
original/print/text/remote_work_home_office_guidelines(print).pdf,print,fontfile,13092,25352,789c,
original/print/text/remote_work_home_office_guidelines(print).pdf,print,content,58721,200742,789c,
original/print/text/remote_work_home_office_guidelines(print).pdf,print,other,2223,6016,789c,
original/print/text/remote_work_home_office_guidelines(print).pdf,print,fontfile,4341,51776,789c,
original/print/text/remote_work_home_office_guidelines(print).pdf,print,fontfile,22366,89404,789c,
original/print/text/remote_work_home_office_guidelines(print).pdf,print,fontfile,101432,200512,789c,
original/print/text/remote_work_home_office_guidelines(print).pdf,print,content,1585,9419,789c,
original/print/text/remote_work_home_office_guidelines(print).pdf,print,fontfile,14086,38608,789c,
original/print/text/remote_work_home_office_guidelines(print).pdf,print,fontfile,13816,30984,789c,
original/print/text/remote_work_home_office_guidelines(print).pdf,print,fontfile,44051,106380,789c,
original/print/text/remote_work_home_office_guidelines(print).pdf,print,content,5570,59669,789c,
original/print/text/remote_work_home_office_guidelines(print).pdf,print,fontfile,11850,31296,789c,
original/print/text/remote_work_home_office_guidelines(print).pdf,print,fontfile,42016,99688,789c,
original/print/text/remote_work_home_office_guidelines(print).pdf,print,fontfile,8441,13976,789c,
original/print/text/remote_work_home_office_guidelines(print).pdf,print,content,2788,18731,789c,
original/print/text/remote_work_home_office_guidelines(print).pdf,print,fontfile,4891,11912,789c,
original/print/text/remote_work_home_office_guidelines(print).pdf,print,fontfile,12985,32092,789c,
original/print/text/remote_work_home_office_guidelines(print).pdf,print,content,2945,20346,789c,
original/print/text/remote_work_home_office_guidelines(print).pdf,print,fontfile,7198,14960,789c,
original/print/text/remote_work_home_office_guidelines(print).pdf,print,fontfile,22649,50056,789c,
original/print/text/remote_work_home_office_guidelines(print).pdf,print,fontfile,38472,82824,789c,
original/print/text/remote_work_home_office_guidelines(print).pdf,print,content,6482,79094,789c,
original/print/text/smart_city_data_privacy_guidelines_multilang(print).pdf,print,fontfile,10861,17744,789c,
original/print/text/smart_city_data_privacy_guidelines_multilang(print).pdf,print,fontfile,26445,64796,789c,
original/print/text/smart_city_data_privacy_guidelines_multilang(print).pdf,print,fontfile,96384,230284,789c,
original/print/text/smart_city_data_privacy_guidelines_multilang(print).pdf,print,content,13761,57948,789c,
original/print/text/smart_city_data_privacy_guidelines_multilang(print).pdf,print,fontfile,15981,79888,789c,
original/print/text/smart_city_data_privacy_guidelines_multilang(print).pdf,print,fontfile,109982,213000,789c,
original/print/text/smart_city_data_privacy_guidelines_multilang(print).pdf,print,content,1785,10592,789c,
original/print/text/smart_city_data_privacy_guidelines_multilang(print).pdf,print,fontfile,10586,25116,789c,
original/print/text/smart_city_data_privacy_guidelines_multilang(print).pdf,print,fontfile,30420,69380,789c,
original/print/text/smart_city_data_privacy_guidelines_multilang(print).pdf,print,content,6104,74005,789c,
original/print/text/smart_city_data_privacy_guidelines_multilang(print).pdf,print,fontfile,11460,30652,789c,
original/print/text/smart_city_data_privacy_guidelines_multilang(print).pdf,print,fontfile,19562,44724,789c,
original/print/text/smart_city_data_privacy_guidelines_multilang(print).pdf,print,fontfile,40971,97664,789c,
original/print/text/smart_city_data_privacy_guidelines_multilang(print).pdf,print,content,3375,28341,789c,
original/print/text/smart_city_data_privacy_guidelines_multilang(print).pdf,print,fontfile,7525,15492,789c,
original/print/text/smart_city_data_privacy_guidelines_multilang(print).pdf,print,content,3500,28978,789c,
original/print/text/smart_city_data_privacy_guidelines_multilang(print).pdf,print,fontfile,33594,75056,789c,
original/print/text/smart_city_data_privacy_guidelines_multilang(print).pdf,print,fontfile,22973,51704,789c,
original/print/text/smart_city_data_privacy_guidelines_multilang(print).pdf,print,fontfile,11922,25992,789c,
original/print/text/smart_city_data_privacy_guidelines_multilang(print).pdf,print,content,5716,60159,789c,
original/print/text/smart_factory_robot_malfunction_analysis(print).pdf,print,fontfile,8074,14040,789c,
original/print/text/smart_factory_robot_malfunction_analysis(print).pdf,print,fontfile,43275,100168,789c,
original/print/text/smart_factory_robot_malfunction_analysis(print).pdf,print,fontfile,17425,40044,789c,
original/print/text/smart_factory_robot_malfunction_analysis(print).pdf,print,content,2734,18697,789c,
original/print/text/smart_factory_robot_malfunction_analysis(print).pdf,print,fontfile,37030,82216,789c,
original/print/text/smart_factory_robot_malfunction_analysis(print).pdf,print,content,77791,200744,789c,
original/print/text/smart_factory_robot_malfunction_analysis(print).pdf,print,content,77835,200709,789c,
original/print/text/smart_factory_robot_malfunction_analysis(print).pdf,print,other,76670,200754,789c,
original/print/text/smart_factory_robot_malfunction_analysis(print).pdf,print,other,76662,200718,789c,
original/print/text/smart_factory_robot_malfunction_analysis(print).pdf,print,other,51186,129002,789c,
original/print/text/smart_factory_robot_malfunction_analysis(print).pdf,print,fontfile,44600,99316,789c,
original/print/text/smart_factory_robot_malfunction_analysis(print).pdf,print,fontfile,20469,54776,789c,
original/print/text/smart_factory_robot_malfunction_analysis(print).pdf,print,content,3282,34273,789c,
original/print/text/smart_factory_robot_malfunction_analysis(print).pdf,print,fontfile,12116,32012,789c,
original/print/text/smart_factory_robot_malfunction_analysis(print).pdf,print,fontfile,45562,107680,789c,
original/print/text/smart_factory_robot_malfunction_analysis(print).pdf,print,content,2916,19773,789c,
original/print/text/smart_factory_robot_malfunction_analysis(print).pdf,print,fontfile,8082,16544,789c,
original/print/text/smart_factory_robot_malfunction_analysis(print).pdf,print,content,2938,21365,789c,
original/print/text/smart_factory_robot_malfunction_analysis(print).pdf,print,fontfile,38933,94156,789c,
original/print/text/smart_factory_robot_malfunction_analysis(print).pdf,print,fontfile,27629,61328,789c,
original/print/text/smart_factory_robot_malfunction_analysis(print).pdf,print,content,3992,45241,789c,
original/print/text+img/global_agriculture_food_security_climate_impact(print).pdf,print,fontfile,27097,65800,789c,
original/print/text+img/global_agriculture_food_security_climate_impact(print).pdf,print,fontfile,12726,24720,789c,
original/print/text+img/global_agriculture_food_security_climate_impact(print).pdf,print,fontfile,15884,38196,789c,
original/print/text+img/global_agriculture_food_security_climate_impact(print).pdf,print,content,4214,33114,789c,
original/print/text+img/global_agriculture_food_security_climate_impact(print).pdf,print,fontfile,46438,108916,789c,
original/print/text+img/global_agriculture_food_security_climate_impact(print).pdf,print,content,42214,112979,789c,
original/print/text+img/global_agriculture_food_security_climate_impact(print).pdf,print,fontfile,45413,95292,789c,
original/print/text+img/global_agriculture_food_security_climate_impact(print).pdf,print,fontfile,18284,38628,789c,
original/print/text+img/global_agriculture_food_security_climate_impact(print).pdf,print,fontfile,20152,53568,789c,
original/print/text+img/global_agriculture_food_security_climate_impact(print).pdf,print,content,10797,184943,789c,
original/print/text+img/global_agriculture_food_security_climate_impact(print).pdf,print,fontfile,12238,32044,789c,
original/print/text+img/global_agriculture_food_security_climate_impact(print).pdf,print,fontfile,8092,13728,789c,
original/print/text+img/global_agriculture_food_security_climate_impact(print).pdf,print,content,4521,34053,789c,
original/print/text+img/global_agriculture_food_security_climate_impact(print).pdf,print,fontfile,10422,28312,789c,
original/print/text+img/global_agriculture_food_security_climate_impact(print).pdf,print,fontfile,29359,55932,789c,
original/print/text+img/global_agriculture_food_security_climate_impact(print).pdf,print,content,4442,34522,789c,
original/print/text+img/global_agriculture_food_security_climate_impact(print).pdf,print,fontfile,36132,85956,789c,
original/print/text+img/global_agriculture_food_security_climate_impact(print).pdf,print,fontfile,27850,61772,789c,
original/print/text+img/global_agriculture_food_security_climate_impact(print).pdf,print,content,10268,176532,789c,
original/print/text+img/global_ai_technology_investment_and_industry_adoption(print).pdf,print,fontfile,15067,37100,789c,
original/print/text+img/global_ai_technology_investment_and_industry_adoption(print).pdf,print,fontfile,96384,230284,789c,
original/print/text+img/global_ai_technology_investment_and_industry_adoption(print).pdf,print,fontfile,12005,19408,789c,
original/print/text+img/global_ai_technology_investment_and_industry_adoption(print).pdf,print,fontfile,11673,23180,789c,
original/print/text+img/global_ai_technology_investment_and_industry_adoption(print).pdf,print,content,3682,27623,789c,
original/print/text+img/global_ai_technology_investment_and_industry_adoption(print).pdf,print,fontfile,31310,74700,789c,
original/print/text+img/global_ai_technology_investment_and_industry_adoption(print).pdf,print,fontfile,89150,166788,789c,
original/print/text+img/global_ai_technology_investment_and_industry_adoption(print).pdf,print,fontfile,22844,76144,789c,
original/print/text+img/global_ai_technology_investment_and_industry_adoption(print).pdf,print,content,1867,8659,789c,
original/print/text+img/global_ai_technology_investment_and_industry_adoption(print).pdf,print,fontfile,44702,93900,789c,
original/print/text+img/global_ai_technology_investment_and_industry_adoption(print).pdf,print,fontfile,53123,136072,789c,
original/print/text+img/global_ai_technology_investment_and_industry_adoption(print).pdf,print,fontfile,18018,46820,789c,
original/print/text+img/global_ai_technology_investment_and_industry_adoption(print).pdf,print,fontfile,44315,107084,789c,
original/print/text+img/global_ai_technology_investment_and_industry_adoption(print).pdf,print,content,7716,82764,789c,
original/print/text+img/global_ai_technology_investment_and_industry_adoption(print).pdf,print,fontfile,12154,32096,789c,
original/print/text+img/global_ai_technology_investment_and_industry_adoption(print).pdf,print,fontfile,8005,13588,789c,
original/print/text+img/global_ai_technology_investment_and_industry_adoption(print).pdf,print,content,3467,23590,789c,
original/print/text+img/global_ai_technology_investment_and_industry_adoption(print).pdf,print,fontfile,29596,56136,789c,
original/print/text+img/global_ai_technology_investment_and_industry_adoption(print).pdf,print,fontfile,12352,31192,789c,
original/print/text+img/global_ai_technology_investment_and_industry_adoption(print).pdf,print,content,3547,24706,789c,
original/print/text+img/global_ai_technology_investment_and_industry_adoption(print).pdf,print,fontfile,36090,84160,789c,
original/print/text+img/global_ai_technology_investment_and_industry_adoption(print).pdf,print,fontfile,10486,22284,789c,
original/print/text+img/global_ai_technology_investment_and_industry_adoption(print).pdf,print,fontfile,36817,79044,789c,
original/print/text+img/global_ai_technology_investment_and_industry_adoption(print).pdf,print,content,7209,83660,789c,
original/print/text+img/global_climate_change_indicators_and_ghg_emissions(print).pdf,print,fontfile,6799,12004,789c,
original/print/text+img/global_climate_change_indicators_and_ghg_emissions(print).pdf,print,fontfile,96384,230284,789c,
original/print/text+img/global_climate_change_indicators_and_ghg_emissions(print).pdf,print,fontfile,31012,77768,789c,
original/print/text+img/global_climate_change_indicators_and_ghg_emissions(print).pdf,print,fontfile,13045,25208,789c,
original/print/text+img/global_climate_change_indicators_and_ghg_emissions(print).pdf,print,content,4035,28573,789c,
original/print/text+img/global_climate_change_indicators_and_ghg_emissions(print).pdf,print,fontfile,5595,53360,789c,
original/print/text+img/global_climate_change_indicators_and_ghg_emissions(print).pdf,print,fontfile,84752,152092,789c,
original/print/text+img/global_climate_change_indicators_and_ghg_emissions(print).pdf,print,content,76114,200745,789c,
original/print/text+img/global_climate_change_indicators_and_ghg_emissions(print).pdf,print,other,76062,200756,789c,
original/print/text+img/global_climate_change_indicators_and_ghg_emissions(print).pdf,print,other,77540,200735,789c,
original/print/text+img/global_climate_change_indicators_and_ghg_emissions(print).pdf,print,other,53556,140126,789c,
original/print/text+img/global_climate_change_indicators_and_ghg_emissions(print).pdf,print,fontfile,41563,92876,789c,
original/print/text+img/global_climate_change_indicators_and_ghg_emissions(print).pdf,print,fontfile,18048,37788,789c,
original/print/text+img/global_climate_change_indicators_and_ghg_emissions(print).pdf,print,fontfile,19951,52408,789c,
original/print/text+img/global_climate_change_indicators_and_ghg_emissions(print).pdf,print,content,6841,71754,789c,
original/print/text+img/global_climate_change_indicators_and_ghg_emissions(print).pdf,print,fontfile,50241,130376,789c,
original/print/text+img/global_climate_change_indicators_and_ghg_emissions(print).pdf,print,fontfile,14609,36852,789c,
original/print/text+img/global_climate_change_indicators_and_ghg_emissions(print).pdf,print,fontfile,7722,13124,789c,
original/print/text+img/global_climate_change_indicators_and_ghg_emissions(print).pdf,print,content,3902,27425,789c,
original/print/text+img/global_climate_change_indicators_and_ghg_emissions(print).pdf,print,fontfile,26960,52520,789c,
original/print/text+img/global_climate_change_indicators_and_ghg_emissions(print).pdf,print,fontfile,7051,15464,789c,
original/print/text+img/global_climate_change_indicators_and_ghg_emissions(print).pdf,print,content,3971,28195,789c,
original/print/text+img/global_climate_change_indicators_and_ghg_emissions(print).pdf,print,fontfile,26513,65828,789c,
original/print/text+img/global_climate_change_indicators_and_ghg_emissions(print).pdf,print,fontfile,45112,124968,789c,
original/print/text+img/global_climate_change_indicators_and_ghg_emissions(print).pdf,print,fontfile,10774,23544,789c,
original/print/text+img/global_climate_change_indicators_and_ghg_emissions(print).pdf,print,content,7320,82214,789c,
original/print/text+img/global_esports_and_gaming_industry_growth(print).pdf,print,fontfile,96384,230284,789c,
original/print/text+img/global_esports_and_gaming_industry_growth(print).pdf,print,fontfile,10794,17728,789c,
original/print/text+img/global_esports_and_gaming_industry_growth(print).pdf,print,fontfile,16533,39016,789c,
original/print/text+img/global_esports_and_gaming_industry_growth(print).pdf,print,content,18852,72962,789c,
original/print/text+img/global_esports_and_gaming_industry_growth(print).pdf,print,fontfile,85467,153488,789c,
original/print/text+img/global_esports_and_gaming_industry_growth(print).pdf,print,fontfile,75838,145440,789c,
original/print/text+img/global_esports_and_gaming_industry_growth(print).pdf,print,content,31519,84217,789c,
original/print/text+img/global_esports_and_gaming_industry_growth(print).pdf,print,fontfile,16078,36052,789c,
original/print/text+img/global_esports_and_gaming_industry_growth(print).pdf,print,fontfile,33126,102880,789c,
original/print/text+img/global_esports_and_gaming_industry_growth(print).pdf,print,fontfile,45129,109324,789c,
original/print/text+img/global_esports_and_gaming_industry_growth(print).pdf,print,fontfile,12453,211148,789c,
original/print/text+img/global_esports_and_gaming_industry_growth(print).pdf,print,content,7146,75846,789c,
original/print/text+img/global_esports_and_gaming_industry_growth(print).pdf,print,fontfile,16913,41196,789c,
original/print/text+img/global_esports_and_gaming_industry_growth(print).pdf,print,fontfile,44119,104212,789c,
original/print/text+img/global_esports_and_gaming_industry_growth(print).pdf,print,fontfile,14356,36060,789c,
original/print/text+img/global_esports_and_gaming_industry_growth(print).pdf,print,content,3937,26979,789c,
original/print/text+img/global_esports_and_gaming_industry_growth(print).pdf,print,fontfile,26428,51696,789c,
original/print/text+img/global_esports_and_gaming_industry_growth(print).pdf,print,fontfile,12372,31164,789c,
original/print/text+img/global_esports_and_gaming_industry_growth(print).pdf,print,content,3890,27143,789c,
original/print/text+img/global_esports_and_gaming_industry_growth(print).pdf,print,fontfile,19385,44988,789c,
original/print/text+img/global_esports_and_gaming_industry_growth(print).pdf,print,fontfile,10723,23116,789c,
original/print/text+img/global_esports_and_gaming_industry_growth(print).pdf,print,fontfile,38958,83108,789c,
original/print/text+img/global_esports_and_gaming_industry_growth(print).pdf,print,content,7741,87767,789c,
original/print/text+img/global_ev_market_growth_statistics(print).pdf,print,fontfile,9917,19020,789c,
original/print/text+img/global_ev_market_growth_statistics(print).pdf,print,fontfile,96384,230284,789c,
original/print/text+img/global_ev_market_growth_statistics(print).pdf,print,fontfile,33917,83304,789c,
original/print/text+img/global_ev_market_growth_statistics(print).pdf,print,fontfile,17327,39964,789c,
original/print/text+img/global_ev_market_growth_statistics(print).pdf,print,content,3507,21007,789c,
original/print/text+img/global_ev_market_growth_statistics(print).pdf,print,fontfile,12304,47504,789c,
original/print/text+img/global_ev_market_growth_statistics(print).pdf,print,content,75799,200715,789c,
original/print/text+img/global_ev_market_growth_statistics(print).pdf,print,other,76246,200724,789c,
original/print/text+img/global_ev_market_growth_statistics(print).pdf,print,other,75712,200767,789c,
original/print/text+img/global_ev_market_growth_statistics(print).pdf,print,other,75281,200761,789c,
original/print/text+img/global_ev_market_growth_statistics(print).pdf,print,other,76175,200733,789c,
original/print/text+img/global_ev_market_growth_statistics(print).pdf,print,fontfile,33298,107644,789c,
original/print/text+img/global_ev_market_growth_statistics(print).pdf,print,other,45274,118716,789c,
original/print/text+img/global_ev_market_growth_statistics(print).pdf,print,fontfile,31747,81872,789c,
original/print/text+img/global_ev_market_growth_statistics(print).pdf,print,fontfile,28930,66340,789c,
original/print/text+img/global_ev_market_growth_statistics(print).pdf,print,fontfile,57635,121228,789c,
original/print/text+img/global_ev_market_growth_statistics(print).pdf,print,content,5573,59628,789c,
original/print/text+img/global_ev_market_growth_statistics(print).pdf,print,fontfile,6990,12164,789c,
original/print/text+img/global_ev_market_growth_statistics(print).pdf,print,fontfile,19488,44716,789c,
original/print/text+img/global_ev_market_growth_statistics(print).pdf,print,fontfile,52685,135360,789c,
original/print/text+img/global_ev_market_growth_statistics(print).pdf,print,content,2964,20512,789c,
original/print/text+img/global_ev_market_growth_statistics(print).pdf,print,fontfile,10212,27992,789c,
original/print/text+img/global_ev_market_growth_statistics(print).pdf,print,fontfile,9946,19812,789c,
original/print/text+img/global_ev_market_growth_statistics(print).pdf,print,fontfile,29387,56048,789c,
original/print/text+img/global_ev_market_growth_statistics(print).pdf,print,content,3076,20980,789c,
original/print/text+img/global_ev_market_growth_statistics(print).pdf,print,fontfile,28178,61752,789c,
original/print/text+img/global_ev_market_growth_statistics(print).pdf,print,fontfile,33730,80724,789c,
original/print/text+img/global_ev_market_growth_statistics(print).pdf,print,fontfile,42552,105416,789c,
original/print/text+img/global_ev_market_growth_statistics(print).pdf,print,content,6219,72567,789c,
original/print/text+img/global_healthcare_digital_health_patient_data_trends(print).pdf,print,fontfile,15272,37340,789c,
original/print/text+img/global_healthcare_digital_health_patient_data_trends(print).pdf,print,fontfile,96384,230284,789c,
original/print/text+img/global_healthcare_digital_health_patient_data_trends(print).pdf,print,content,49431,200765,789c,
original/print/text+img/global_healthcare_digital_health_patient_data_trends(print).pdf,print,other,50857,200722,789c,
original/print/text+img/global_healthcare_digital_health_patient_data_trends(print).pdf,print,other,49223,200770,789c,
original/print/text+img/global_healthcare_digital_health_patient_data_trends(print).pdf,print,other,50841,200708,789c,
original/print/text+img/global_healthcare_digital_health_patient_data_trends(print).pdf,print,other,49665,200724,789c,
original/print/text+img/global_healthcare_digital_health_patient_data_trends(print).pdf,print,other,50625,200740,789c,
original/print/text+img/global_healthcare_digital_health_patient_data_trends(print).pdf,print,other,49082,200765,789c,
original/print/text+img/global_healthcare_digital_health_patient_data_trends(print).pdf,print,other,51152,200752,789c,
original/print/text+img/global_healthcare_digital_health_patient_data_trends(print).pdf,print,other,34176,134960,789c,
original/print/text+img/global_healthcare_digital_health_patient_data_trends(print).pdf,print,fontfile,50659,136244,789c,
original/print/text+img/global_healthcare_digital_health_patient_data_trends(print).pdf,print,content,74688,200716,789c,
original/print/text+img/global_healthcare_digital_health_patient_data_trends(print).pdf,print,other,76469,200738,789c,
original/print/text+img/global_healthcare_digital_health_patient_data_trends(print).pdf,print,other,75670,200712,789c,
original/print/text+img/global_healthcare_digital_health_patient_data_trends(print).pdf,print,other,75908,200760,789c,
original/print/text+img/global_healthcare_digital_health_patient_data_trends(print).pdf,print,other,48146,126760,789c,
original/print/text+img/global_healthcare_digital_health_patient_data_trends(print).pdf,print,fontfile,17907,40600,789c,
original/print/text+img/global_healthcare_digital_health_patient_data_trends(print).pdf,print,fontfile,59639,125416,789c,
original/print/text+img/global_healthcare_digital_health_patient_data_trends(print).pdf,print,fontfile,20232,43768,789c,
original/print/text+img/global_healthcare_digital_health_patient_data_trends(print).pdf,print,content,7960,84245,789c,
original/print/text+img/global_healthcare_digital_health_patient_data_trends(print).pdf,print,fontfile,16852,41064,789c,
original/print/text+img/global_healthcare_digital_health_patient_data_trends(print).pdf,print,fontfile,45471,107252,789c,
original/print/text+img/global_healthcare_digital_health_patient_data_trends(print).pdf,print,fontfile,6114,13888,789c,
original/print/text+img/global_healthcare_digital_health_patient_data_trends(print).pdf,print,content,4408,41560,789c,
original/print/text+img/global_healthcare_digital_health_patient_data_trends(print).pdf,print,fontfile,12971,31968,789c,
original/print/text+img/global_healthcare_digital_health_patient_data_trends(print).pdf,print,content,3841,29283,789c,
original/print/text+img/global_healthcare_digital_health_patient_data_trends(print).pdf,print,fontfile,27186,59748,789c,
original/print/text+img/global_healthcare_digital_health_patient_data_trends(print).pdf,print,fontfile,37759,85956,789c,
original/print/text+img/global_healthcare_digital_health_patient_data_trends(print).pdf,print,content,8616,104012,789c,
original/print/text+img/global_renewable_energy_generation_and_carbon_reduction_analysis(print).pdf,print,fontfile,7020,12300,789c,
original/print/text+img/global_renewable_energy_generation_and_carbon_reduction_analysis(print).pdf,print,content,60506,200728,789c,
original/print/text+img/global_renewable_energy_generation_and_carbon_reduction_analysis(print).pdf,print,other,62686,200762,789c,
original/print/text+img/global_renewable_energy_generation_and_carbon_reduction_analysis(print).pdf,print,other,62059,200732,789c,
original/print/text+img/global_renewable_energy_generation_and_carbon_reduction_analysis(print).pdf,print,fontfile,16815,39340,789c,
original/print/text+img/global_renewable_energy_generation_and_carbon_reduction_analysis(print).pdf,print,other,60155,200717,789c,
original/print/text+img/global_renewable_energy_generation_and_carbon_reduction_analysis(print).pdf,print,other,10,2,789c,zlib:level=6
original/print/text+img/global_renewable_energy_generation_and_carbon_reduction_analysis(print).pdf,print,fontfile,6257,54112,789c,
original/print/text+img/global_renewable_energy_generation_and_carbon_reduction_analysis(print).pdf,print,fontfile,40689,118456,789c,
original/print/text+img/global_renewable_energy_generation_and_carbon_reduction_analysis(print).pdf,print,fontfile,67434,127144,789c,
original/print/text+img/global_renewable_energy_generation_and_carbon_reduction_analysis(print).pdf,print,fontfile,96384,230284,789c,
original/print/text+img/global_renewable_energy_generation_and_carbon_reduction_analysis(print).pdf,print,content,1632,8185,789c,
original/print/text+img/global_renewable_energy_generation_and_carbon_reduction_analysis(print).pdf,print,fontfile,15102,41124,789c,
original/print/text+img/global_renewable_energy_generation_and_carbon_reduction_analysis(print).pdf,print,fontfile,16866,36140,789c,
original/print/text+img/global_renewable_energy_generation_and_carbon_reduction_analysis(print).pdf,print,fontfile,55137,121524,789c,
original/print/text+img/global_renewable_energy_generation_and_carbon_reduction_analysis(print).pdf,print,content,5975,64950,789c,
original/print/text+img/global_renewable_energy_generation_and_carbon_reduction_analysis(print).pdf,print,fontfile,12317,32252,789c,
original/print/text+img/global_renewable_energy_generation_and_carbon_reduction_analysis(print).pdf,print,fontfile,44954,106048,789c,
original/print/text+img/global_renewable_energy_generation_and_carbon_reduction_analysis(print).pdf,print,fontfile,53539,136668,789c,
original/print/text+img/global_renewable_energy_generation_and_carbon_reduction_analysis(print).pdf,print,content,3545,23203,789c,
original/print/text+img/global_renewable_energy_generation_and_carbon_reduction_analysis(print).pdf,print,fontfile,5617,13132,789c,
original/print/text+img/global_renewable_energy_generation_and_carbon_reduction_analysis(print).pdf,print,fontfile,29545,56320,789c,
original/print/text+img/global_renewable_energy_generation_and_carbon_reduction_analysis(print).pdf,print,content,3875,26964,789c,
original/print/text+img/global_renewable_energy_generation_and_carbon_reduction_analysis(print).pdf,print,fontfile,7890,16232,789c,
original/print/text+img/global_renewable_energy_generation_and_carbon_reduction_analysis(print).pdf,print,fontfile,27704,61588,789c,
original/print/text+img/global_renewable_energy_generation_and_carbon_reduction_analysis(print).pdf,print,fontfile,43628,109632,789c,
original/print/text+img/global_renewable_energy_generation_and_carbon_reduction_analysis(print).pdf,print,content,7084,86072,789c,
original/print/text+img/international_tourism_trends_country_spending_patterns_multilang(print).pdf,print,fontfile,27188,66212,789c,
original/print/text+img/international_tourism_trends_country_spending_patterns_multilang(print).pdf,print,fontfile,96384,230284,789c,
original/print/text+img/international_tourism_trends_country_spending_patterns_multilang(print).pdf,print,fontfile,17320,39944,789c,
original/print/text+img/international_tourism_trends_country_spending_patterns_multilang(print).pdf,print,fontfile,9552,16072,789c,
original/print/text+img/international_tourism_trends_country_spending_patterns_multilang(print).pdf,print,content,3729,24866,789c,
original/print/text+img/international_tourism_trends_country_spending_patterns_multilang(print).pdf,print,fontfile,31091,74380,789c,
original/print/text+img/international_tourism_trends_country_spending_patterns_multilang(print).pdf,print,fontfile,53148,138860,789c,
original/print/text+img/international_tourism_trends_country_spending_patterns_multilang(print).pdf,print,fontfile,16304,67496,789c,
original/print/text+img/international_tourism_trends_country_spending_patterns_multilang(print).pdf,print,content,1810,8910,789c,
original/print/text+img/international_tourism_trends_country_spending_patterns_multilang(print).pdf,print,fontfile,12295,28008,789c,
original/print/text+img/international_tourism_trends_country_spending_patterns_multilang(print).pdf,print,fontfile,21329,56192,789c,
original/print/text+img/international_tourism_trends_country_spending_patterns_multilang(print).pdf,print,fontfile,42919,104484,789c,
original/print/text+img/international_tourism_trends_country_spending_patterns_multilang(print).pdf,print,content,7441,83372,789c,
original/print/text+img/international_tourism_trends_country_spending_patterns_multilang(print).pdf,print,fontfile,41214,98208,789c,
original/print/text+img/international_tourism_trends_country_spending_patterns_multilang(print).pdf,print,fontfile,19501,44672,789c,
original/print/text+img/international_tourism_trends_country_spending_patterns_multilang(print).pdf,print,fontfile,53215,136348,789c,
original/print/text+img/international_tourism_trends_country_spending_patterns_multilang(print).pdf,print,content,3832,28670,789c,
original/print/text+img/international_tourism_trends_country_spending_patterns_multilang(print).pdf,print,fontfile,9905,27580,789c,
original/print/text+img/international_tourism_trends_country_spending_patterns_multilang(print).pdf,print,fontfile,29974,57088,789c,
original/print/text+img/international_tourism_trends_country_spending_patterns_multilang(print).pdf,print,content,4206,30588,789c,
original/print/text+img/international_tourism_trends_country_spending_patterns_multilang(print).pdf,print,fontfile,33811,73452,789c,
original/print/text+img/international_tourism_trends_country_spending_patterns_multilang(print).pdf,print,fontfile,11176,23836,789c,
original/print/text+img/international_tourism_trends_country_spending_patterns_multilang(print).pdf,print,fontfile,36120,77620,789c,
original/print/text+img/international_tourism_trends_country_spending_patterns_multilang(print).pdf,print,content,7703,87468,789c,
original/print/text+img/mobile_payment_and_fintech_service_expansion(print).pdf,print,fontfile,14924,36944,789c,
original/print/text+img/mobile_payment_and_fintech_service_expansion(print).pdf,print,fontfile,96384,230284,789c,
original/print/text+img/mobile_payment_and_fintech_service_expansion(print).pdf,print,content,61137,200757,789c,
original/print/text+img/mobile_payment_and_fintech_service_expansion(print).pdf,print,other,62468,200746,789c,
original/print/text+img/mobile_payment_and_fintech_service_expansion(print).pdf,print,other,61394,200720,789c,
original/print/text+img/mobile_payment_and_fintech_service_expansion(print).pdf,print,other,60115,200749,789c,
original/print/text+img/mobile_payment_and_fintech_service_expansion(print).pdf,print,fontfile,30785,76964,789c,
original/print/text+img/mobile_payment_and_fintech_service_expansion(print).pdf,print,other,47329,157621,789c,
original/print/text+img/mobile_payment_and_fintech_service_expansion(print).pdf,print,fontfile,31275,74632,789c,
original/print/text+img/mobile_payment_and_fintech_service_expansion(print).pdf,print,fontfile,86428,161608,789c,
original/print/text+img/mobile_payment_and_fintech_service_expansion(print).pdf,print,content,1869,9476,789c,
original/print/text+img/mobile_payment_and_fintech_service_expansion(print).pdf,print,fontfile,30235,79160,789c,
original/print/text+img/mobile_payment_and_fintech_service_expansion(print).pdf,print,fontfile,17721,37532,789c,
original/print/text+img/mobile_payment_and_fintech_service_expansion(print).pdf,print,fontfile,20983,56696,789c,
original/print/text+img/mobile_payment_and_fintech_service_expansion(print).pdf,print,content,7174,75400,789c,
original/print/text+img/mobile_payment_and_fintech_service_expansion(print).pdf,print,fontfile,42016,100168,789c,
original/print/text+img/mobile_payment_and_fintech_service_expansion(print).pdf,print,fontfile,7865,13316,789c,
original/print/text+img/mobile_payment_and_fintech_service_expansion(print).pdf,print,fontfile,18313,43012,789c,
original/print/text+img/mobile_payment_and_fintech_service_expansion(print).pdf,print,content,3895,28615,789c,
original/print/text+img/mobile_payment_and_fintech_service_expansion(print).pdf,print,fontfile,7437,15308,789c,
original/print/text+img/mobile_payment_and_fintech_service_expansion(print).pdf,print,fontfile,8174,17376,789c,
original/print/text+img/mobile_payment_and_fintech_service_expansion(print).pdf,print,fontfile,11837,30424,789c,
original/print/text+img/mobile_payment_and_fintech_service_expansion(print).pdf,print,content,3742,25831,789c,
original/print/text+img/mobile_payment_and_fintech_service_expansion(print).pdf,print,fontfile,33787,73468,789c,
original/print/text+img/mobile_payment_and_fintech_service_expansion(print).pdf,print,fontfile,27320,60836,789c,
original/print/text+img/mobile_payment_and_fintech_service_expansion(print).pdf,print,fontfile,11261,23900,789c,
original/print/text+img/mobile_payment_and_fintech_service_expansion(print).pdf,print,content,7518,85722,789c,
original/print/text+img/online_education_elearning_market_growth_analysis(print).pdf,print,fontfile,7202,12536,789c,
original/print/text+img/online_education_elearning_market_growth_analysis(print).pdf,print,fontfile,33724,83104,789c,
original/print/text+img/online_education_elearning_market_growth_analysis(print).pdf,print,content,3325,22376,789c,
original/print/text+img/online_education_elearning_market_growth_analysis(print).pdf,print,fontfile,32473,76180,789c,
original/print/text+img/online_education_elearning_market_growth_analysis(print).pdf,print,fontfile,96384,230284,789c,
original/print/text+img/online_education_elearning_market_growth_analysis(print).pdf,print,content,77488,200755,789c,
original/print/text+img/online_education_elearning_market_growth_analysis(print).pdf,print,other,76259,200751,789c,
original/print/text+img/online_education_elearning_market_growth_analysis(print).pdf,print,other,76807,200759,789c,
original/print/text+img/online_education_elearning_market_growth_analysis(print).pdf,print,other,77083,200732,789c,
original/print/text+img/online_education_elearning_market_growth_analysis(print).pdf,print,other,77521,200719,789c,
original/print/text+img/online_education_elearning_market_growth_analysis(print).pdf,print,other,77249,200750,789c,
original/print/text+img/online_education_elearning_market_growth_analysis(print).pdf,print,other,77033,200760,789c,
original/print/text+img/online_education_elearning_market_growth_analysis(print).pdf,print,other,77271,200721,789c,
original/print/text+img/online_education_elearning_market_growth_analysis(print).pdf,print,other,76975,200764,789c,
original/print/text+img/online_education_elearning_market_growth_analysis(print).pdf,print,other,77557,200713,789c,
original/print/text+img/online_education_elearning_market_growth_analysis(print).pdf,print,other,77806,200729,789c,
original/print/text+img/online_education_elearning_market_growth_analysis(print).pdf,print,other,25392,63885,789c,
original/print/text+img/online_education_elearning_market_growth_analysis(print).pdf,print,fontfile,44905,92960,789c,
original/print/text+img/online_education_elearning_market_growth_analysis(print).pdf,print,fontfile,45788,110312,789c,
original/print/text+img/online_education_elearning_market_growth_analysis(print).pdf,print,content,8326,91730,789c,
original/print/text+img/online_education_elearning_market_growth_analysis(print).pdf,print,fontfile,16222,40352,789c,
original/print/text+img/online_education_elearning_market_growth_analysis(print).pdf,print,fontfile,45212,106712,789c,
original/print/text+img/online_education_elearning_market_growth_analysis(print).pdf,print,content,3685,27530,789c,
original/print/text+img/online_education_elearning_market_growth_analysis(print).pdf,print,fontfile,7607,15532,789c,
original/print/text+img/online_education_elearning_market_growth_analysis(print).pdf,print,content,4085,33465,789c,
original/print/text+img/online_education_elearning_market_growth_analysis(print).pdf,print,fontfile,20175,46136,789c,
original/print/text+img/online_education_elearning_market_growth_analysis(print).pdf,print,fontfile,39742,84848,789c,
original/print/text+img/online_education_elearning_market_growth_analysis(print).pdf,print,content,8464,108809,789c,
original/saveas/text/AI_Development_MultiLanguage(saveas).pdf,saveas,content,2874,11519,789c,zlib:level=6
original/saveas/text/AI_Development_MultiLanguage(saveas).pdf,saveas,content,2966,22489,789c,zlib:level=6
original/saveas/text/AI_Development_MultiLanguage(saveas).pdf,saveas,content,7959,86076,789c,"zlib:level=6,memLevel=7,strategy=0"
original/saveas/text/AI_Development_MultiLanguage(saveas).pdf,saveas,content,2677,10620,789c,zlib:level=6
original/saveas/text/AI_Development_MultiLanguage(saveas).pdf,saveas,content,3197,13721,789c,zlib:level=6
original/saveas/text/AI_Development_MultiLanguage(saveas).pdf,saveas,content,6505,73554,789c,zlib:level=6
original/saveas/text/AI_Development_MultiLanguage(saveas).pdf,saveas,objstm,4631,39879,789c,zlib:level=6
original/saveas/text/AI_Development_MultiLanguage(saveas).pdf,saveas,objstm,5632,43841,789c,"zlib:level=6,memLevel=7,strategy=0"
original/saveas/text/AI_Development_MultiLanguage(saveas).pdf,saveas,objstm,4852,30517,789c,zlib:level=6
original/saveas/text/AI_Development_MultiLanguage(saveas).pdf,saveas,tounicode,338,668,789c,zlib:level=6
original/saveas/text/AI_Development_MultiLanguage(saveas).pdf,saveas,fontfile,9536,19584,789c,"zlib:level=6,memLevel=7,strategy=0"
original/saveas/text/AI_Development_MultiLanguage(saveas).pdf,saveas,fontfile,25892,81056,789c,"zlib:level=6,memLevel=7,strategy=0"
original/saveas/text/AI_Development_MultiLanguage(saveas).pdf,saveas,tounicode,343,675,789c,zlib:level=6
original/saveas/text/AI_Development_MultiLanguage(saveas).pdf,saveas,fontfile,10824,34924,789c,"zlib:level=6,memLevel=7,strategy=0"
original/saveas/text/AI_Development_MultiLanguage(saveas).pdf,saveas,fontfile,4584,11376,789c,"zlib:level=6,memLevel=6,strategy=0"
original/saveas/text/AI_Development_MultiLanguage(saveas).pdf,saveas,tounicode,345,590,789c,zlib:level=6
original/saveas/text/AI_Development_MultiLanguage(saveas).pdf,saveas,fontfile,11137,45628,789c,"zlib:level=6,memLevel=7,strategy=0"
original/saveas/text/AI_Development_MultiLanguage(saveas).pdf,saveas,tounicode,983,2390,789c,zlib:level=6
original/saveas/text/AI_Development_MultiLanguage(saveas).pdf,saveas,fontfile,41324,130152,789c,"zlib:level=6,memLevel=7,strategy=0"
original/saveas/text/AI_Development_MultiLanguage(saveas).pdf,saveas,tounicode,1195,2951,789c,zlib:level=6
original/saveas/text/AI_Development_MultiLanguage(saveas).pdf,saveas,fontfile,39150,108008,789c,"zlib:level=6,memLevel=7,strategy=0"
original/saveas/text/AI_Development_MultiLanguage(saveas).pdf,saveas,fontfile,1902,110100,789c,"zlib:level=6,memLevel=5,strategy=0"
original/saveas/text/AI_Development_MultiLanguage(saveas).pdf,saveas,tounicode,381,771,789c,zlib:level=6
original/saveas/text/AI_Development_MultiLanguage(saveas).pdf,saveas,fontfile,14355,45868,789c,"zlib:level=6,memLevel=7,strategy=0"
original/saveas/text/AI_Development_MultiLanguage(saveas).pdf,saveas,tounicode,665,1888,789c,zlib:level=6
original/saveas/text/AI_Development_MultiLanguage(saveas).pdf,saveas,fontfile,18325,41076,789c,"zlib:level=6,memLevel=7,strategy=0"
original/saveas/text/AI_Development_MultiLanguage(saveas).pdf,saveas,tounicode,695,1964,789c,zlib:level=6
original/saveas/text/AI_Development_MultiLanguage(saveas).pdf,saveas,fontfile,25233,53100,789c,"zlib:level=6,memLevel=7,strategy=0"
original/saveas/text/AI_Development_MultiLanguage(saveas).pdf,saveas,fontfile,2560,4992,789c,zlib:level=6
original/saveas/text/AI_Development_MultiLanguage(saveas).pdf,saveas,fontfile,7496,16728,789c,"zlib:level=6,memLevel=7,strategy=0"
original/saveas/text/AI_Development_MultiLanguage(saveas).pdf,saveas,fontfile,9130,35544,789c,"zlib:level=6,memLevel=7,strategy=0"
original/saveas/text/AI_Development_MultiLanguage(saveas).pdf,saveas,tounicode,317,612,789c,zlib:level=6
original/saveas/text/AI_Development_MultiLanguage(saveas).pdf,saveas,fontfile,3329,8104,789c,zlib:level=6
original/saveas/text/AI_Development_MultiLanguage(saveas).pdf,saveas,tounicode,430,973,789c,zlib:level=6
original/saveas/text/AI_Development_MultiLanguage(saveas).pdf,saveas,fontfile,7320,15360,789c,zlib:level=6
original/saveas/text/AI_Development_MultiLanguage(saveas).pdf,saveas,tounicode,443,1082,789c,zlib:level=6
original/saveas/text/AI_Development_MultiLanguage(saveas).pdf,saveas,fontfile,4323,9776,789c,zlib:level=6
original/saveas/text/AI_Development_MultiLanguage(saveas).pdf,saveas,tounicode,375,773,789c,zlib:level=6
original/saveas/text/AI_Development_MultiLanguage(saveas).pdf,saveas,fontfile,12730,30764,789c,"zlib:level=6,memLevel=7,strategy=0"
original/saveas/text/AI_Development_MultiLanguage(saveas).pdf,saveas,tounicode,639,1954,789c,zlib:level=6
original/saveas/text/AI_Development_MultiLanguage(saveas).pdf,saveas,fontfile,18190,40892,789c,"zlib:level=6,memLevel=7,strategy=0"
original/saveas/text/AI_Development_MultiLanguage(saveas).pdf,saveas,tounicode,652,1886,789c,zlib:level=6
original/saveas/text/AI_Development_MultiLanguage(saveas).pdf,saveas,fontfile,14815,52136,789c,"zlib:level=6,memLevel=7,strategy=0"
original/saveas/text/AI_Development_MultiLanguage(saveas).pdf,saveas,xref,2839,9912,789c,"zlib:level=6,memLevel=7,strategy=0"
original/saveas/text/AeroChef_Drone_Delivery_Cooking_Service(saveas).pdf,saveas,content,3251,20746,789c,zlib:level=6
original/saveas/text/AeroChef_Drone_Delivery_Cooking_Service(saveas).pdf,saveas,content,2473,15116,789c,"zlib:level=6,memLevel=5,strategy=0"
original/saveas/text/AeroChef_Drone_Delivery_Cooking_Service(saveas).pdf,saveas,content,6426,61966,789c,zlib:level=6
original/saveas/text/AeroChef_Drone_Delivery_Cooking_Service(saveas).pdf,saveas,content,2913,16894,789c,zlib:level=6
original/saveas/text/AeroChef_Drone_Delivery_Cooking_Service(saveas).pdf,saveas,content,3431,18915,789c,zlib:level=6
original/saveas/text/AeroChef_Drone_Delivery_Cooking_Service(saveas).pdf,saveas,content,5944,60963,789c,zlib:level=6
original/saveas/text/AeroChef_Drone_Delivery_Cooking_Service(saveas).pdf,saveas,objstm,6082,40616,789c,"zlib:level=6,memLevel=7,strategy=0"
original/saveas/text/AeroChef_Drone_Delivery_Cooking_Service(saveas).pdf,saveas,objstm,5963,39765,789c,"zlib:level=6,memLevel=7,strategy=0"
original/saveas/text/AeroChef_Drone_Delivery_Cooking_Service(saveas).pdf,saveas,objstm,5298,28842,789c,"zlib:level=6,memLevel=7,strategy=0"
original/saveas/text/AeroChef_Drone_Delivery_Cooking_Service(saveas).pdf,saveas,fontfile,3652,10208,789c,"zlib:level=6,memLevel=7,strategy=0"
original/saveas/text/AeroChef_Drone_Delivery_Cooking_Service(saveas).pdf,saveas,fontfile,10503,20972,789c,"zlib:level=6,memLevel=7,strategy=0"
original/saveas/text/AeroChef_Drone_Delivery_Cooking_Service(saveas).pdf,saveas,tounicode,226,337,789c,zlib:level=6
original/saveas/text/AeroChef_Drone_Delivery_Cooking_Service(saveas).pdf,saveas,fontfile,6033,11088,789c,zlib:level=6
original/saveas/text/AeroChef_Drone_Delivery_Cooking_Service(saveas).pdf,saveas,fontfile,18204,58484,789c,"zlib:level=6,memLevel=7,strategy=0"
original/saveas/text/AeroChef_Drone_Delivery_Cooking_Service(saveas).pdf,saveas,fontfile,9114,15252,789c,zlib:level=6
original/saveas/text/AeroChef_Drone_Delivery_Cooking_Service(saveas).pdf,saveas,fontfile,22998,85136,789c,"zlib:level=6,memLevel=7,strategy=0"
original/saveas/text/AeroChef_Drone_Delivery_Cooking_Service(saveas).pdf,saveas,tounicode,308,492,789c,zlib:level=6
original/saveas/text/AeroChef_Drone_Delivery_Cooking_Service(saveas).pdf,saveas,fontfile,4268,51052,789c,zlib:level=6
original/saveas/text/AeroChef_Drone_Delivery_Cooking_Service(saveas).pdf,saveas,tounicode,1116,2682,789c,zlib:level=6
original/saveas/text/AeroChef_Drone_Delivery_Cooking_Service(saveas).pdf,saveas,fontfile,67331,121596,789c,"zlib:level=6,memLevel=7,strategy=0"
original/saveas/text/AeroChef_Drone_Delivery_Cooking_Service(saveas).pdf,saveas,tounicode,485,926,789c,zlib:level=6
original/saveas/text/AeroChef_Drone_Delivery_Cooking_Service(saveas).pdf,saveas,fontfile,16672,73260,789c,"zlib:level=6,memLevel=7,strategy=0"
original/saveas/text/AeroChef_Drone_Delivery_Cooking_Service(saveas).pdf,saveas,fontfile,25892,81056,789c,"zlib:level=6,memLevel=7,strategy=0"
original/saveas/text/AeroChef_Drone_Delivery_Cooking_Service(saveas).pdf,saveas,tounicode,361,719,789c,zlib:level=6
original/saveas/text/AeroChef_Drone_Delivery_Cooking_Service(saveas).pdf,saveas,fontfile,4346,12740,789c,zlib:level=6
original/saveas/text/AeroChef_Drone_Delivery_Cooking_Service(saveas).pdf,saveas,tounicode,738,1947,789c,zlib:level=6
original/saveas/text/AeroChef_Drone_Delivery_Cooking_Service(saveas).pdf,saveas,fontfile,11305,30144,789c,"zlib:level=6,memLevel=7,strategy=0"
original/saveas/text/AeroChef_Drone_Delivery_Cooking_Service(saveas).pdf,saveas,tounicode,548,1452,789c,zlib:level=6
original/saveas/text/AeroChef_Drone_Delivery_Cooking_Service(saveas).pdf,saveas,fontfile,26070,67528,789c,"zlib:level=6,memLevel=7,strategy=0"
original/saveas/text/AeroChef_Drone_Delivery_Cooking_Service(saveas).pdf,saveas,fontfile,6682,18172,789c,zlib:level=6
original/saveas/text/AeroChef_Drone_Delivery_Cooking_Service(saveas).pdf,saveas,fontfile,9380,35680,789c,"zlib:level=6,memLevel=7,strategy=0"
original/saveas/text/AeroChef_Drone_Delivery_Cooking_Service(saveas).pdf,saveas,fontfile,3433,6120,789c,zlib:level=6
original/saveas/text/AeroChef_Drone_Delivery_Cooking_Service(saveas).pdf,saveas,fontfile,3540,8332,789c,"zlib:level=6,memLevel=6,strategy=0"
original/saveas/text/AeroChef_Drone_Delivery_Cooking_Service(saveas).pdf,saveas,tounicode,430,904,789c,zlib:level=6
original/saveas/text/AeroChef_Drone_Delivery_Cooking_Service(saveas).pdf,saveas,fontfile,11241,28368,789c,"zlib:level=6,memLevel=7,strategy=0"
original/saveas/text/AeroChef_Drone_Delivery_Cooking_Service(saveas).pdf,saveas,tounicode,271,449,789c,zlib:level=6
original/saveas/text/AeroChef_Drone_Delivery_Cooking_Service(saveas).pdf,saveas,fontfile,4955,10408,789c,zlib:level=6
original/saveas/text/AeroChef_Drone_Delivery_Cooking_Service(saveas).pdf,saveas,tounicode,383,860,789c,zlib:level=6
original/saveas/text/AeroChef_Drone_Delivery_Cooking_Service(saveas).pdf,saveas,fontfile,7795,19656,789c,"zlib:level=6,memLevel=7,strategy=0"
original/saveas/text/AeroChef_Drone_Delivery_Cooking_Service(saveas).pdf,saveas,tounicode,676,1927,789c,zlib:level=6
original/saveas/text/AeroChef_Drone_Delivery_Cooking_Service(saveas).pdf,saveas,fontfile,23170,50576,789c,"zlib:level=6,memLevel=7,strategy=0"
original/saveas/text/AeroChef_Drone_Delivery_Cooking_Service(saveas).pdf,saveas,tounicode,532,1497,789c,zlib:level=6
original/saveas/text/AeroChef_Drone_Delivery_Cooking_Service(saveas).pdf,saveas,fontfile,20787,45284,789c,"zlib:level=6,memLevel=7,strategy=0"
original/saveas/text/AeroChef_Drone_Delivery_Cooking_Service(saveas).pdf,saveas,xref,2912,10024,789c,zlib:level=6
original/saveas/text/Aurora_VR_AR_Game_Lineup_Multilingual(saveas).pdf,saveas,content,3415,22914,789c,zlib:level=6
original/saveas/text/Aurora_VR_AR_Game_Lineup_Multilingual(saveas).pdf,saveas,content,2692,20226,789c,zlib:level=6
original/saveas/text/Aurora_VR_AR_Game_Lineup_Multilingual(saveas).pdf,saveas,content,9114,120279,789c,zlib:level=6
original/saveas/text/Aurora_VR_AR_Game_Lineup_Multilingual(saveas).pdf,saveas,content,3790,21099,789c,zlib:level=6
original/saveas/text/Aurora_VR_AR_Game_Lineup_Multilingual(saveas).pdf,saveas,content,3694,20438,789c,"zlib:level=6,memLevel=7,strategy=0"
original/saveas/text/Aurora_VR_AR_Game_Lineup_Multilingual(saveas).pdf,saveas,content,8630,106304,789c,zlib:level=6
original/saveas/text/Aurora_VR_AR_Game_Lineup_Multilingual(saveas).pdf,saveas,objstm,5076,39265,789c,"zlib:level=6,memLevel=7,strategy=0"
original/saveas/text/Aurora_VR_AR_Game_Lineup_Multilingual(saveas).pdf,saveas,objstm,5924,44545,789c,zlib:level=6
original/saveas/text/Aurora_VR_AR_Game_Lineup_Multilingual(saveas).pdf,saveas,objstm,5155,40373,789c,"zlib:level=6,memLevel=7,strategy=0"
original/saveas/text/Aurora_VR_AR_Game_Lineup_Multilingual(saveas).pdf,saveas,objstm,7569,45184,789c,"zlib:level=6,memLevel=7,strategy=0"
original/saveas/text/Aurora_VR_AR_Game_Lineup_Multilingual(saveas).pdf,saveas,fontfile,11053,35480,789c,"zlib:level=6,memLevel=7,strategy=0"
original/saveas/text/Aurora_VR_AR_Game_Lineup_Multilingual(saveas).pdf,saveas,fontfile,17847,113644,789c,"zlib:level=6,memLevel=7,strategy=0"
original/saveas/text/Aurora_VR_AR_Game_Lineup_Multilingual(saveas).pdf,saveas,fontfile,25892,81056,789c,"zlib:level=6,memLevel=7,strategy=0"
original/saveas/text/Aurora_VR_AR_Game_Lineup_Multilingual(saveas).pdf,saveas,tounicode,740,1615,789c,zlib:level=6
original/saveas/text/Aurora_VR_AR_Game_Lineup_Multilingual(saveas).pdf,saveas,fontfile,32266,111048,789c,"zlib:level=6,memLevel=7,strategy=0"
original/saveas/text/Aurora_VR_AR_Game_Lineup_Multilingual(saveas).pdf,saveas,tounicode,514,982,789c,zlib:level=6
original/saveas/text/Aurora_VR_AR_Game_Lineup_Multilingual(saveas).pdf,saveas,fontfile,10802,59548,789c,"zlib:level=6,memLevel=7,strategy=0"
original/saveas/text/Aurora_VR_AR_Game_Lineup_Multilingual(saveas).pdf,saveas,tounicode,557,1394,789c,zlib:level=6
original/saveas/text/Aurora_VR_AR_Game_Lineup_Multilingual(saveas).pdf,saveas,fontfile,31025,79044,789c,"zlib:level=6,memLevel=7,strategy=0"
original/saveas/text/Aurora_VR_AR_Game_Lineup_Multilingual(saveas).pdf,saveas,tounicode,519,1276,789c,zlib:level=6
original/saveas/text/Aurora_VR_AR_Game_Lineup_Multilingual(saveas).pdf,saveas,fontfile,22475,61472,789c,"zlib:level=6,memLevel=7,strategy=0"
original/saveas/text/Aurora_VR_AR_Game_Lineup_Multilingual(saveas).pdf,saveas,fontfile,9461,24256,789c,"zlib:level=6,memLevel=7,strategy=0"
original/saveas/text/Aurora_VR_AR_Game_Lineup_Multilingual(saveas).pdf,saveas,fontfile,3280,5872,789c,zlib:level=6
original/saveas/text/Aurora_VR_AR_Game_Lineup_Multilingual(saveas).pdf,saveas,fontfile,4554,9788,789c,zlib:level=6
original/saveas/text/Aurora_VR_AR_Game_Lineup_Multilingual(saveas).pdf,saveas,fontfile,9806,26664,789c,"zlib:level=6,memLevel=7,strategy=0"
original/saveas/text/Aurora_VR_AR_Game_Lineup_Multilingual(saveas).pdf,saveas,tounicode,593,1642,789c,zlib:level=6
original/saveas/text/Aurora_VR_AR_Game_Lineup_Multilingual(saveas).pdf,saveas,fontfile,12144,28456,789c,"zlib:level=6,memLevel=7,strategy=0"
original/saveas/text/Aurora_VR_AR_Game_Lineup_Multilingual(saveas).pdf,saveas,tounicode,489,1207,789c,zlib:level=6
original/saveas/text/Aurora_VR_AR_Game_Lineup_Multilingual(saveas).pdf,saveas,fontfile,19807,44104,789c,"zlib:level=6,memLevel=7,strategy=0"
original/saveas/text/Aurora_VR_AR_Game_Lineup_Multilingual(saveas).pdf,saveas,xref,3750,13671,789c,"zlib:level=6,memLevel=7,strategy=0"
original/saveas/text/Autonomous_Vehicle_Accident_Report(saveas).pdf,saveas,content,3405,22396,789c,zlib:level=6
original/saveas/text/Autonomous_Vehicle_Accident_Report(saveas).pdf,saveas,content,3047,23065,789c,zlib:level=6
original/saveas/text/Autonomous_Vehicle_Accident_Report(saveas).pdf,saveas,content,5600,52477,789c,"zlib:level=6,memLevel=7,strategy=0"
original/saveas/text/Autonomous_Vehicle_Accident_Report(saveas).pdf,saveas,content,3245,20906,789c,zlib:level=6
original/saveas/text/Autonomous_Vehicle_Accident_Report(saveas).pdf,saveas,content,3663,23098,789c,zlib:level=6
original/saveas/text/Autonomous_Vehicle_Accident_Report(saveas).pdf,saveas,content,5820,56415,789c,zlib:level=6
original/saveas/text/Autonomous_Vehicle_Accident_Report(saveas).pdf,saveas,objstm,5367,39214,789c,"zlib:level=6,memLevel=7,strategy=0"
original/saveas/text/Autonomous_Vehicle_Accident_Report(saveas).pdf,saveas,objstm,6410,41631,789c,"zlib:level=6,memLevel=7,strategy=0"
original/saveas/text/Autonomous_Vehicle_Accident_Report(saveas).pdf,saveas,objstm,6113,36609,789c,"zlib:level=6,memLevel=7,strategy=0"
original/saveas/text/Autonomous_Vehicle_Accident_Report(saveas).pdf,saveas,tounicode,227,337,789c,zlib:level=6
original/saveas/text/Autonomous_Vehicle_Accident_Report(saveas).pdf,saveas,fontfile,7829,24528,789c,"zlib:level=6,memLevel=7,strategy=0"
original/saveas/text/Autonomous_Vehicle_Accident_Report(saveas).pdf,saveas,fontfile,25892,81056,789c,"zlib:level=6,memLevel=7,strategy=0"
original/saveas/text/Autonomous_Vehicle_Accident_Report(saveas).pdf,saveas,fontfile,6019,13172,789c,"zlib:level=6,memLevel=7,strategy=0"
original/saveas/text/Autonomous_Vehicle_Accident_Report(saveas).pdf,saveas,fontfile,19128,116072,789c,"zlib:level=6,memLevel=7,strategy=0"
original/saveas/text/Autonomous_Vehicle_Accident_Report(saveas).pdf,saveas,tounicode,354,590,789c,zlib:level=6
original/saveas/text/Autonomous_Vehicle_Accident_Report(saveas).pdf,saveas,fontfile,22446,56632,789c,"zlib:level=6,memLevel=7,strategy=0"
original/saveas/text/Autonomous_Vehicle_Accident_Report(saveas).pdf,saveas,tounicode,985,2361,789c,zlib:level=6
original/saveas/text/Autonomous_Vehicle_Accident_Report(saveas).pdf,saveas,fontfile,25154,79184,789c,"zlib:level=6,memLevel=7,strategy=0"
original/saveas/text/Autonomous_Vehicle_Accident_Report(saveas).pdf,saveas,tounicode,596,1174,789c,zlib:level=6
original/saveas/text/Autonomous_Vehicle_Accident_Report(saveas).pdf,saveas,fontfile,38322,88288,789c,"zlib:level=6,memLevel=7,strategy=0"
original/saveas/text/Autonomous_Vehicle_Accident_Report(saveas).pdf,saveas,tounicode,385,806,789c,zlib:level=6
original/saveas/text/Autonomous_Vehicle_Accident_Report(saveas).pdf,saveas,fontfile,8584,21948,789c,zlib:level=6
original/saveas/text/Autonomous_Vehicle_Accident_Report(saveas).pdf,saveas,tounicode,554,1309,789c,zlib:level=6
original/saveas/text/Autonomous_Vehicle_Accident_Report(saveas).pdf,saveas,fontfile,24152,55596,789c,"zlib:level=6,memLevel=7,strategy=0"
original/saveas/text/Autonomous_Vehicle_Accident_Report(saveas).pdf,saveas,tounicode,485,1111,789c,zlib:level=6
original/saveas/text/Autonomous_Vehicle_Accident_Report(saveas).pdf,saveas,fontfile,5719,16160,789c,zlib:level=6
original/saveas/text/Autonomous_Vehicle_Accident_Report(saveas).pdf,saveas,fontfile,22998,85136,789c,"zlib:level=6,memLevel=7,strategy=0"
original/saveas/text/Autonomous_Vehicle_Accident_Report(saveas).pdf,saveas,tounicode,223,337,789c,zlib:level=6
original/saveas/text/Autonomous_Vehicle_Accident_Report(saveas).pdf,saveas,fontfile,7333,32724,789c,"zlib:level=6,memLevel=7,strategy=0"
original/saveas/text/Autonomous_Vehicle_Accident_Report(saveas).pdf,saveas,fontfile,12185,29516,789c,"zlib:level=6,memLevel=7,strategy=0"
original/saveas/text/Autonomous_Vehicle_Accident_Report(saveas).pdf,saveas,fontfile,8742,18548,789c,"zlib:level=6,memLevel=7,strategy=0"
original/saveas/text/Autonomous_Vehicle_Accident_Report(saveas).pdf,saveas,tounicode,370,783,789c,zlib:level=6
original/saveas/text/Autonomous_Vehicle_Accident_Report(saveas).pdf,saveas,fontfile,8262,16520,789c,zlib:level=6
original/saveas/text/Autonomous_Vehicle_Accident_Report(saveas).pdf,saveas,tounicode,421,912,789c,zlib:level=6
original/saveas/text/Autonomous_Vehicle_Accident_Report(saveas).pdf,saveas,fontfile,14793,33552,789c,"zlib:level=6,memLevel=7,strategy=0"
original/saveas/text/Autonomous_Vehicle_Accident_Report(saveas).pdf,saveas,tounicode,403,902,789c,zlib:level=6
original/saveas/text/Autonomous_Vehicle_Accident_Report(saveas).pdf,saveas,fontfile,8267,23744,789c,"zlib:level=6,memLevel=7,strategy=0"
original/saveas/text/Autonomous_Vehicle_Accident_Report(saveas).pdf,saveas,tounicode,662,2136,789c,zlib:level=6
original/saveas/text/Autonomous_Vehicle_Accident_Report(saveas).pdf,saveas,fontfile,16365,36932,789c,"zlib:level=6,memLevel=7,strategy=0"
original/saveas/text/Autonomous_Vehicle_Accident_Report(saveas).pdf,saveas,tounicode,546,1380,789c,zlib:level=6
original/saveas/text/Autonomous_Vehicle_Accident_Report(saveas).pdf,saveas,fontfile,5913,13276,789c,"zlib:level=6,memLevel=7,strategy=0"
original/saveas/text/Autonomous_Vehicle_Accident_Report(saveas).pdf,saveas,xref,3035,10626,789c,zlib:level=6
original/saveas/text/BioNext_Data_Leak_Report(saveas).pdf,saveas,content,3374,20851,789c,zlib:level=6
original/saveas/text/BioNext_Data_Leak_Report(saveas).pdf,saveas,content,2931,21742,789c,zlib:level=6
original/saveas/text/BioNext_Data_Leak_Report(saveas).pdf,saveas,content,6282,57373,789c,zlib:level=6
original/saveas/text/BioNext_Data_Leak_Report(saveas).pdf,saveas,content,3612,22382,789c,zlib:level=6
original/saveas/text/BioNext_Data_Leak_Report(saveas).pdf,saveas,content,3910,23881,789c,zlib:level=6
original/saveas/text/BioNext_Data_Leak_Report(saveas).pdf,saveas,content,6094,62170,789c,zlib:level=6
original/saveas/text/BioNext_Data_Leak_Report(saveas).pdf,saveas,objstm,5320,39094,789c,"zlib:level=6,memLevel=7,strategy=0"
original/saveas/text/BioNext_Data_Leak_Report(saveas).pdf,saveas,objstm,6490,41831,789c,"zlib:level=6,memLevel=7,strategy=0"
original/saveas/text/BioNext_Data_Leak_Report(saveas).pdf,saveas,objstm,6566,39888,789c,"zlib:level=6,memLevel=7,strategy=0"
original/saveas/text/BioNext_Data_Leak_Report(saveas).pdf,saveas,fontfile,6205,10960,789c,zlib:level=6
original/saveas/text/BioNext_Data_Leak_Report(saveas).pdf,saveas,fontfile,25892,81056,789c,"zlib:level=6,memLevel=7,strategy=0"
original/saveas/text/BioNext_Data_Leak_Report(saveas).pdf,saveas,fontfile,6168,13364,789c,"zlib:level=6,memLevel=7,strategy=0"
original/saveas/text/BioNext_Data_Leak_Report(saveas).pdf,saveas,fontfile,14868,41852,789c,"zlib:level=6,memLevel=7,strategy=0"
original/saveas/text/BioNext_Data_Leak_Report(saveas).pdf,saveas,tounicode,365,628,789c,zlib:level=6
original/saveas/text/BioNext_Data_Leak_Report(saveas).pdf,saveas,fontfile,8040,58508,789c,zlib:level=6
original/saveas/text/BioNext_Data_Leak_Report(saveas).pdf,saveas,tounicode,986,2308,789c,zlib:level=6
original/saveas/text/BioNext_Data_Leak_Report(saveas).pdf,saveas,fontfile,45032,137672,789c,"zlib:level=6,memLevel=7,strategy=0"
original/saveas/text/BioNext_Data_Leak_Report(saveas).pdf,saveas,tounicode,597,1161,789c,zlib:level=6
original/saveas/text/BioNext_Data_Leak_Report(saveas).pdf,saveas,fontfile,39761,81508,789c,"zlib:level=6,memLevel=7,strategy=0"
original/saveas/text/BioNext_Data_Leak_Report(saveas).pdf,saveas,tounicode,380,809,789c,zlib:level=6
original/saveas/text/BioNext_Data_Leak_Report(saveas).pdf,saveas,fontfile,9107,24460,789c,zlib:level=6
original/saveas/text/BioNext_Data_Leak_Report(saveas).pdf,saveas,tounicode,626,1688,789c,zlib:level=6
original/saveas/text/BioNext_Data_Leak_Report(saveas).pdf,saveas,fontfile,12064,22520,789c,"zlib:level=6,memLevel=7,strategy=0"
original/saveas/text/BioNext_Data_Leak_Report(saveas).pdf,saveas,tounicode,565,1519,789c,zlib:level=6
original/saveas/text/BioNext_Data_Leak_Report(saveas).pdf,saveas,fontfile,25644,68124,789c,"zlib:level=6,memLevel=7,strategy=0"
original/saveas/text/BioNext_Data_Leak_Report(saveas).pdf,saveas,tounicode,224,337,789c,zlib:level=6
original/saveas/text/BioNext_Data_Leak_Report(saveas).pdf,saveas,fontfile,2601,5012,789c,zlib:level=6
original/saveas/text/BioNext_Data_Leak_Report(saveas).pdf,saveas,fontfile,13603,32712,789c,"zlib:level=6,memLevel=7,strategy=0"
original/saveas/text/BioNext_Data_Leak_Report(saveas).pdf,saveas,fontfile,10641,27428,789c,"zlib:level=6,memLevel=7,strategy=0"
original/saveas/text/BioNext_Data_Leak_Report(saveas).pdf,saveas,tounicode,299,534,789c,zlib:level=6
original/saveas/text/BioNext_Data_Leak_Report(saveas).pdf,saveas,fontfile,4946,8736,789c,zlib:level=6
original/saveas/text/BioNext_Data_Leak_Report(saveas).pdf,saveas,tounicode,495,1280,789c,zlib:level=6
original/saveas/text/BioNext_Data_Leak_Report(saveas).pdf,saveas,fontfile,9124,18036,789c,"zlib:level=6,memLevel=7,strategy=0"
original/saveas/text/BioNext_Data_Leak_Report(saveas).pdf,saveas,fontfile,1460,47760,789c,zlib:level=6
original/saveas/text/BioNext_Data_Leak_Report(saveas).pdf,saveas,fontfile,5698,11420,789c,zlib:level=6
original/saveas/text/BioNext_Data_Leak_Report(saveas).pdf,saveas,tounicode,342,715,789c,zlib:level=6
original/saveas/text/BioNext_Data_Leak_Report(saveas).pdf,saveas,fontfile,7659,24476,789c,"zlib:level=6,memLevel=7,strategy=0"
original/saveas/text/BioNext_Data_Leak_Report(saveas).pdf,saveas,tounicode,656,1985,789c,zlib:level=6
original/saveas/text/BioNext_Data_Leak_Report(saveas).pdf,saveas,fontfile,24288,51760,789c,"zlib:level=6,memLevel=7,strategy=0"
original/saveas/text/BioNext_Data_Leak_Report(saveas).pdf,saveas,tounicode,565,1498,789c,zlib:level=6
original/saveas/text/BioNext_Data_Leak_Report(saveas).pdf,saveas,fontfile,6702,14936,789c,"zlib:level=6,memLevel=7,strategy=0"
original/saveas/text/BioNext_Data_Leak_Report(saveas).pdf,saveas,xref,3112,10843,789c,zlib:level=6
original/saveas/text/Digital_Minimalism(saveas).pdf,saveas,content,3104,13977,789c,zlib:level=6
original/saveas/text/Digital_Minimalism(saveas).pdf,saveas,content,2159,10132,789c,zlib:level=6
original/saveas/text/Digital_Minimalism(saveas).pdf,saveas,content,8854,97421,789c,"zlib:level=6,memLevel=7,strategy=0"
original/saveas/text/Digital_Minimalism(saveas).pdf,saveas,content,2762,11518,789c,zlib:level=6
original/saveas/text/Digital_Minimalism(saveas).pdf,saveas,content,3268,14357,789c,zlib:level=6
original/saveas/text/Digital_Minimalism(saveas).pdf,saveas,content,6882,77258,789c,zlib:level=6
original/saveas/text/Digital_Minimalism(saveas).pdf,saveas,objstm,4358,39338,789c,zlib:level=6
original/saveas/text/Digital_Minimalism(saveas).pdf,saveas,objstm,5823,44331,789c,"zlib:level=6,memLevel=7,strategy=0"
original/saveas/text/Digital_Minimalism(saveas).pdf,saveas,objstm,5126,33117,789c,zlib:level=6
original/saveas/text/Digital_Minimalism(saveas).pdf,saveas,fontfile,6856,12140,789c,zlib:level=6
original/saveas/text/Digital_Minimalism(saveas).pdf,saveas,fontfile,25892,81056,789c,"zlib:level=6,memLevel=7,strategy=0"
original/saveas/text/Digital_Minimalism(saveas).pdf,saveas,tounicode,226,337,789c,zlib:level=6
original/saveas/text/Digital_Minimalism(saveas).pdf,saveas,fontfile,17639,113540,789c,"zlib:level=6,memLevel=7,strategy=0"
original/saveas/text/Digital_Minimalism(saveas).pdf,saveas,fontfile,4695,11556,789c,"zlib:level=6,memLevel=6,strategy=0"
original/saveas/text/Digital_Minimalism(saveas).pdf,saveas,tounicode,380,656,789c,zlib:level=6
original/saveas/text/Digital_Minimalism(saveas).pdf,saveas,fontfile,22490,56964,789c,"zlib:level=6,memLevel=7,strategy=0"
original/saveas/text/Digital_Minimalism(saveas).pdf,saveas,fontfile,6854,56416,789c,"zlib:level=6,memLevel=7,strategy=0"
original/saveas/text/Digital_Minimalism(saveas).pdf,saveas,tounicode,1312,3379,789c,zlib:level=6
original/saveas/text/Digital_Minimalism(saveas).pdf,saveas,fontfile,43546,114768,789c,"zlib:level=6,memLevel=7,strategy=0"
original/saveas/text/Digital_Minimalism(saveas).pdf,saveas,tounicode,1066,2643,789c,zlib:level=6
original/saveas/text/Digital_Minimalism(saveas).pdf,saveas,fontfile,25967,80464,789c,"zlib:level=6,memLevel=7,strategy=0"
original/saveas/text/Digital_Minimalism(saveas).pdf,saveas,tounicode,439,999,789c,zlib:level=6
original/saveas/text/Digital_Minimalism(saveas).pdf,saveas,fontfile,5345,15816,789c,zlib:level=6
original/saveas/text/Digital_Minimalism(saveas).pdf,saveas,tounicode,661,1824,789c,zlib:level=6
original/saveas/text/Digital_Minimalism(saveas).pdf,saveas,fontfile,9874,23104,789c,"zlib:level=6,memLevel=7,strategy=0"
original/saveas/text/Digital_Minimalism(saveas).pdf,saveas,tounicode,617,1627,789c,zlib:level=6
original/saveas/text/Digital_Minimalism(saveas).pdf,saveas,fontfile,19275,48120,789c,"zlib:level=6,memLevel=7,strategy=0"
original/saveas/text/Digital_Minimalism(saveas).pdf,saveas,fontfile,7537,21464,789c,"zlib:level=6,memLevel=7,strategy=0"
original/saveas/text/Digital_Minimalism(saveas).pdf,saveas,fontfile,8799,23280,789c,"zlib:level=6,memLevel=7,strategy=0"
original/saveas/text/Digital_Minimalism(saveas).pdf,saveas,fontfile,8482,34436,789c,zlib:level=6
original/saveas/text/Digital_Minimalism(saveas).pdf,saveas,fontfile,4621,8440,789c,"zlib:level=6,memLevel=6,strategy=0"
original/saveas/text/Digital_Minimalism(saveas).pdf,saveas,tounicode,415,862,789c,zlib:level=6
original/saveas/text/Digital_Minimalism(saveas).pdf,saveas,fontfile,9846,26716,789c,"zlib:level=6,memLevel=7,strategy=0"
original/saveas/text/Digital_Minimalism(saveas).pdf,saveas,tounicode,414,1019,789c,zlib:level=6
original/saveas/text/Digital_Minimalism(saveas).pdf,saveas,fontfile,4402,9888,789c,zlib:level=6
original/saveas/text/Digital_Minimalism(saveas).pdf,saveas,tounicode,427,985,789c,zlib:level=6
original/saveas/text/Digital_Minimalism(saveas).pdf,saveas,fontfile,3928,9232,789c,"zlib:level=6,memLevel=7,strategy=0"
original/saveas/text/Digital_Minimalism(saveas).pdf,saveas,tounicode,682,2051,789c,zlib:level=6
original/saveas/text/Digital_Minimalism(saveas).pdf,saveas,fontfile,12538,29760,789c,"zlib:level=6,memLevel=7,strategy=0"
original/saveas/text/Digital_Minimalism(saveas).pdf,saveas,tounicode,637,1951,789c,zlib:level=6
original/saveas/text/Digital_Minimalism(saveas).pdf,saveas,fontfile,14018,48444,789c,"zlib:level=6,memLevel=7,strategy=0"
original/saveas/text/Digital_Minimalism(saveas).pdf,saveas,xref,2854,10024,789c,zlib:level=6
original/saveas/text/E-Payment_Service_Outage_Report(saveas).pdf,saveas,content,3496,21576,789c,zlib:level=6
original/saveas/text/E-Payment_Service_Outage_Report(saveas).pdf,saveas,content,2813,21646,789c,zlib:level=6
original/saveas/text/E-Payment_Service_Outage_Report(saveas).pdf,saveas,content,5981,54414,789c,zlib:level=6
original/saveas/text/E-Payment_Service_Outage_Report(saveas).pdf,saveas,content,3519,22239,789c,zlib:level=6
original/saveas/text/E-Payment_Service_Outage_Report(saveas).pdf,saveas,content,3697,22282,789c,zlib:level=6
original/saveas/text/E-Payment_Service_Outage_Report(saveas).pdf,saveas,content,6108,60715,789c,zlib:level=6
original/saveas/text/E-Payment_Service_Outage_Report(saveas).pdf,saveas,objstm,5325,39135,789c,"zlib:level=6,memLevel=7,strategy=0"
original/saveas/text/E-Payment_Service_Outage_Report(saveas).pdf,saveas,objstm,6461,41698,789c,"zlib:level=6,memLevel=7,strategy=0"
original/saveas/text/E-Payment_Service_Outage_Report(saveas).pdf,saveas,objstm,6358,38607,789c,"zlib:level=6,memLevel=7,strategy=0"
original/saveas/text/E-Payment_Service_Outage_Report(saveas).pdf,saveas,fontfile,6384,11208,789c,zlib:level=6
original/saveas/text/E-Payment_Service_Outage_Report(saveas).pdf,saveas,fontfile,25892,81056,789c,"zlib:level=6,memLevel=7,strategy=0"
original/saveas/text/E-Payment_Service_Outage_Report(saveas).pdf,saveas,fontfile,19565,116828,789c,"zlib:level=6,memLevel=7,strategy=0"
original/saveas/text/E-Payment_Service_Outage_Report(saveas).pdf,saveas,fontfile,6056,13228,789c,"zlib:level=6,memLevel=7,strategy=0"
original/saveas/text/E-Payment_Service_Outage_Report(saveas).pdf,saveas,fontfile,22998,85136,789c,"zlib:level=6,memLevel=7,strategy=0"
original/saveas/text/E-Payment_Service_Outage_Report(saveas).pdf,saveas,tounicode,319,520,789c,zlib:level=6
original/saveas/text/E-Payment_Service_Outage_Report(saveas).pdf,saveas,fontfile,3873,50592,789c,zlib:level=6
original/saveas/text/E-Payment_Service_Outage_Report(saveas).pdf,saveas,tounicode,630,1304,789c,zlib:level=6
original/saveas/text/E-Payment_Service_Outage_Report(saveas).pdf,saveas,fontfile,22470,81808,789c,"zlib:level=6,memLevel=7,strategy=0"
original/saveas/text/E-Payment_Service_Outage_Report(saveas).pdf,saveas,tounicode,976,2296,789c,zlib:level=6
original/saveas/text/E-Payment_Service_Outage_Report(saveas).pdf,saveas,fontfile,64264,116636,789c,"zlib:level=6,memLevel=7,strategy=0"
original/saveas/text/E-Payment_Service_Outage_Report(saveas).pdf,saveas,tounicode,365,710,789c,zlib:level=6
original/saveas/text/E-Payment_Service_Outage_Report(saveas).pdf,saveas,fontfile,4056,12624,789c,zlib:level=6
original/saveas/text/E-Payment_Service_Outage_Report(saveas).pdf,saveas,tounicode,523,1254,789c,zlib:level=6
original/saveas/text/E-Payment_Service_Outage_Report(saveas).pdf,saveas,fontfile,20709,49120,789c,"zlib:level=6,memLevel=7,strategy=0"
original/saveas/text/E-Payment_Service_Outage_Report(saveas).pdf,saveas,tounicode,635,1774,789c,zlib:level=6
original/saveas/text/E-Payment_Service_Outage_Report(saveas).pdf,saveas,fontfile,13594,26680,789c,"zlib:level=6,memLevel=7,strategy=0"
original/saveas/text/E-Payment_Service_Outage_Report(saveas).pdf,saveas,fontfile,7681,21664,789c,"zlib:level=6,memLevel=7,strategy=0"
original/saveas/text/E-Payment_Service_Outage_Report(saveas).pdf,saveas,fontfile,11340,39660,789c,"zlib:level=6,memLevel=7,strategy=0"
original/saveas/text/E-Payment_Service_Outage_Report(saveas).pdf,saveas,fontfile,12187,30040,789c,"zlib:level=6,memLevel=7,strategy=0"
original/saveas/text/E-Payment_Service_Outage_Report(saveas).pdf,saveas,tounicode,290,506,789c,zlib:level=6
original/saveas/text/E-Payment_Service_Outage_Report(saveas).pdf,saveas,fontfile,4586,8204,789c,zlib:level=6
original/saveas/text/E-Payment_Service_Outage_Report(saveas).pdf,saveas,tounicode,356,770,789c,zlib:level=6
original/saveas/text/E-Payment_Service_Outage_Report(saveas).pdf,saveas,fontfile,7689,15000,789c,"zlib:level=6,memLevel=7,strategy=0"
original/saveas/text/E-Payment_Service_Outage_Report(saveas).pdf,saveas,tounicode,362,684,789c,zlib:level=6
original/saveas/text/E-Payment_Service_Outage_Report(saveas).pdf,saveas,fontfile,15234,34180,789c,"zlib:level=6,memLevel=7,strategy=0"
original/saveas/text/E-Payment_Service_Outage_Report(saveas).pdf,saveas,tounicode,413,965,789c,zlib:level=6
original/saveas/text/E-Payment_Service_Outage_Report(saveas).pdf,saveas,fontfile,3447,8192,789c,"zlib:level=6,memLevel=7,strategy=0"
original/saveas/text/E-Payment_Service_Outage_Report(saveas).pdf,saveas,tounicode,543,1539,789c,zlib:level=6
original/saveas/text/E-Payment_Service_Outage_Report(saveas).pdf,saveas,fontfile,17476,62928,789c,"zlib:level=6,memLevel=7,strategy=0"
original/saveas/text/E-Payment_Service_Outage_Report(saveas).pdf,saveas,tounicode,623,1842,789c,zlib:level=6
original/saveas/text/E-Payment_Service_Outage_Report(saveas).pdf,saveas,fontfile,14844,33756,789c,"zlib:level=6,memLevel=7,strategy=0"
original/saveas/text/E-Payment_Service_Outage_Report(saveas).pdf,saveas,xref,3094,10745,789c,"zlib:level=6,memLevel=7,strategy=0"
original/saveas/text/EcoWave_Sustainable_Fashion_Collection(saveas).pdf,saveas,content,3031,17502,789c,zlib:level=6
original/saveas/text/EcoWave_Sustainable_Fashion_Collection(saveas).pdf,saveas,content,2584,17342,789c,zlib:level=6
original/saveas/text/EcoWave_Sustainable_Fashion_Collection(saveas).pdf,saveas,content,6512,64665,789c,zlib:level=6
original/saveas/text/EcoWave_Sustainable_Fashion_Collection(saveas).pdf,saveas,content,3000,15969,789c,zlib:level=6
original/saveas/text/EcoWave_Sustainable_Fashion_Collection(saveas).pdf,saveas,content,3351,17924,789c,zlib:level=6
original/saveas/text/EcoWave_Sustainable_Fashion_Collection(saveas).pdf,saveas,content,6077,61963,789c,zlib:level=6
original/saveas/text/EcoWave_Sustainable_Fashion_Collection(saveas).pdf,saveas,objstm,6014,40590,789c,"zlib:level=6,memLevel=7,strategy=0"
original/saveas/text/EcoWave_Sustainable_Fashion_Collection(saveas).pdf,saveas,objstm,5990,39978,789c,"zlib:level=6,memLevel=7,strategy=0"
original/saveas/text/EcoWave_Sustainable_Fashion_Collection(saveas).pdf,saveas,objstm,5526,31499,789c,"zlib:level=6,memLevel=7,strategy=0"
original/saveas/text/EcoWave_Sustainable_Fashion_Collection(saveas).pdf,saveas,fontfile,8498,16680,789c,zlib:level=6
original/saveas/text/EcoWave_Sustainable_Fashion_Collection(saveas).pdf,saveas,fontfile,7766,13356,789c,zlib:level=6
original/saveas/text/EcoWave_Sustainable_Fashion_Collection(saveas).pdf,saveas,tounicode,235,351,789c,zlib:level=6
original/saveas/text/EcoWave_Sustainable_Fashion_Collection(saveas).pdf,saveas,fontfile,23182,92612,789c,"zlib:level=6,memLevel=7,strategy=0"
original/saveas/text/EcoWave_Sustainable_Fashion_Collection(saveas).pdf,saveas,tounicode,226,337,789c,zlib:level=6
original/saveas/text/EcoWave_Sustainable_Fashion_Collection(saveas).pdf,saveas,fontfile,6033,11088,789c,zlib:level=6
original/saveas/text/EcoWave_Sustainable_Fashion_Collection(saveas).pdf,saveas,fontfile,18204,58484,789c,"zlib:level=6,memLevel=7,strategy=0"
original/saveas/text/EcoWave_Sustainable_Fashion_Collection(saveas).pdf,saveas,tounicode,307,534,789c,zlib:level=6
original/saveas/text/EcoWave_Sustainable_Fashion_Collection(saveas).pdf,saveas,fontfile,13256,38772,789c,"zlib:level=6,memLevel=7,strategy=0"
original/saveas/text/EcoWave_Sustainable_Fashion_Collection(saveas).pdf,saveas,fontfile,25892,81056,789c,"zlib:level=6,memLevel=7,strategy=0"
original/saveas/text/EcoWave_Sustainable_Fashion_Collection(saveas).pdf,saveas,tounicode,274,421,789c,zlib:level=6
original/saveas/text/EcoWave_Sustainable_Fashion_Collection(saveas).pdf,saveas,fontfile,8905,63152,789c,"zlib:level=6,memLevel=7,strategy=0"
original/saveas/text/EcoWave_Sustainable_Fashion_Collection(saveas).pdf,saveas,tounicode,943,2216,789c,zlib:level=6
original/saveas/text/EcoWave_Sustainable_Fashion_Collection(saveas).pdf,saveas,fontfile,22779,75544,789c,"zlib:level=6,memLevel=7,strategy=0"
original/saveas/text/EcoWave_Sustainable_Fashion_Collection(saveas).pdf,saveas,tounicode,858,1868,789c,zlib:level=6
original/saveas/text/EcoWave_Sustainable_Fashion_Collection(saveas).pdf,saveas,fontfile,55099,103468,789c,"zlib:level=6,memLevel=7,strategy=0"
original/saveas/text/EcoWave_Sustainable_Fashion_Collection(saveas).pdf,saveas,tounicode,584,1579,789c,zlib:level=6
original/saveas/text/EcoWave_Sustainable_Fashion_Collection(saveas).pdf,saveas,fontfile,7570,20252,789c,"zlib:level=6,memLevel=7,strategy=0"
original/saveas/text/EcoWave_Sustainable_Fashion_Collection(saveas).pdf,saveas,tounicode,631,1673,789c,zlib:level=6
original/saveas/text/EcoWave_Sustainable_Fashion_Collection(saveas).pdf,saveas,fontfile,21585,44836,789c,"zlib:level=6,memLevel=7,strategy=0"
original/saveas/text/EcoWave_Sustainable_Fashion_Collection(saveas).pdf,saveas,fontfile,7318,21000,789c,"zlib:level=6,memLevel=7,strategy=0"
original/saveas/text/EcoWave_Sustainable_Fashion_Collection(saveas).pdf,saveas,fontfile,3568,6384,789c,zlib:level=6
original/saveas/text/EcoWave_Sustainable_Fashion_Collection(saveas).pdf,saveas,tounicode,324,676,789c,zlib:level=6
original/saveas/text/EcoWave_Sustainable_Fashion_Collection(saveas).pdf,saveas,fontfile,10003,38096,789c,"zlib:level=6,memLevel=7,strategy=0"
original/saveas/text/EcoWave_Sustainable_Fashion_Collection(saveas).pdf,saveas,fontfile,2890,7248,789c,zlib:level=6
original/saveas/text/EcoWave_Sustainable_Fashion_Collection(saveas).pdf,saveas,tounicode,428,1033,789c,zlib:level=6
original/saveas/text/EcoWave_Sustainable_Fashion_Collection(saveas).pdf,saveas,fontfile,4788,10348,789c,zlib:level=6
original/saveas/text/EcoWave_Sustainable_Fashion_Collection(saveas).pdf,saveas,tounicode,289,513,789c,zlib:level=6
original/saveas/text/EcoWave_Sustainable_Fashion_Collection(saveas).pdf,saveas,fontfile,7317,12928,789c,"zlib:level=6,memLevel=7,strategy=0"
original/saveas/text/EcoWave_Sustainable_Fashion_Collection(saveas).pdf,saveas,tounicode,322,573,789c,zlib:level=6
original/saveas/text/EcoWave_Sustainable_Fashion_Collection(saveas).pdf,saveas,fontfile,4869,13740,789c,zlib:level=6
original/saveas/text/EcoWave_Sustainable_Fashion_Collection(saveas).pdf,saveas,tounicode,613,1606,789c,zlib:level=6
original/saveas/text/EcoWave_Sustainable_Fashion_Collection(saveas).pdf,saveas,fontfile,7489,16776,789c,"zlib:level=6,memLevel=7,strategy=0"
original/saveas/text/EcoWave_Sustainable_Fashion_Collection(saveas).pdf,saveas,tounicode,600,1607,789c,zlib:level=6
original/saveas/text/EcoWave_Sustainable_Fashion_Collection(saveas).pdf,saveas,fontfile,21975,47620,789c,"zlib:level=6,memLevel=7,strategy=0"
original/saveas/text/EcoWave_Sustainable_Fashion_Collection(saveas).pdf,saveas,xref,2970,10248,789c,"zlib:level=6,memLevel=7,strategy=0"
original/saveas/text/EduBot_AI_Learning_Robot_Series(saveas).pdf,saveas,content,2867,16947,789c,zlib:level=6
original/saveas/text/EduBot_AI_Learning_Robot_Series(saveas).pdf,saveas,content,2482,16001,789c,zlib:level=6
original/saveas/text/EduBot_AI_Learning_Robot_Series(saveas).pdf,saveas,content,6201,62038,789c,zlib:level=6
original/saveas/text/EduBot_AI_Learning_Robot_Series(saveas).pdf,saveas,content,2982,16561,789c,zlib:level=6
original/saveas/text/EduBot_AI_Learning_Robot_Series(saveas).pdf,saveas,content,3126,16807,789c,zlib:level=6
original/saveas/text/EduBot_AI_Learning_Robot_Series(saveas).pdf,saveas,content,5889,57989,789c,zlib:level=6
original/saveas/text/EduBot_AI_Learning_Robot_Series(saveas).pdf,saveas,objstm,6058,40588,789c,"zlib:level=6,memLevel=7,strategy=0"
original/saveas/text/EduBot_AI_Learning_Robot_Series(saveas).pdf,saveas,objstm,5888,39817,789c,"zlib:level=6,memLevel=7,strategy=0"
original/saveas/text/EduBot_AI_Learning_Robot_Series(saveas).pdf,saveas,objstm,4846,26024,789c,"zlib:level=6,memLevel=7,strategy=0"
original/saveas/text/EduBot_AI_Learning_Robot_Series(saveas).pdf,saveas,fontfile,16574,111136,789c,"zlib:level=6,memLevel=7,strategy=0"
original/saveas/text/EduBot_AI_Learning_Robot_Series(saveas).pdf,saveas,fontfile,10756,34608,789c,"zlib:level=6,memLevel=7,strategy=0"
original/saveas/text/EduBot_AI_Learning_Robot_Series(saveas).pdf,saveas,tounicode,226,337,789c,zlib:level=6
original/saveas/text/EduBot_AI_Learning_Robot_Series(saveas).pdf,saveas,fontfile,6033,11088,789c,zlib:level=6
original/saveas/text/EduBot_AI_Learning_Robot_Series(saveas).pdf,saveas,fontfile,18204,58484,789c,"zlib:level=6,memLevel=7,strategy=0"
original/saveas/text/EduBot_AI_Learning_Robot_Series(saveas).pdf,saveas,tounicode,225,337,789c,zlib:level=6
original/saveas/text/EduBot_AI_Learning_Robot_Series(saveas).pdf,saveas,fontfile,5319,12264,789c,"zlib:level=6,memLevel=7,strategy=0"
original/saveas/text/EduBot_AI_Learning_Robot_Series(saveas).pdf,saveas,fontfile,25892,81056,789c,"zlib:level=6,memLevel=7,strategy=0"
original/saveas/text/EduBot_AI_Learning_Robot_Series(saveas).pdf,saveas,tounicode,298,464,789c,zlib:level=6
original/saveas/text/EduBot_AI_Learning_Robot_Series(saveas).pdf,saveas,fontfile,9502,64508,789c,"zlib:level=6,memLevel=7,strategy=0"
original/saveas/text/EduBot_AI_Learning_Robot_Series(saveas).pdf,saveas,tounicode,829,1809,789c,zlib:level=6
original/saveas/text/EduBot_AI_Learning_Robot_Series(saveas).pdf,saveas,fontfile,26204,87116,789c,"zlib:level=6,memLevel=7,strategy=0"
original/saveas/text/EduBot_AI_Learning_Robot_Series(saveas).pdf,saveas,tounicode,674,1431,789c,zlib:level=6
original/saveas/text/EduBot_AI_Learning_Robot_Series(saveas).pdf,saveas,fontfile,15544,65916,789c,"zlib:level=6,memLevel=7,strategy=0"
original/saveas/text/EduBot_AI_Learning_Robot_Series(saveas).pdf,saveas,tounicode,337,630,789c,zlib:level=6
original/saveas/text/EduBot_AI_Learning_Robot_Series(saveas).pdf,saveas,fontfile,4319,12692,789c,zlib:level=6
original/saveas/text/EduBot_AI_Learning_Robot_Series(saveas).pdf,saveas,tounicode,575,1602,789c,zlib:level=6
original/saveas/text/EduBot_AI_Learning_Robot_Series(saveas).pdf,saveas,fontfile,16484,37088,789c,"zlib:level=6,memLevel=7,strategy=0"
original/saveas/text/EduBot_AI_Learning_Robot_Series(saveas).pdf,saveas,tounicode,226,337,789c,zlib:level=6
original/saveas/text/EduBot_AI_Learning_Robot_Series(saveas).pdf,saveas,fontfile,23137,85376,789c,"zlib:level=6,memLevel=7,strategy=0"
original/saveas/text/EduBot_AI_Learning_Robot_Series(saveas).pdf,saveas,tounicode,611,1748,789c,zlib:level=6
original/saveas/text/EduBot_AI_Learning_Robot_Series(saveas).pdf,saveas,fontfile,27659,71076,789c,"zlib:level=6,memLevel=7,strategy=0"
original/saveas/text/EduBot_AI_Learning_Robot_Series(saveas).pdf,saveas,fontfile,5688,14232,789c,"zlib:level=6,memLevel=7,strategy=0"
original/saveas/text/EduBot_AI_Learning_Robot_Series(saveas).pdf,saveas,fontfile,9305,23992,789c,"zlib:level=6,memLevel=7,strategy=0"
original/saveas/text/EduBot_AI_Learning_Robot_Series(saveas).pdf,saveas,tounicode,223,337,789c,zlib:level=6
original/saveas/text/EduBot_AI_Learning_Robot_Series(saveas).pdf,saveas,fontfile,10898,37928,789c,"zlib:level=6,memLevel=7,strategy=0"
original/saveas/text/EduBot_AI_Learning_Robot_Series(saveas).pdf,saveas,tounicode,357,698,789c,zlib:level=6
original/saveas/text/EduBot_AI_Learning_Robot_Series(saveas).pdf,saveas,fontfile,5790,12132,789c,"zlib:level=6,memLevel=7,strategy=0"
original/saveas/text/EduBot_AI_Learning_Robot_Series(saveas).pdf,saveas,tounicode,413,862,789c,zlib:level=6
original/saveas/text/EduBot_AI_Learning_Robot_Series(saveas).pdf,saveas,fontfile,9660,26468,789c,"zlib:level=6,memLevel=7,strategy=0"
original/saveas/text/EduBot_AI_Learning_Robot_Series(saveas).pdf,saveas,tounicode,225,337,789c,zlib:level=6
original/saveas/text/EduBot_AI_Learning_Robot_Series(saveas).pdf,saveas,fontfile,6906,12076,789c,zlib:level=6
original/saveas/text/EduBot_AI_Learning_Robot_Series(saveas).pdf,saveas,tounicode,385,868,789c,zlib:level=6
original/saveas/text/EduBot_AI_Learning_Robot_Series(saveas).pdf,saveas,fontfile,11623,30152,789c,"zlib:level=6,memLevel=7,strategy=0"
original/saveas/text/EduBot_AI_Learning_Robot_Series(saveas).pdf,saveas,tounicode,639,1900,789c,zlib:level=6
original/saveas/text/EduBot_AI_Learning_Robot_Series(saveas).pdf,saveas,fontfile,12864,29884,789c,"zlib:level=6,memLevel=7,strategy=0"
original/saveas/text/EduBot_AI_Learning_Robot_Series(saveas).pdf,saveas,tounicode,609,1684,789c,zlib:level=6
original/saveas/text/EduBot_AI_Learning_Robot_Series(saveas).pdf,saveas,fontfile,24766,53264,789c,"zlib:level=6,memLevel=7,strategy=0"
original/saveas/text/EduBot_AI_Learning_Robot_Series(saveas).pdf,saveas,xref,2940,9968,789c,"zlib:level=6,memLevel=7,strategy=0"
original/saveas/text/Evolution_Biodegradable_Plastics(saveas).pdf,saveas,content,3029,13525,789c,zlib:level=6
original/saveas/text/Evolution_Biodegradable_Plastics(saveas).pdf,saveas,content,1805,7606,789c,zlib:level=6
original/saveas/text/Evolution_Biodegradable_Plastics(saveas).pdf,saveas,content,9546,105453,789c,"zlib:level=6,memLevel=7,strategy=0"
original/saveas/text/Evolution_Biodegradable_Plastics(saveas).pdf,saveas,content,3169,14021,789c,"zlib:level=6,memLevel=6,strategy=0"
original/saveas/text/Evolution_Biodegradable_Plastics(saveas).pdf,saveas,content,3329,14142,789c,zlib:level=6
original/saveas/text/Evolution_Biodegradable_Plastics(saveas).pdf,saveas,content,8020,93580,789c,"zlib:level=6,memLevel=7,strategy=0"
original/saveas/text/Evolution_Biodegradable_Plastics(saveas).pdf,saveas,objstm,4314,39208,789c,zlib:level=6
original/saveas/text/Evolution_Biodegradable_Plastics(saveas).pdf,saveas,objstm,5930,44677,789c,"zlib:level=6,memLevel=7,strategy=0"
original/saveas/text/Evolution_Biodegradable_Plastics(saveas).pdf,saveas,objstm,6533,44719,789c,zlib:level=6
original/saveas/text/Evolution_Biodegradable_Plastics(saveas).pdf,saveas,fontfile,17209,112484,789c,"zlib:level=6,memLevel=7,strategy=0"
original/saveas/text/Evolution_Biodegradable_Plastics(saveas).pdf,saveas,fontfile,25892,81056,789c,"zlib:level=6,memLevel=7,strategy=0"
original/saveas/text/Evolution_Biodegradable_Plastics(saveas).pdf,saveas,fontfile,7814,13432,789c,zlib:level=6
original/saveas/text/Evolution_Biodegradable_Plastics(saveas).pdf,saveas,fontfile,4447,11208,789c,"zlib:level=6,memLevel=7,strategy=0"
original/saveas/text/Evolution_Biodegradable_Plastics(saveas).pdf,saveas,tounicode,383,660,789c,zlib:level=6
original/saveas/text/Evolution_Biodegradable_Plastics(saveas).pdf,saveas,fontfile,9412,60652,789c,"zlib:level=6,memLevel=7,strategy=0"
original/saveas/text/Evolution_Biodegradable_Plastics(saveas).pdf,saveas,tounicode,948,2235,789c,zlib:level=6
original/saveas/text/Evolution_Biodegradable_Plastics(saveas).pdf,saveas,fontfile,22411,75124,789c,"zlib:level=6,memLevel=7,strategy=0"
original/saveas/text/Evolution_Biodegradable_Plastics(saveas).pdf,saveas,tounicode,1339,3347,789c,zlib:level=6
original/saveas/text/Evolution_Biodegradable_Plastics(saveas).pdf,saveas,fontfile,86938,149964,789c,"zlib:level=6,memLevel=7,strategy=0"
original/saveas/text/Evolution_Biodegradable_Plastics(saveas).pdf,saveas,tounicode,464,1117,789c,zlib:level=6
original/saveas/text/Evolution_Biodegradable_Plastics(saveas).pdf,saveas,fontfile,5235,14296,789c,zlib:level=6
original/saveas/text/Evolution_Biodegradable_Plastics(saveas).pdf,saveas,tounicode,623,1565,789c,zlib:level=6
original/saveas/text/Evolution_Biodegradable_Plastics(saveas).pdf,saveas,fontfile,7076,19556,789c,"zlib:level=6,memLevel=7,strategy=0"
original/saveas/text/Evolution_Biodegradable_Plastics(saveas).pdf,saveas,tounicode,708,2001,789c,zlib:level=6
original/saveas/text/Evolution_Biodegradable_Plastics(saveas).pdf,saveas,fontfile,23040,48288,789c,"zlib:level=6,memLevel=7,strategy=0"
original/saveas/text/Evolution_Biodegradable_Plastics(saveas).pdf,saveas,fontfile,6750,17784,789c,"zlib:level=6,memLevel=7,strategy=0"
original/saveas/text/Evolution_Biodegradable_Plastics(saveas).pdf,saveas,fontfile,8811,23776,789c,"zlib:level=6,memLevel=7,strategy=0"
original/saveas/text/Evolution_Biodegradable_Plastics(saveas).pdf,saveas,fontfile,8557,34508,789c,zlib:level=6
original/saveas/text/Evolution_Biodegradable_Plastics(saveas).pdf,saveas,tounicode,379,790,789c,zlib:level=6
original/saveas/text/Evolution_Biodegradable_Plastics(saveas).pdf,saveas,fontfile,3880,9092,789c,zlib:level=6
original/saveas/text/Evolution_Biodegradable_Plastics(saveas).pdf,saveas,tounicode,408,848,789c,zlib:level=6
original/saveas/text/Evolution_Biodegradable_Plastics(saveas).pdf,saveas,fontfile,9793,26780,789c,"zlib:level=6,memLevel=7,strategy=0"
original/saveas/text/Evolution_Biodegradable_Plastics(saveas).pdf,saveas,tounicode,301,577,789c,zlib:level=6
original/saveas/text/Evolution_Biodegradable_Plastics(saveas).pdf,saveas,fontfile,5821,10388,789c,zlib:level=6
original/saveas/text/Evolution_Biodegradable_Plastics(saveas).pdf,saveas,tounicode,420,969,789c,zlib:level=6
original/saveas/text/Evolution_Biodegradable_Plastics(saveas).pdf,saveas,fontfile,3857,9172,789c,"zlib:level=6,memLevel=7,strategy=0"
original/saveas/text/Evolution_Biodegradable_Plastics(saveas).pdf,saveas,tounicode,645,1905,789c,zlib:level=6
original/saveas/text/Evolution_Biodegradable_Plastics(saveas).pdf,saveas,fontfile,11974,27908,789c,"zlib:level=6,memLevel=7,strategy=0"
original/saveas/text/Evolution_Biodegradable_Plastics(saveas).pdf,saveas,tounicode,673,1938,789c,zlib:level=6
original/saveas/text/Evolution_Biodegradable_Plastics(saveas).pdf,saveas,fontfile,15484,52292,789c,"zlib:level=6,memLevel=7,strategy=0"
original/saveas/text/Evolution_Biodegradable_Plastics(saveas).pdf,saveas,xref,3073,10829,789c,zlib:level=6
original/saveas/text/Evolution_Food_Culture_Alternative_Foods(saveas).pdf,saveas,content,2921,12675,789c,zlib:level=6
original/saveas/text/Evolution_Food_Culture_Alternative_Foods(saveas).pdf,saveas,content,1939,8129,789c,zlib:level=6
original/saveas/text/Evolution_Food_Culture_Alternative_Foods(saveas).pdf,saveas,content,8793,94779,789c,zlib:level=6
original/saveas/text/Evolution_Food_Culture_Alternative_Foods(saveas).pdf,saveas,content,2961,12025,789c,zlib:level=6
original/saveas/text/Evolution_Food_Culture_Alternative_Foods(saveas).pdf,saveas,content,3588,15331,789c,zlib:level=6
original/saveas/text/Evolution_Food_Culture_Alternative_Foods(saveas).pdf,saveas,content,7299,85807,789c,zlib:level=6
original/saveas/text/Evolution_Food_Culture_Alternative_Foods(saveas).pdf,saveas,objstm,4332,39177,789c,zlib:level=6
original/saveas/text/Evolution_Food_Culture_Alternative_Foods(saveas).pdf,saveas,objstm,5782,44091,789c,"zlib:level=6,memLevel=7,strategy=0"
original/saveas/text/Evolution_Food_Culture_Alternative_Foods(saveas).pdf,saveas,objstm,5218,34071,789c,"zlib:level=6,memLevel=7,strategy=0"
original/saveas/text/Evolution_Food_Culture_Alternative_Foods(saveas).pdf,saveas,fontfile,9256,31052,789c,"zlib:level=6,memLevel=7,strategy=0"
original/saveas/text/Evolution_Food_Culture_Alternative_Foods(saveas).pdf,saveas,fontfile,25892,81056,789c,"zlib:level=6,memLevel=7,strategy=0"
original/saveas/text/Evolution_Food_Culture_Alternative_Foods(saveas).pdf,saveas,fontfile,4643,11436,789c,"zlib:level=6,memLevel=7,strategy=0"
original/saveas/text/Evolution_Food_Culture_Alternative_Foods(saveas).pdf,saveas,fontfile,17320,112976,789c,"zlib:level=6,memLevel=7,strategy=0"
original/saveas/text/Evolution_Food_Culture_Alternative_Foods(saveas).pdf,saveas,tounicode,366,618,789c,zlib:level=6
original/saveas/text/Evolution_Food_Culture_Alternative_Foods(saveas).pdf,saveas,fontfile,12039,72916,789c,"zlib:level=6,memLevel=7,strategy=0"
original/saveas/text/Evolution_Food_Culture_Alternative_Foods(saveas).pdf,saveas,tounicode,1036,2430,789c,zlib:level=6
original/saveas/text/Evolution_Food_Culture_Alternative_Foods(saveas).pdf,saveas,fontfile,66105,119716,789c,"zlib:level=6,memLevel=7,strategy=0"
original/saveas/text/Evolution_Food_Culture_Alternative_Foods(saveas).pdf,saveas,tounicode,1290,3172,789c,zlib:level=6
original/saveas/text/Evolution_Food_Culture_Alternative_Foods(saveas).pdf,saveas,fontfile,42443,113636,789c,"zlib:level=6,memLevel=7,strategy=0"
original/saveas/text/Evolution_Food_Culture_Alternative_Foods(saveas).pdf,saveas,tounicode,412,957,789c,zlib:level=6
original/saveas/text/Evolution_Food_Culture_Alternative_Foods(saveas).pdf,saveas,fontfile,9072,22884,789c,zlib:level=6
original/saveas/text/Evolution_Food_Culture_Alternative_Foods(saveas).pdf,saveas,tounicode,609,1624,789c,zlib:level=6
original/saveas/text/Evolution_Food_Culture_Alternative_Foods(saveas).pdf,saveas,fontfile,20315,42808,789c,"zlib:level=6,memLevel=7,strategy=0"
original/saveas/text/Evolution_Food_Culture_Alternative_Foods(saveas).pdf,saveas,tounicode,660,1872,789c,zlib:level=6
original/saveas/text/Evolution_Food_Culture_Alternative_Foods(saveas).pdf,saveas,fontfile,9336,21760,789c,"zlib:level=6,memLevel=7,strategy=0"
original/saveas/text/Evolution_Food_Culture_Alternative_Foods(saveas).pdf,saveas,fontfile,5982,14580,789c,"zlib:level=6,memLevel=7,strategy=0"
original/saveas/text/Evolution_Food_Culture_Alternative_Foods(saveas).pdf,saveas,fontfile,8691,34816,789c,zlib:level=6
original/saveas/text/Evolution_Food_Culture_Alternative_Foods(saveas).pdf,saveas,fontfile,8184,22096,789c,"zlib:level=6,memLevel=7,strategy=0"
original/saveas/text/Evolution_Food_Culture_Alternative_Foods(saveas).pdf,saveas,tounicode,351,698,789c,zlib:level=6
original/saveas/text/Evolution_Food_Culture_Alternative_Foods(saveas).pdf,saveas,fontfile,6056,12828,789c,"zlib:level=6,memLevel=7,strategy=0"
original/saveas/text/Evolution_Food_Culture_Alternative_Foods(saveas).pdf,saveas,tounicode,404,927,789c,zlib:level=6
original/saveas/text/Evolution_Food_Culture_Alternative_Foods(saveas).pdf,saveas,fontfile,4486,9884,789c,zlib:level=6
original/saveas/text/Evolution_Food_Culture_Alternative_Foods(saveas).pdf,saveas,tounicode,414,862,789c,zlib:level=6
original/saveas/text/Evolution_Food_Culture_Alternative_Foods(saveas).pdf,saveas,fontfile,9654,26516,789c,"zlib:level=6,memLevel=7,strategy=0"
original/saveas/text/Evolution_Food_Culture_Alternative_Foods(saveas).pdf,saveas,tounicode,438,1088,789c,zlib:level=6
original/saveas/text/Evolution_Food_Culture_Alternative_Foods(saveas).pdf,saveas,fontfile,13710,31236,789c,"zlib:level=6,memLevel=7,strategy=0"
original/saveas/text/Evolution_Food_Culture_Alternative_Foods(saveas).pdf,saveas,tounicode,635,1752,789c,zlib:level=6
original/saveas/text/Evolution_Food_Culture_Alternative_Foods(saveas).pdf,saveas,fontfile,14548,49524,789c,"zlib:level=6,memLevel=7,strategy=0"
original/saveas/text/Evolution_Food_Culture_Alternative_Foods(saveas).pdf,saveas,tounicode,674,2086,789c,zlib:level=6
original/saveas/text/Evolution_Food_Culture_Alternative_Foods(saveas).pdf,saveas,fontfile,12502,29692,789c,"zlib:level=6,memLevel=7,strategy=0"
original/saveas/text/Evolution_Food_Culture_Alternative_Foods(saveas).pdf,saveas,xref,2823,10038,789c,"zlib:level=6,memLevel=7,strategy=0"
original/saveas/text/International_Logistics_Fire_Report(saveas).pdf,saveas,content,3725,23622,789c,zlib:level=6
original/saveas/text/International_Logistics_Fire_Report(saveas).pdf,saveas,content,3134,22983,789c,zlib:level=6
original/saveas/text/International_Logistics_Fire_Report(saveas).pdf,saveas,content,6463,58817,789c,"zlib:level=6,memLevel=7,strategy=0"
original/saveas/text/International_Logistics_Fire_Report(saveas).pdf,saveas,content,3503,21577,789c,"zlib:level=6,memLevel=6,strategy=0"
original/saveas/text/International_Logistics_Fire_Report(saveas).pdf,saveas,content,3746,22398,789c,"zlib:level=6,memLevel=6,strategy=0"
original/saveas/text/International_Logistics_Fire_Report(saveas).pdf,saveas,content,6399,64319,789c,zlib:level=6
original/saveas/text/International_Logistics_Fire_Report(saveas).pdf,saveas,objstm,5340,39234,789c,"zlib:level=6,memLevel=7,strategy=0"
original/saveas/text/International_Logistics_Fire_Report(saveas).pdf,saveas,objstm,6443,41886,789c,"zlib:level=6,memLevel=7,strategy=0"
original/saveas/text/International_Logistics_Fire_Report(saveas).pdf,saveas,objstm,7147,43846,789c,"zlib:level=6,memLevel=7,strategy=0"
original/saveas/text/International_Logistics_Fire_Report(saveas).pdf,saveas,fontfile,3396,9756,789c,"zlib:level=6,memLevel=6,strategy=0"
original/saveas/text/International_Logistics_Fire_Report(saveas).pdf,saveas,fontfile,25892,81056,789c,"zlib:level=6,memLevel=7,strategy=0"
original/saveas/text/International_Logistics_Fire_Report(saveas).pdf,saveas,fontfile,19170,116252,789c,"zlib:level=6,memLevel=7,strategy=0"
original/saveas/text/International_Logistics_Fire_Report(saveas).pdf,saveas,fontfile,10635,17212,789c,"zlib:level=6,memLevel=7,strategy=0"
original/saveas/text/International_Logistics_Fire_Report(saveas).pdf,saveas,tounicode,310,492,789c,zlib:level=6
original/saveas/text/International_Logistics_Fire_Report(saveas).pdf,saveas,fontfile,9613,68252,789c,"zlib:level=6,memLevel=7,strategy=0"
original/saveas/text/International_Logistics_Fire_Report(saveas).pdf,saveas,tounicode,674,1448,789c,zlib:level=6
original/saveas/text/International_Logistics_Fire_Report(saveas).pdf,saveas,fontfile,23437,83044,789c,"zlib:level=6,memLevel=7,strategy=0"
original/saveas/text/International_Logistics_Fire_Report(saveas).pdf,saveas,tounicode,922,2119,789c,zlib:level=6
original/saveas/text/International_Logistics_Fire_Report(saveas).pdf,saveas,fontfile,23515,76664,789c,"zlib:level=6,memLevel=7,strategy=0"
original/saveas/text/International_Logistics_Fire_Report(saveas).pdf,saveas,tounicode,420,898,789c,zlib:level=6
original/saveas/text/International_Logistics_Fire_Report(saveas).pdf,saveas,fontfile,10962,28980,789c,"zlib:level=6,memLevel=7,strategy=0"
original/saveas/text/International_Logistics_Fire_Report(saveas).pdf,saveas,tounicode,568,1500,789c,zlib:level=6
original/saveas/text/International_Logistics_Fire_Report(saveas).pdf,saveas,fontfile,9665,21384,789c,"zlib:level=6,memLevel=7,strategy=0"
original/saveas/text/International_Logistics_Fire_Report(saveas).pdf,saveas,tounicode,675,1787,789c,zlib:level=6
original/saveas/text/International_Logistics_Fire_Report(saveas).pdf,saveas,fontfile,8673,22280,789c,"zlib:level=6,memLevel=7,strategy=0"
original/saveas/text/International_Logistics_Fire_Report(saveas).pdf,saveas,fontfile,6702,31688,789c,zlib:level=6
original/saveas/text/International_Logistics_Fire_Report(saveas).pdf,saveas,fontfile,10630,27296,789c,"zlib:level=6,memLevel=7,strategy=0"
original/saveas/text/International_Logistics_Fire_Report(saveas).pdf,saveas,fontfile,11404,28560,789c,"zlib:level=6,memLevel=7,strategy=0"
original/saveas/text/International_Logistics_Fire_Report(saveas).pdf,saveas,tounicode,325,605,789c,zlib:level=6
original/saveas/text/International_Logistics_Fire_Report(saveas).pdf,saveas,fontfile,3694,8724,789c,zlib:level=6
original/saveas/text/International_Logistics_Fire_Report(saveas).pdf,saveas,tounicode,434,955,789c,zlib:level=6
original/saveas/text/International_Logistics_Fire_Report(saveas).pdf,saveas,fontfile,14017,32400,789c,"zlib:level=6,memLevel=7,strategy=0"
original/saveas/text/International_Logistics_Fire_Report(saveas).pdf,saveas,tounicode,316,605,789c,zlib:level=6
original/saveas/text/International_Logistics_Fire_Report(saveas).pdf,saveas,fontfile,7965,13988,789c,zlib:level=6
original/saveas/text/International_Logistics_Fire_Report(saveas).pdf,saveas,tounicode,365,796,789c,zlib:level=6
original/saveas/text/International_Logistics_Fire_Report(saveas).pdf,saveas,fontfile,7110,23844,789c,zlib:level=6
original/saveas/text/International_Logistics_Fire_Report(saveas).pdf,saveas,tounicode,628,2013,789c,zlib:level=6
original/saveas/text/International_Logistics_Fire_Report(saveas).pdf,saveas,fontfile,14618,31984,789c,"zlib:level=6,memLevel=7,strategy=0"
original/saveas/text/International_Logistics_Fire_Report(saveas).pdf,saveas,tounicode,639,1787,789c,zlib:level=6
original/saveas/text/International_Logistics_Fire_Report(saveas).pdf,saveas,fontfile,6923,15600,789c,"zlib:level=6,memLevel=7,strategy=0"
original/saveas/text/International_Logistics_Fire_Report(saveas).pdf,saveas,xref,3165,11095,789c,"zlib:level=6,memLevel=7,strategy=0"
original/saveas/text/Lumina_Interior_Lighting_Designbook(saveas).pdf,saveas,content,3178,18718,789c,zlib:level=6
original/saveas/text/Lumina_Interior_Lighting_Designbook(saveas).pdf,saveas,content,2903,19968,789c,zlib:level=6
original/saveas/text/Lumina_Interior_Lighting_Designbook(saveas).pdf,saveas,content,6727,62732,789c,zlib:level=6
original/saveas/text/Lumina_Interior_Lighting_Designbook(saveas).pdf,saveas,content,3140,16873,789c,zlib:level=6
original/saveas/text/Lumina_Interior_Lighting_Designbook(saveas).pdf,saveas,content,3870,24843,789c,"zlib:level=6,memLevel=6,strategy=0"
original/saveas/text/Lumina_Interior_Lighting_Designbook(saveas).pdf,saveas,content,6335,62778,789c,zlib:level=6
original/saveas/text/Lumina_Interior_Lighting_Designbook(saveas).pdf,saveas,objstm,6081,40631,789c,"zlib:level=6,memLevel=7,strategy=0"
original/saveas/text/Lumina_Interior_Lighting_Designbook(saveas).pdf,saveas,objstm,6210,40483,789c,"zlib:level=6,memLevel=7,strategy=0"
original/saveas/text/Lumina_Interior_Lighting_Designbook(saveas).pdf,saveas,objstm,6383,37574,789c,"zlib:level=6,memLevel=7,strategy=0"
original/saveas/text/Lumina_Interior_Lighting_Designbook(saveas).pdf,saveas,fontfile,8764,18580,789c,"zlib:level=6,memLevel=7,strategy=0"
original/saveas/text/Lumina_Interior_Lighting_Designbook(saveas).pdf,saveas,fontfile,4373,11072,789c,"zlib:level=6,memLevel=7,strategy=0"
original/saveas/text/Lumina_Interior_Lighting_Designbook(saveas).pdf,saveas,tounicode,226,337,789c,zlib:level=6
original/saveas/text/Lumina_Interior_Lighting_Designbook(saveas).pdf,saveas,fontfile,23148,85412,789c,"zlib:level=6,memLevel=7,strategy=0"
original/saveas/text/Lumina_Interior_Lighting_Designbook(saveas).pdf,saveas,tounicode,226,337,789c,zlib:level=6
original/saveas/text/Lumina_Interior_Lighting_Designbook(saveas).pdf,saveas,fontfile,6033,11088,789c,zlib:level=6
original/saveas/text/Lumina_Interior_Lighting_Designbook(saveas).pdf,saveas,fontfile,18204,58484,789c,"zlib:level=6,memLevel=7,strategy=0"
original/saveas/text/Lumina_Interior_Lighting_Designbook(saveas).pdf,saveas,tounicode,225,337,789c,zlib:level=6
original/saveas/text/Lumina_Interior_Lighting_Designbook(saveas).pdf,saveas,fontfile,10985,17692,789c,"zlib:level=6,memLevel=7,strategy=0"
original/saveas/text/Lumina_Interior_Lighting_Designbook(saveas).pdf,saveas,tounicode,279,435,789c,zlib:level=6
original/saveas/text/Lumina_Interior_Lighting_Designbook(saveas).pdf,saveas,fontfile,7408,40152,789c,zlib:level=6
original/saveas/text/Lumina_Interior_Lighting_Designbook(saveas).pdf,saveas,tounicode,962,2236,789c,zlib:level=6
original/saveas/text/Lumina_Interior_Lighting_Designbook(saveas).pdf,saveas,fontfile,61013,112516,789c,"zlib:level=6,memLevel=7,strategy=0"
original/saveas/text/Lumina_Interior_Lighting_Designbook(saveas).pdf,saveas,tounicode,845,1940,789c,zlib:level=6
original/saveas/text/Lumina_Interior_Lighting_Designbook(saveas).pdf,saveas,fontfile,20811,72964,789c,"zlib:level=6,memLevel=7,strategy=0"
original/saveas/text/Lumina_Interior_Lighting_Designbook(saveas).pdf,saveas,fontfile,25892,81056,789c,"zlib:level=6,memLevel=7,strategy=0"
original/saveas/text/Lumina_Interior_Lighting_Designbook(saveas).pdf,saveas,tounicode,335,632,789c,zlib:level=6
original/saveas/text/Lumina_Interior_Lighting_Designbook(saveas).pdf,saveas,fontfile,3588,11528,789c,zlib:level=6
original/saveas/text/Lumina_Interior_Lighting_Designbook(saveas).pdf,saveas,tounicode,711,1949,789c,zlib:level=6
original/saveas/text/Lumina_Interior_Lighting_Designbook(saveas).pdf,saveas,fontfile,33813,72952,789c,"zlib:level=6,memLevel=7,strategy=0"
original/saveas/text/Lumina_Interior_Lighting_Designbook(saveas).pdf,saveas,tounicode,696,1978,789c,zlib:level=6
original/saveas/text/Lumina_Interior_Lighting_Designbook(saveas).pdf,saveas,fontfile,27576,70288,789c,"zlib:level=6,memLevel=7,strategy=0"
original/saveas/text/Lumina_Interior_Lighting_Designbook(saveas).pdf,saveas,fontfile,2371,4780,789c,zlib:level=6
original/saveas/text/Lumina_Interior_Lighting_Designbook(saveas).pdf,saveas,fontfile,9199,24496,789c,"zlib:level=6,memLevel=7,strategy=0"
original/saveas/text/Lumina_Interior_Lighting_Designbook(saveas).pdf,saveas,tounicode,223,337,789c,zlib:level=6
original/saveas/text/Lumina_Interior_Lighting_Designbook(saveas).pdf,saveas,fontfile,11524,40396,789c,"zlib:level=6,memLevel=7,strategy=0"
original/saveas/text/Lumina_Interior_Lighting_Designbook(saveas).pdf,saveas,tounicode,335,628,789c,zlib:level=6
original/saveas/text/Lumina_Interior_Lighting_Designbook(saveas).pdf,saveas,fontfile,3385,8296,789c,zlib:level=6
original/saveas/text/Lumina_Interior_Lighting_Designbook(saveas).pdf,saveas,tounicode,317,583,789c,zlib:level=6
original/saveas/text/Lumina_Interior_Lighting_Designbook(saveas).pdf,saveas,fontfile,4868,10328,789c,zlib:level=6
original/saveas/text/Lumina_Interior_Lighting_Designbook(saveas).pdf,saveas,tounicode,319,636,789c,zlib:level=6
original/saveas/text/Lumina_Interior_Lighting_Designbook(saveas).pdf,saveas,fontfile,8537,14956,789c,zlib:level=6
original/saveas/text/Lumina_Interior_Lighting_Designbook(saveas).pdf,saveas,tounicode,316,604,789c,zlib:level=6
original/saveas/text/Lumina_Interior_Lighting_Designbook(saveas).pdf,saveas,fontfile,13258,32240,789c,"zlib:level=6,memLevel=7,strategy=0"
original/saveas/text/Lumina_Interior_Lighting_Designbook(saveas).pdf,saveas,tounicode,625,1782,789c,zlib:level=6
original/saveas/text/Lumina_Interior_Lighting_Designbook(saveas).pdf,saveas,fontfile,15967,59356,789c,"zlib:level=6,memLevel=7,strategy=0"
original/saveas/text/Lumina_Interior_Lighting_Designbook(saveas).pdf,saveas,tounicode,621,1643,789c,zlib:level=6
original/saveas/text/Lumina_Interior_Lighting_Designbook(saveas).pdf,saveas,fontfile,8298,17948,789c,"zlib:level=6,memLevel=7,strategy=0"
original/saveas/text/Lumina_Interior_Lighting_Designbook(saveas).pdf,saveas,xref,3195,10871,789c,zlib:level=6
original/saveas/text/NeoHome_Smart_Appliances_Catalog_v5(saveas).pdf,saveas,content,3241,19250,789c,zlib:level=6
original/saveas/text/NeoHome_Smart_Appliances_Catalog_v5(saveas).pdf,saveas,content,3002,19844,789c,zlib:level=6
original/saveas/text/NeoHome_Smart_Appliances_Catalog_v5(saveas).pdf,saveas,content,7708,82748,789c,"zlib:level=6,memLevel=7,strategy=0"
original/saveas/text/NeoHome_Smart_Appliances_Catalog_v5(saveas).pdf,saveas,content,3424,18497,789c,zlib:level=6
original/saveas/text/NeoHome_Smart_Appliances_Catalog_v5(saveas).pdf,saveas,content,3829,21007,789c,zlib:level=6
original/saveas/text/NeoHome_Smart_Appliances_Catalog_v5(saveas).pdf,saveas,content,7207,78257,789c,"zlib:level=6,memLevel=7,strategy=0"
original/saveas/text/NeoHome_Smart_Appliances_Catalog_v5(saveas).pdf,saveas,objstm,5393,38925,789c,"zlib:level=6,memLevel=7,strategy=0"
original/saveas/text/NeoHome_Smart_Appliances_Catalog_v5(saveas).pdf,saveas,objstm,6766,42782,789c,"zlib:level=6,memLevel=7,strategy=0"
original/saveas/text/NeoHome_Smart_Appliances_Catalog_v5(saveas).pdf,saveas,objstm,6433,43373,789c,"zlib:level=6,memLevel=7,strategy=0"
original/saveas/text/NeoHome_Smart_Appliances_Catalog_v5(saveas).pdf,saveas,objstm,2841,10495,789c,"zlib:level=6,memLevel=7,strategy=0"
original/saveas/text/NeoHome_Smart_Appliances_Catalog_v5(saveas).pdf,saveas,fontfile,6700,22192,789c,zlib:level=6
original/saveas/text/NeoHome_Smart_Appliances_Catalog_v5(saveas).pdf,saveas,fontfile,6066,13316,789c,"zlib:level=6,memLevel=7,strategy=0"
original/saveas/text/NeoHome_Smart_Appliances_Catalog_v5(saveas).pdf,saveas,tounicode,226,337,789c,zlib:level=6
original/saveas/text/NeoHome_Smart_Appliances_Catalog_v5(saveas).pdf,saveas,fontfile,23137,85376,789c,"zlib:level=6,memLevel=7,strategy=0"
original/saveas/text/NeoHome_Smart_Appliances_Catalog_v5(saveas).pdf,saveas,tounicode,226,337,789c,zlib:level=6
original/saveas/text/NeoHome_Smart_Appliances_Catalog_v5(saveas).pdf,saveas,fontfile,6033,11088,789c,zlib:level=6
original/saveas/text/NeoHome_Smart_Appliances_Catalog_v5(saveas).pdf,saveas,fontfile,18204,58484,789c,"zlib:level=6,memLevel=7,strategy=0"
original/saveas/text/NeoHome_Smart_Appliances_Catalog_v5(saveas).pdf,saveas,fontfile,25892,81056,789c,"zlib:level=6,memLevel=7,strategy=0"
original/saveas/text/NeoHome_Smart_Appliances_Catalog_v5(saveas).pdf,saveas,tounicode,271,407,789c,zlib:level=6
original/saveas/text/NeoHome_Smart_Appliances_Catalog_v5(saveas).pdf,saveas,fontfile,18124,50536,789c,"zlib:level=6,memLevel=7,strategy=0"
original/saveas/text/NeoHome_Smart_Appliances_Catalog_v5(saveas).pdf,saveas,tounicode,1413,3626,789c,zlib:level=6
original/saveas/text/NeoHome_Smart_Appliances_Catalog_v5(saveas).pdf,saveas,fontfile,70564,187224,789c,"zlib:level=6,memLevel=7,strategy=0"
original/saveas/text/NeoHome_Smart_Appliances_Catalog_v5(saveas).pdf,saveas,tounicode,314,560,789c,zlib:level=6
original/saveas/text/NeoHome_Smart_Appliances_Catalog_v5(saveas).pdf,saveas,fontfile,6627,18332,789c,"zlib:level=6,memLevel=7,strategy=0"
original/saveas/text/NeoHome_Smart_Appliances_Catalog_v5(saveas).pdf,saveas,tounicode,722,2195,789c,zlib:level=6
original/saveas/text/NeoHome_Smart_Appliances_Catalog_v5(saveas).pdf,saveas,fontfile,20746,45900,789c,"zlib:level=6,memLevel=7,strategy=0"
original/saveas/text/NeoHome_Smart_Appliances_Catalog_v5(saveas).pdf,saveas,fontfile,5442,13960,789c,"zlib:level=6,memLevel=7,strategy=0"
original/saveas/text/NeoHome_Smart_Appliances_Catalog_v5(saveas).pdf,saveas,tounicode,225,337,789c,zlib:level=6
original/saveas/text/NeoHome_Smart_Appliances_Catalog_v5(saveas).pdf,saveas,fontfile,10823,38012,789c,"zlib:level=6,memLevel=7,strategy=0"
original/saveas/text/NeoHome_Smart_Appliances_Catalog_v5(saveas).pdf,saveas,tounicode,350,684,789c,zlib:level=6
original/saveas/text/NeoHome_Smart_Appliances_Catalog_v5(saveas).pdf,saveas,fontfile,5634,12000,789c,"zlib:level=6,memLevel=7,strategy=0"
original/saveas/text/NeoHome_Smart_Appliances_Catalog_v5(saveas).pdf,saveas,tounicode,464,1138,789c,zlib:level=6
original/saveas/text/NeoHome_Smart_Appliances_Catalog_v5(saveas).pdf,saveas,fontfile,7164,14100,789c,zlib:level=6
original/saveas/text/NeoHome_Smart_Appliances_Catalog_v5(saveas).pdf,saveas,tounicode,348,672,789c,zlib:level=6
original/saveas/text/NeoHome_Smart_Appliances_Catalog_v5(saveas).pdf,saveas,fontfile,10634,29136,789c,"zlib:level=6,memLevel=7,strategy=0"
original/saveas/text/NeoHome_Smart_Appliances_Catalog_v5(saveas).pdf,saveas,tounicode,657,1806,789c,zlib:level=6
original/saveas/text/NeoHome_Smart_Appliances_Catalog_v5(saveas).pdf,saveas,fontfile,18575,69120,789c,"zlib:level=6,memLevel=7,strategy=0"
original/saveas/text/NeoHome_Smart_Appliances_Catalog_v5(saveas).pdf,saveas,xref,3301,11697,789c,zlib:level=6
original/saveas/text/New_Care_Models_Aging_Society(saveas).pdf,saveas,content,3267,16048,789c,zlib:level=6
original/saveas/text/New_Care_Models_Aging_Society(saveas).pdf,saveas,content,1877,8109,789c,zlib:level=6
original/saveas/text/New_Care_Models_Aging_Society(saveas).pdf,saveas,content,9182,104995,789c,zlib:level=6
original/saveas/text/New_Care_Models_Aging_Society(saveas).pdf,saveas,content,2610,11034,789c,zlib:level=6
original/saveas/text/New_Care_Models_Aging_Society(saveas).pdf,saveas,content,3194,13969,789c,zlib:level=6
original/saveas/text/New_Care_Models_Aging_Society(saveas).pdf,saveas,content,7574,93187,789c,zlib:level=6
original/saveas/text/New_Care_Models_Aging_Society(saveas).pdf,saveas,objstm,4360,39181,789c,zlib:level=6
original/saveas/text/New_Care_Models_Aging_Society(saveas).pdf,saveas,objstm,5848,44575,789c,"zlib:level=6,memLevel=7,strategy=0"
original/saveas/text/New_Care_Models_Aging_Society(saveas).pdf,saveas,objstm,6451,43918,789c,"zlib:level=6,memLevel=7,strategy=0"
original/saveas/text/New_Care_Models_Aging_Society(saveas).pdf,saveas,fontfile,17125,89424,789c,"zlib:level=6,memLevel=7,strategy=0"
original/saveas/text/New_Care_Models_Aging_Society(saveas).pdf,saveas,fontfile,25892,81056,789c,"zlib:level=6,memLevel=7,strategy=0"
original/saveas/text/New_Care_Models_Aging_Society(saveas).pdf,saveas,fontfile,10641,21156,789c,"zlib:level=6,memLevel=7,strategy=0"
original/saveas/text/New_Care_Models_Aging_Society(saveas).pdf,saveas,tounicode,382,670,789c,zlib:level=6
original/saveas/text/New_Care_Models_Aging_Society(saveas).pdf,saveas,fontfile,15451,52340,789c,"zlib:level=6,memLevel=7,strategy=0"
original/saveas/text/New_Care_Models_Aging_Society(saveas).pdf,saveas,tounicode,1746,4726,789c,zlib:level=6
original/saveas/text/New_Care_Models_Aging_Society(saveas).pdf,saveas,fontfile,83787,230544,789c,"zlib:level=6,memLevel=7,strategy=0"
original/saveas/text/New_Care_Models_Aging_Society(saveas).pdf,saveas,tounicode,391,865,789c,zlib:level=6
original/saveas/text/New_Care_Models_Aging_Society(saveas).pdf,saveas,fontfile,19085,54808,789c,"zlib:level=6,memLevel=7,strategy=0"
original/saveas/text/New_Care_Models_Aging_Society(saveas).pdf,saveas,tounicode,711,2114,789c,zlib:level=6
original/saveas/text/New_Care_Models_Aging_Society(saveas).pdf,saveas,fontfile,18698,43436,789c,"zlib:level=6,memLevel=7,strategy=0"
original/saveas/text/New_Care_Models_Aging_Society(saveas).pdf,saveas,fontfile,2609,5080,789c,zlib:level=6
original/saveas/text/New_Care_Models_Aging_Society(saveas).pdf,saveas,fontfile,7601,16948,789c,"zlib:level=6,memLevel=7,strategy=0"
original/saveas/text/New_Care_Models_Aging_Society(saveas).pdf,saveas,fontfile,3473,8212,789c,zlib:level=6
original/saveas/text/New_Care_Models_Aging_Society(saveas).pdf,saveas,tounicode,388,847,789c,zlib:level=6
original/saveas/text/New_Care_Models_Aging_Society(saveas).pdf,saveas,fontfile,4725,10288,789c,zlib:level=6
original/saveas/text/New_Care_Models_Aging_Society(saveas).pdf,saveas,tounicode,402,859,789c,zlib:level=6
original/saveas/text/New_Care_Models_Aging_Society(saveas).pdf,saveas,fontfile,15701,36572,789c,"zlib:level=6,memLevel=7,strategy=0"
original/saveas/text/New_Care_Models_Aging_Society(saveas).pdf,saveas,tounicode,704,2134,789c,zlib:level=6
original/saveas/text/New_Care_Models_Aging_Society(saveas).pdf,saveas,fontfile,21003,44192,789c,"zlib:level=6,memLevel=7,strategy=0"
original/saveas/text/New_Care_Models_Aging_Society(saveas).pdf,saveas,xref,2857,10388,789c,"zlib:level=6,memLevel=7,strategy=0"
original/saveas/text/Next_Decade_Space_Exploration(saveas).pdf,saveas,content,3287,13726,789c,zlib:level=6
original/saveas/text/Next_Decade_Space_Exploration(saveas).pdf,saveas,content,1824,7897,789c,zlib:level=6
original/saveas/text/Next_Decade_Space_Exploration(saveas).pdf,saveas,content,8012,85072,789c,"zlib:level=6,memLevel=7,strategy=0"
original/saveas/text/Next_Decade_Space_Exploration(saveas).pdf,saveas,content,2959,11983,789c,zlib:level=6
original/saveas/text/Next_Decade_Space_Exploration(saveas).pdf,saveas,content,3411,14523,789c,zlib:level=6
original/saveas/text/Next_Decade_Space_Exploration(saveas).pdf,saveas,content,6922,75045,789c,"zlib:level=6,memLevel=7,strategy=0"
original/saveas/text/Next_Decade_Space_Exploration(saveas).pdf,saveas,objstm,4326,39214,789c,zlib:level=6
original/saveas/text/Next_Decade_Space_Exploration(saveas).pdf,saveas,objstm,5643,43651,789c,"zlib:level=6,memLevel=7,strategy=0"
original/saveas/text/Next_Decade_Space_Exploration(saveas).pdf,saveas,objstm,3823,22936,789c,zlib:level=6
original/saveas/text/Next_Decade_Space_Exploration(saveas).pdf,saveas,fontfile,7235,12764,789c,zlib:level=6
original/saveas/text/Next_Decade_Space_Exploration(saveas).pdf,saveas,fontfile,25892,81056,789c,"zlib:level=6,memLevel=7,strategy=0"
original/saveas/text/Next_Decade_Space_Exploration(saveas).pdf,saveas,tounicode,363,730,789c,zlib:level=6
original/saveas/text/Next_Decade_Space_Exploration(saveas).pdf,saveas,fontfile,4986,11892,789c,"zlib:level=6,memLevel=7,strategy=0"
original/saveas/text/Next_Decade_Space_Exploration(saveas).pdf,saveas,tounicode,302,541,789c,zlib:level=6
original/saveas/text/Next_Decade_Space_Exploration(saveas).pdf,saveas,fontfile,10187,20464,789c,"zlib:level=6,memLevel=7,strategy=0"
original/saveas/text/Next_Decade_Space_Exploration(saveas).pdf,saveas,tounicode,383,660,789c,zlib:level=6
original/saveas/text/Next_Decade_Space_Exploration(saveas).pdf,saveas,fontfile,5419,52480,789c,zlib:level=6
original/saveas/text/Next_Decade_Space_Exploration(saveas).pdf,saveas,tounicode,1214,3034,789c,zlib:level=6
original/saveas/text/Next_Decade_Space_Exploration(saveas).pdf,saveas,fontfile,77664,136648,789c,"zlib:level=6,memLevel=7,strategy=0"
original/saveas/text/Next_Decade_Space_Exploration(saveas).pdf,saveas,tounicode,1097,2759,789c,zlib:level=6
original/saveas/text/Next_Decade_Space_Exploration(saveas).pdf,saveas,fontfile,82777,156692,789c,"zlib:level=6,memLevel=7,strategy=0"
original/saveas/text/Next_Decade_Space_Exploration(saveas).pdf,saveas,tounicode,435,972,789c,zlib:level=6
original/saveas/text/Next_Decade_Space_Exploration(saveas).pdf,saveas,fontfile,15512,32832,789c,"zlib:level=6,memLevel=7,strategy=0"
original/saveas/text/Next_Decade_Space_Exploration(saveas).pdf,saveas,tounicode,638,1641,789c,zlib:level=6
original/saveas/text/Next_Decade_Space_Exploration(saveas).pdf,saveas,fontfile,8494,22620,789c,zlib:level=6
original/saveas/text/Next_Decade_Space_Exploration(saveas).pdf,saveas,tounicode,640,1752,789c,zlib:level=6
original/saveas/text/Next_Decade_Space_Exploration(saveas).pdf,saveas,fontfile,23702,52308,789c,"zlib:level=6,memLevel=7,strategy=0"
original/saveas/text/Next_Decade_Space_Exploration(saveas).pdf,saveas,fontfile,9017,24072,789c,"zlib:level=6,memLevel=7,strategy=0"
original/saveas/text/Next_Decade_Space_Exploration(saveas).pdf,saveas,fontfile,9423,36008,789c,"zlib:level=6,memLevel=7,strategy=0"
original/saveas/text/Next_Decade_Space_Exploration(saveas).pdf,saveas,tounicode,323,619,789c,zlib:level=6
original/saveas/text/Next_Decade_Space_Exploration(saveas).pdf,saveas,fontfile,3150,7664,789c,zlib:level=6
original/saveas/text/Next_Decade_Space_Exploration(saveas).pdf,saveas,tounicode,422,990,789c,zlib:level=6
original/saveas/text/Next_Decade_Space_Exploration(saveas).pdf,saveas,fontfile,4846,10416,789c,zlib:level=6
original/saveas/text/Next_Decade_Space_Exploration(saveas).pdf,saveas,tounicode,340,692,789c,zlib:level=6
original/saveas/text/Next_Decade_Space_Exploration(saveas).pdf,saveas,fontfile,6234,11120,789c,"zlib:level=6,memLevel=7,strategy=0"
original/saveas/text/Next_Decade_Space_Exploration(saveas).pdf,saveas,tounicode,406,825,789c,zlib:level=6
original/saveas/text/Next_Decade_Space_Exploration(saveas).pdf,saveas,fontfile,16298,37620,789c,"zlib:level=6,memLevel=7,strategy=0"
original/saveas/text/Next_Decade_Space_Exploration(saveas).pdf,saveas,tounicode,627,1885,789c,zlib:level=6
original/saveas/text/Next_Decade_Space_Exploration(saveas).pdf,saveas,fontfile,15551,48116,789c,"zlib:level=6,memLevel=7,strategy=0"
original/saveas/text/Next_Decade_Space_Exploration(saveas).pdf,saveas,tounicode,659,1821,789c,zlib:level=6
original/saveas/text/Next_Decade_Space_Exploration(saveas).pdf,saveas,fontfile,7462,17364,789c,"zlib:level=6,memLevel=7,strategy=0"
original/saveas/text/Next_Decade_Space_Exploration(saveas).pdf,saveas,xref,2668,9268,789c,"zlib:level=6,memLevel=7,strategy=0"
original/saveas/text/OceanQuest_Modular_Water_Leisure_Equipment_Guide(saveas).pdf,saveas,content,2475,19140,789c,zlib:level=6
original/saveas/text/OceanQuest_Modular_Water_Leisure_Equipment_Guide(saveas).pdf,saveas,content,1810,13000,789c,zlib:level=6
original/saveas/text/OceanQuest_Modular_Water_Leisure_Equipment_Guide(saveas).pdf,saveas,content,8198,113505,789c,"zlib:level=6,memLevel=7,strategy=0"
original/saveas/text/OceanQuest_Modular_Water_Leisure_Equipment_Guide(saveas).pdf,saveas,content,2742,16610,789c,zlib:level=6
original/saveas/text/OceanQuest_Modular_Water_Leisure_Equipment_Guide(saveas).pdf,saveas,content,2063,17830,789c,zlib:level=6
original/saveas/text/OceanQuest_Modular_Water_Leisure_Equipment_Guide(saveas).pdf,saveas,content,6991,88958,789c,"zlib:level=6,memLevel=7,strategy=0"
original/saveas/text/OceanQuest_Modular_Water_Leisure_Equipment_Guide(saveas).pdf,saveas,objstm,4883,38811,789c,"zlib:level=6,memLevel=7,strategy=0"
original/saveas/text/OceanQuest_Modular_Water_Leisure_Equipment_Guide(saveas).pdf,saveas,objstm,6360,44195,789c,"zlib:level=6,memLevel=7,strategy=0"
original/saveas/text/OceanQuest_Modular_Water_Leisure_Equipment_Guide(saveas).pdf,saveas,objstm,4623,39955,789c,zlib:level=6
original/saveas/text/OceanQuest_Modular_Water_Leisure_Equipment_Guide(saveas).pdf,saveas,objstm,4764,23422,789c,"zlib:level=6,memLevel=7,strategy=0"
original/saveas/text/OceanQuest_Modular_Water_Leisure_Equipment_Guide(saveas).pdf,saveas,fontfile,10011,20284,789c,"zlib:level=6,memLevel=7,strategy=0"
original/saveas/text/OceanQuest_Modular_Water_Leisure_Equipment_Guide(saveas).pdf,saveas,fontfile,8926,14964,789c,zlib:level=6
original/saveas/text/OceanQuest_Modular_Water_Leisure_Equipment_Guide(saveas).pdf,saveas,fontfile,25892,81056,789c,"zlib:level=6,memLevel=7,strategy=0"
original/saveas/text/OceanQuest_Modular_Water_Leisure_Equipment_Guide(saveas).pdf,saveas,tounicode,691,1473,789c,zlib:level=6
original/saveas/text/OceanQuest_Modular_Water_Leisure_Equipment_Guide(saveas).pdf,saveas,fontfile,29711,106224,789c,"zlib:level=6,memLevel=7,strategy=0"
original/saveas/text/OceanQuest_Modular_Water_Leisure_Equipment_Guide(saveas).pdf,saveas,tounicode,498,940,789c,zlib:level=6
original/saveas/text/OceanQuest_Modular_Water_Leisure_Equipment_Guide(saveas).pdf,saveas,fontfile,10047,58792,789c,"zlib:level=6,memLevel=7,strategy=0"
original/saveas/text/OceanQuest_Modular_Water_Leisure_Equipment_Guide(saveas).pdf,saveas,tounicode,552,1433,789c,zlib:level=6
original/saveas/text/OceanQuest_Modular_Water_Leisure_Equipment_Guide(saveas).pdf,saveas,fontfile,26598,69420,789c,"zlib:level=6,memLevel=7,strategy=0"
original/saveas/text/OceanQuest_Modular_Water_Leisure_Equipment_Guide(saveas).pdf,saveas,tounicode,516,1242,789c,zlib:level=6
original/saveas/text/OceanQuest_Modular_Water_Leisure_Equipment_Guide(saveas).pdf,saveas,fontfile,8596,25576,789c,"zlib:level=6,memLevel=7,strategy=0"
original/saveas/text/OceanQuest_Modular_Water_Leisure_Equipment_Guide(saveas).pdf,saveas,fontfile,3371,6132,789c,zlib:level=6
original/saveas/text/OceanQuest_Modular_Water_Leisure_Equipment_Guide(saveas).pdf,saveas,fontfile,8933,35136,789c,zlib:level=6
original/saveas/text/OceanQuest_Modular_Water_Leisure_Equipment_Guide(saveas).pdf,saveas,fontfile,4445,9644,789c,zlib:level=6
original/saveas/text/OceanQuest_Modular_Water_Leisure_Equipment_Guide(saveas).pdf,saveas,fontfile,9701,26580,789c,"zlib:level=6,memLevel=7,strategy=0"
original/saveas/text/OceanQuest_Modular_Water_Leisure_Equipment_Guide(saveas).pdf,saveas,tounicode,587,1679,789c,zlib:level=6
original/saveas/text/OceanQuest_Modular_Water_Leisure_Equipment_Guide(saveas).pdf,saveas,fontfile,12594,28388,789c,"zlib:level=6,memLevel=7,strategy=0"
original/saveas/text/OceanQuest_Modular_Water_Leisure_Equipment_Guide(saveas).pdf,saveas,tounicode,526,1305,789c,zlib:level=6
original/saveas/text/OceanQuest_Modular_Water_Leisure_Equipment_Guide(saveas).pdf,saveas,fontfile,5304,12220,789c,"zlib:level=6,memLevel=7,strategy=0"
original/saveas/text/OceanQuest_Modular_Water_Leisure_Equipment_Guide(saveas).pdf,saveas,xref,3267,12012,789c,"zlib:level=6,memLevel=7,strategy=0"
original/saveas/text/PetPal_Smart_PetCare_Products(saveas).pdf,saveas,content,3187,18508,789c,zlib:level=6
original/saveas/text/PetPal_Smart_PetCare_Products(saveas).pdf,saveas,content,2408,15726,789c,zlib:level=6
original/saveas/text/PetPal_Smart_PetCare_Products(saveas).pdf,saveas,content,6793,65635,789c,zlib:level=6
original/saveas/text/PetPal_Smart_PetCare_Products(saveas).pdf,saveas,content,3003,16454,789c,zlib:level=6
original/saveas/text/PetPal_Smart_PetCare_Products(saveas).pdf,saveas,content,3681,20964,789c,zlib:level=6
original/saveas/text/PetPal_Smart_PetCare_Products(saveas).pdf,saveas,content,6447,65212,789c,zlib:level=6
original/saveas/text/PetPal_Smart_PetCare_Products(saveas).pdf,saveas,objstm,6009,40570,789c,"zlib:level=6,memLevel=7,strategy=0"
original/saveas/text/PetPal_Smart_PetCare_Products(saveas).pdf,saveas,objstm,6140,40283,789c,"zlib:level=6,memLevel=7,strategy=0"
original/saveas/text/PetPal_Smart_PetCare_Products(saveas).pdf,saveas,objstm,6006,35329,789c,"zlib:level=6,memLevel=7,strategy=0"
original/saveas/text/PetPal_Smart_PetCare_Products(saveas).pdf,saveas,fontfile,15968,86992,789c,"zlib:level=6,memLevel=7,strategy=0"
original/saveas/text/PetPal_Smart_PetCare_Products(saveas).pdf,saveas,tounicode,405,861,789c,zlib:level=6
original/saveas/text/PetPal_Smart_PetCare_Products(saveas).pdf,saveas,fontfile,10604,34684,789c,"zlib:level=6,memLevel=7,strategy=0"
original/saveas/text/PetPal_Smart_PetCare_Products(saveas).pdf,saveas,tounicode,226,337,789c,zlib:level=6
original/saveas/text/PetPal_Smart_PetCare_Products(saveas).pdf,saveas,fontfile,6033,11088,789c,zlib:level=6
original/saveas/text/PetPal_Smart_PetCare_Products(saveas).pdf,saveas,fontfile,18204,58484,789c,"zlib:level=6,memLevel=7,strategy=0"
original/saveas/text/PetPal_Smart_PetCare_Products(saveas).pdf,saveas,fontfile,5011,11960,789c,"zlib:level=6,memLevel=7,strategy=0"
original/saveas/text/PetPal_Smart_PetCare_Products(saveas).pdf,saveas,tounicode,226,337,789c,zlib:level=6
original/saveas/text/PetPal_Smart_PetCare_Products(saveas).pdf,saveas,fontfile,23137,85376,789c,"zlib:level=6,memLevel=7,strategy=0"
original/saveas/text/PetPal_Smart_PetCare_Products(saveas).pdf,saveas,fontfile,25892,81056,789c,"zlib:level=6,memLevel=7,strategy=0"
original/saveas/text/PetPal_Smart_PetCare_Products(saveas).pdf,saveas,tounicode,285,435,789c,zlib:level=6
original/saveas/text/PetPal_Smart_PetCare_Products(saveas).pdf,saveas,fontfile,18878,51480,789c,"zlib:level=6,memLevel=7,strategy=0"
original/saveas/text/PetPal_Smart_PetCare_Products(saveas).pdf,saveas,tounicode,1121,2821,789c,zlib:level=6
original/saveas/text/PetPal_Smart_PetCare_Products(saveas).pdf,saveas,fontfile,51765,151248,789c,"zlib:level=6,memLevel=7,strategy=0"
original/saveas/text/PetPal_Smart_PetCare_Products(saveas).pdf,saveas,tounicode,456,842,789c,zlib:level=6
original/saveas/text/PetPal_Smart_PetCare_Products(saveas).pdf,saveas,fontfile,28313,71656,789c,"zlib:level=6,memLevel=7,strategy=0"
original/saveas/text/PetPal_Smart_PetCare_Products(saveas).pdf,saveas,tounicode,307,540,789c,zlib:level=6
original/saveas/text/PetPal_Smart_PetCare_Products(saveas).pdf,saveas,fontfile,6151,15976,789c,zlib:level=6
original/saveas/text/PetPal_Smart_PetCare_Products(saveas).pdf,saveas,tounicode,636,1769,789c,zlib:level=6
original/saveas/text/PetPal_Smart_PetCare_Products(saveas).pdf,saveas,fontfile,9292,21464,789c,"zlib:level=6,memLevel=7,strategy=0"
original/saveas/text/PetPal_Smart_PetCare_Products(saveas).pdf,saveas,tounicode,612,1578,789c,zlib:level=6
original/saveas/text/PetPal_Smart_PetCare_Products(saveas).pdf,saveas,fontfile,8573,22592,789c,"zlib:level=6,memLevel=7,strategy=0"
original/saveas/text/PetPal_Smart_PetCare_Products(saveas).pdf,saveas,fontfile,5312,13748,789c,"zlib:level=6,memLevel=7,strategy=0"
original/saveas/text/PetPal_Smart_PetCare_Products(saveas).pdf,saveas,fontfile,9466,24728,789c,"zlib:level=6,memLevel=7,strategy=0"
original/saveas/text/PetPal_Smart_PetCare_Products(saveas).pdf,saveas,tounicode,275,471,789c,zlib:level=6
original/saveas/text/PetPal_Smart_PetCare_Products(saveas).pdf,saveas,fontfile,9029,35400,789c,zlib:level=6
original/saveas/text/PetPal_Smart_PetCare_Products(saveas).pdf,saveas,fontfile,5215,11120,789c,zlib:level=6
original/saveas/text/PetPal_Smart_PetCare_Products(saveas).pdf,saveas,tounicode,405,905,789c,zlib:level=6
original/saveas/text/PetPal_Smart_PetCare_Products(saveas).pdf,saveas,fontfile,4602,10112,789c,zlib:level=6
original/saveas/text/PetPal_Smart_PetCare_Products(saveas).pdf,saveas,tounicode,381,740,789c,zlib:level=6
original/saveas/text/PetPal_Smart_PetCare_Products(saveas).pdf,saveas,fontfile,10523,27444,789c,"zlib:level=6,memLevel=7,strategy=0"
original/saveas/text/PetPal_Smart_PetCare_Products(saveas).pdf,saveas,tounicode,362,754,789c,zlib:level=6
original/saveas/text/PetPal_Smart_PetCare_Products(saveas).pdf,saveas,fontfile,10926,29592,789c,"zlib:level=6,memLevel=7,strategy=0"
original/saveas/text/PetPal_Smart_PetCare_Products(saveas).pdf,saveas,tounicode,657,1989,789c,zlib:level=6
original/saveas/text/PetPal_Smart_PetCare_Products(saveas).pdf,saveas,fontfile,15337,50684,789c,"zlib:level=6,memLevel=7,strategy=0"
original/saveas/text/PetPal_Smart_PetCare_Products(saveas).pdf,saveas,tounicode,629,1796,789c,zlib:level=6
original/saveas/text/PetPal_Smart_PetCare_Products(saveas).pdf,saveas,fontfile,7515,16576,789c,"zlib:level=6,memLevel=7,strategy=0"
original/saveas/text/PetPal_Smart_PetCare_Products(saveas).pdf,saveas,xref,3107,10619,789c,"zlib:level=6,memLevel=7,strategy=0"
original/saveas/text/Quantum_Computing_Race(saveas).pdf,saveas,content,3037,13522,789c,zlib:level=6
original/saveas/text/Quantum_Computing_Race(saveas).pdf,saveas,content,1921,8147,789c,zlib:level=6
original/saveas/text/Quantum_Computing_Race(saveas).pdf,saveas,content,9419,101471,789c,"zlib:level=6,memLevel=7,strategy=0"
original/saveas/text/Quantum_Computing_Race(saveas).pdf,saveas,content,3101,12418,789c,zlib:level=6
original/saveas/text/Quantum_Computing_Race(saveas).pdf,saveas,content,3710,16121,789c,zlib:level=6
original/saveas/text/Quantum_Computing_Race(saveas).pdf,saveas,content,8064,92305,789c,zlib:level=6
original/saveas/text/Quantum_Computing_Race(saveas).pdf,saveas,objstm,4318,39162,789c,zlib:level=6
original/saveas/text/Quantum_Computing_Race(saveas).pdf,saveas,objstm,5829,44385,789c,"zlib:level=6,memLevel=7,strategy=0"
original/saveas/text/Quantum_Computing_Race(saveas).pdf,saveas,objstm,5877,39463,789c,"zlib:level=6,memLevel=7,strategy=0"
original/saveas/text/Quantum_Computing_Race(saveas).pdf,saveas,fontfile,6606,11488,789c,zlib:level=6
original/saveas/text/Quantum_Computing_Race(saveas).pdf,saveas,fontfile,25892,81056,789c,"zlib:level=6,memLevel=7,strategy=0"
original/saveas/text/Quantum_Computing_Race(saveas).pdf,saveas,tounicode,227,337,789c,zlib:level=6
original/saveas/text/Quantum_Computing_Race(saveas).pdf,saveas,fontfile,11497,36764,789c,"zlib:level=6,memLevel=7,strategy=0"
original/saveas/text/Quantum_Computing_Race(saveas).pdf,saveas,fontfile,10377,20736,789c,"zlib:level=6,memLevel=7,strategy=0"
original/saveas/text/Quantum_Computing_Race(saveas).pdf,saveas,tounicode,425,754,789c,zlib:level=6
original/saveas/text/Quantum_Computing_Race(saveas).pdf,saveas,fontfile,17616,55320,789c,"zlib:level=6,memLevel=7,strategy=0"
original/saveas/text/Quantum_Computing_Race(saveas).pdf,saveas,tounicode,1158,2834,789c,zlib:level=6
original/saveas/text/Quantum_Computing_Race(saveas).pdf,saveas,fontfile,38026,105860,789c,"zlib:level=6,memLevel=7,strategy=0"
original/saveas/text/Quantum_Computing_Race(saveas).pdf,saveas,tounicode,1091,2653,789c,zlib:level=6
original/saveas/text/Quantum_Computing_Race(saveas).pdf,saveas,fontfile,26774,81252,789c,"zlib:level=6,memLevel=7,strategy=0"
original/saveas/text/Quantum_Computing_Race(saveas).pdf,saveas,tounicode,421,936,789c,zlib:level=6
original/saveas/text/Quantum_Computing_Race(saveas).pdf,saveas,fontfile,8069,20224,789c,zlib:level=6
original/saveas/text/Quantum_Computing_Race(saveas).pdf,saveas,tounicode,631,1700,789c,zlib:level=6
original/saveas/text/Quantum_Computing_Race(saveas).pdf,saveas,fontfile,26782,71280,789c,"zlib:level=6,memLevel=7,strategy=0"
original/saveas/text/Quantum_Computing_Race(saveas).pdf,saveas,tounicode,805,2547,789c,zlib:level=6
original/saveas/text/Quantum_Computing_Race(saveas).pdf,saveas,fontfile,24340,82428,789c,"zlib:level=6,memLevel=7,strategy=0"
original/saveas/text/Quantum_Computing_Race(saveas).pdf,saveas,fontfile,8213,22656,789c,"zlib:level=6,memLevel=7,strategy=0"
original/saveas/text/Quantum_Computing_Race(saveas).pdf,saveas,fontfile,3108,5824,789c,zlib:level=6
original/saveas/text/Quantum_Computing_Race(saveas).pdf,saveas,fontfile,9431,35932,789c,zlib:level=6
original/saveas/text/Quantum_Computing_Race(saveas).pdf,saveas,tounicode,373,736,789c,zlib:level=6
original/saveas/text/Quantum_Computing_Race(saveas).pdf,saveas,fontfile,8338,24888,789c,"zlib:level=6,memLevel=7,strategy=0"
original/saveas/text/Quantum_Computing_Race(saveas).pdf,saveas,tounicode,437,1104,789c,zlib:level=6
original/saveas/text/Quantum_Computing_Race(saveas).pdf,saveas,fontfile,4696,10232,789c,zlib:level=6
original/saveas/text/Quantum_Computing_Race(saveas).pdf,saveas,tounicode,330,647,789c,zlib:level=6
original/saveas/text/Quantum_Computing_Race(saveas).pdf,saveas,fontfile,4789,10164,789c,zlib:level=6
original/saveas/text/Quantum_Computing_Race(saveas).pdf,saveas,fontfile,22998,85136,789c,"zlib:level=6,memLevel=7,strategy=0"
original/saveas/text/Quantum_Computing_Race(saveas).pdf,saveas,tounicode,404,906,789c,zlib:level=6
original/saveas/text/Quantum_Computing_Race(saveas).pdf,saveas,fontfile,9211,29180,789c,zlib:level=6
original/saveas/text/Quantum_Computing_Race(saveas).pdf,saveas,tounicode,675,2000,789c,zlib:level=6
original/saveas/text/Quantum_Computing_Race(saveas).pdf,saveas,fontfile,12301,29396,789c,"zlib:level=6,memLevel=7,strategy=0"
original/saveas/text/Quantum_Computing_Race(saveas).pdf,saveas,tounicode,648,1796,789c,zlib:level=6
original/saveas/text/Quantum_Computing_Race(saveas).pdf,saveas,fontfile,6514,15484,789c,"zlib:level=6,memLevel=7,strategy=0"
original/saveas/text/Quantum_Computing_Race(saveas).pdf,saveas,xref,2994,10521,789c,"zlib:level=6,memLevel=7,strategy=0"
original/saveas/text/Robots_Automation_Future_Work(saveas).pdf,saveas,content,2715,11707,789c,zlib:level=6
original/saveas/text/Robots_Automation_Future_Work(saveas).pdf,saveas,content,1687,7137,789c,zlib:level=6
original/saveas/text/Robots_Automation_Future_Work(saveas).pdf,saveas,content,7987,86621,789c,"zlib:level=6,memLevel=7,strategy=0"
original/saveas/text/Robots_Automation_Future_Work(saveas).pdf,saveas,content,2804,11616,789c,zlib:level=6
original/saveas/text/Robots_Automation_Future_Work(saveas).pdf,saveas,content,3328,13669,789c,zlib:level=6
original/saveas/text/Robots_Automation_Future_Work(saveas).pdf,saveas,content,7212,82658,789c,"zlib:level=6,memLevel=7,strategy=0"
original/saveas/text/Robots_Automation_Future_Work(saveas).pdf,saveas,objstm,4321,39175,789c,zlib:level=6
original/saveas/text/Robots_Automation_Future_Work(saveas).pdf,saveas,objstm,5708,43773,789c,"zlib:level=6,memLevel=7,strategy=0"
original/saveas/text/Robots_Automation_Future_Work(saveas).pdf,saveas,objstm,4461,27976,789c,zlib:level=6
original/saveas/text/Robots_Automation_Future_Work(saveas).pdf,saveas,fontfile,9750,19936,789c,"zlib:level=6,memLevel=7,strategy=0"
original/saveas/text/Robots_Automation_Future_Work(saveas).pdf,saveas,fontfile,25892,81056,789c,"zlib:level=6,memLevel=7,strategy=0"
original/saveas/text/Robots_Automation_Future_Work(saveas).pdf,saveas,tounicode,227,337,789c,zlib:level=6
original/saveas/text/Robots_Automation_Future_Work(saveas).pdf,saveas,fontfile,10568,35172,789c,"zlib:level=6,memLevel=7,strategy=0"
original/saveas/text/Robots_Automation_Future_Work(saveas).pdf,saveas,fontfile,17559,90380,789c,"zlib:level=6,memLevel=7,strategy=0"
original/saveas/text/Robots_Automation_Future_Work(saveas).pdf,saveas,tounicode,346,590,789c,zlib:level=6
original/saveas/text/Robots_Automation_Future_Work(saveas).pdf,saveas,fontfile,11341,70848,789c,"zlib:level=6,memLevel=7,strategy=0"
original/saveas/text/Robots_Automation_Future_Work(saveas).pdf,saveas,tounicode,1170,2794,789c,zlib:level=6
original/saveas/text/Robots_Automation_Future_Work(saveas).pdf,saveas,fontfile,74230,131336,789c,"zlib:level=6,memLevel=7,strategy=0"
original/saveas/text/Robots_Automation_Future_Work(saveas).pdf,saveas,tounicode,888,2055,789c,zlib:level=6
original/saveas/text/Robots_Automation_Future_Work(saveas).pdf,saveas,fontfile,27560,89320,789c,"zlib:level=6,memLevel=7,strategy=0"
original/saveas/text/Robots_Automation_Future_Work(saveas).pdf,saveas,fontfile,22998,85136,789c,"zlib:level=6,memLevel=7,strategy=0"
original/saveas/text/Robots_Automation_Future_Work(saveas).pdf,saveas,tounicode,395,921,789c,zlib:level=6
original/saveas/text/Robots_Automation_Future_Work(saveas).pdf,saveas,fontfile,8070,19696,789c,zlib:level=6
original/saveas/text/Robots_Automation_Future_Work(saveas).pdf,saveas,tounicode,653,1786,789c,zlib:level=6
original/saveas/text/Robots_Automation_Future_Work(saveas).pdf,saveas,fontfile,25379,56416,789c,"zlib:level=6,memLevel=7,strategy=0"
original/saveas/text/Robots_Automation_Future_Work(saveas).pdf,saveas,tounicode,699,1979,789c,zlib:level=6
original/saveas/text/Robots_Automation_Future_Work(saveas).pdf,saveas,fontfile,8284,23036,789c,"zlib:level=6,memLevel=7,strategy=0"
original/saveas/text/Robots_Automation_Future_Work(saveas).pdf,saveas,fontfile,6436,15388,789c,"zlib:level=6,memLevel=7,strategy=0"
original/saveas/text/Robots_Automation_Future_Work(saveas).pdf,saveas,fontfile,8816,34996,789c,zlib:level=6
original/saveas/text/Robots_Automation_Future_Work(saveas).pdf,saveas,fontfile,9115,24196,789c,"zlib:level=6,memLevel=7,strategy=0"
original/saveas/text/Robots_Automation_Future_Work(saveas).pdf,saveas,fontfile,5805,12436,789c,"zlib:level=6,memLevel=7,strategy=0"
original/saveas/text/Robots_Automation_Future_Work(saveas).pdf,saveas,tounicode,405,889,789c,zlib:level=6
original/saveas/text/Robots_Automation_Future_Work(saveas).pdf,saveas,fontfile,4405,9884,789c,zlib:level=6
original/saveas/text/Robots_Automation_Future_Work(saveas).pdf,saveas,tounicode,337,656,789c,zlib:level=6
original/saveas/text/Robots_Automation_Future_Work(saveas).pdf,saveas,fontfile,6060,10908,789c,zlib:level=6
original/saveas/text/Robots_Automation_Future_Work(saveas).pdf,saveas,tounicode,479,1145,789c,zlib:level=6
original/saveas/text/Robots_Automation_Future_Work(saveas).pdf,saveas,fontfile,10351,32636,789c,"zlib:level=6,memLevel=7,strategy=0"
original/saveas/text/Robots_Automation_Future_Work(saveas).pdf,saveas,tounicode,631,1840,789c,zlib:level=6
original/saveas/text/Robots_Automation_Future_Work(saveas).pdf,saveas,fontfile,11701,27840,789c,"zlib:level=6,memLevel=7,strategy=0"
original/saveas/text/Robots_Automation_Future_Work(saveas).pdf,saveas,tounicode,627,1578,789c,zlib:level=6
original/saveas/text/Robots_Automation_Future_Work(saveas).pdf,saveas,fontfile,6755,16644,789c,"zlib:level=6,memLevel=7,strategy=0"
original/saveas/text/Robots_Automation_Future_Work(saveas).pdf,saveas,xref,2740,9597,789c,zlib:level=6
original/saveas/text/Security_Breach_Investigation_Report(saveas).pdf,saveas,content,3931,25796,789c,zlib:level=6
original/saveas/text/Security_Breach_Investigation_Report(saveas).pdf,saveas,content,3375,25628,789c,zlib:level=6
original/saveas/text/Security_Breach_Investigation_Report(saveas).pdf,saveas,content,6748,62800,789c,zlib:level=6
original/saveas/text/Security_Breach_Investigation_Report(saveas).pdf,saveas,content,3673,23045,789c,zlib:level=6
original/saveas/text/Security_Breach_Investigation_Report(saveas).pdf,saveas,content,4266,24873,789c,zlib:level=6
original/saveas/text/Security_Breach_Investigation_Report(saveas).pdf,saveas,content,6600,63982,789c,"zlib:level=6,memLevel=7,strategy=0"
original/saveas/text/Security_Breach_Investigation_Report(saveas).pdf,saveas,objstm,5458,39495,789c,"zlib:level=6,memLevel=7,strategy=0"
original/saveas/text/Security_Breach_Investigation_Report(saveas).pdf,saveas,objstm,6365,42354,789c,"zlib:level=6,memLevel=7,strategy=0"
original/saveas/text/Security_Breach_Investigation_Report(saveas).pdf,saveas,objstm,8302,50961,789c,"zlib:level=6,memLevel=7,strategy=0"
original/saveas/text/Security_Breach_Investigation_Report(saveas).pdf,saveas,tounicode,225,337,789c,zlib:level=6
original/saveas/text/Security_Breach_Investigation_Report(saveas).pdf,saveas,fontfile,3779,10224,789c,"zlib:level=6,memLevel=6,strategy=0"
original/saveas/text/Security_Breach_Investigation_Report(saveas).pdf,saveas,fontfile,25892,81056,789c,"zlib:level=6,memLevel=7,strategy=0"
original/saveas/text/Security_Breach_Investigation_Report(saveas).pdf,saveas,fontfile,11003,17576,789c,"zlib:level=6,memLevel=7,strategy=0"
original/saveas/text/Security_Breach_Investigation_Report(saveas).pdf,saveas,tounicode,225,337,789c,zlib:level=6
original/saveas/text/Security_Breach_Investigation_Report(saveas).pdf,saveas,fontfile,19382,116376,789c,"zlib:level=6,memLevel=7,strategy=0"
original/saveas/text/Security_Breach_Investigation_Report(saveas).pdf,saveas,tounicode,317,506,789c,zlib:level=6
original/saveas/text/Security_Breach_Investigation_Report(saveas).pdf,saveas,fontfile,21675,55832,789c,"zlib:level=6,memLevel=7,strategy=0"
original/saveas/text/Security_Breach_Investigation_Report(saveas).pdf,saveas,tounicode,1058,2506,789c,zlib:level=6
original/saveas/text/Security_Breach_Investigation_Report(saveas).pdf,saveas,fontfile,27968,83104,789c,"zlib:level=6,memLevel=7,strategy=0"
original/saveas/text/Security_Breach_Investigation_Report(saveas).pdf,saveas,tounicode,657,1336,789c,zlib:level=6
original/saveas/text/Security_Breach_Investigation_Report(saveas).pdf,saveas,fontfile,28886,103436,789c,"zlib:level=6,memLevel=7,strategy=0"
original/saveas/text/Security_Breach_Investigation_Report(saveas).pdf,saveas,tounicode,224,337,789c,zlib:level=6
original/saveas/text/Security_Breach_Investigation_Report(saveas).pdf,saveas,fontfile,18601,43752,789c,"zlib:level=6,memLevel=7,strategy=0"
original/saveas/text/Security_Breach_Investigation_Report(saveas).pdf,saveas,tounicode,393,865,789c,zlib:level=6
original/saveas/text/Security_Breach_Investigation_Report(saveas).pdf,saveas,fontfile,5368,14320,789c,zlib:level=6
original/saveas/text/Security_Breach_Investigation_Report(saveas).pdf,saveas,tounicode,592,1621,789c,zlib:level=6
original/saveas/text/Security_Breach_Investigation_Report(saveas).pdf,saveas,fontfile,30863,77052,789c,"zlib:level=6,memLevel=7,strategy=0"
original/saveas/text/Security_Breach_Investigation_Report(saveas).pdf,saveas,tounicode,526,1270,789c,zlib:level=6
original/saveas/text/Security_Breach_Investigation_Report(saveas).pdf,saveas,fontfile,21238,45308,789c,"zlib:level=6,memLevel=7,strategy=0"
original/saveas/text/Security_Breach_Investigation_Report(saveas).pdf,saveas,tounicode,225,337,789c,zlib:level=6
original/saveas/text/Security_Breach_Investigation_Report(saveas).pdf,saveas,fontfile,7929,21948,789c,"zlib:level=6,memLevel=7,strategy=0"
original/saveas/text/Security_Breach_Investigation_Report(saveas).pdf,saveas,fontfile,10325,20612,789c,"zlib:level=6,memLevel=7,strategy=0"
original/saveas/text/Security_Breach_Investigation_Report(saveas).pdf,saveas,tounicode,223,337,789c,zlib:level=6
original/saveas/text/Security_Breach_Investigation_Report(saveas).pdf,saveas,fontfile,10439,38596,789c,"zlib:level=6,memLevel=7,strategy=0"
original/saveas/text/Security_Breach_Investigation_Report(saveas).pdf,saveas,tounicode,344,684,789c,zlib:level=6
original/saveas/text/Security_Breach_Investigation_Report(saveas).pdf,saveas,fontfile,5964,12584,789c,"zlib:level=6,memLevel=7,strategy=0"
original/saveas/text/Security_Breach_Investigation_Report(saveas).pdf,saveas,tounicode,485,1074,789c,zlib:level=6
original/saveas/text/Security_Breach_Investigation_Report(saveas).pdf,saveas,fontfile,16634,36044,789c,"zlib:level=6,memLevel=7,strategy=0"
original/saveas/text/Security_Breach_Investigation_Report(saveas).pdf,saveas,tounicode,297,527,789c,zlib:level=6
original/saveas/text/Security_Breach_Investigation_Report(saveas).pdf,saveas,fontfile,5713,11292,789c,zlib:level=6
original/saveas/text/Security_Breach_Investigation_Report(saveas).pdf,saveas,fontfile,22998,85136,789c,"zlib:level=6,memLevel=7,strategy=0"
original/saveas/text/Security_Breach_Investigation_Report(saveas).pdf,saveas,tounicode,310,562,789c,zlib:level=6
original/saveas/text/Security_Breach_Investigation_Report(saveas).pdf,saveas,fontfile,13634,32412,789c,"zlib:level=6,memLevel=7,strategy=0"
original/saveas/text/Security_Breach_Investigation_Report(saveas).pdf,saveas,tounicode,638,1752,789c,zlib:level=6
original/saveas/text/Security_Breach_Investigation_Report(saveas).pdf,saveas,fontfile,19761,58588,789c,"zlib:level=6,memLevel=7,strategy=0"
original/saveas/text/Security_Breach_Investigation_Report(saveas).pdf,saveas,tounicode,629,1969,789c,zlib:level=6
original/saveas/text/Security_Breach_Investigation_Report(saveas).pdf,saveas,fontfile,14114,32056,789c,"zlib:level=6,memLevel=7,strategy=0"
original/saveas/text/Security_Breach_Investigation_Report(saveas).pdf,saveas,xref,3441,11921,789c,"zlib:level=6,memLevel=7,strategy=0"
original/saveas/text/SkyGarden_Indoor_Vertical_Garden_Solutions(saveas).pdf,saveas,content,2928,16302,789c,zlib:level=6
original/saveas/text/SkyGarden_Indoor_Vertical_Garden_Solutions(saveas).pdf,saveas,content,2524,15865,789c,zlib:level=6
original/saveas/text/SkyGarden_Indoor_Vertical_Garden_Solutions(saveas).pdf,saveas,content,6063,58774,789c,zlib:level=6
original/saveas/text/SkyGarden_Indoor_Vertical_Garden_Solutions(saveas).pdf,saveas,content,2888,15224,789c,zlib:level=6
original/saveas/text/SkyGarden_Indoor_Vertical_Garden_Solutions(saveas).pdf,saveas,content,3056,15926,789c,zlib:level=6
original/saveas/text/SkyGarden_Indoor_Vertical_Garden_Solutions(saveas).pdf,saveas,content,5611,55523,789c,zlib:level=6
original/saveas/text/SkyGarden_Indoor_Vertical_Garden_Solutions(saveas).pdf,saveas,objstm,6082,40505,789c,"zlib:level=6,memLevel=7,strategy=0"
original/saveas/text/SkyGarden_Indoor_Vertical_Garden_Solutions(saveas).pdf,saveas,objstm,6187,40797,789c,"zlib:level=6,memLevel=7,strategy=0"
original/saveas/text/SkyGarden_Indoor_Vertical_Garden_Solutions(saveas).pdf,saveas,objstm,4162,19508,789c,"zlib:level=6,memLevel=7,strategy=0"
original/saveas/text/SkyGarden_Indoor_Vertical_Garden_Solutions(saveas).pdf,saveas,fontfile,6243,21244,789c,"zlib:level=6,memLevel=7,strategy=0"
original/saveas/text/SkyGarden_Indoor_Vertical_Garden_Solutions(saveas).pdf,saveas,fontfile,18080,114360,789c,"zlib:level=6,memLevel=7,strategy=0"
original/saveas/text/SkyGarden_Indoor_Vertical_Garden_Solutions(saveas).pdf,saveas,fontfile,27098,92836,789c,"zlib:level=6,memLevel=7,strategy=0"
original/saveas/text/SkyGarden_Indoor_Vertical_Garden_Solutions(saveas).pdf,saveas,tounicode,226,337,789c,zlib:level=6
original/saveas/text/SkyGarden_Indoor_Vertical_Garden_Solutions(saveas).pdf,saveas,fontfile,23148,85412,789c,"zlib:level=6,memLevel=7,strategy=0"
original/saveas/text/SkyGarden_Indoor_Vertical_Garden_Solutions(saveas).pdf,saveas,tounicode,226,337,789c,zlib:level=6
original/saveas/text/SkyGarden_Indoor_Vertical_Garden_Solutions(saveas).pdf,saveas,fontfile,6033,11088,789c,zlib:level=6
original/saveas/text/SkyGarden_Indoor_Vertical_Garden_Solutions(saveas).pdf,saveas,fontfile,18204,58484,789c,"zlib:level=6,memLevel=7,strategy=0"
original/saveas/text/SkyGarden_Indoor_Vertical_Garden_Solutions(saveas).pdf,saveas,fontfile,8923,14916,789c,zlib:level=6
original/saveas/text/SkyGarden_Indoor_Vertical_Garden_Solutions(saveas).pdf,saveas,tounicode,302,464,789c,zlib:level=6
original/saveas/text/SkyGarden_Indoor_Vertical_Garden_Solutions(saveas).pdf,saveas,fontfile,20005,53136,789c,"zlib:level=6,memLevel=7,strategy=0"
original/saveas/text/SkyGarden_Indoor_Vertical_Garden_Solutions(saveas).pdf,saveas,tounicode,1051,2448,789c,zlib:level=6
original/saveas/text/SkyGarden_Indoor_Vertical_Garden_Solutions(saveas).pdf,saveas,fontfile,34593,102120,789c,"zlib:level=6,memLevel=7,strategy=0"
original/saveas/text/SkyGarden_Indoor_Vertical_Garden_Solutions(saveas).pdf,saveas,tounicode,479,898,789c,zlib:level=6
original/saveas/text/SkyGarden_Indoor_Vertical_Garden_Solutions(saveas).pdf,saveas,fontfile,28574,72096,789c,"zlib:level=6,memLevel=7,strategy=0"
original/saveas/text/SkyGarden_Indoor_Vertical_Garden_Solutions(saveas).pdf,saveas,tounicode,336,646,789c,zlib:level=6
original/saveas/text/SkyGarden_Indoor_Vertical_Garden_Solutions(saveas).pdf,saveas,fontfile,8953,23416,789c,"zlib:level=6,memLevel=7,strategy=0"
original/saveas/text/SkyGarden_Indoor_Vertical_Garden_Solutions(saveas).pdf,saveas,tounicode,657,1815,789c,zlib:level=6
original/saveas/text/SkyGarden_Indoor_Vertical_Garden_Solutions(saveas).pdf,saveas,fontfile,38176,96632,789c,"zlib:level=6,memLevel=7,strategy=0"
original/saveas/text/SkyGarden_Indoor_Vertical_Garden_Solutions(saveas).pdf,saveas,tounicode,522,1324,789c,zlib:level=6
original/saveas/text/SkyGarden_Indoor_Vertical_Garden_Solutions(saveas).pdf,saveas,fontfile,23867,63912,789c,"zlib:level=6,memLevel=7,strategy=0"
original/saveas/text/SkyGarden_Indoor_Vertical_Garden_Solutions(saveas).pdf,saveas,fontfile,5474,13920,789c,"zlib:level=6,memLevel=7,strategy=0"
original/saveas/text/SkyGarden_Indoor_Vertical_Garden_Solutions(saveas).pdf,saveas,fontfile,9520,36176,789c,zlib:level=6
original/saveas/text/SkyGarden_Indoor_Vertical_Garden_Solutions(saveas).pdf,saveas,fontfile,3498,6364,789c,"zlib:level=6,memLevel=7,strategy=0"
original/saveas/text/SkyGarden_Indoor_Vertical_Garden_Solutions(saveas).pdf,saveas,tounicode,362,727,789c,zlib:level=6
original/saveas/text/SkyGarden_Indoor_Vertical_Garden_Solutions(saveas).pdf,saveas,fontfile,3722,8700,789c,zlib:level=6
original/saveas/text/SkyGarden_Indoor_Vertical_Garden_Solutions(saveas).pdf,saveas,tounicode,427,904,789c,zlib:level=6
original/saveas/text/SkyGarden_Indoor_Vertical_Garden_Solutions(saveas).pdf,saveas,fontfile,10624,27724,789c,"zlib:level=6,memLevel=7,strategy=0"
original/saveas/text/SkyGarden_Indoor_Vertical_Garden_Solutions(saveas).pdf,saveas,fontfile,4987,10508,789c,"zlib:level=6,memLevel=7,strategy=0"
original/saveas/text/SkyGarden_Indoor_Vertical_Garden_Solutions(saveas).pdf,saveas,tounicode,343,693,789c,zlib:level=6
original/saveas/text/SkyGarden_Indoor_Vertical_Garden_Solutions(saveas).pdf,saveas,fontfile,3142,7204,789c,"zlib:level=6,memLevel=7,strategy=0"
original/saveas/text/SkyGarden_Indoor_Vertical_Garden_Solutions(saveas).pdf,saveas,tounicode,670,1857,789c,zlib:level=6
original/saveas/text/SkyGarden_Indoor_Vertical_Garden_Solutions(saveas).pdf,saveas,fontfile,23360,51080,789c,"zlib:level=6,memLevel=7,strategy=0"
original/saveas/text/SkyGarden_Indoor_Vertical_Garden_Solutions(saveas).pdf,saveas,tounicode,519,1470,789c,zlib:level=6
original/saveas/text/SkyGarden_Indoor_Vertical_Garden_Solutions(saveas).pdf,saveas,fontfile,11822,27164,789c,"zlib:level=6,memLevel=7,strategy=0"
original/saveas/text/SkyGarden_Indoor_Vertical_Garden_Solutions(saveas).pdf,saveas,xref,2778,9450,789c,zlib:level=6
original/saveas/text/Sustainable_Fashion_Innovation(saveas).pdf,saveas,content,3477,16249,789c,zlib:level=6
original/saveas/text/Sustainable_Fashion_Innovation(saveas).pdf,saveas,content,2047,9474,789c,zlib:level=6
original/saveas/text/Sustainable_Fashion_Innovation(saveas).pdf,saveas,content,10066,107794,789c,"zlib:level=6,memLevel=7,strategy=0"
original/saveas/text/Sustainable_Fashion_Innovation(saveas).pdf,saveas,content,3150,12650,789c,zlib:level=6
original/saveas/text/Sustainable_Fashion_Innovation(saveas).pdf,saveas,content,3757,15854,789c,zlib:level=6
original/saveas/text/Sustainable_Fashion_Innovation(saveas).pdf,saveas,content,8188,92981,789c,"zlib:level=6,memLevel=7,strategy=0"
original/saveas/text/Sustainable_Fashion_Innovation(saveas).pdf,saveas,objstm,4395,39353,789c,zlib:level=6
original/saveas/text/Sustainable_Fashion_Innovation(saveas).pdf,saveas,objstm,5891,44850,789c,"zlib:level=6,memLevel=7,strategy=0"
original/saveas/text/Sustainable_Fashion_Innovation(saveas).pdf,saveas,objstm,6690,46058,789c,"zlib:level=6,memLevel=7,strategy=0"
original/saveas/text/Sustainable_Fashion_Innovation(saveas).pdf,saveas,fontfile,17237,112584,789c,"zlib:level=6,memLevel=7,strategy=0"
original/saveas/text/Sustainable_Fashion_Innovation(saveas).pdf,saveas,tounicode,310,567,789c,zlib:level=6
original/saveas/text/Sustainable_Fashion_Innovation(saveas).pdf,saveas,fontfile,8463,14412,789c,zlib:level=6
original/saveas/text/Sustainable_Fashion_Innovation(saveas).pdf,saveas,fontfile,25892,81056,789c,"zlib:level=6,memLevel=7,strategy=0"
original/saveas/text/Sustainable_Fashion_Innovation(saveas).pdf,saveas,fontfile,10359,20828,789c,"zlib:level=6,memLevel=7,strategy=0"
original/saveas/text/Sustainable_Fashion_Innovation(saveas).pdf,saveas,tounicode,366,632,789c,zlib:level=6
original/saveas/text/Sustainable_Fashion_Innovation(saveas).pdf,saveas,fontfile,15376,52228,789c,"zlib:level=6,memLevel=7,strategy=0"
original/saveas/text/Sustainable_Fashion_Innovation(saveas).pdf,saveas,tounicode,1135,2799,789c,zlib:level=6
original/saveas/text/Sustainable_Fashion_Innovation(saveas).pdf,saveas,fontfile,28618,83828,789c,"zlib:level=6,memLevel=7,strategy=0"
original/saveas/text/Sustainable_Fashion_Innovation(saveas).pdf,saveas,tounicode,1235,3150,789c,zlib:level=6
original/saveas/text/Sustainable_Fashion_Innovation(saveas).pdf,saveas,fontfile,39575,109112,789c,"zlib:level=6,memLevel=7,strategy=0"
original/saveas/text/Sustainable_Fashion_Innovation(saveas).pdf,saveas,tounicode,419,918,789c,zlib:level=6
original/saveas/text/Sustainable_Fashion_Innovation(saveas).pdf,saveas,fontfile,9140,22184,789c,zlib:level=6
original/saveas/text/Sustainable_Fashion_Innovation(saveas).pdf,saveas,tounicode,796,2313,789c,zlib:level=6
original/saveas/text/Sustainable_Fashion_Innovation(saveas).pdf,saveas,fontfile,11249,25532,789c,"zlib:level=6,memLevel=7,strategy=0"
original/saveas/text/Sustainable_Fashion_Innovation(saveas).pdf,saveas,fontfile,2736,5240,789c,zlib:level=6
original/saveas/text/Sustainable_Fashion_Innovation(saveas).pdf,saveas,tounicode,367,733,789c,zlib:level=6
original/saveas/text/Sustainable_Fashion_Innovation(saveas).pdf,saveas,fontfile,9878,25436,789c,"zlib:level=6,memLevel=7,strategy=0"
original/saveas/text/Sustainable_Fashion_Innovation(saveas).pdf,saveas,fontfile,8765,23472,789c,"zlib:level=6,memLevel=7,strategy=0"
original/saveas/text/Sustainable_Fashion_Innovation(saveas).pdf,saveas,fontfile,3901,8988,789c,zlib:level=6
original/saveas/text/Sustainable_Fashion_Innovation(saveas).pdf,saveas,tounicode,436,918,789c,zlib:level=6
original/saveas/text/Sustainable_Fashion_Innovation(saveas).pdf,saveas,fontfile,10869,28044,789c,"zlib:level=6,memLevel=7,strategy=0"
original/saveas/text/Sustainable_Fashion_Innovation(saveas).pdf,saveas,tounicode,315,612,789c,zlib:level=6
original/saveas/text/Sustainable_Fashion_Innovation(saveas).pdf,saveas,fontfile,4390,9648,789c,"zlib:level=6,memLevel=6,strategy=0"
original/saveas/text/Sustainable_Fashion_Innovation(saveas).pdf,saveas,tounicode,450,1044,789c,zlib:level=6
original/saveas/text/Sustainable_Fashion_Innovation(saveas).pdf,saveas,fontfile,8067,20560,789c,"zlib:level=6,memLevel=7,strategy=0"
original/saveas/text/Sustainable_Fashion_Innovation(saveas).pdf,saveas,tounicode,680,2089,789c,zlib:level=6
original/saveas/text/Sustainable_Fashion_Innovation(saveas).pdf,saveas,fontfile,20593,42988,789c,"zlib:level=6,memLevel=7,strategy=0"
original/saveas/text/Sustainable_Fashion_Innovation(saveas).pdf,saveas,tounicode,649,1806,789c,zlib:level=6
original/saveas/text/Sustainable_Fashion_Innovation(saveas).pdf,saveas,fontfile,15174,51356,789c,"zlib:level=6,memLevel=7,strategy=0"
original/saveas/text/Sustainable_Fashion_Innovation(saveas).pdf,saveas,xref,3075,10927,789c,"zlib:level=6,memLevel=7,strategy=0"
original/saveas/text/UrbanRide_Electric_Bike_Scooter_Series(saveas).pdf,saveas,content,3326,19482,789c,zlib:level=6
original/saveas/text/UrbanRide_Electric_Bike_Scooter_Series(saveas).pdf,saveas,content,2940,20191,789c,zlib:level=6
original/saveas/text/UrbanRide_Electric_Bike_Scooter_Series(saveas).pdf,saveas,content,6500,65652,789c,zlib:level=6
original/saveas/text/UrbanRide_Electric_Bike_Scooter_Series(saveas).pdf,saveas,content,3327,18511,789c,zlib:level=6
original/saveas/text/UrbanRide_Electric_Bike_Scooter_Series(saveas).pdf,saveas,content,3424,18390,789c,zlib:level=6
original/saveas/text/UrbanRide_Electric_Bike_Scooter_Series(saveas).pdf,saveas,content,6456,66533,789c,zlib:level=6
original/saveas/text/UrbanRide_Electric_Bike_Scooter_Series(saveas).pdf,saveas,objstm,6075,40572,789c,"zlib:level=6,memLevel=7,strategy=0"
original/saveas/text/UrbanRide_Electric_Bike_Scooter_Series(saveas).pdf,saveas,objstm,6184,40379,789c,"zlib:level=6,memLevel=7,strategy=0"
original/saveas/text/UrbanRide_Electric_Bike_Scooter_Series(saveas).pdf,saveas,objstm,6328,37467,789c,"zlib:level=6,memLevel=7,strategy=0"
original/saveas/text/UrbanRide_Electric_Bike_Scooter_Series(saveas).pdf,saveas,fontfile,3498,9872,789c,"zlib:level=6,memLevel=6,strategy=0"
original/saveas/text/UrbanRide_Electric_Bike_Scooter_Series(saveas).pdf,saveas,fontfile,10186,20496,789c,"zlib:level=6,memLevel=7,strategy=0"
original/saveas/text/UrbanRide_Electric_Bike_Scooter_Series(saveas).pdf,saveas,tounicode,235,351,789c,zlib:level=6
original/saveas/text/UrbanRide_Electric_Bike_Scooter_Series(saveas).pdf,saveas,fontfile,23202,92648,789c,"zlib:level=6,memLevel=7,strategy=0"
original/saveas/text/UrbanRide_Electric_Bike_Scooter_Series(saveas).pdf,saveas,tounicode,226,337,789c,zlib:level=6
original/saveas/text/UrbanRide_Electric_Bike_Scooter_Series(saveas).pdf,saveas,fontfile,6033,11088,789c,zlib:level=6
original/saveas/text/UrbanRide_Electric_Bike_Scooter_Series(saveas).pdf,saveas,fontfile,18204,58484,789c,"zlib:level=6,memLevel=7,strategy=0"
original/saveas/text/UrbanRide_Electric_Bike_Scooter_Series(saveas).pdf,saveas,tounicode,225,337,789c,zlib:level=6
original/saveas/text/UrbanRide_Electric_Bike_Scooter_Series(saveas).pdf,saveas,fontfile,18881,115804,789c,"zlib:level=6,memLevel=7,strategy=0"
original/saveas/text/UrbanRide_Electric_Bike_Scooter_Series(saveas).pdf,saveas,tounicode,226,337,789c,zlib:level=6
original/saveas/text/UrbanRide_Electric_Bike_Scooter_Series(saveas).pdf,saveas,fontfile,18820,61432,789c,"zlib:level=6,memLevel=7,strategy=0"
original/saveas/text/UrbanRide_Electric_Bike_Scooter_Series(saveas).pdf,saveas,tounicode,301,464,789c,zlib:level=6
original/saveas/text/UrbanRide_Electric_Bike_Scooter_Series(saveas).pdf,saveas,fontfile,9690,66804,789c,"zlib:level=6,memLevel=7,strategy=0"
original/saveas/text/UrbanRide_Electric_Bike_Scooter_Series(saveas).pdf,saveas,tounicode,862,1937,789c,zlib:level=6
original/saveas/text/UrbanRide_Electric_Bike_Scooter_Series(saveas).pdf,saveas,fontfile,28001,90216,789c,"zlib:level=6,memLevel=7,strategy=0"
original/saveas/text/UrbanRide_Electric_Bike_Scooter_Series(saveas).pdf,saveas,tounicode,722,1544,789c,zlib:level=6
original/saveas/text/UrbanRide_Electric_Bike_Scooter_Series(saveas).pdf,saveas,fontfile,18318,69640,789c,"zlib:level=6,memLevel=7,strategy=0"
original/saveas/text/UrbanRide_Electric_Bike_Scooter_Series(saveas).pdf,saveas,tounicode,354,686,789c,zlib:level=6
original/saveas/text/UrbanRide_Electric_Bike_Scooter_Series(saveas).pdf,saveas,fontfile,9861,26320,789c,zlib:level=6
original/saveas/text/UrbanRide_Electric_Bike_Scooter_Series(saveas).pdf,saveas,tounicode,660,1928,789c,zlib:level=6
original/saveas/text/UrbanRide_Electric_Bike_Scooter_Series(saveas).pdf,saveas,fontfile,13873,27908,789c,"zlib:level=6,memLevel=7,strategy=0"
original/saveas/text/UrbanRide_Electric_Bike_Scooter_Series(saveas).pdf,saveas,tounicode,521,1220,789c,zlib:level=6
original/saveas/text/UrbanRide_Electric_Bike_Scooter_Series(saveas).pdf,saveas,fontfile,6375,17228,789c,"zlib:level=6,memLevel=7,strategy=0"
original/saveas/text/UrbanRide_Electric_Bike_Scooter_Series(saveas).pdf,saveas,fontfile,25892,81056,789c,"zlib:level=6,memLevel=7,strategy=0"
original/saveas/text/UrbanRide_Electric_Bike_Scooter_Series(saveas).pdf,saveas,fontfile,6527,31016,789c,"zlib:level=6,memLevel=7,strategy=0"
original/saveas/text/UrbanRide_Electric_Bike_Scooter_Series(saveas).pdf,saveas,fontfile,3324,6208,789c,zlib:level=6
original/saveas/text/UrbanRide_Electric_Bike_Scooter_Series(saveas).pdf,saveas,fontfile,9349,19248,789c,"zlib:level=6,memLevel=7,strategy=0"
original/saveas/text/UrbanRide_Electric_Bike_Scooter_Series(saveas).pdf,saveas,tounicode,419,902,789c,zlib:level=6
original/saveas/text/UrbanRide_Electric_Bike_Scooter_Series(saveas).pdf,saveas,fontfile,8342,16952,789c,"zlib:level=6,memLevel=7,strategy=0"
original/saveas/text/UrbanRide_Electric_Bike_Scooter_Series(saveas).pdf,saveas,tounicode,433,896,789c,zlib:level=6
original/saveas/text/UrbanRide_Electric_Bike_Scooter_Series(saveas).pdf,saveas,fontfile,13068,31140,789c,"zlib:level=6,memLevel=7,strategy=0"
original/saveas/text/UrbanRide_Electric_Bike_Scooter_Series(saveas).pdf,saveas,tounicode,368,775,789c,zlib:level=6
original/saveas/text/UrbanRide_Electric_Bike_Scooter_Series(saveas).pdf,saveas,fontfile,6903,17840,789c,"zlib:level=6,memLevel=7,strategy=0"
original/saveas/text/UrbanRide_Electric_Bike_Scooter_Series(saveas).pdf,saveas,tounicode,631,1965,789c,zlib:level=6
original/saveas/text/UrbanRide_Electric_Bike_Scooter_Series(saveas).pdf,saveas,fontfile,20761,42868,789c,"zlib:level=6,memLevel=7,strategy=0"
original/saveas/text/UrbanRide_Electric_Bike_Scooter_Series(saveas).pdf,saveas,tounicode,612,1677,789c,zlib:level=6
original/saveas/text/UrbanRide_Electric_Bike_Scooter_Series(saveas).pdf,saveas,fontfile,17890,55412,789c,"zlib:level=6,memLevel=7,strategy=0"
original/saveas/text/UrbanRide_Electric_Bike_Scooter_Series(saveas).pdf,saveas,xref,3152,10801,789c,"zlib:level=6,memLevel=7,strategy=0"
original/saveas/text/Urban_Fine_Particulate_Matter(saveas).pdf,saveas,content,3424,15992,789c,zlib:level=6
original/saveas/text/Urban_Fine_Particulate_Matter(saveas).pdf,saveas,content,1917,8141,789c,zlib:level=6
original/saveas/text/Urban_Fine_Particulate_Matter(saveas).pdf,saveas,content,8578,92687,789c,zlib:level=6
original/saveas/text/Urban_Fine_Particulate_Matter(saveas).pdf,saveas,content,2915,11398,789c,zlib:level=6
original/saveas/text/Urban_Fine_Particulate_Matter(saveas).pdf,saveas,content,3211,12803,789c,zlib:level=6
original/saveas/text/Urban_Fine_Particulate_Matter(saveas).pdf,saveas,content,7644,88016,789c,"zlib:level=6,memLevel=7,strategy=0"
original/saveas/text/Urban_Fine_Particulate_Matter(saveas).pdf,saveas,objstm,4354,39271,789c,zlib:level=6
original/saveas/text/Urban_Fine_Particulate_Matter(saveas).pdf,saveas,objstm,5697,43852,789c,"zlib:level=6,memLevel=7,strategy=0"
original/saveas/text/Urban_Fine_Particulate_Matter(saveas).pdf,saveas,objstm,5080,33154,789c,"zlib:level=6,memLevel=7,strategy=0"
original/saveas/text/Urban_Fine_Particulate_Matter(saveas).pdf,saveas,fontfile,16884,112128,789c,"zlib:level=6,memLevel=7,strategy=0"
original/saveas/text/Urban_Fine_Particulate_Matter(saveas).pdf,saveas,fontfile,25892,81056,789c,"zlib:level=6,memLevel=7,strategy=0"
original/saveas/text/Urban_Fine_Particulate_Matter(saveas).pdf,saveas,tounicode,226,337,789c,zlib:level=6
original/saveas/text/Urban_Fine_Particulate_Matter(saveas).pdf,saveas,fontfile,9508,15744,789c,"zlib:level=6,memLevel=7,strategy=0"
original/saveas/text/Urban_Fine_Particulate_Matter(saveas).pdf,saveas,fontfile,9969,20200,789c,"zlib:level=6,memLevel=7,strategy=0"
original/saveas/text/Urban_Fine_Particulate_Matter(saveas).pdf,saveas,tounicode,368,618,789c,zlib:level=6
original/saveas/text/Urban_Fine_Particulate_Matter(saveas).pdf,saveas,fontfile,15423,52136,789c,"zlib:level=6,memLevel=7,strategy=0"
original/saveas/text/Urban_Fine_Particulate_Matter(saveas).pdf,saveas,tounicode,1305,3272,789c,zlib:level=6
original/saveas/text/Urban_Fine_Particulate_Matter(saveas).pdf,saveas,fontfile,80977,141072,789c,"zlib:level=6,memLevel=7,strategy=0"
original/saveas/text/Urban_Fine_Particulate_Matter(saveas).pdf,saveas,tounicode,1166,2904,789c,zlib:level=6
original/saveas/text/Urban_Fine_Particulate_Matter(saveas).pdf,saveas,fontfile,37509,105836,789c,"zlib:level=6,memLevel=7,strategy=0"
original/saveas/text/Urban_Fine_Particulate_Matter(saveas).pdf,saveas,tounicode,348,707,789c,zlib:level=6
original/saveas/text/Urban_Fine_Particulate_Matter(saveas).pdf,saveas,fontfile,8050,20676,789c,zlib:level=6
original/saveas/text/Urban_Fine_Particulate_Matter(saveas).pdf,saveas,tounicode,643,1740,789c,zlib:level=6
original/saveas/text/Urban_Fine_Particulate_Matter(saveas).pdf,saveas,fontfile,10871,25208,789c,"zlib:level=6,memLevel=7,strategy=0"
original/saveas/text/Urban_Fine_Particulate_Matter(saveas).pdf,saveas,tounicode,597,1674,789c,zlib:level=6
original/saveas/text/Urban_Fine_Particulate_Matter(saveas).pdf,saveas,fontfile,27477,72420,789c,"zlib:level=6,memLevel=7,strategy=0"
original/saveas/text/Urban_Fine_Particulate_Matter(saveas).pdf,saveas,tounicode,226,337,789c,zlib:level=6
original/saveas/text/Urban_Fine_Particulate_Matter(saveas).pdf,saveas,fontfile,6850,127608,789c,"zlib:level=6,memLevel=7,strategy=0"
original/saveas/text/Urban_Fine_Particulate_Matter(saveas).pdf,saveas,fontfile,5607,14280,789c,"zlib:level=6,memLevel=7,strategy=0"
original/saveas/text/Urban_Fine_Particulate_Matter(saveas).pdf,saveas,fontfile,9682,36296,789c,"zlib:level=6,memLevel=7,strategy=0"
original/saveas/text/Urban_Fine_Particulate_Matter(saveas).pdf,saveas,fontfile,3450,6336,789c,zlib:level=6
original/saveas/text/Urban_Fine_Particulate_Matter(saveas).pdf,saveas,fontfile,5905,12740,789c,"zlib:level=6,memLevel=7,strategy=0"
original/saveas/text/Urban_Fine_Particulate_Matter(saveas).pdf,saveas,tounicode,428,1019,789c,zlib:level=6
original/saveas/text/Urban_Fine_Particulate_Matter(saveas).pdf,saveas,fontfile,5673,11616,789c,zlib:level=6
original/saveas/text/Urban_Fine_Particulate_Matter(saveas).pdf,saveas,tounicode,294,527,789c,zlib:level=6
original/saveas/text/Urban_Fine_Particulate_Matter(saveas).pdf,saveas,fontfile,5526,9796,789c,"zlib:level=6,memLevel=7,strategy=0"
original/saveas/text/Urban_Fine_Particulate_Matter(saveas).pdf,saveas,tounicode,416,945,789c,zlib:level=6
original/saveas/text/Urban_Fine_Particulate_Matter(saveas).pdf,saveas,fontfile,12383,31732,789c,"zlib:level=6,memLevel=7,strategy=0"
original/saveas/text/Urban_Fine_Particulate_Matter(saveas).pdf,saveas,tounicode,680,2082,789c,zlib:level=6
original/saveas/text/Urban_Fine_Particulate_Matter(saveas).pdf,saveas,fontfile,13301,31360,789c,"zlib:level=6,memLevel=7,strategy=0"
original/saveas/text/Urban_Fine_Particulate_Matter(saveas).pdf,saveas,tounicode,655,1834,789c,zlib:level=6
original/saveas/text/Urban_Fine_Particulate_Matter(saveas).pdf,saveas,fontfile,20955,46404,789c,"zlib:level=6,memLevel=7,strategy=0"
original/saveas/text/Urban_Fine_Particulate_Matter(saveas).pdf,saveas,xref,2858,10038,789c,"zlib:level=6,memLevel=7,strategy=0"
original/saveas/text/ai_ethics_responsible_use_guidelines_multilang(saveas).pdf,saveas,content,3148,20902,789c,zlib:level=6
original/saveas/text/ai_ethics_responsible_use_guidelines_multilang(saveas).pdf,saveas,content,2366,19985,789c,zlib:level=6
original/saveas/text/ai_ethics_responsible_use_guidelines_multilang(saveas).pdf,saveas,content,6921,75889,789c,zlib:level=6
original/saveas/text/ai_ethics_responsible_use_guidelines_multilang(saveas).pdf,saveas,content,3034,19445,789c,zlib:level=6
original/saveas/text/ai_ethics_responsible_use_guidelines_multilang(saveas).pdf,saveas,content,3565,22259,789c,"zlib:level=6,memLevel=7,strategy=0"
original/saveas/text/ai_ethics_responsible_use_guidelines_multilang(saveas).pdf,saveas,content,6799,74748,789c,zlib:level=6
original/saveas/text/ai_ethics_responsible_use_guidelines_multilang(saveas).pdf,saveas,objstm,4737,40238,789c,"zlib:level=6,memLevel=7,strategy=0"
original/saveas/text/ai_ethics_responsible_use_guidelines_multilang(saveas).pdf,saveas,objstm,5770,44202,789c,"zlib:level=6,memLevel=7,strategy=0"
original/saveas/text/ai_ethics_responsible_use_guidelines_multilang(saveas).pdf,saveas,objstm,6270,41577,789c,"zlib:level=6,memLevel=7,strategy=0"
original/saveas/text/ai_ethics_responsible_use_guidelines_multilang(saveas).pdf,saveas,fontfile,3398,9820,789c,"zlib:level=6,memLevel=7,strategy=0"
original/saveas/text/ai_ethics_responsible_use_guidelines_multilang(saveas).pdf,saveas,fontfile,7503,13000,789c,zlib:level=6
original/saveas/text/ai_ethics_responsible_use_guidelines_multilang(saveas).pdf,saveas,fontfile,11891,23092,789c,"zlib:level=6,memLevel=7,strategy=0"
original/saveas/text/ai_ethics_responsible_use_guidelines_multilang(saveas).pdf,saveas,fontfile,25892,81056,789c,"zlib:level=6,memLevel=7,strategy=0"
original/saveas/text/ai_ethics_responsible_use_guidelines_multilang(saveas).pdf,saveas,tounicode,342,572,789c,zlib:level=6
original/saveas/text/ai_ethics_responsible_use_guidelines_multilang(saveas).pdf,saveas,fontfile,19928,52884,789c,"zlib:level=6,memLevel=7,strategy=0"
original/saveas/text/ai_ethics_responsible_use_guidelines_multilang(saveas).pdf,saveas,tounicode,516,1025,789c,zlib:level=6
original/saveas/text/ai_ethics_responsible_use_guidelines_multilang(saveas).pdf,saveas,fontfile,9629,58172,789c,"zlib:level=6,memLevel=7,strategy=0"
original/saveas/text/ai_ethics_responsible_use_guidelines_multilang(saveas).pdf,saveas,tounicode,1179,2949,789c,zlib:level=6
original/saveas/text/ai_ethics_responsible_use_guidelines_multilang(saveas).pdf,saveas,fontfile,98001,195908,789c,"zlib:level=6,memLevel=7,strategy=0"
original/saveas/text/ai_ethics_responsible_use_guidelines_multilang(saveas).pdf,saveas,tounicode,385,891,789c,zlib:level=6
original/saveas/text/ai_ethics_responsible_use_guidelines_multilang(saveas).pdf,saveas,fontfile,7303,19628,789c,"zlib:level=6,memLevel=7,strategy=0"
original/saveas/text/ai_ethics_responsible_use_guidelines_multilang(saveas).pdf,saveas,tounicode,525,1237,789c,zlib:level=6
original/saveas/text/ai_ethics_responsible_use_guidelines_multilang(saveas).pdf,saveas,fontfile,5353,15020,789c,"zlib:level=6,memLevel=7,strategy=0"
original/saveas/text/ai_ethics_responsible_use_guidelines_multilang(saveas).pdf,saveas,tounicode,686,2147,789c,zlib:level=6
original/saveas/text/ai_ethics_responsible_use_guidelines_multilang(saveas).pdf,saveas,fontfile,26858,70572,789c,"zlib:level=6,memLevel=7,strategy=0"
original/saveas/text/ai_ethics_responsible_use_guidelines_multilang(saveas).pdf,saveas,fontfile,6887,31564,789c,"zlib:level=6,memLevel=7,strategy=0"
original/saveas/text/ai_ethics_responsible_use_guidelines_multilang(saveas).pdf,saveas,fontfile,8243,22548,789c,"zlib:level=6,memLevel=7,strategy=0"
original/saveas/text/ai_ethics_responsible_use_guidelines_multilang(saveas).pdf,saveas,fontfile,4376,7452,789c,zlib:level=6
original/saveas/text/ai_ethics_responsible_use_guidelines_multilang(saveas).pdf,saveas,tounicode,335,632,789c,zlib:level=6
original/saveas/text/ai_ethics_responsible_use_guidelines_multilang(saveas).pdf,saveas,fontfile,3784,8828,789c,zlib:level=6
original/saveas/text/ai_ethics_responsible_use_guidelines_multilang(saveas).pdf,saveas,tounicode,304,577,789c,zlib:level=6
original/saveas/text/ai_ethics_responsible_use_guidelines_multilang(saveas).pdf,saveas,fontfile,5237,9396,789c,"zlib:level=6,memLevel=7,strategy=0"
original/saveas/text/ai_ethics_responsible_use_guidelines_multilang(saveas).pdf,saveas,tounicode,329,654,789c,zlib:level=6
original/saveas/text/ai_ethics_responsible_use_guidelines_multilang(saveas).pdf,saveas,fontfile,6149,12028,789c,zlib:level=6
original/saveas/text/ai_ethics_responsible_use_guidelines_multilang(saveas).pdf,saveas,fontfile,22998,85136,789c,"zlib:level=6,memLevel=7,strategy=0"
original/saveas/text/ai_ethics_responsible_use_guidelines_multilang(saveas).pdf,saveas,tounicode,433,1015,789c,zlib:level=6
original/saveas/text/ai_ethics_responsible_use_guidelines_multilang(saveas).pdf,saveas,fontfile,9743,32360,789c,zlib:level=6
original/saveas/text/ai_ethics_responsible_use_guidelines_multilang(saveas).pdf,saveas,tounicode,493,1358,789c,zlib:level=6
original/saveas/text/ai_ethics_responsible_use_guidelines_multilang(saveas).pdf,saveas,fontfile,5460,12540,789c,"zlib:level=6,memLevel=7,strategy=0"
original/saveas/text/ai_ethics_responsible_use_guidelines_multilang(saveas).pdf,saveas,tounicode,705,1987,789c,zlib:level=6
original/saveas/text/ai_ethics_responsible_use_guidelines_multilang(saveas).pdf,saveas,fontfile,25241,54860,789c,"zlib:level=6,memLevel=7,strategy=0"
original/saveas/text/ai_ethics_responsible_use_guidelines_multilang(saveas).pdf,saveas,xref,3029,10696,789c,"zlib:level=6,memLevel=7,strategy=0"
original/saveas/text/climate_crisis_preparedness_community_action_guidelines_multilang(saveas).pdf,saveas,content,3090,21276,789c,"zlib:level=6,memLevel=5,strategy=0"
original/saveas/text/climate_crisis_preparedness_community_action_guidelines_multilang(saveas).pdf,saveas,content,2346,19206,789c,zlib:level=6
original/saveas/text/climate_crisis_preparedness_community_action_guidelines_multilang(saveas).pdf,saveas,content,9159,102498,789c,"zlib:level=6,memLevel=7,strategy=0"
original/saveas/text/climate_crisis_preparedness_community_action_guidelines_multilang(saveas).pdf,saveas,content,3259,20491,789c,zlib:level=6
original/saveas/text/climate_crisis_preparedness_community_action_guidelines_multilang(saveas).pdf,saveas,content,4187,26561,789c,zlib:level=6
original/saveas/text/climate_crisis_preparedness_community_action_guidelines_multilang(saveas).pdf,saveas,content,7885,88162,789c,zlib:level=6
original/saveas/text/climate_crisis_preparedness_community_action_guidelines_multilang(saveas).pdf,saveas,objstm,4754,40161,789c,"zlib:level=6,memLevel=7,strategy=0"
original/saveas/text/climate_crisis_preparedness_community_action_guidelines_multilang(saveas).pdf,saveas,objstm,5858,44855,789c,zlib:level=6
original/saveas/text/climate_crisis_preparedness_community_action_guidelines_multilang(saveas).pdf,saveas,objstm,4476,40657,789c,zlib:level=6
original/saveas/text/climate_crisis_preparedness_community_action_guidelines_multilang(saveas).pdf,saveas,objstm,4610,24508,789c,"zlib:level=6,memLevel=7,strategy=0"
original/saveas/text/climate_crisis_preparedness_community_action_guidelines_multilang(saveas).pdf,saveas,fontfile,6554,21784,789c,"zlib:level=6,memLevel=7,strategy=0"
original/saveas/text/climate_crisis_preparedness_community_action_guidelines_multilang(saveas).pdf,saveas,fontfile,16835,89084,789c,"zlib:level=6,memLevel=7,strategy=0"
original/saveas/text/climate_crisis_preparedness_community_action_guidelines_multilang(saveas).pdf,saveas,fontfile,12199,23544,789c,"zlib:level=6,memLevel=7,strategy=0"
original/saveas/text/climate_crisis_preparedness_community_action_guidelines_multilang(saveas).pdf,saveas,fontfile,25892,81056,789c,"zlib:level=6,memLevel=7,strategy=0"
original/saveas/text/climate_crisis_preparedness_community_action_guidelines_multilang(saveas).pdf,saveas,tounicode,316,506,789c,zlib:level=6
original/saveas/text/climate_crisis_preparedness_community_action_guidelines_multilang(saveas).pdf,saveas,fontfile,6377,55816,789c,zlib:level=6
original/saveas/text/climate_crisis_preparedness_community_action_guidelines_multilang(saveas).pdf,saveas,tounicode,555,1081,789c,zlib:level=6
original/saveas/text/climate_crisis_preparedness_community_action_guidelines_multilang(saveas).pdf,saveas,fontfile,10294,58888,789c,"zlib:level=6,memLevel=7,strategy=0"
original/saveas/text/climate_crisis_preparedness_community_action_guidelines_multilang(saveas).pdf,saveas,tounicode,1398,3611,789c,zlib:level=6
original/saveas/text/climate_crisis_preparedness_community_action_guidelines_multilang(saveas).pdf,saveas,fontfile,69737,186948,789c,"zlib:level=6,memLevel=7,strategy=0"
original/saveas/text/climate_crisis_preparedness_community_action_guidelines_multilang(saveas).pdf,saveas,tounicode,384,897,789c,zlib:level=6
original/saveas/text/climate_crisis_preparedness_community_action_guidelines_multilang(saveas).pdf,saveas,fontfile,8624,21536,789c,zlib:level=6
original/saveas/text/climate_crisis_preparedness_community_action_guidelines_multilang(saveas).pdf,saveas,tounicode,504,1314,789c,zlib:level=6
original/saveas/text/climate_crisis_preparedness_community_action_guidelines_multilang(saveas).pdf,saveas,fontfile,20428,57712,789c,"zlib:level=6,memLevel=7,strategy=0"
original/saveas/text/climate_crisis_preparedness_community_action_guidelines_multilang(saveas).pdf,saveas,tounicode,668,1946,789c,zlib:level=6
original/saveas/text/climate_crisis_preparedness_community_action_guidelines_multilang(saveas).pdf,saveas,fontfile,12281,23728,789c,"zlib:level=6,memLevel=7,strategy=0"
original/saveas/text/climate_crisis_preparedness_community_action_guidelines_multilang(saveas).pdf,saveas,fontfile,6383,17260,789c,"zlib:level=6,memLevel=7,strategy=0"
original/saveas/text/climate_crisis_preparedness_community_action_guidelines_multilang(saveas).pdf,saveas,fontfile,8081,22200,789c,"zlib:level=6,memLevel=7,strategy=0"
original/saveas/text/climate_crisis_preparedness_community_action_guidelines_multilang(saveas).pdf,saveas,fontfile,9794,19852,789c,"zlib:level=6,memLevel=7,strategy=0"
original/saveas/text/climate_crisis_preparedness_community_action_guidelines_multilang(saveas).pdf,saveas,tounicode,310,605,789c,zlib:level=6
original/saveas/text/climate_crisis_preparedness_community_action_guidelines_multilang(saveas).pdf,saveas,fontfile,3221,7648,789c,zlib:level=6
original/saveas/text/climate_crisis_preparedness_community_action_guidelines_multilang(saveas).pdf,saveas,tounicode,371,712,789c,zlib:level=6
original/saveas/text/climate_crisis_preparedness_community_action_guidelines_multilang(saveas).pdf,saveas,fontfile,8559,25100,789c,"zlib:level=6,memLevel=7,strategy=0"
original/saveas/text/climate_crisis_preparedness_community_action_guidelines_multilang(saveas).pdf,saveas,tounicode,454,1179,789c,zlib:level=6
original/saveas/text/climate_crisis_preparedness_community_action_guidelines_multilang(saveas).pdf,saveas,fontfile,9258,18332,789c,zlib:level=6
original/saveas/text/climate_crisis_preparedness_community_action_guidelines_multilang(saveas).pdf,saveas,tounicode,385,837,789c,zlib:level=6
original/saveas/text/climate_crisis_preparedness_community_action_guidelines_multilang(saveas).pdf,saveas,fontfile,11506,30536,789c,"zlib:level=6,memLevel=7,strategy=0"
original/saveas/text/climate_crisis_preparedness_community_action_guidelines_multilang(saveas).pdf,saveas,tounicode,542,1467,789c,zlib:level=6
original/saveas/text/climate_crisis_preparedness_community_action_guidelines_multilang(saveas).pdf,saveas,fontfile,9143,24524,789c,zlib:level=6
original/saveas/text/climate_crisis_preparedness_community_action_guidelines_multilang(saveas).pdf,saveas,tounicode,690,2094,789c,zlib:level=6
original/saveas/text/climate_crisis_preparedness_community_action_guidelines_multilang(saveas).pdf,saveas,fontfile,15258,35832,789c,"zlib:level=6,memLevel=7,strategy=0"
original/saveas/text/climate_crisis_preparedness_community_action_guidelines_multilang(saveas).pdf,saveas,xref,3434,12397,789c,"zlib:level=6,memLevel=7,strategy=0"
original/saveas/text/confidential_doc_leak_collusion_investigation(saveas).pdf,saveas,content,2458,14545,789c,zlib:level=6
original/saveas/text/confidential_doc_leak_collusion_investigation(saveas).pdf,saveas,content,2072,15259,789c,zlib:level=6
original/saveas/text/confidential_doc_leak_collusion_investigation(saveas).pdf,saveas,content,4558,44192,789c,zlib:level=6
original/saveas/text/confidential_doc_leak_collusion_investigation(saveas).pdf,saveas,content,2552,15610,789c,zlib:level=6
original/saveas/text/confidential_doc_leak_collusion_investigation(saveas).pdf,saveas,content,3105,16966,789c,zlib:level=6
original/saveas/text/confidential_doc_leak_collusion_investigation(saveas).pdf,saveas,content,4787,46684,789c,zlib:level=6
original/saveas/text/confidential_doc_leak_collusion_investigation(saveas).pdf,saveas,objstm,5760,40130,789c,"zlib:level=6,memLevel=7,strategy=0"
original/saveas/text/confidential_doc_leak_collusion_investigation(saveas).pdf,saveas,objstm,7965,46710,789c,"zlib:level=6,memLevel=7,strategy=0"
original/saveas/text/confidential_doc_leak_collusion_investigation(saveas).pdf,saveas,objstm,463,2028,789c,"zlib:level=6,memLevel=4,strategy=0"
original/saveas/text/confidential_doc_leak_collusion_investigation(saveas).pdf,saveas,tounicode,225,337,789c,zlib:level=6
original/saveas/text/confidential_doc_leak_collusion_investigation(saveas).pdf,saveas,fontfile,4074,10684,789c,"zlib:level=6,memLevel=7,strategy=0"
original/saveas/text/confidential_doc_leak_collusion_investigation(saveas).pdf,saveas,tounicode,344,646,789c,zlib:level=6
original/saveas/text/confidential_doc_leak_collusion_investigation(saveas).pdf,saveas,fontfile,13743,39812,789c,"zlib:level=6,memLevel=7,strategy=0"
original/saveas/text/confidential_doc_leak_collusion_investigation(saveas).pdf,saveas,tounicode,227,337,789c,zlib:level=6
original/saveas/text/confidential_doc_leak_collusion_investigation(saveas).pdf,saveas,fontfile,18576,43716,789c,"zlib:level=6,memLevel=7,strategy=0"
original/saveas/text/confidential_doc_leak_collusion_investigation(saveas).pdf,saveas,fontfile,9768,20028,789c,"zlib:level=6,memLevel=7,strategy=0"
original/saveas/text/confidential_doc_leak_collusion_investigation(saveas).pdf,saveas,fontfile,19389,81740,789c,"zlib:level=6,memLevel=7,strategy=0"
original/saveas/text/confidential_doc_leak_collusion_investigation(saveas).pdf,saveas,tounicode,399,702,789c,zlib:level=6
original/saveas/text/confidential_doc_leak_collusion_investigation(saveas).pdf,saveas,fontfile,13001,75056,789c,"zlib:level=6,memLevel=7,strategy=0"
original/saveas/text/confidential_doc_leak_collusion_investigation(saveas).pdf,saveas,tounicode,749,1671,789c,zlib:level=6
original/saveas/text/confidential_doc_leak_collusion_investigation(saveas).pdf,saveas,fontfile,24741,84716,789c,"zlib:level=6,memLevel=7,strategy=0"
original/saveas/text/confidential_doc_leak_collusion_investigation(saveas).pdf,saveas,tounicode,422,758,789c,zlib:level=6
original/saveas/text/confidential_doc_leak_collusion_investigation(saveas).pdf,saveas,fontfile,27340,63440,789c,"zlib:level=6,memLevel=7,strategy=0"
original/saveas/text/confidential_doc_leak_collusion_investigation(saveas).pdf,saveas,tounicode,457,1006,789c,zlib:level=6
original/saveas/text/confidential_doc_leak_collusion_investigation(saveas).pdf,saveas,fontfile,9720,24152,789c,zlib:level=6
original/saveas/text/confidential_doc_leak_collusion_investigation(saveas).pdf,saveas,tounicode,626,1677,789c,zlib:level=6
original/saveas/text/confidential_doc_leak_collusion_investigation(saveas).pdf,saveas,fontfile,8296,19360,789c,zlib:level=6
original/saveas/text/confidential_doc_leak_collusion_investigation(saveas).pdf,saveas,tounicode,467,1053,789c,zlib:level=6
original/saveas/text/confidential_doc_leak_collusion_investigation(saveas).pdf,saveas,fontfile,5675,15624,789c,"zlib:level=6,memLevel=7,strategy=0"
original/saveas/text/confidential_doc_leak_collusion_investigation(saveas).pdf,saveas,tounicode,226,337,789c,zlib:level=6
original/saveas/text/confidential_doc_leak_collusion_investigation(saveas).pdf,saveas,fontfile,8060,21328,789c,"zlib:level=6,memLevel=7,strategy=0"
original/saveas/text/confidential_doc_leak_collusion_investigation(saveas).pdf,saveas,tounicode,252,393,789c,zlib:level=6
original/saveas/text/confidential_doc_leak_collusion_investigation(saveas).pdf,saveas,fontfile,10753,37636,789c,"zlib:level=6,memLevel=7,strategy=0"
original/saveas/text/confidential_doc_leak_collusion_investigation(saveas).pdf,saveas,fontfile,2939,5236,789c,zlib:level=6
original/saveas/text/confidential_doc_leak_collusion_investigation(saveas).pdf,saveas,tounicode,392,911,789c,zlib:level=6
original/saveas/text/confidential_doc_leak_collusion_investigation(saveas).pdf,saveas,fontfile,6332,13244,789c,"zlib:level=6,memLevel=7,strategy=0"
original/saveas/text/confidential_doc_leak_collusion_investigation(saveas).pdf,saveas,tounicode,470,1008,789c,zlib:level=6
original/saveas/text/confidential_doc_leak_collusion_investigation(saveas).pdf,saveas,fontfile,13103,30816,789c,"zlib:level=6,memLevel=7,strategy=0"
original/saveas/text/confidential_doc_leak_collusion_investigation(saveas).pdf,saveas,tounicode,347,768,789c,zlib:level=6
original/saveas/text/confidential_doc_leak_collusion_investigation(saveas).pdf,saveas,fontfile,4811,10236,789c,zlib:level=6
original/saveas/text/confidential_doc_leak_collusion_investigation(saveas).pdf,saveas,tounicode,494,1276,789c,zlib:level=6
original/saveas/text/confidential_doc_leak_collusion_investigation(saveas).pdf,saveas,fontfile,12845,32492,789c,"zlib:level=6,memLevel=7,strategy=0"
original/saveas/text/confidential_doc_leak_collusion_investigation(saveas).pdf,saveas,tounicode,620,1684,789c,zlib:level=6
original/saveas/text/confidential_doc_leak_collusion_investigation(saveas).pdf,saveas,fontfile,22895,50224,789c,"zlib:level=6,memLevel=7,strategy=0"
original/saveas/text/confidential_doc_leak_collusion_investigation(saveas).pdf,saveas,tounicode,487,1296,789c,zlib:level=6
original/saveas/text/confidential_doc_leak_collusion_investigation(saveas).pdf,saveas,fontfile,11271,26268,789c,"zlib:level=6,memLevel=7,strategy=0"
original/saveas/text/confidential_doc_leak_collusion_investigation(saveas).pdf,saveas,xref,2537,8540,789c,"zlib:level=6,memLevel=7,strategy=0"
original/saveas/text/digital_data_security_guidelines(saveas).pdf,saveas,content,3124,19738,789c,zlib:level=6
original/saveas/text/digital_data_security_guidelines(saveas).pdf,saveas,content,2297,18933,789c,zlib:level=6
original/saveas/text/digital_data_security_guidelines(saveas).pdf,saveas,content,7835,87078,789c,zlib:level=6
original/saveas/text/digital_data_security_guidelines(saveas).pdf,saveas,content,3085,18887,789c,zlib:level=6
original/saveas/text/digital_data_security_guidelines(saveas).pdf,saveas,content,3468,21119,789c,zlib:level=6
original/saveas/text/digital_data_security_guidelines(saveas).pdf,saveas,content,6984,79235,789c,zlib:level=6
original/saveas/text/digital_data_security_guidelines(saveas).pdf,saveas,objstm,4703,40134,789c,"zlib:level=6,memLevel=7,strategy=0"
original/saveas/text/digital_data_security_guidelines(saveas).pdf,saveas,objstm,5909,44752,789c,"zlib:level=6,memLevel=7,strategy=0"
original/saveas/text/digital_data_security_guidelines(saveas).pdf,saveas,objstm,7393,50059,789c,"zlib:level=6,memLevel=7,strategy=0"
original/saveas/text/digital_data_security_guidelines(saveas).pdf,saveas,fontfile,8794,18620,789c,"zlib:level=6,memLevel=7,strategy=0"
original/saveas/text/digital_data_security_guidelines(saveas).pdf,saveas,fontfile,25892,81056,789c,"zlib:level=6,memLevel=7,strategy=0"
original/saveas/text/digital_data_security_guidelines(saveas).pdf,saveas,fontfile,10188,33984,789c,"zlib:level=6,memLevel=7,strategy=0"
original/saveas/text/digital_data_security_guidelines(saveas).pdf,saveas,fontfile,5805,12876,789c,"zlib:level=6,memLevel=7,strategy=0"
original/saveas/text/digital_data_security_guidelines(saveas).pdf,saveas,tounicode,287,449,789c,zlib:level=6
original/saveas/text/digital_data_security_guidelines(saveas).pdf,saveas,fontfile,8571,41932,789c,zlib:level=6
original/saveas/text/digital_data_security_guidelines(saveas).pdf,saveas,tounicode,612,1274,789c,zlib:level=6
original/saveas/text/digital_data_security_guidelines(saveas).pdf,saveas,fontfile,23259,94696,789c,"zlib:level=6,memLevel=7,strategy=0"
original/saveas/text/digital_data_security_guidelines(saveas).pdf,saveas,tounicode,1335,3515,789c,zlib:level=6
original/saveas/text/digital_data_security_guidelines(saveas).pdf,saveas,fontfile,84482,146256,789c,"zlib:level=6,memLevel=7,strategy=0"
original/saveas/text/digital_data_security_guidelines(saveas).pdf,saveas,tounicode,373,752,789c,zlib:level=6
original/saveas/text/digital_data_security_guidelines(saveas).pdf,saveas,fontfile,12030,25836,789c,"zlib:level=6,memLevel=7,strategy=0"
original/saveas/text/digital_data_security_guidelines(saveas).pdf,saveas,tounicode,527,1395,789c,zlib:level=6
original/saveas/text/digital_data_security_guidelines(saveas).pdf,saveas,fontfile,12195,28720,789c,"zlib:level=6,memLevel=7,strategy=0"
original/saveas/text/digital_data_security_guidelines(saveas).pdf,saveas,tounicode,684,1920,789c,zlib:level=6
original/saveas/text/digital_data_security_guidelines(saveas).pdf,saveas,fontfile,27120,64304,789c,"zlib:level=6,memLevel=7,strategy=0"
original/saveas/text/digital_data_security_guidelines(saveas).pdf,saveas,tounicode,226,337,789c,zlib:level=6
original/saveas/text/digital_data_security_guidelines(saveas).pdf,saveas,fontfile,6850,127608,789c,"zlib:level=6,memLevel=7,strategy=0"
original/saveas/text/digital_data_security_guidelines(saveas).pdf,saveas,fontfile,2467,4744,789c,"zlib:level=6,memLevel=6,strategy=0"
original/saveas/text/digital_data_security_guidelines(saveas).pdf,saveas,fontfile,6545,15504,789c,"zlib:level=6,memLevel=7,strategy=0"
original/saveas/text/digital_data_security_guidelines(saveas).pdf,saveas,fontfile,10997,38012,789c,"zlib:level=6,memLevel=7,strategy=0"
original/saveas/text/digital_data_security_guidelines(saveas).pdf,saveas,fontfile,3045,7440,789c,zlib:level=6
original/saveas/text/digital_data_security_guidelines(saveas).pdf,saveas,tounicode,379,833,789c,zlib:level=6
original/saveas/text/digital_data_security_guidelines(saveas).pdf,saveas,fontfile,6306,13448,789c,"zlib:level=6,memLevel=7,strategy=0"
original/saveas/text/digital_data_security_guidelines(saveas).pdf,saveas,tounicode,401,896,789c,zlib:level=6
original/saveas/text/digital_data_security_guidelines(saveas).pdf,saveas,fontfile,7501,14364,789c,zlib:level=6
original/saveas/text/digital_data_security_guidelines(saveas).pdf,saveas,tounicode,323,604,789c,zlib:level=6
original/saveas/text/digital_data_security_guidelines(saveas).pdf,saveas,fontfile,12555,31212,789c,"zlib:level=6,memLevel=7,strategy=0"
original/saveas/text/digital_data_security_guidelines(saveas).pdf,saveas,tounicode,547,1635,789c,zlib:level=6
original/saveas/text/digital_data_security_guidelines(saveas).pdf,saveas,fontfile,15125,35904,789c,"zlib:level=6,memLevel=7,strategy=0"
original/saveas/text/digital_data_security_guidelines(saveas).pdf,saveas,tounicode,677,1980,789c,zlib:level=6
original/saveas/text/digital_data_security_guidelines(saveas).pdf,saveas,fontfile,16680,53988,789c,"zlib:level=6,memLevel=7,strategy=0"
original/saveas/text/digital_data_security_guidelines(saveas).pdf,saveas,xref,3196,11277,789c,"zlib:level=6,memLevel=7,strategy=0"
original/saveas/text/educational_technology_elearning_safety_guidelines_multilang(saveas).pdf,saveas,content,3346,22517,789c,zlib:level=6
original/saveas/text/educational_technology_elearning_safety_guidelines_multilang(saveas).pdf,saveas,content,2430,20213,789c,zlib:level=6
original/saveas/text/educational_technology_elearning_safety_guidelines_multilang(saveas).pdf,saveas,content,8199,91220,789c,zlib:level=6
original/saveas/text/educational_technology_elearning_safety_guidelines_multilang(saveas).pdf,saveas,content,3409,22943,789c,zlib:level=6
original/saveas/text/educational_technology_elearning_safety_guidelines_multilang(saveas).pdf,saveas,content,3538,22850,789c,zlib:level=6
original/saveas/text/educational_technology_elearning_safety_guidelines_multilang(saveas).pdf,saveas,content,6712,79586,789c,"zlib:level=6,memLevel=7,strategy=0"
original/saveas/text/educational_technology_elearning_safety_guidelines_multilang(saveas).pdf,saveas,objstm,4964,40693,789c,"zlib:level=6,memLevel=7,strategy=0"
original/saveas/text/educational_technology_elearning_safety_guidelines_multilang(saveas).pdf,saveas,objstm,5726,44040,789c,zlib:level=6
original/saveas/text/educational_technology_elearning_safety_guidelines_multilang(saveas).pdf,saveas,objstm,4518,40755,789c,zlib:level=6
original/saveas/text/educational_technology_elearning_safety_guidelines_multilang(saveas).pdf,saveas,objstm,3700,17580,789c,"zlib:level=6,memLevel=7,strategy=0"
original/saveas/text/educational_technology_elearning_safety_guidelines_multilang(saveas).pdf,saveas,fontfile,16951,111892,789c,"zlib:level=6,memLevel=7,strategy=0"
original/saveas/text/educational_technology_elearning_safety_guidelines_multilang(saveas).pdf,saveas,fontfile,9256,31216,789c,"zlib:level=6,memLevel=7,strategy=0"
original/saveas/text/educational_technology_elearning_safety_guidelines_multilang(saveas).pdf,saveas,fontfile,5926,13112,789c,"zlib:level=6,memLevel=7,strategy=0"
original/saveas/text/educational_technology_elearning_safety_guidelines_multilang(saveas).pdf,saveas,tounicode,317,506,789c,zlib:level=6
original/saveas/text/educational_technology_elearning_safety_guidelines_multilang(saveas).pdf,saveas,fontfile,9850,65528,789c,"zlib:level=6,memLevel=7,strategy=0"
original/saveas/text/educational_technology_elearning_safety_guidelines_multilang(saveas).pdf,saveas,tounicode,428,758,789c,zlib:level=6
original/saveas/text/educational_technology_elearning_safety_guidelines_multilang(saveas).pdf,saveas,fontfile,10569,62124,789c,"zlib:level=6,memLevel=7,strategy=0"
original/saveas/text/educational_technology_elearning_safety_guidelines_multilang(saveas).pdf,saveas,tounicode,1356,3501,789c,zlib:level=6
original/saveas/text/educational_technology_elearning_safety_guidelines_multilang(saveas).pdf,saveas,fontfile,117711,224804,789c,"zlib:level=6,memLevel=7,strategy=0"
original/saveas/text/educational_technology_elearning_safety_guidelines_multilang(saveas).pdf,saveas,fontfile,25892,81056,789c,"zlib:level=6,memLevel=7,strategy=0"
original/saveas/text/educational_technology_elearning_safety_guidelines_multilang(saveas).pdf,saveas,tounicode,391,837,789c,zlib:level=6
original/saveas/text/educational_technology_elearning_safety_guidelines_multilang(saveas).pdf,saveas,fontfile,8284,21356,789c,"zlib:level=6,memLevel=7,strategy=0"
original/saveas/text/educational_technology_elearning_safety_guidelines_multilang(saveas).pdf,saveas,tounicode,458,1021,789c,zlib:level=6
original/saveas/text/educational_technology_elearning_safety_guidelines_multilang(saveas).pdf,saveas,fontfile,5641,15064,789c,zlib:level=6
original/saveas/text/educational_technology_elearning_safety_guidelines_multilang(saveas).pdf,saveas,tounicode,756,2222,789c,zlib:level=6
original/saveas/text/educational_technology_elearning_safety_guidelines_multilang(saveas).pdf,saveas,fontfile,28936,74972,789c,"zlib:level=6,memLevel=7,strategy=0"
original/saveas/text/educational_technology_elearning_safety_guidelines_multilang(saveas).pdf,saveas,fontfile,2769,5164,789c,zlib:level=6
original/saveas/text/educational_technology_elearning_safety_guidelines_multilang(saveas).pdf,saveas,fontfile,7502,32844,789c,zlib:level=6
original/saveas/text/educational_technology_elearning_safety_guidelines_multilang(saveas).pdf,saveas,fontfile,12604,30080,789c,"zlib:level=6,memLevel=7,strategy=0"
original/saveas/text/educational_technology_elearning_safety_guidelines_multilang(saveas).pdf,saveas,tounicode,337,704,789c,zlib:level=6
original/saveas/text/educational_technology_elearning_safety_guidelines_multilang(saveas).pdf,saveas,fontfile,3749,8452,789c,"zlib:level=6,memLevel=7,strategy=0"
original/saveas/text/educational_technology_elearning_safety_guidelines_multilang(saveas).pdf,saveas,tounicode,289,506,789c,zlib:level=6
original/saveas/text/educational_technology_elearning_safety_guidelines_multilang(saveas).pdf,saveas,fontfile,4086,9208,789c,zlib:level=6
original/saveas/text/educational_technology_elearning_safety_guidelines_multilang(saveas).pdf,saveas,tounicode,343,670,789c,zlib:level=6
original/saveas/text/educational_technology_elearning_safety_guidelines_multilang(saveas).pdf,saveas,fontfile,8453,14856,789c,"zlib:level=6,memLevel=7,strategy=0"
original/saveas/text/educational_technology_elearning_safety_guidelines_multilang(saveas).pdf,saveas,tounicode,395,862,789c,zlib:level=6
original/saveas/text/educational_technology_elearning_safety_guidelines_multilang(saveas).pdf,saveas,fontfile,3494,8648,789c,"zlib:level=6,memLevel=7,strategy=0"
original/saveas/text/educational_technology_elearning_safety_guidelines_multilang(saveas).pdf,saveas,tounicode,484,1181,789c,zlib:level=6
original/saveas/text/educational_technology_elearning_safety_guidelines_multilang(saveas).pdf,saveas,fontfile,10456,32360,789c,"zlib:level=6,memLevel=7,strategy=0"
original/saveas/text/educational_technology_elearning_safety_guidelines_multilang(saveas).pdf,saveas,tounicode,707,2240,789c,zlib:level=6
original/saveas/text/educational_technology_elearning_safety_guidelines_multilang(saveas).pdf,saveas,fontfile,24276,49676,789c,"zlib:level=6,memLevel=7,strategy=0"
original/saveas/text/educational_technology_elearning_safety_guidelines_multilang(saveas).pdf,saveas,xref,3338,11900,789c,"zlib:level=6,memLevel=7,strategy=0"
original/saveas/text/global_cloud_datacenter_cooling_failure_report(saveas).pdf,saveas,content,2065,13021,789c,zlib:level=6
original/saveas/text/global_cloud_datacenter_cooling_failure_report(saveas).pdf,saveas,content,1807,14820,789c,zlib:level=6
original/saveas/text/global_cloud_datacenter_cooling_failure_report(saveas).pdf,saveas,content,3453,31960,789c,zlib:level=6
original/saveas/text/global_cloud_datacenter_cooling_failure_report(saveas).pdf,saveas,content,2092,12828,789c,zlib:level=6
original/saveas/text/global_cloud_datacenter_cooling_failure_report(saveas).pdf,saveas,content,2364,14008,789c,zlib:level=6
original/saveas/text/global_cloud_datacenter_cooling_failure_report(saveas).pdf,saveas,content,3661,36146,789c,zlib:level=6
original/saveas/text/global_cloud_datacenter_cooling_failure_report(saveas).pdf,saveas,objstm,5963,39605,789c,"zlib:level=6,memLevel=7,strategy=0"
original/saveas/text/global_cloud_datacenter_cooling_failure_report(saveas).pdf,saveas,objstm,6349,36558,789c,"zlib:level=6,memLevel=7,strategy=0"
original/saveas/text/global_cloud_datacenter_cooling_failure_report(saveas).pdf,saveas,fontfile,9371,19400,789c,"zlib:level=6,memLevel=7,strategy=0"
original/saveas/text/global_cloud_datacenter_cooling_failure_report(saveas).pdf,saveas,fontfile,11927,36868,789c,"zlib:level=6,memLevel=7,strategy=0"
original/saveas/text/global_cloud_datacenter_cooling_failure_report(saveas).pdf,saveas,tounicode,226,337,789c,zlib:level=6
original/saveas/text/global_cloud_datacenter_cooling_failure_report(saveas).pdf,saveas,fontfile,6033,11088,789c,zlib:level=6
original/saveas/text/global_cloud_datacenter_cooling_failure_report(saveas).pdf,saveas,fontfile,18204,58484,789c,"zlib:level=6,memLevel=7,strategy=0"
original/saveas/text/global_cloud_datacenter_cooling_failure_report(saveas).pdf,saveas,fontfile,4819,11524,789c,"zlib:level=6,memLevel=7,strategy=0"
original/saveas/text/global_cloud_datacenter_cooling_failure_report(saveas).pdf,saveas,tounicode,226,337,789c,zlib:level=6
original/saveas/text/global_cloud_datacenter_cooling_failure_report(saveas).pdf,saveas,fontfile,23041,92372,789c,"zlib:level=6,memLevel=7,strategy=0"
original/saveas/text/global_cloud_datacenter_cooling_failure_report(saveas).pdf,saveas,fontfile,19389,81740,789c,"zlib:level=6,memLevel=7,strategy=0"
original/saveas/text/global_cloud_datacenter_cooling_failure_report(saveas).pdf,saveas,tounicode,342,562,789c,zlib:level=6
original/saveas/text/global_cloud_datacenter_cooling_failure_report(saveas).pdf,saveas,fontfile,13573,49300,789c,"zlib:level=6,memLevel=7,strategy=0"
original/saveas/text/global_cloud_datacenter_cooling_failure_report(saveas).pdf,saveas,tounicode,717,1516,789c,zlib:level=6
original/saveas/text/global_cloud_datacenter_cooling_failure_report(saveas).pdf,saveas,fontfile,32508,111228,789c,"zlib:level=6,memLevel=7,strategy=0"
original/saveas/text/global_cloud_datacenter_cooling_failure_report(saveas).pdf,saveas,tounicode,391,688,789c,zlib:level=6
original/saveas/text/global_cloud_datacenter_cooling_failure_report(saveas).pdf,saveas,fontfile,26072,61708,789c,"zlib:level=6,memLevel=7,strategy=0"
original/saveas/text/global_cloud_datacenter_cooling_failure_report(saveas).pdf,saveas,tounicode,429,1002,789c,zlib:level=6
original/saveas/text/global_cloud_datacenter_cooling_failure_report(saveas).pdf,saveas,fontfile,16730,50872,789c,"zlib:level=6,memLevel=7,strategy=0"
original/saveas/text/global_cloud_datacenter_cooling_failure_report(saveas).pdf,saveas,tounicode,512,1268,789c,zlib:level=6
original/saveas/text/global_cloud_datacenter_cooling_failure_report(saveas).pdf,saveas,fontfile,14465,32968,789c,"zlib:level=6,memLevel=7,strategy=0"
original/saveas/text/global_cloud_datacenter_cooling_failure_report(saveas).pdf,saveas,tounicode,441,1000,789c,zlib:level=6
original/saveas/text/global_cloud_datacenter_cooling_failure_report(saveas).pdf,saveas,fontfile,13717,33060,789c,"zlib:level=6,memLevel=7,strategy=0"
original/saveas/text/global_cloud_datacenter_cooling_failure_report(saveas).pdf,saveas,fontfile,2907,5380,789c,zlib:level=6
original/saveas/text/global_cloud_datacenter_cooling_failure_report(saveas).pdf,saveas,fontfile,7516,16772,789c,"zlib:level=6,memLevel=7,strategy=0"
original/saveas/text/global_cloud_datacenter_cooling_failure_report(saveas).pdf,saveas,tounicode,253,412,789c,zlib:level=6
original/saveas/text/global_cloud_datacenter_cooling_failure_report(saveas).pdf,saveas,fontfile,9852,37288,789c,"zlib:level=6,memLevel=7,strategy=0"
original/saveas/text/global_cloud_datacenter_cooling_failure_report(saveas).pdf,saveas,tounicode,314,698,789c,zlib:level=6
original/saveas/text/global_cloud_datacenter_cooling_failure_report(saveas).pdf,saveas,fontfile,4126,9044,789c,zlib:level=6
original/saveas/text/global_cloud_datacenter_cooling_failure_report(saveas).pdf,saveas,tounicode,405,882,789c,zlib:level=6
original/saveas/text/global_cloud_datacenter_cooling_failure_report(saveas).pdf,saveas,fontfile,7598,15532,789c,"zlib:level=6,memLevel=7,strategy=0"
original/saveas/text/global_cloud_datacenter_cooling_failure_report(saveas).pdf,saveas,tounicode,263,436,789c,zlib:level=6
original/saveas/text/global_cloud_datacenter_cooling_failure_report(saveas).pdf,saveas,fontfile,5970,11932,789c,zlib:level=6
original/saveas/text/global_cloud_datacenter_cooling_failure_report(saveas).pdf,saveas,tounicode,398,881,789c,zlib:level=6
original/saveas/text/global_cloud_datacenter_cooling_failure_report(saveas).pdf,saveas,fontfile,13487,31944,789c,"zlib:level=6,memLevel=7,strategy=0"
original/saveas/text/global_cloud_datacenter_cooling_failure_report(saveas).pdf,saveas,tounicode,575,1704,789c,zlib:level=6
original/saveas/text/global_cloud_datacenter_cooling_failure_report(saveas).pdf,saveas,fontfile,16783,38244,789c,"zlib:level=6,memLevel=7,strategy=0"
original/saveas/text/global_cloud_datacenter_cooling_failure_report(saveas).pdf,saveas,tounicode,499,1320,789c,zlib:level=6
original/saveas/text/global_cloud_datacenter_cooling_failure_report(saveas).pdf,saveas,fontfile,13999,49184,789c,"zlib:level=6,memLevel=7,strategy=0"
original/saveas/text/global_cloud_datacenter_cooling_failure_report(saveas).pdf,saveas,xref,2312,7651,789c,"zlib:level=6,memLevel=7,strategy=0"
original/saveas/text/green_energy_sustainable_living_guidelines_multilang(saveas).pdf,saveas,content,2802,19147,789c,zlib:level=6
original/saveas/text/green_energy_sustainable_living_guidelines_multilang(saveas).pdf,saveas,content,2238,17969,789c,zlib:level=6
original/saveas/text/green_energy_sustainable_living_guidelines_multilang(saveas).pdf,saveas,content,6785,75420,789c,zlib:level=6
original/saveas/text/green_energy_sustainable_living_guidelines_multilang(saveas).pdf,saveas,content,2811,18624,789c,zlib:level=6
original/saveas/text/green_energy_sustainable_living_guidelines_multilang(saveas).pdf,saveas,content,3394,20417,789c,zlib:level=6
original/saveas/text/green_energy_sustainable_living_guidelines_multilang(saveas).pdf,saveas,content,6102,69654,789c,zlib:level=6
original/saveas/text/green_energy_sustainable_living_guidelines_multilang(saveas).pdf,saveas,objstm,4642,40054,789c,"zlib:level=6,memLevel=7,strategy=0"
original/saveas/text/green_energy_sustainable_living_guidelines_multilang(saveas).pdf,saveas,objstm,5760,44047,789c,"zlib:level=6,memLevel=7,strategy=0"
original/saveas/text/green_energy_sustainable_living_guidelines_multilang(saveas).pdf,saveas,objstm,5819,37984,789c,"zlib:level=6,memLevel=7,strategy=0"
original/saveas/text/green_energy_sustainable_living_guidelines_multilang(saveas).pdf,saveas,fontfile,7103,22708,789c,"zlib:level=6,memLevel=7,strategy=0"
original/saveas/text/green_energy_sustainable_living_guidelines_multilang(saveas).pdf,saveas,fontfile,4100,10768,789c,"zlib:level=6,memLevel=7,strategy=0"
original/saveas/text/green_energy_sustainable_living_guidelines_multilang(saveas).pdf,saveas,fontfile,25892,81056,789c,"zlib:level=6,memLevel=7,strategy=0"
original/saveas/text/green_energy_sustainable_living_guidelines_multilang(saveas).pdf,saveas,fontfile,19698,116864,789c,"zlib:level=6,memLevel=7,strategy=0"
original/saveas/text/green_energy_sustainable_living_guidelines_multilang(saveas).pdf,saveas,tounicode,307,492,789c,zlib:level=6
original/saveas/text/green_energy_sustainable_living_guidelines_multilang(saveas).pdf,saveas,fontfile,10020,66248,789c,"zlib:level=6,memLevel=7,strategy=0"
original/saveas/text/green_energy_sustainable_living_guidelines_multilang(saveas).pdf,saveas,tounicode,545,1072,789c,zlib:level=6
original/saveas/text/green_energy_sustainable_living_guidelines_multilang(saveas).pdf,saveas,fontfile,32972,71960,789c,"zlib:level=6,memLevel=7,strategy=0"
original/saveas/text/green_energy_sustainable_living_guidelines_multilang(saveas).pdf,saveas,tounicode,1131,2660,789c,zlib:level=6
original/saveas/text/green_energy_sustainable_living_guidelines_multilang(saveas).pdf,saveas,fontfile,40086,109432,789c,"zlib:level=6,memLevel=7,strategy=0"
original/saveas/text/green_energy_sustainable_living_guidelines_multilang(saveas).pdf,saveas,tounicode,349,671,789c,zlib:level=6
original/saveas/text/green_energy_sustainable_living_guidelines_multilang(saveas).pdf,saveas,fontfile,6954,18452,789c,zlib:level=6
original/saveas/text/green_energy_sustainable_living_guidelines_multilang(saveas).pdf,saveas,tounicode,479,1110,789c,zlib:level=6
original/saveas/text/green_energy_sustainable_living_guidelines_multilang(saveas).pdf,saveas,fontfile,14354,29096,789c,"zlib:level=6,memLevel=7,strategy=0"
original/saveas/text/green_energy_sustainable_living_guidelines_multilang(saveas).pdf,saveas,tounicode,630,1697,789c,zlib:level=6
original/saveas/text/green_energy_sustainable_living_guidelines_multilang(saveas).pdf,saveas,fontfile,13614,27328,789c,"zlib:level=6,memLevel=7,strategy=0"
original/saveas/text/green_energy_sustainable_living_guidelines_multilang(saveas).pdf,saveas,fontfile,5732,14220,789c,"zlib:level=6,memLevel=7,strategy=0"
original/saveas/text/green_energy_sustainable_living_guidelines_multilang(saveas).pdf,saveas,fontfile,7681,33112,789c,zlib:level=6
original/saveas/text/green_energy_sustainable_living_guidelines_multilang(saveas).pdf,saveas,fontfile,11738,28660,789c,"zlib:level=6,memLevel=7,strategy=0"
original/saveas/text/green_energy_sustainable_living_guidelines_multilang(saveas).pdf,saveas,tounicode,321,590,789c,zlib:level=6
original/saveas/text/green_energy_sustainable_living_guidelines_multilang(saveas).pdf,saveas,fontfile,5369,11372,789c,"zlib:level=6,memLevel=7,strategy=0"
original/saveas/text/green_energy_sustainable_living_guidelines_multilang(saveas).pdf,saveas,tounicode,364,770,789c,zlib:level=6
original/saveas/text/green_energy_sustainable_living_guidelines_multilang(saveas).pdf,saveas,fontfile,4188,9552,789c,zlib:level=6
original/saveas/text/green_energy_sustainable_living_guidelines_multilang(saveas).pdf,saveas,tounicode,410,824,789c,zlib:level=6
original/saveas/text/green_energy_sustainable_living_guidelines_multilang(saveas).pdf,saveas,fontfile,13837,31780,789c,"zlib:level=6,memLevel=7,strategy=0"
original/saveas/text/green_energy_sustainable_living_guidelines_multilang(saveas).pdf,saveas,tounicode,390,824,789c,zlib:level=6
original/saveas/text/green_energy_sustainable_living_guidelines_multilang(saveas).pdf,saveas,fontfile,11532,30144,789c,"zlib:level=6,memLevel=7,strategy=0"
original/saveas/text/green_energy_sustainable_living_guidelines_multilang(saveas).pdf,saveas,tounicode,514,1397,789c,zlib:level=6
original/saveas/text/green_energy_sustainable_living_guidelines_multilang(saveas).pdf,saveas,fontfile,12104,43280,789c,"zlib:level=6,memLevel=7,strategy=0"
original/saveas/text/green_energy_sustainable_living_guidelines_multilang(saveas).pdf,saveas,tounicode,664,1966,789c,zlib:level=6
original/saveas/text/green_energy_sustainable_living_guidelines_multilang(saveas).pdf,saveas,fontfile,15600,35692,789c,"zlib:level=6,memLevel=7,strategy=0"
original/saveas/text/green_energy_sustainable_living_guidelines_multilang(saveas).pdf,saveas,xref,2935,10374,789c,zlib:level=6
original/saveas/text/health_wellbeing_digital_age_guidelines_multilang(saveas).pdf,saveas,content,3117,21518,789c,"zlib:level=6,memLevel=5,strategy=0"
original/saveas/text/health_wellbeing_digital_age_guidelines_multilang(saveas).pdf,saveas,content,2351,19606,789c,zlib:level=6
original/saveas/text/health_wellbeing_digital_age_guidelines_multilang(saveas).pdf,saveas,content,6844,79765,789c,zlib:level=6
original/saveas/text/health_wellbeing_digital_age_guidelines_multilang(saveas).pdf,saveas,content,2949,19621,789c,zlib:level=6
original/saveas/text/health_wellbeing_digital_age_guidelines_multilang(saveas).pdf,saveas,content,3370,21549,789c,"zlib:level=6,memLevel=7,strategy=0"
original/saveas/text/health_wellbeing_digital_age_guidelines_multilang(saveas).pdf,saveas,content,7038,80885,789c,zlib:level=6
original/saveas/text/health_wellbeing_digital_age_guidelines_multilang(saveas).pdf,saveas,objstm,4681,40056,789c,"zlib:level=6,memLevel=7,strategy=0"
original/saveas/text/health_wellbeing_digital_age_guidelines_multilang(saveas).pdf,saveas,objstm,5896,44461,789c,"zlib:level=6,memLevel=7,strategy=0"
original/saveas/text/health_wellbeing_digital_age_guidelines_multilang(saveas).pdf,saveas,objstm,7190,48914,789c,"zlib:level=6,memLevel=7,strategy=0"
original/saveas/text/health_wellbeing_digital_age_guidelines_multilang(saveas).pdf,saveas,fontfile,6972,22476,789c,"zlib:level=6,memLevel=7,strategy=0"
original/saveas/text/health_wellbeing_digital_age_guidelines_multilang(saveas).pdf,saveas,fontfile,16549,88548,789c,"zlib:level=6,memLevel=7,strategy=0"
original/saveas/text/health_wellbeing_digital_age_guidelines_multilang(saveas).pdf,saveas,fontfile,10551,17068,789c,"zlib:level=6,memLevel=7,strategy=0"
original/saveas/text/health_wellbeing_digital_age_guidelines_multilang(saveas).pdf,saveas,fontfile,25892,81056,789c,"zlib:level=6,memLevel=7,strategy=0"
original/saveas/text/health_wellbeing_digital_age_guidelines_multilang(saveas).pdf,saveas,tounicode,304,492,789c,zlib:level=6
original/saveas/text/health_wellbeing_digital_age_guidelines_multilang(saveas).pdf,saveas,fontfile,6699,56548,789c,zlib:level=6
original/saveas/text/health_wellbeing_digital_age_guidelines_multilang(saveas).pdf,saveas,tounicode,1411,3599,789c,zlib:level=6
original/saveas/text/health_wellbeing_digital_age_guidelines_multilang(saveas).pdf,saveas,fontfile,36532,95260,789c,"zlib:level=6,memLevel=7,strategy=0"
original/saveas/text/health_wellbeing_digital_age_guidelines_multilang(saveas).pdf,saveas,tounicode,378,779,789c,zlib:level=6
original/saveas/text/health_wellbeing_digital_age_guidelines_multilang(saveas).pdf,saveas,fontfile,4158,12436,789c,zlib:level=6
original/saveas/text/health_wellbeing_digital_age_guidelines_multilang(saveas).pdf,saveas,tounicode,647,1820,789c,zlib:level=6
original/saveas/text/health_wellbeing_digital_age_guidelines_multilang(saveas).pdf,saveas,fontfile,23719,58640,789c,"zlib:level=6,memLevel=7,strategy=0"
original/saveas/text/health_wellbeing_digital_age_guidelines_multilang(saveas).pdf,saveas,fontfile,7435,20996,789c,"zlib:level=6,memLevel=7,strategy=0"
original/saveas/text/health_wellbeing_digital_age_guidelines_multilang(saveas).pdf,saveas,tounicode,337,628,789c,zlib:level=6
original/saveas/text/health_wellbeing_digital_age_guidelines_multilang(saveas).pdf,saveas,fontfile,12685,30416,789c,"zlib:level=6,memLevel=7,strategy=0"
original/saveas/text/health_wellbeing_digital_age_guidelines_multilang(saveas).pdf,saveas,fontfile,6007,12544,789c,"zlib:level=6,memLevel=7,strategy=0"
original/saveas/text/health_wellbeing_digital_age_guidelines_multilang(saveas).pdf,saveas,tounicode,456,1110,789c,zlib:level=6
original/saveas/text/health_wellbeing_digital_age_guidelines_multilang(saveas).pdf,saveas,fontfile,7827,14952,789c,zlib:level=6
original/saveas/text/health_wellbeing_digital_age_guidelines_multilang(saveas).pdf,saveas,tounicode,368,751,789c,zlib:level=6
original/saveas/text/health_wellbeing_digital_age_guidelines_multilang(saveas).pdf,saveas,fontfile,7917,25592,789c,zlib:level=6
original/saveas/text/health_wellbeing_digital_age_guidelines_multilang(saveas).pdf,saveas,tounicode,641,1690,789c,zlib:level=6
original/saveas/text/health_wellbeing_digital_age_guidelines_multilang(saveas).pdf,saveas,fontfile,7770,18164,789c,"zlib:level=6,memLevel=7,strategy=0"
original/saveas/text/health_wellbeing_digital_age_guidelines_multilang(saveas).pdf,saveas,xref,3010,10864,789c,"zlib:level=6,memLevel=7,strategy=0"
original/saveas/text/illegal_item_trading_money_laundering_in_games(saveas).pdf,saveas,content,2504,15505,789c,zlib:level=6
original/saveas/text/illegal_item_trading_money_laundering_in_games(saveas).pdf,saveas,content,2058,14980,789c,zlib:level=6
original/saveas/text/illegal_item_trading_money_laundering_in_games(saveas).pdf,saveas,content,4848,45299,789c,zlib:level=6
original/saveas/text/illegal_item_trading_money_laundering_in_games(saveas).pdf,saveas,content,2568,14702,789c,zlib:level=6
original/saveas/text/illegal_item_trading_money_laundering_in_games(saveas).pdf,saveas,content,2875,16545,789c,zlib:level=6
original/saveas/text/illegal_item_trading_money_laundering_in_games(saveas).pdf,saveas,content,4814,48164,789c,zlib:level=6
original/saveas/text/illegal_item_trading_money_laundering_in_games(saveas).pdf,saveas,objstm,5757,40124,789c,"zlib:level=6,memLevel=7,strategy=0"
original/saveas/text/illegal_item_trading_money_laundering_in_games(saveas).pdf,saveas,objstm,5858,40963,789c,"zlib:level=6,memLevel=7,strategy=0"
original/saveas/text/illegal_item_trading_money_laundering_in_games(saveas).pdf,saveas,objstm,2971,10879,789c,"zlib:level=6,memLevel=7,strategy=0"
original/saveas/text/illegal_item_trading_money_laundering_in_games(saveas).pdf,saveas,tounicode,227,337,789c,zlib:level=6
original/saveas/text/illegal_item_trading_money_laundering_in_games(saveas).pdf,saveas,fontfile,10172,33584,789c,"zlib:level=6,memLevel=7,strategy=0"
original/saveas/text/illegal_item_trading_money_laundering_in_games(saveas).pdf,saveas,tounicode,227,337,789c,zlib:level=6
original/saveas/text/illegal_item_trading_money_laundering_in_games(saveas).pdf,saveas,fontfile,18576,43716,789c,"zlib:level=6,memLevel=7,strategy=0"
original/saveas/text/illegal_item_trading_money_laundering_in_games(saveas).pdf,saveas,fontfile,4777,11600,789c,"zlib:level=6,memLevel=7,strategy=0"
original/saveas/text/illegal_item_trading_money_laundering_in_games(saveas).pdf,saveas,tounicode,304,555,789c,zlib:level=6
original/saveas/text/illegal_item_trading_money_laundering_in_games(saveas).pdf,saveas,fontfile,19727,117092,789c,"zlib:level=6,memLevel=7,strategy=0"
original/saveas/text/illegal_item_trading_money_laundering_in_games(saveas).pdf,saveas,fontfile,19389,81740,789c,"zlib:level=6,memLevel=7,strategy=0"
original/saveas/text/illegal_item_trading_money_laundering_in_games(saveas).pdf,saveas,tounicode,408,702,789c,zlib:level=6
original/saveas/text/illegal_item_trading_money_laundering_in_games(saveas).pdf,saveas,fontfile,14499,77472,789c,"zlib:level=6,memLevel=7,strategy=0"
original/saveas/text/illegal_item_trading_money_laundering_in_games(saveas).pdf,saveas,tounicode,614,1216,789c,zlib:level=6
original/saveas/text/illegal_item_trading_money_laundering_in_games(saveas).pdf,saveas,fontfile,38557,79712,789c,"zlib:level=6,memLevel=7,strategy=0"
original/saveas/text/illegal_item_trading_money_laundering_in_games(saveas).pdf,saveas,tounicode,701,1514,789c,zlib:level=6
original/saveas/text/illegal_item_trading_money_laundering_in_games(saveas).pdf,saveas,fontfile,23086,82464,789c,"zlib:level=6,memLevel=7,strategy=0"
original/saveas/text/illegal_item_trading_money_laundering_in_games(saveas).pdf,saveas,tounicode,476,1090,789c,zlib:level=6
original/saveas/text/illegal_item_trading_money_laundering_in_games(saveas).pdf,saveas,fontfile,13479,34856,789c,"zlib:level=6,memLevel=7,strategy=0"
original/saveas/text/illegal_item_trading_money_laundering_in_games(saveas).pdf,saveas,tounicode,526,1352,789c,zlib:level=6
original/saveas/text/illegal_item_trading_money_laundering_in_games(saveas).pdf,saveas,fontfile,18052,43328,789c,"zlib:level=6,memLevel=7,strategy=0"
original/saveas/text/illegal_item_trading_money_laundering_in_games(saveas).pdf,saveas,tounicode,554,1389,789c,zlib:level=6
original/saveas/text/illegal_item_trading_money_laundering_in_games(saveas).pdf,saveas,fontfile,10293,23500,789c,"zlib:level=6,memLevel=7,strategy=0"
original/saveas/text/illegal_item_trading_money_laundering_in_games(saveas).pdf,saveas,tounicode,226,337,789c,zlib:level=6
original/saveas/text/illegal_item_trading_money_laundering_in_games(saveas).pdf,saveas,fontfile,6486,15272,789c,zlib:level=6
original/saveas/text/illegal_item_trading_money_laundering_in_games(saveas).pdf,saveas,fontfile,9640,35928,789c,"zlib:level=6,memLevel=7,strategy=0"
original/saveas/text/illegal_item_trading_money_laundering_in_games(saveas).pdf,saveas,tounicode,334,613,789c,zlib:level=6
original/saveas/text/illegal_item_trading_money_laundering_in_games(saveas).pdf,saveas,fontfile,11418,28420,789c,"zlib:level=6,memLevel=7,strategy=0"
original/saveas/text/illegal_item_trading_money_laundering_in_games(saveas).pdf,saveas,tounicode,226,337,789c,zlib:level=6
original/saveas/text/illegal_item_trading_money_laundering_in_games(saveas).pdf,saveas,fontfile,23022,92336,789c,"zlib:level=6,memLevel=7,strategy=0"
original/saveas/text/illegal_item_trading_money_laundering_in_games(saveas).pdf,saveas,tounicode,393,882,789c,zlib:level=6
original/saveas/text/illegal_item_trading_money_laundering_in_games(saveas).pdf,saveas,fontfile,6292,13104,789c,"zlib:level=6,memLevel=7,strategy=0"
original/saveas/text/illegal_item_trading_money_laundering_in_games(saveas).pdf,saveas,tounicode,404,903,789c,zlib:level=6
original/saveas/text/illegal_item_trading_money_laundering_in_games(saveas).pdf,saveas,fontfile,5444,11088,789c,zlib:level=6
original/saveas/text/illegal_item_trading_money_laundering_in_games(saveas).pdf,saveas,tounicode,417,853,789c,zlib:level=6
original/saveas/text/illegal_item_trading_money_laundering_in_games(saveas).pdf,saveas,fontfile,14889,33400,789c,"zlib:level=6,memLevel=7,strategy=0"
original/saveas/text/illegal_item_trading_money_laundering_in_games(saveas).pdf,saveas,tounicode,519,1393,789c,zlib:level=6
original/saveas/text/illegal_item_trading_money_laundering_in_games(saveas).pdf,saveas,fontfile,15431,36484,789c,"zlib:level=6,memLevel=7,strategy=0"
original/saveas/text/illegal_item_trading_money_laundering_in_games(saveas).pdf,saveas,tounicode,558,1551,789c,zlib:level=6
original/saveas/text/illegal_item_trading_money_laundering_in_games(saveas).pdf,saveas,fontfile,13306,42404,789c,"zlib:level=6,memLevel=7,strategy=0"
original/saveas/text/illegal_item_trading_money_laundering_in_games(saveas).pdf,saveas,tounicode,624,1971,789c,zlib:level=6
original/saveas/text/illegal_item_trading_money_laundering_in_games(saveas).pdf,saveas,fontfile,14190,32392,789c,"zlib:level=6,memLevel=7,strategy=0"
original/saveas/text/illegal_item_trading_money_laundering_in_games(saveas).pdf,saveas,xref,2586,8820,789c,"zlib:level=6,memLevel=7,strategy=0"
original/saveas/text/messenger_app_data_misuse_investigation(saveas).pdf,saveas,content,2023,11994,789c,zlib:level=6
original/saveas/text/messenger_app_data_misuse_investigation(saveas).pdf,saveas,content,1959,14526,789c,zlib:level=6
original/saveas/text/messenger_app_data_misuse_investigation(saveas).pdf,saveas,content,3783,36232,789c,zlib:level=6
original/saveas/text/messenger_app_data_misuse_investigation(saveas).pdf,saveas,content,2118,12188,789c,zlib:level=6
original/saveas/text/messenger_app_data_misuse_investigation(saveas).pdf,saveas,content,2389,14521,789c,zlib:level=6
original/saveas/text/messenger_app_data_misuse_investigation(saveas).pdf,saveas,content,3940,40440,789c,zlib:level=6
original/saveas/text/messenger_app_data_misuse_investigation(saveas).pdf,saveas,objstm,5942,39932,789c,"zlib:level=6,memLevel=7,strategy=0"
original/saveas/text/messenger_app_data_misuse_investigation(saveas).pdf,saveas,objstm,6546,38032,789c,"zlib:level=6,memLevel=7,strategy=0"
original/saveas/text/messenger_app_data_misuse_investigation(saveas).pdf,saveas,tounicode,225,337,789c,zlib:level=6
original/saveas/text/messenger_app_data_misuse_investigation(saveas).pdf,saveas,fontfile,5599,10152,789c,zlib:level=6
original/saveas/text/messenger_app_data_misuse_investigation(saveas).pdf,saveas,fontfile,20425,118240,789c,"zlib:level=6,memLevel=7,strategy=0"
original/saveas/text/messenger_app_data_misuse_investigation(saveas).pdf,saveas,tounicode,226,337,789c,zlib:level=6
original/saveas/text/messenger_app_data_misuse_investigation(saveas).pdf,saveas,fontfile,6033,11088,789c,zlib:level=6
original/saveas/text/messenger_app_data_misuse_investigation(saveas).pdf,saveas,fontfile,18204,58484,789c,"zlib:level=6,memLevel=7,strategy=0"
original/saveas/text/messenger_app_data_misuse_investigation(saveas).pdf,saveas,fontfile,19389,81740,789c,"zlib:level=6,memLevel=7,strategy=0"
original/saveas/text/messenger_app_data_misuse_investigation(saveas).pdf,saveas,tounicode,415,730,789c,zlib:level=6
original/saveas/text/messenger_app_data_misuse_investigation(saveas).pdf,saveas,fontfile,6708,54148,789c,"zlib:level=6,memLevel=7,strategy=0"
original/saveas/text/messenger_app_data_misuse_investigation(saveas).pdf,saveas,tounicode,857,1924,789c,zlib:level=6
original/saveas/text/messenger_app_data_misuse_investigation(saveas).pdf,saveas,fontfile,29020,92148,789c,"zlib:level=6,memLevel=7,strategy=0"
original/saveas/text/messenger_app_data_misuse_investigation(saveas).pdf,saveas,tounicode,226,337,789c,zlib:level=6
original/saveas/text/messenger_app_data_misuse_investigation(saveas).pdf,saveas,fontfile,23041,92372,789c,"zlib:level=6,memLevel=7,strategy=0"
original/saveas/text/messenger_app_data_misuse_investigation(saveas).pdf,saveas,fontfile,1545,33084,789c,zlib:level=6
original/saveas/text/messenger_app_data_misuse_investigation(saveas).pdf,saveas,tounicode,451,1012,789c,zlib:level=6
original/saveas/text/messenger_app_data_misuse_investigation(saveas).pdf,saveas,fontfile,4488,13280,789c,zlib:level=6
original/saveas/text/messenger_app_data_misuse_investigation(saveas).pdf,saveas,tounicode,617,1703,789c,zlib:level=6
original/saveas/text/messenger_app_data_misuse_investigation(saveas).pdf,saveas,fontfile,14131,27904,789c,"zlib:level=6,memLevel=7,strategy=0"
original/saveas/text/messenger_app_data_misuse_investigation(saveas).pdf,saveas,tounicode,225,337,789c,zlib:level=6
original/saveas/text/messenger_app_data_misuse_investigation(saveas).pdf,saveas,fontfile,7990,22120,789c,"zlib:level=6,memLevel=7,strategy=0"
original/saveas/text/messenger_app_data_misuse_investigation(saveas).pdf,saveas,tounicode,334,642,789c,zlib:level=6
original/saveas/text/messenger_app_data_misuse_investigation(saveas).pdf,saveas,fontfile,12882,30104,789c,"zlib:level=6,memLevel=7,strategy=0"
original/saveas/text/messenger_app_data_misuse_investigation(saveas).pdf,saveas,tounicode,225,337,789c,zlib:level=6
original/saveas/text/messenger_app_data_misuse_investigation(saveas).pdf,saveas,fontfile,4714,8572,789c,zlib:level=6
original/saveas/text/messenger_app_data_misuse_investigation(saveas).pdf,saveas,tounicode,466,1237,789c,zlib:level=6
original/saveas/text/messenger_app_data_misuse_investigation(saveas).pdf,saveas,fontfile,4392,10568,789c,"zlib:level=6,memLevel=7,strategy=0"
original/saveas/text/messenger_app_data_misuse_investigation(saveas).pdf,saveas,tounicode,640,1937,789c,zlib:level=6
original/saveas/text/messenger_app_data_misuse_investigation(saveas).pdf,saveas,fontfile,15030,34248,789c,"zlib:level=6,memLevel=7,strategy=0"
original/saveas/text/messenger_app_data_misuse_investigation(saveas).pdf,saveas,xref,2207,7441,789c,zlib:level=6
original/saveas/text/open_source_software_contribution_guidelines_multilang(saveas).pdf,saveas,content,3723,24169,789c,zlib:level=6
original/saveas/text/open_source_software_contribution_guidelines_multilang(saveas).pdf,saveas,content,2480,20000,789c,zlib:level=6
original/saveas/text/open_source_software_contribution_guidelines_multilang(saveas).pdf,saveas,content,7960,89113,789c,"zlib:level=6,memLevel=7,strategy=0"
original/saveas/text/open_source_software_contribution_guidelines_multilang(saveas).pdf,saveas,content,3242,21062,789c,zlib:level=6
original/saveas/text/open_source_software_contribution_guidelines_multilang(saveas).pdf,saveas,content,3542,22233,789c,zlib:level=6
original/saveas/text/open_source_software_contribution_guidelines_multilang(saveas).pdf,saveas,content,7213,81267,789c,zlib:level=6
original/saveas/text/open_source_software_contribution_guidelines_multilang(saveas).pdf,saveas,objstm,4738,40280,789c,"zlib:level=6,memLevel=7,strategy=0"
original/saveas/text/open_source_software_contribution_guidelines_multilang(saveas).pdf,saveas,objstm,5712,44303,789c,zlib:level=6
original/saveas/text/open_source_software_contribution_guidelines_multilang(saveas).pdf,saveas,objstm,4498,40751,789c,zlib:level=6
original/saveas/text/open_source_software_contribution_guidelines_multilang(saveas).pdf,saveas,objstm,3740,18004,789c,"zlib:level=6,memLevel=7,strategy=0"
original/saveas/text/open_source_software_contribution_guidelines_multilang(saveas).pdf,saveas,fontfile,6945,12308,789c,zlib:level=6
original/saveas/text/open_source_software_contribution_guidelines_multilang(saveas).pdf,saveas,fontfile,4174,10900,789c,"zlib:level=6,memLevel=7,strategy=0"
original/saveas/text/open_source_software_contribution_guidelines_multilang(saveas).pdf,saveas,fontfile,25892,81056,789c,"zlib:level=6,memLevel=7,strategy=0"
original/saveas/text/open_source_software_contribution_guidelines_multilang(saveas).pdf,saveas,tounicode,402,887,789c,zlib:level=6
original/saveas/text/open_source_software_contribution_guidelines_multilang(saveas).pdf,saveas,fontfile,16224,45080,789c,"zlib:level=6,memLevel=7,strategy=0"
original/saveas/text/open_source_software_contribution_guidelines_multilang(saveas).pdf,saveas,tounicode,1429,3775,789c,zlib:level=6
original/saveas/text/open_source_software_contribution_guidelines_multilang(saveas).pdf,saveas,fontfile,49103,124664,789c,"zlib:level=6,memLevel=7,strategy=0"
original/saveas/text/open_source_software_contribution_guidelines_multilang(saveas).pdf,saveas,tounicode,493,955,789c,zlib:level=6
original/saveas/text/open_source_software_contribution_guidelines_multilang(saveas).pdf,saveas,fontfile,17684,84380,789c,"zlib:level=6,memLevel=7,strategy=0"
original/saveas/text/open_source_software_contribution_guidelines_multilang(saveas).pdf,saveas,fontfile,22998,85136,789c,"zlib:level=6,memLevel=7,strategy=0"
original/saveas/text/open_source_software_contribution_guidelines_multilang(saveas).pdf,saveas,tounicode,366,731,789c,zlib:level=6
original/saveas/text/open_source_software_contribution_guidelines_multilang(saveas).pdf,saveas,fontfile,6744,17832,789c,zlib:level=6
original/saveas/text/open_source_software_contribution_guidelines_multilang(saveas).pdf,saveas,tounicode,479,1162,789c,zlib:level=6
original/saveas/text/open_source_software_contribution_guidelines_multilang(saveas).pdf,saveas,fontfile,5868,15400,789c,zlib:level=6
original/saveas/text/open_source_software_contribution_guidelines_multilang(saveas).pdf,saveas,tounicode,814,2428,789c,zlib:level=6
original/saveas/text/open_source_software_contribution_guidelines_multilang(saveas).pdf,saveas,fontfile,10060,26952,789c,zlib:level=6
original/saveas/text/open_source_software_contribution_guidelines_multilang(saveas).pdf,saveas,fontfile,6153,15020,789c,"zlib:level=6,memLevel=7,strategy=0"
original/saveas/text/open_source_software_contribution_guidelines_multilang(saveas).pdf,saveas,fontfile,7715,33184,789c,"zlib:level=6,memLevel=7,strategy=0"
original/saveas/text/open_source_software_contribution_guidelines_multilang(saveas).pdf,saveas,fontfile,11343,28520,789c,"zlib:level=6,memLevel=7,strategy=0"
original/saveas/text/open_source_software_contribution_guidelines_multilang(saveas).pdf,saveas,fontfile,7649,23920,789c,"zlib:level=6,memLevel=7,strategy=0"
original/saveas/text/open_source_software_contribution_guidelines_multilang(saveas).pdf,saveas,fontfile,6517,14040,789c,"zlib:level=6,memLevel=7,strategy=0"
original/saveas/text/open_source_software_contribution_guidelines_multilang(saveas).pdf,saveas,tounicode,328,640,789c,zlib:level=6
original/saveas/text/open_source_software_contribution_guidelines_multilang(saveas).pdf,saveas,fontfile,6398,12320,789c,zlib:level=6
original/saveas/text/open_source_software_contribution_guidelines_multilang(saveas).pdf,saveas,tounicode,366,727,789c,zlib:level=6
original/saveas/text/open_source_software_contribution_guidelines_multilang(saveas).pdf,saveas,fontfile,14200,33828,789c,"zlib:level=6,memLevel=7,strategy=0"
original/saveas/text/open_source_software_contribution_guidelines_multilang(saveas).pdf,saveas,tounicode,514,1404,789c,zlib:level=6
original/saveas/text/open_source_software_contribution_guidelines_multilang(saveas).pdf,saveas,fontfile,10692,34120,789c,"zlib:level=6,memLevel=7,strategy=0"
original/saveas/text/open_source_software_contribution_guidelines_multilang(saveas).pdf,saveas,tounicode,690,2080,789c,zlib:level=6
original/saveas/text/open_source_software_contribution_guidelines_multilang(saveas).pdf,saveas,fontfile,15718,35704,789c,"zlib:level=6,memLevel=7,strategy=0"
original/saveas/text/open_source_software_contribution_guidelines_multilang(saveas).pdf,saveas,xref,3286,11823,789c,"zlib:level=6,memLevel=7,strategy=0"
original/saveas/text/personal_finance_cyber_fraud_prevention_guidelines_multilang(saveas).pdf,saveas,content,3236,21963,789c,zlib:level=6
original/saveas/text/personal_finance_cyber_fraud_prevention_guidelines_multilang(saveas).pdf,saveas,content,2350,20201,789c,zlib:level=6
original/saveas/text/personal_finance_cyber_fraud_prevention_guidelines_multilang(saveas).pdf,saveas,content,7533,88501,789c,"zlib:level=6,memLevel=7,strategy=0"
original/saveas/text/personal_finance_cyber_fraud_prevention_guidelines_multilang(saveas).pdf,saveas,content,3315,22712,789c,zlib:level=6
original/saveas/text/personal_finance_cyber_fraud_prevention_guidelines_multilang(saveas).pdf,saveas,content,3776,24953,789c,zlib:level=6
original/saveas/text/personal_finance_cyber_fraud_prevention_guidelines_multilang(saveas).pdf,saveas,content,7642,90605,789c,zlib:level=6
original/saveas/text/personal_finance_cyber_fraud_prevention_guidelines_multilang(saveas).pdf,saveas,objstm,4731,40288,789c,"zlib:level=6,memLevel=7,strategy=0"
original/saveas/text/personal_finance_cyber_fraud_prevention_guidelines_multilang(saveas).pdf,saveas,objstm,5750,44315,789c,zlib:level=6
original/saveas/text/personal_finance_cyber_fraud_prevention_guidelines_multilang(saveas).pdf,saveas,objstm,4529,40782,789c,zlib:level=6
original/saveas/text/personal_finance_cyber_fraud_prevention_guidelines_multilang(saveas).pdf,saveas,objstm,4453,23799,789c,"zlib:level=6,memLevel=7,strategy=0"
original/saveas/text/personal_finance_cyber_fraud_prevention_guidelines_multilang(saveas).pdf,saveas,fontfile,5852,10544,789c,zlib:level=6
original/saveas/text/personal_finance_cyber_fraud_prevention_guidelines_multilang(saveas).pdf,saveas,fontfile,5742,12820,789c,"zlib:level=6,memLevel=7,strategy=0"
original/saveas/text/personal_finance_cyber_fraud_prevention_guidelines_multilang(saveas).pdf,saveas,fontfile,8927,18812,789c,"zlib:level=6,memLevel=7,strategy=0"
original/saveas/text/personal_finance_cyber_fraud_prevention_guidelines_multilang(saveas).pdf,saveas,fontfile,22998,85136,789c,"zlib:level=6,memLevel=7,strategy=0"
original/saveas/text/personal_finance_cyber_fraud_prevention_guidelines_multilang(saveas).pdf,saveas,tounicode,312,506,789c,zlib:level=6
original/saveas/text/personal_finance_cyber_fraud_prevention_guidelines_multilang(saveas).pdf,saveas,fontfile,10250,44540,789c,"zlib:level=6,memLevel=7,strategy=0"
original/saveas/text/personal_finance_cyber_fraud_prevention_guidelines_multilang(saveas).pdf,saveas,tounicode,1371,3561,789c,zlib:level=6
original/saveas/text/personal_finance_cyber_fraud_prevention_guidelines_multilang(saveas).pdf,saveas,fontfile,64855,175268,789c,"zlib:level=6,memLevel=7,strategy=0"
original/saveas/text/personal_finance_cyber_fraud_prevention_guidelines_multilang(saveas).pdf,saveas,tounicode,398,689,789c,zlib:level=6
original/saveas/text/personal_finance_cyber_fraud_prevention_guidelines_multilang(saveas).pdf,saveas,fontfile,9229,60048,789c,"zlib:level=6,memLevel=7,strategy=0"
original/saveas/text/personal_finance_cyber_fraud_prevention_guidelines_multilang(saveas).pdf,saveas,fontfile,25892,81056,789c,"zlib:level=6,memLevel=7,strategy=0"
original/saveas/text/personal_finance_cyber_fraud_prevention_guidelines_multilang(saveas).pdf,saveas,tounicode,387,805,789c,zlib:level=6
original/saveas/text/personal_finance_cyber_fraud_prevention_guidelines_multilang(saveas).pdf,saveas,fontfile,8194,20784,789c,zlib:level=6
original/saveas/text/personal_finance_cyber_fraud_prevention_guidelines_multilang(saveas).pdf,saveas,tounicode,684,1826,789c,zlib:level=6
original/saveas/text/personal_finance_cyber_fraud_prevention_guidelines_multilang(saveas).pdf,saveas,fontfile,13749,27476,789c,"zlib:level=6,memLevel=7,strategy=0"
original/saveas/text/personal_finance_cyber_fraud_prevention_guidelines_multilang(saveas).pdf,saveas,tounicode,400,790,789c,zlib:level=6
original/saveas/text/personal_finance_cyber_fraud_prevention_guidelines_multilang(saveas).pdf,saveas,fontfile,4095,12456,789c,zlib:level=6
original/saveas/text/personal_finance_cyber_fraud_prevention_guidelines_multilang(saveas).pdf,saveas,fontfile,5788,14376,789c,"zlib:level=6,memLevel=7,strategy=0"
original/saveas/text/personal_finance_cyber_fraud_prevention_guidelines_multilang(saveas).pdf,saveas,fontfile,12755,30440,789c,"zlib:level=6,memLevel=7,strategy=0"
original/saveas/text/personal_finance_cyber_fraud_prevention_guidelines_multilang(saveas).pdf,saveas,fontfile,7911,22124,789c,"zlib:level=6,memLevel=7,strategy=0"
original/saveas/text/personal_finance_cyber_fraud_prevention_guidelines_multilang(saveas).pdf,saveas,fontfile,3556,8516,789c,zlib:level=6
original/saveas/text/personal_finance_cyber_fraud_prevention_guidelines_multilang(saveas).pdf,saveas,tounicode,410,824,789c,zlib:level=6
original/saveas/text/personal_finance_cyber_fraud_prevention_guidelines_multilang(saveas).pdf,saveas,fontfile,14690,32812,789c,"zlib:level=6,memLevel=7,strategy=0"
original/saveas/text/personal_finance_cyber_fraud_prevention_guidelines_multilang(saveas).pdf,saveas,fontfile,4358,7844,789c,"zlib:level=6,memLevel=7,strategy=0"
original/saveas/text/personal_finance_cyber_fraud_prevention_guidelines_multilang(saveas).pdf,saveas,tounicode,413,954,789c,zlib:level=6
original/saveas/text/personal_finance_cyber_fraud_prevention_guidelines_multilang(saveas).pdf,saveas,fontfile,8581,21316,789c,zlib:level=6
original/saveas/text/personal_finance_cyber_fraud_prevention_guidelines_multilang(saveas).pdf,saveas,tounicode,645,1700,789c,zlib:level=6
original/saveas/text/personal_finance_cyber_fraud_prevention_guidelines_multilang(saveas).pdf,saveas,fontfile,7787,18068,789c,"zlib:level=6,memLevel=7,strategy=0"
original/saveas/text/personal_finance_cyber_fraud_prevention_guidelines_multilang(saveas).pdf,saveas,tounicode,435,1045,789c,zlib:level=6
original/saveas/text/personal_finance_cyber_fraud_prevention_guidelines_multilang(saveas).pdf,saveas,fontfile,10328,32492,789c,"zlib:level=6,memLevel=7,strategy=0"
original/saveas/text/personal_finance_cyber_fraud_prevention_guidelines_multilang(saveas).pdf,saveas,xref,3398,12250,789c,zlib:level=6
original/saveas/text/remote_work_home_office_guidelines(saveas).pdf,saveas,content,2884,20518,789c,zlib:level=6
original/saveas/text/remote_work_home_office_guidelines(saveas).pdf,saveas,content,2110,17378,789c,zlib:level=6
original/saveas/text/remote_work_home_office_guidelines(saveas).pdf,saveas,content,6576,72468,789c,zlib:level=6
original/saveas/text/remote_work_home_office_guidelines(saveas).pdf,saveas,content,2834,18542,789c,zlib:level=6
original/saveas/text/remote_work_home_office_guidelines(saveas).pdf,saveas,content,3351,21399,789c,"zlib:level=6,memLevel=6,strategy=0"
original/saveas/text/remote_work_home_office_guidelines(saveas).pdf,saveas,content,6691,72409,789c,zlib:level=6
original/saveas/text/remote_work_home_office_guidelines(saveas).pdf,saveas,objstm,4679,40120,789c,"zlib:level=6,memLevel=7,strategy=0"
original/saveas/text/remote_work_home_office_guidelines(saveas).pdf,saveas,objstm,5719,43996,789c,"zlib:level=6,memLevel=7,strategy=0"
original/saveas/text/remote_work_home_office_guidelines(saveas).pdf,saveas,objstm,5824,38206,789c,"zlib:level=6,memLevel=7,strategy=0"
original/saveas/text/remote_work_home_office_guidelines(saveas).pdf,saveas,fontfile,6913,12268,789c,zlib:level=6
original/saveas/text/remote_work_home_office_guidelines(saveas).pdf,saveas,fontfile,25892,81056,789c,"zlib:level=6,memLevel=7,strategy=0"
original/saveas/text/remote_work_home_office_guidelines(saveas).pdf,saveas,fontfile,16889,89132,789c,"zlib:level=6,memLevel=7,strategy=0"
original/saveas/text/remote_work_home_office_guidelines(saveas).pdf,saveas,fontfile,11991,23220,789c,"zlib:level=6,memLevel=7,strategy=0"
original/saveas/text/remote_work_home_office_guidelines(saveas).pdf,saveas,tounicode,292,449,789c,zlib:level=6
original/saveas/text/remote_work_home_office_guidelines(saveas).pdf,saveas,fontfile,3187,49732,789c,zlib:level=6
original/saveas/text/remote_work_home_office_guidelines(saveas).pdf,saveas,tounicode,500,989,789c,zlib:level=6
original/saveas/text/remote_work_home_office_guidelines(saveas).pdf,saveas,fontfile,12960,65832,789c,"zlib:level=6,memLevel=7,strategy=0"
original/saveas/text/remote_work_home_office_guidelines(saveas).pdf,saveas,tounicode,1183,2970,789c,zlib:level=6
original/saveas/text/remote_work_home_office_guidelines(saveas).pdf,saveas,fontfile,101599,200564,789c,"zlib:level=6,memLevel=7,strategy=0"
original/saveas/text/remote_work_home_office_guidelines(saveas).pdf,saveas,tounicode,328,616,789c,zlib:level=6
original/saveas/text/remote_work_home_office_guidelines(saveas).pdf,saveas,fontfile,3694,11688,789c,zlib:level=6
original/saveas/text/remote_work_home_office_guidelines(saveas).pdf,saveas,tounicode,479,1151,789c,zlib:level=6
original/saveas/text/remote_work_home_office_guidelines(saveas).pdf,saveas,fontfile,6229,16120,789c,"zlib:level=6,memLevel=7,strategy=0"
original/saveas/text/remote_work_home_office_guidelines(saveas).pdf,saveas,tounicode,727,2201,789c,zlib:level=6
original/saveas/text/remote_work_home_office_guidelines(saveas).pdf,saveas,fontfile,28398,73836,789c,"zlib:level=6,memLevel=7,strategy=0"
original/saveas/text/remote_work_home_office_guidelines(saveas).pdf,saveas,fontfile,8025,22044,789c,"zlib:level=6,memLevel=7,strategy=0"
original/saveas/text/remote_work_home_office_guidelines(saveas).pdf,saveas,fontfile,7953,21152,789c,"zlib:level=6,memLevel=7,strategy=0"
original/saveas/text/remote_work_home_office_guidelines(saveas).pdf,saveas,fontfile,4469,7564,789c,zlib:level=6
original/saveas/text/remote_work_home_office_guidelines(saveas).pdf,saveas,fontfile,4396,7712,789c,"zlib:level=6,memLevel=7,strategy=0"
original/saveas/text/remote_work_home_office_guidelines(saveas).pdf,saveas,fontfile,8418,24928,789c,"zlib:level=6,memLevel=7,strategy=0"
original/saveas/text/remote_work_home_office_guidelines(saveas).pdf,saveas,tounicode,341,682,789c,zlib:level=6
original/saveas/text/remote_work_home_office_guidelines(saveas).pdf,saveas,fontfile,6197,12180,789c,zlib:level=6
original/saveas/text/remote_work_home_office_guidelines(saveas).pdf,saveas,tounicode,370,790,789c,zlib:level=6
original/saveas/text/remote_work_home_office_guidelines(saveas).pdf,saveas,fontfile,3363,8220,789c,"zlib:level=6,memLevel=7,strategy=0"
original/saveas/text/remote_work_home_office_guidelines(saveas).pdf,saveas,tounicode,531,1438,789c,zlib:level=6
original/saveas/text/remote_work_home_office_guidelines(saveas).pdf,saveas,fontfile,9125,21596,789c,zlib:level=6
original/saveas/text/remote_work_home_office_guidelines(saveas).pdf,saveas,tounicode,697,1946,789c,zlib:level=6
original/saveas/text/remote_work_home_office_guidelines(saveas).pdf,saveas,fontfile,25632,56492,789c,"zlib:level=6,memLevel=7,strategy=0"
original/saveas/text/remote_work_home_office_guidelines(saveas).pdf,saveas,xref,2900,10290,789c,zlib:level=6
original/saveas/text/smart_city_data_privacy_guidelines_multilang(saveas).pdf,saveas,content,3495,23951,789c,"zlib:level=6,memLevel=7,strategy=0"
original/saveas/text/smart_city_data_privacy_guidelines_multilang(saveas).pdf,saveas,content,2394,20112,789c,zlib:level=6
original/saveas/text/smart_city_data_privacy_guidelines_multilang(saveas).pdf,saveas,content,7511,92468,789c,"zlib:level=6,memLevel=7,strategy=0"
original/saveas/text/smart_city_data_privacy_guidelines_multilang(saveas).pdf,saveas,content,3284,23283,789c,"zlib:level=6,memLevel=5,strategy=0"
original/saveas/text/smart_city_data_privacy_guidelines_multilang(saveas).pdf,saveas,content,3727,24518,789c,zlib:level=6
original/saveas/text/smart_city_data_privacy_guidelines_multilang(saveas).pdf,saveas,content,7658,89181,789c,"zlib:level=6,memLevel=7,strategy=0"
original/saveas/text/smart_city_data_privacy_guidelines_multilang(saveas).pdf,saveas,objstm,4745,40173,789c,"zlib:level=6,memLevel=7,strategy=0"
original/saveas/text/smart_city_data_privacy_guidelines_multilang(saveas).pdf,saveas,objstm,5783,44527,789c,zlib:level=6
original/saveas/text/smart_city_data_privacy_guidelines_multilang(saveas).pdf,saveas,objstm,4486,40684,789c,zlib:level=6
original/saveas/text/smart_city_data_privacy_guidelines_multilang(saveas).pdf,saveas,objstm,4471,23867,789c,"zlib:level=6,memLevel=7,strategy=0"
original/saveas/text/smart_city_data_privacy_guidelines_multilang(saveas).pdf,saveas,fontfile,16427,110916,789c,"zlib:level=6,memLevel=7,strategy=0"
original/saveas/text/smart_city_data_privacy_guidelines_multilang(saveas).pdf,saveas,fontfile,10237,16624,789c,"zlib:level=6,memLevel=7,strategy=0"
original/saveas/text/smart_city_data_privacy_guidelines_multilang(saveas).pdf,saveas,tounicode,335,632,789c,zlib:level=6
original/saveas/text/smart_city_data_privacy_guidelines_multilang(saveas).pdf,saveas,fontfile,7608,23976,789c,"zlib:level=6,memLevel=7,strategy=0"
original/saveas/text/smart_city_data_privacy_guidelines_multilang(saveas).pdf,saveas,fontfile,25892,81056,789c,"zlib:level=6,memLevel=7,strategy=0"
original/saveas/text/smart_city_data_privacy_guidelines_multilang(saveas).pdf,saveas,tounicode,294,464,789c,zlib:level=6
original/saveas/text/smart_city_data_privacy_guidelines_multilang(saveas).pdf,saveas,fontfile,6517,56324,789c,zlib:level=6
original/saveas/text/smart_city_data_privacy_guidelines_multilang(saveas).pdf,saveas,tounicode,1341,3386,789c,zlib:level=6
original/saveas/text/smart_city_data_privacy_guidelines_multilang(saveas).pdf,saveas,fontfile,110205,213052,789c,"zlib:level=6,memLevel=7,strategy=0"
original/saveas/text/smart_city_data_privacy_guidelines_multilang(saveas).pdf,saveas,tounicode,344,653,789c,zlib:level=6
original/saveas/text/smart_city_data_privacy_guidelines_multilang(saveas).pdf,saveas,fontfile,3087,10832,789c,zlib:level=6
original/saveas/text/smart_city_data_privacy_guidelines_multilang(saveas).pdf,saveas,tounicode,704,2082,789c,zlib:level=6
original/saveas/text/smart_city_data_privacy_guidelines_multilang(saveas).pdf,saveas,fontfile,22541,53552,789c,"zlib:level=6,memLevel=7,strategy=0"
original/saveas/text/smart_city_data_privacy_guidelines_multilang(saveas).pdf,saveas,fontfile,7619,21404,789c,"zlib:level=6,memLevel=7,strategy=0"
original/saveas/text/smart_city_data_privacy_guidelines_multilang(saveas).pdf,saveas,fontfile,9413,19356,789c,"zlib:level=6,memLevel=7,strategy=0"
original/saveas/text/smart_city_data_privacy_guidelines_multilang(saveas).pdf,saveas,fontfile,6895,19132,789c,"zlib:level=6,memLevel=7,strategy=0"
original/saveas/text/smart_city_data_privacy_guidelines_multilang(saveas).pdf,saveas,fontfile,5879,12388,789c,"zlib:level=6,memLevel=7,strategy=0"
original/saveas/text/smart_city_data_privacy_guidelines_multilang(saveas).pdf,saveas,tounicode,453,974,789c,zlib:level=6
original/saveas/text/smart_city_data_privacy_guidelines_multilang(saveas).pdf,saveas,fontfile,15207,33468,789c,"zlib:level=6,memLevel=7,strategy=0"
original/saveas/text/smart_city_data_privacy_guidelines_multilang(saveas).pdf,saveas,tounicode,368,849,789c,zlib:level=6
original/saveas/text/smart_city_data_privacy_guidelines_multilang(saveas).pdf,saveas,fontfile,6225,18420,789c,zlib:level=6
original/saveas/text/smart_city_data_privacy_guidelines_multilang(saveas).pdf,saveas,tounicode,477,1198,789c,zlib:level=6
original/saveas/text/smart_city_data_privacy_guidelines_multilang(saveas).pdf,saveas,fontfile,9490,23244,789c,"zlib:level=6,memLevel=7,strategy=0"
original/saveas/text/smart_city_data_privacy_guidelines_multilang(saveas).pdf,saveas,tounicode,649,1700,789c,zlib:level=6
original/saveas/text/smart_city_data_privacy_guidelines_multilang(saveas).pdf,saveas,fontfile,8001,19252,789c,"zlib:level=6,memLevel=7,strategy=0"
original/saveas/text/smart_city_data_privacy_guidelines_multilang(saveas).pdf,saveas,xref,3311,12110,789c,"zlib:level=6,memLevel=7,strategy=0"
original/saveas/text/smart_factory_robot_malfunction_analysis(saveas).pdf,saveas,content,2342,14970,789c,zlib:level=6
original/saveas/text/smart_factory_robot_malfunction_analysis(saveas).pdf,saveas,content,1997,15994,789c,zlib:level=6
original/saveas/text/smart_factory_robot_malfunction_analysis(saveas).pdf,saveas,content,4133,41140,789c,zlib:level=6
original/saveas/text/smart_factory_robot_malfunction_analysis(saveas).pdf,saveas,content,2576,14740,789c,zlib:level=6
original/saveas/text/smart_factory_robot_malfunction_analysis(saveas).pdf,saveas,content,2678,14631,789c,zlib:level=6
original/saveas/text/smart_factory_robot_malfunction_analysis(saveas).pdf,saveas,content,4268,43753,789c,"zlib:level=6,memLevel=7,strategy=0"
original/saveas/text/smart_factory_robot_malfunction_analysis(saveas).pdf,saveas,objstm,5757,40109,789c,"zlib:level=6,memLevel=7,strategy=0"
original/saveas/text/smart_factory_robot_malfunction_analysis(saveas).pdf,saveas,objstm,7774,46157,789c,"zlib:level=6,memLevel=7,strategy=0"
original/saveas/text/smart_factory_robot_malfunction_analysis(saveas).pdf,saveas,tounicode,225,337,789c,zlib:level=6
original/saveas/text/smart_factory_robot_malfunction_analysis(saveas).pdf,saveas,fontfile,7480,13020,789c,zlib:level=6
original/saveas/text/smart_factory_robot_malfunction_analysis(saveas).pdf,saveas,tounicode,227,337,789c,zlib:level=6
original/saveas/text/smart_factory_robot_malfunction_analysis(saveas).pdf,saveas,fontfile,18576,43716,789c,"zlib:level=6,memLevel=7,strategy=0"
original/saveas/text/smart_factory_robot_malfunction_analysis(saveas).pdf,saveas,fontfile,5944,13092,789c,"zlib:level=6,memLevel=7,strategy=0"
original/saveas/text/smart_factory_robot_malfunction_analysis(saveas).pdf,saveas,tounicode,226,337,789c,zlib:level=6
original/saveas/text/smart_factory_robot_malfunction_analysis(saveas).pdf,saveas,fontfile,23041,92372,789c,"zlib:level=6,memLevel=7,strategy=0"
original/saveas/text/smart_factory_robot_malfunction_analysis(saveas).pdf,saveas,tounicode,452,810,789c,zlib:level=6
original/saveas/text/smart_factory_robot_malfunction_analysis(saveas).pdf,saveas,fontfile,26080,61800,789c,"zlib:level=6,memLevel=7,strategy=0"
original/saveas/text/smart_factory_robot_malfunction_analysis(saveas).pdf,saveas,tounicode,877,1993,789c,zlib:level=6
original/saveas/text/smart_factory_robot_malfunction_analysis(saveas).pdf,saveas,fontfile,40113,127608,789c,"zlib:level=6,memLevel=7,strategy=0"
original/saveas/text/smart_factory_robot_malfunction_analysis(saveas).pdf,saveas,tounicode,488,1063,789c,zlib:level=6
original/saveas/text/smart_factory_robot_malfunction_analysis(saveas).pdf,saveas,fontfile,13120,32604,789c,"zlib:level=6,memLevel=7,strategy=0"
original/saveas/text/smart_factory_robot_malfunction_analysis(saveas).pdf,saveas,tounicode,671,1772,789c,zlib:level=6
original/saveas/text/smart_factory_robot_malfunction_analysis(saveas).pdf,saveas,fontfile,10001,27856,789c,zlib:level=6
original/saveas/text/smart_factory_robot_malfunction_analysis(saveas).pdf,saveas,tounicode,225,337,789c,zlib:level=6
original/saveas/text/smart_factory_robot_malfunction_analysis(saveas).pdf,saveas,fontfile,8300,22768,789c,"zlib:level=6,memLevel=7,strategy=0"
original/saveas/text/smart_factory_robot_malfunction_analysis(saveas).pdf,saveas,tounicode,346,661,789c,zlib:level=6
original/saveas/text/smart_factory_robot_malfunction_analysis(saveas).pdf,saveas,fontfile,11825,29148,789c,"zlib:level=6,memLevel=7,strategy=0"
original/saveas/text/smart_factory_robot_malfunction_analysis(saveas).pdf,saveas,tounicode,350,684,789c,zlib:level=6
original/saveas/text/smart_factory_robot_malfunction_analysis(saveas).pdf,saveas,fontfile,6438,13436,789c,"zlib:level=6,memLevel=7,strategy=0"
original/saveas/text/smart_factory_robot_malfunction_analysis(saveas).pdf,saveas,tounicode,452,976,789c,zlib:level=6
original/saveas/text/smart_factory_robot_malfunction_analysis(saveas).pdf,saveas,fontfile,14595,33308,789c,"zlib:level=6,memLevel=7,strategy=0"
original/saveas/text/smart_factory_robot_malfunction_analysis(saveas).pdf,saveas,fontfile,19389,81740,789c,"zlib:level=6,memLevel=7,strategy=0"
original/saveas/text/smart_factory_robot_malfunction_analysis(saveas).pdf,saveas,tounicode,498,1293,789c,zlib:level=6
original/saveas/text/smart_factory_robot_malfunction_analysis(saveas).pdf,saveas,fontfile,11630,37516,789c,"zlib:level=6,memLevel=7,strategy=0"
original/saveas/text/smart_factory_robot_malfunction_analysis(saveas).pdf,saveas,tounicode,651,2021,789c,zlib:level=6
original/saveas/text/smart_factory_robot_malfunction_analysis(saveas).pdf,saveas,fontfile,14183,32872,789c,"zlib:level=6,memLevel=7,strategy=0"
original/saveas/text/smart_factory_robot_malfunction_analysis(saveas).pdf,saveas,xref,2344,8036,789c,"zlib:level=6,memLevel=7,strategy=0"
original/saveas/text+img/global_agriculture_food_security_climate_impact(saveas).pdf,saveas,content,3260,16024,789c,zlib:level=6
original/saveas/text+img/global_agriculture_food_security_climate_impact(saveas).pdf,saveas,content,2286,13075,789c,zlib:level=6
original/saveas/text+img/global_agriculture_food_security_climate_impact(saveas).pdf,saveas,content,9622,105887,789c,zlib:level=6
original/saveas/text+img/global_agriculture_food_security_climate_impact(saveas).pdf,saveas,image,55,34017,789c,zlib:level=6
original/saveas/text+img/global_agriculture_food_security_climate_impact(saveas).pdf,saveas,content,3512,17733,789c,"zlib:level=6,memLevel=6,strategy=0"
original/saveas/text+img/global_agriculture_food_security_climate_impact(saveas).pdf,saveas,content,4158,23459,789c,"zlib:level=6,memLevel=7,strategy=0"
original/saveas/text+img/global_agriculture_food_security_climate_impact(saveas).pdf,saveas,content,8821,105810,789c,zlib:level=6
original/saveas/text+img/global_agriculture_food_security_climate_impact(saveas).pdf,saveas,image,146,34584,789c,zlib:level=6
original/saveas/text+img/global_agriculture_food_security_climate_impact(saveas).pdf,saveas,objstm,4462,39512,789c,zlib:level=6
original/saveas/text+img/global_agriculture_food_security_climate_impact(saveas).pdf,saveas,objstm,6070,45288,789c,"zlib:level=6,memLevel=7,strategy=0"
original/saveas/text+img/global_agriculture_food_security_climate_impact(saveas).pdf,saveas,objstm,4167,39781,789c,zlib:level=6
original/saveas/text+img/global_agriculture_food_security_climate_impact(saveas).pdf,saveas,objstm,3971,21134,789c,"zlib:level=6,memLevel=7,strategy=0"
original/saveas/text+img/global_agriculture_food_security_climate_impact(saveas).pdf,saveas,fontfile,8267,24980,789c,"zlib:level=6,memLevel=7,strategy=0"
original/saveas/text+img/global_agriculture_food_security_climate_impact(saveas).pdf,saveas,tounicode,309,584,789c,zlib:level=6
original/saveas/text+img/global_agriculture_food_security_climate_impact(saveas).pdf,saveas,fontfile,11628,22580,789c,"zlib:level=6,memLevel=7,strategy=0"
original/saveas/text+img/global_agriculture_food_security_climate_impact(saveas).pdf,saveas,fontfile,4464,11240,789c,"zlib:level=6,memLevel=6,strategy=0"
original/saveas/text+img/global_agriculture_food_security_climate_impact(saveas).pdf,saveas,fontfile,39875,112528,789c,"zlib:level=6,memLevel=7,strategy=0"
original/saveas/text+img/global_agriculture_food_security_climate_impact(saveas).pdf,saveas,tounicode,366,618,789c,zlib:level=6
original/saveas/text+img/global_agriculture_food_security_climate_impact(saveas).pdf,saveas,fontfile,11935,72868,789c,"zlib:level=6,memLevel=7,strategy=0"
original/saveas/text+img/global_agriculture_food_security_climate_impact(saveas).pdf,saveas,tounicode,1678,4455,789c,zlib:level=6
original/saveas/text+img/global_agriculture_food_security_climate_impact(saveas).pdf,saveas,fontfile,45368,106872,789c,"zlib:level=6,memLevel=7,strategy=0"
original/saveas/text+img/global_agriculture_food_security_climate_impact(saveas).pdf,saveas,fontfile,22998,85136,789c,"zlib:level=6,memLevel=7,strategy=0"
original/saveas/text+img/global_agriculture_food_security_climate_impact(saveas).pdf,saveas,tounicode,476,1174,789c,zlib:level=6
original/saveas/text+img/global_agriculture_food_security_climate_impact(saveas).pdf,saveas,fontfile,14015,28580,789c,"zlib:level=6,memLevel=7,strategy=0"
original/saveas/text+img/global_agriculture_food_security_climate_impact(saveas).pdf,saveas,tounicode,707,2085,789c,zlib:level=6
original/saveas/text+img/global_agriculture_food_security_climate_impact(saveas).pdf,saveas,fontfile,10628,23764,789c,"zlib:level=6,memLevel=7,strategy=0"
original/saveas/text+img/global_agriculture_food_security_climate_impact(saveas).pdf,saveas,tounicode,623,1628,789c,zlib:level=6
original/saveas/text+img/global_agriculture_food_security_climate_impact(saveas).pdf,saveas,fontfile,9693,26652,789c,zlib:level=6
original/saveas/text+img/global_agriculture_food_security_climate_impact(saveas).pdf,saveas,fontfile,8411,22796,789c,"zlib:level=6,memLevel=7,strategy=0"
original/saveas/text+img/global_agriculture_food_security_climate_impact(saveas).pdf,saveas,fontfile,4138,7316,789c,zlib:level=6
original/saveas/text+img/global_agriculture_food_security_climate_impact(saveas).pdf,saveas,tounicode,338,711,789c,zlib:level=6
original/saveas/text+img/global_agriculture_food_security_climate_impact(saveas).pdf,saveas,fontfile,3710,8400,789c,zlib:level=6
original/saveas/text+img/global_agriculture_food_security_climate_impact(saveas).pdf,saveas,tounicode,482,1190,789c,zlib:level=6
original/saveas/text+img/global_agriculture_food_security_climate_impact(saveas).pdf,saveas,fontfile,6683,13040,789c,zlib:level=6
original/saveas/text+img/global_agriculture_food_security_climate_impact(saveas).pdf,saveas,tounicode,426,1016,789c,zlib:level=6
original/saveas/text+img/global_agriculture_food_security_climate_impact(saveas).pdf,saveas,fontfile,8885,29320,789c,"zlib:level=6,memLevel=7,strategy=0"
original/saveas/text+img/global_agriculture_food_security_climate_impact(saveas).pdf,saveas,tounicode,716,2203,789c,zlib:level=6
original/saveas/text+img/global_agriculture_food_security_climate_impact(saveas).pdf,saveas,fontfile,14428,33316,789c,"zlib:level=6,memLevel=7,strategy=0"
original/saveas/text+img/global_agriculture_food_security_climate_impact(saveas).pdf,saveas,xref,3308,11935,789c,zlib:level=6
original/saveas/text+img/global_ai_technology_investment_and_industry_adoption(saveas).pdf,saveas,content,3069,15540,789c,zlib:level=6
original/saveas/text+img/global_ai_technology_investment_and_industry_adoption(saveas).pdf,saveas,content,2200,13730,789c,zlib:level=6
original/saveas/text+img/global_ai_technology_investment_and_industry_adoption(saveas).pdf,saveas,content,8231,86591,789c,"zlib:level=6,memLevel=7,strategy=0"
original/saveas/text+img/global_ai_technology_investment_and_industry_adoption(saveas).pdf,saveas,content,3125,15616,789c,zlib:level=6
original/saveas/text+img/global_ai_technology_investment_and_industry_adoption(saveas).pdf,saveas,content,3826,19114,789c,"zlib:level=6,memLevel=6,strategy=0"
original/saveas/text+img/global_ai_technology_investment_and_industry_adoption(saveas).pdf,saveas,content,7361,80524,789c,"zlib:level=6,memLevel=7,strategy=0"
original/saveas/text+img/global_ai_technology_investment_and_industry_adoption(saveas).pdf,saveas,objstm,4540,39612,789c,zlib:level=6
original/saveas/text+img/global_ai_technology_investment_and_industry_adoption(saveas).pdf,saveas,objstm,5780,43921,789c,"zlib:level=6,memLevel=7,strategy=0"
original/saveas/text+img/global_ai_technology_investment_and_industry_adoption(saveas).pdf,saveas,objstm,5313,34415,789c,"zlib:level=6,memLevel=7,strategy=0"
original/saveas/text+img/global_ai_technology_investment_and_industry_adoption(saveas).pdf,saveas,fontfile,3687,10152,789c,"zlib:level=6,memLevel=6,strategy=0"
original/saveas/text+img/global_ai_technology_investment_and_industry_adoption(saveas).pdf,saveas,fontfile,25892,81056,789c,"zlib:level=6,memLevel=7,strategy=0"
original/saveas/text+img/global_ai_technology_investment_and_industry_adoption(saveas).pdf,saveas,tounicode,226,337,789c,zlib:level=6
original/saveas/text+img/global_ai_technology_investment_and_industry_adoption(saveas).pdf,saveas,fontfile,11409,18252,789c,"zlib:level=6,memLevel=7,strategy=0"
original/saveas/text+img/global_ai_technology_investment_and_industry_adoption(saveas).pdf,saveas,fontfile,10841,21492,789c,"zlib:level=6,memLevel=7,strategy=0"
original/saveas/text+img/global_ai_technology_investment_and_industry_adoption(saveas).pdf,saveas,tounicode,343,562,789c,zlib:level=6
original/saveas/text+img/global_ai_technology_investment_and_industry_adoption(saveas).pdf,saveas,fontfile,20860,54284,789c,"zlib:level=6,memLevel=7,strategy=0"
original/saveas/text+img/global_ai_technology_investment_and_industry_adoption(saveas).pdf,saveas,tounicode,1123,2740,789c,zlib:level=6
original/saveas/text+img/global_ai_technology_investment_and_industry_adoption(saveas).pdf,saveas,fontfile,89315,166840,789c,"zlib:level=6,memLevel=7,strategy=0"
original/saveas/text+img/global_ai_technology_investment_and_industry_adoption(saveas).pdf,saveas,tounicode,934,2201,789c,zlib:level=6
original/saveas/text+img/global_ai_technology_investment_and_industry_adoption(saveas).pdf,saveas,fontfile,21794,74176,789c,"zlib:level=6,memLevel=7,strategy=0"
original/saveas/text+img/global_ai_technology_investment_and_industry_adoption(saveas).pdf,saveas,fontfile,22998,85136,789c,"zlib:level=6,memLevel=7,strategy=0"
original/saveas/text+img/global_ai_technology_investment_and_industry_adoption(saveas).pdf,saveas,tounicode,445,1005,789c,zlib:level=6
original/saveas/text+img/global_ai_technology_investment_and_industry_adoption(saveas).pdf,saveas,fontfile,13276,27188,789c,"zlib:level=6,memLevel=7,strategy=0"
original/saveas/text+img/global_ai_technology_investment_and_industry_adoption(saveas).pdf,saveas,fontfile,10082,38036,789c,"zlib:level=6,memLevel=7,strategy=0"
original/saveas/text+img/global_ai_technology_investment_and_industry_adoption(saveas).pdf,saveas,tounicode,644,1674,789c,zlib:level=6
original/saveas/text+img/global_ai_technology_investment_and_industry_adoption(saveas).pdf,saveas,fontfile,7586,19900,789c,zlib:level=6
original/saveas/text+img/global_ai_technology_investment_and_industry_adoption(saveas).pdf,saveas,tounicode,740,2316,789c,zlib:level=6
original/saveas/text+img/global_ai_technology_investment_and_industry_adoption(saveas).pdf,saveas,fontfile,28899,74828,789c,"zlib:level=6,memLevel=7,strategy=0"
original/saveas/text+img/global_ai_technology_investment_and_industry_adoption(saveas).pdf,saveas,fontfile,8327,22844,789c,"zlib:level=6,memLevel=7,strategy=0"
original/saveas/text+img/global_ai_technology_investment_and_industry_adoption(saveas).pdf,saveas,tounicode,224,337,789c,zlib:level=6
original/saveas/text+img/global_ai_technology_investment_and_industry_adoption(saveas).pdf,saveas,fontfile,4057,7176,789c,zlib:level=6
original/saveas/text+img/global_ai_technology_investment_and_industry_adoption(saveas).pdf,saveas,tounicode,436,1025,789c,zlib:level=6
original/saveas/text+img/global_ai_technology_investment_and_industry_adoption(saveas).pdf,saveas,fontfile,6927,13240,789c,zlib:level=6
original/saveas/text+img/global_ai_technology_investment_and_industry_adoption(saveas).pdf,saveas,tounicode,350,739,789c,zlib:level=6
original/saveas/text+img/global_ai_technology_investment_and_industry_adoption(saveas).pdf,saveas,fontfile,5579,11280,789c,zlib:level=6
original/saveas/text+img/global_ai_technology_investment_and_industry_adoption(saveas).pdf,saveas,tounicode,410,948,789c,zlib:level=6
original/saveas/text+img/global_ai_technology_investment_and_industry_adoption(saveas).pdf,saveas,fontfile,8792,27520,789c,"zlib:level=6,memLevel=7,strategy=0"
original/saveas/text+img/global_ai_technology_investment_and_industry_adoption(saveas).pdf,saveas,tounicode,609,1705,789c,zlib:level=6
original/saveas/text+img/global_ai_technology_investment_and_industry_adoption(saveas).pdf,saveas,fontfile,6591,15544,789c,"zlib:level=6,memLevel=7,strategy=0"
original/saveas/text+img/global_ai_technology_investment_and_industry_adoption(saveas).pdf,saveas,tounicode,651,1735,789c,zlib:level=6
original/saveas/text+img/global_ai_technology_investment_and_industry_adoption(saveas).pdf,saveas,fontfile,23934,52708,789c,"zlib:level=6,memLevel=7,strategy=0"
original/saveas/text+img/global_ai_technology_investment_and_industry_adoption(saveas).pdf,saveas,xref,2919,10199,789c,zlib:level=6
original/saveas/text+img/global_climate_change_indicators_and_ghg_emissions(saveas).pdf,saveas,content,3337,15780,789c,zlib:level=6
original/saveas/text+img/global_climate_change_indicators_and_ghg_emissions(saveas).pdf,saveas,content,1987,10491,789c,zlib:level=6
original/saveas/text+img/global_climate_change_indicators_and_ghg_emissions(saveas).pdf,saveas,content,8147,88259,789c,zlib:level=6
original/saveas/text+img/global_climate_change_indicators_and_ghg_emissions(saveas).pdf,saveas,content,3420,16262,789c,zlib:level=6
original/saveas/text+img/global_climate_change_indicators_and_ghg_emissions(saveas).pdf,saveas,content,3850,18007,789c,zlib:level=6
original/saveas/text+img/global_climate_change_indicators_and_ghg_emissions(saveas).pdf,saveas,content,7661,88591,789c,"zlib:level=6,memLevel=7,strategy=0"
original/saveas/text+img/global_climate_change_indicators_and_ghg_emissions(saveas).pdf,saveas,objstm,4460,39431,789c,zlib:level=6
original/saveas/text+img/global_climate_change_indicators_and_ghg_emissions(saveas).pdf,saveas,objstm,5810,44325,789c,"zlib:level=6,memLevel=7,strategy=0"
original/saveas/text+img/global_climate_change_indicators_and_ghg_emissions(saveas).pdf,saveas,objstm,5955,39689,789c,zlib:level=6
original/saveas/text+img/global_climate_change_indicators_and_ghg_emissions(saveas).pdf,saveas,fontfile,6218,11016,789c,zlib:level=6
original/saveas/text+img/global_climate_change_indicators_and_ghg_emissions(saveas).pdf,saveas,fontfile,25892,81056,789c,"zlib:level=6,memLevel=7,strategy=0"
original/saveas/text+img/global_climate_change_indicators_and_ghg_emissions(saveas).pdf,saveas,tounicode,386,831,789c,zlib:level=6
original/saveas/text+img/global_climate_change_indicators_and_ghg_emissions(saveas).pdf,saveas,fontfile,12191,36952,789c,"zlib:level=6,memLevel=7,strategy=0"
original/saveas/text+img/global_climate_change_indicators_and_ghg_emissions(saveas).pdf,saveas,tounicode,225,337,789c,zlib:level=6
original/saveas/text+img/global_climate_change_indicators_and_ghg_emissions(saveas).pdf,saveas,fontfile,12011,23176,789c,"zlib:level=6,memLevel=7,strategy=0"
original/saveas/text+img/global_climate_change_indicators_and_ghg_emissions(saveas).pdf,saveas,tounicode,236,351,789c,zlib:level=6
original/saveas/text+img/global_climate_change_indicators_and_ghg_emissions(saveas).pdf,saveas,fontfile,23299,92684,789c,"zlib:level=6,memLevel=7,strategy=0"
original/saveas/text+img/global_climate_change_indicators_and_ghg_emissions(saveas).pdf,saveas,tounicode,330,548,789c,zlib:level=6
original/saveas/text+img/global_climate_change_indicators_and_ghg_emissions(saveas).pdf,saveas,fontfile,4460,51316,789c,"zlib:level=6,memLevel=7,strategy=0"
original/saveas/text+img/global_climate_change_indicators_and_ghg_emissions(saveas).pdf,saveas,tounicode,1198,3030,789c,zlib:level=6
original/saveas/text+img/global_climate_change_indicators_and_ghg_emissions(saveas).pdf,saveas,fontfile,74545,131676,789c,"zlib:level=6,memLevel=7,strategy=0"
original/saveas/text+img/global_climate_change_indicators_and_ghg_emissions(saveas).pdf,saveas,tounicode,854,1909,789c,zlib:level=6
original/saveas/text+img/global_climate_change_indicators_and_ghg_emissions(saveas).pdf,saveas,fontfile,37587,123956,789c,"zlib:level=6,memLevel=7,strategy=0"
original/saveas/text+img/global_climate_change_indicators_and_ghg_emissions(saveas).pdf,saveas,tounicode,415,921,789c,zlib:level=6
original/saveas/text+img/global_climate_change_indicators_and_ghg_emissions(saveas).pdf,saveas,fontfile,10003,26164,789c,"zlib:level=6,memLevel=7,strategy=0"
original/saveas/text+img/global_climate_change_indicators_and_ghg_emissions(saveas).pdf,saveas,tounicode,628,1678,789c,zlib:level=6
original/saveas/text+img/global_climate_change_indicators_and_ghg_emissions(saveas).pdf,saveas,fontfile,10384,22924,789c,"zlib:level=6,memLevel=7,strategy=0"
original/saveas/text+img/global_climate_change_indicators_and_ghg_emissions(saveas).pdf,saveas,tounicode,730,2160,789c,zlib:level=6
original/saveas/text+img/global_climate_change_indicators_and_ghg_emissions(saveas).pdf,saveas,fontfile,9493,25488,789c,"zlib:level=6,memLevel=7,strategy=0"
original/saveas/text+img/global_climate_change_indicators_and_ghg_emissions(saveas).pdf,saveas,fontfile,7127,32340,789c,"zlib:level=6,memLevel=7,strategy=0"
original/saveas/text+img/global_climate_change_indicators_and_ghg_emissions(saveas).pdf,saveas,tounicode,395,826,789c,zlib:level=6
original/saveas/text+img/global_climate_change_indicators_and_ghg_emissions(saveas).pdf,saveas,fontfile,10760,27608,789c,"zlib:level=6,memLevel=7,strategy=0"
original/saveas/text+img/global_climate_change_indicators_and_ghg_emissions(saveas).pdf,saveas,fontfile,3768,6712,789c,zlib:level=6
original/saveas/text+img/global_climate_change_indicators_and_ghg_emissions(saveas).pdf,saveas,fontfile,4276,9624,789c,zlib:level=6
original/saveas/text+img/global_climate_change_indicators_and_ghg_emissions(saveas).pdf,saveas,tounicode,500,1109,789c,zlib:level=6
original/saveas/text+img/global_climate_change_indicators_and_ghg_emissions(saveas).pdf,saveas,fontfile,14258,32684,789c,"zlib:level=6,memLevel=7,strategy=0"
original/saveas/text+img/global_climate_change_indicators_and_ghg_emissions(saveas).pdf,saveas,tounicode,299,577,789c,zlib:level=6
original/saveas/text+img/global_climate_change_indicators_and_ghg_emissions(saveas).pdf,saveas,fontfile,6332,11216,789c,"zlib:level=6,memLevel=7,strategy=0"
original/saveas/text+img/global_climate_change_indicators_and_ghg_emissions(saveas).pdf,saveas,tounicode,421,953,789c,zlib:level=6
original/saveas/text+img/global_climate_change_indicators_and_ghg_emissions(saveas).pdf,saveas,fontfile,13660,31168,789c,"zlib:level=6,memLevel=7,strategy=0"
original/saveas/text+img/global_climate_change_indicators_and_ghg_emissions(saveas).pdf,saveas,tounicode,654,1783,789c,zlib:level=6
original/saveas/text+img/global_climate_change_indicators_and_ghg_emissions(saveas).pdf,saveas,fontfile,18018,68332,789c,"zlib:level=6,memLevel=7,strategy=0"
original/saveas/text+img/global_climate_change_indicators_and_ghg_emissions(saveas).pdf,saveas,tounicode,654,1691,789c,zlib:level=6
original/saveas/text+img/global_climate_change_indicators_and_ghg_emissions(saveas).pdf,saveas,fontfile,6867,16804,789c,"zlib:level=6,memLevel=7,strategy=0"
original/saveas/text+img/global_climate_change_indicators_and_ghg_emissions(saveas).pdf,saveas,xref,3070,10640,789c,"zlib:level=6,memLevel=7,strategy=0"
original/saveas/text+img/global_esports_and_gaming_industry_growth(saveas).pdf,saveas,content,3326,17793,789c,zlib:level=6
original/saveas/text+img/global_esports_and_gaming_industry_growth(saveas).pdf,saveas,content,2182,12573,789c,zlib:level=6
original/saveas/text+img/global_esports_and_gaming_industry_growth(saveas).pdf,saveas,content,8288,87070,789c,"zlib:level=6,memLevel=7,strategy=0"
original/saveas/text+img/global_esports_and_gaming_industry_growth(saveas).pdf,saveas,content,3442,16983,789c,zlib:level=6
original/saveas/text+img/global_esports_and_gaming_industry_growth(saveas).pdf,saveas,content,4153,20831,789c,zlib:level=6
original/saveas/text+img/global_esports_and_gaming_industry_growth(saveas).pdf,saveas,content,7689,83967,789c,zlib:level=6
original/saveas/text+img/global_esports_and_gaming_industry_growth(saveas).pdf,saveas,objstm,4760,39779,789c,zlib:level=6
original/saveas/text+img/global_esports_and_gaming_industry_growth(saveas).pdf,saveas,objstm,6019,44473,789c,"zlib:level=6,memLevel=7,strategy=0"
original/saveas/text+img/global_esports_and_gaming_industry_growth(saveas).pdf,saveas,objstm,5936,39515,789c,zlib:level=6
original/saveas/text+img/global_esports_and_gaming_industry_growth(saveas).pdf,saveas,fontfile,16999,112312,789c,"zlib:level=6,memLevel=7,strategy=0"
original/saveas/text+img/global_esports_and_gaming_industry_growth(saveas).pdf,saveas,fontfile,25892,81056,789c,"zlib:level=6,memLevel=7,strategy=0"
original/saveas/text+img/global_esports_and_gaming_industry_growth(saveas).pdf,saveas,fontfile,10186,16600,789c,"zlib:level=6,memLevel=7,strategy=0"
original/saveas/text+img/global_esports_and_gaming_industry_growth(saveas).pdf,saveas,tounicode,226,337,789c,zlib:level=6
original/saveas/text+img/global_esports_and_gaming_industry_growth(saveas).pdf,saveas,fontfile,23022,92336,789c,"zlib:level=6,memLevel=7,strategy=0"
original/saveas/text+img/global_esports_and_gaming_industry_growth(saveas).pdf,saveas,fontfile,5085,12064,789c,"zlib:level=6,memLevel=7,strategy=0"
original/saveas/text+img/global_esports_and_gaming_industry_growth(saveas).pdf,saveas,tounicode,328,534,789c,zlib:level=6
original/saveas/text+img/global_esports_and_gaming_industry_growth(saveas).pdf,saveas,fontfile,10395,69804,789c,"zlib:level=6,memLevel=7,strategy=0"
original/saveas/text+img/global_esports_and_gaming_industry_growth(saveas).pdf,saveas,tounicode,1188,2918,789c,zlib:level=6
original/saveas/text+img/global_esports_and_gaming_industry_growth(saveas).pdf,saveas,fontfile,75214,133072,789c,"zlib:level=6,memLevel=7,strategy=0"
original/saveas/text+img/global_esports_and_gaming_industry_growth(saveas).pdf,saveas,tounicode,924,2153,789c,zlib:level=6
original/saveas/text+img/global_esports_and_gaming_industry_growth(saveas).pdf,saveas,fontfile,75917,145492,789c,"zlib:level=6,memLevel=7,strategy=0"
original/saveas/text+img/global_esports_and_gaming_industry_growth(saveas).pdf,saveas,tounicode,402,833,789c,zlib:level=6
original/saveas/text+img/global_esports_and_gaming_industry_growth(saveas).pdf,saveas,fontfile,8104,20224,789c,zlib:level=6
original/saveas/text+img/global_esports_and_gaming_industry_growth(saveas).pdf,saveas,tounicode,672,1890,789c,zlib:level=6
original/saveas/text+img/global_esports_and_gaming_industry_growth(saveas).pdf,saveas,fontfile,22725,75960,789c,"zlib:level=6,memLevel=7,strategy=0"
original/saveas/text+img/global_esports_and_gaming_industry_growth(saveas).pdf,saveas,tounicode,697,2129,789c,zlib:level=6
original/saveas/text+img/global_esports_and_gaming_industry_growth(saveas).pdf,saveas,fontfile,29708,77064,789c,"zlib:level=6,memLevel=7,strategy=0"
original/saveas/text+img/global_esports_and_gaming_industry_growth(saveas).pdf,saveas,tounicode,226,337,789c,zlib:level=6
original/saveas/text+img/global_esports_and_gaming_industry_growth(saveas).pdf,saveas,fontfile,6850,127608,789c,"zlib:level=6,memLevel=7,strategy=0"
original/saveas/text+img/global_esports_and_gaming_industry_growth(saveas).pdf,saveas,fontfile,6794,15832,789c,"zlib:level=6,memLevel=7,strategy=0"
original/saveas/text+img/global_esports_and_gaming_industry_growth(saveas).pdf,saveas,fontfile,10148,25676,789c,"zlib:level=6,memLevel=7,strategy=0"
original/saveas/text+img/global_esports_and_gaming_industry_growth(saveas).pdf,saveas,fontfile,10518,26812,789c,"zlib:level=6,memLevel=7,strategy=0"
original/saveas/text+img/global_esports_and_gaming_industry_growth(saveas).pdf,saveas,tounicode,324,604,789c,zlib:level=6
original/saveas/text+img/global_esports_and_gaming_industry_growth(saveas).pdf,saveas,fontfile,3774,8804,789c,zlib:level=6
original/saveas/text+img/global_esports_and_gaming_industry_growth(saveas).pdf,saveas,tounicode,453,989,789c,zlib:level=6
original/saveas/text+img/global_esports_and_gaming_industry_growth(saveas).pdf,saveas,fontfile,12294,30316,789c,"zlib:level=6,memLevel=7,strategy=0"
original/saveas/text+img/global_esports_and_gaming_industry_growth(saveas).pdf,saveas,tounicode,352,789,789c,zlib:level=6
original/saveas/text+img/global_esports_and_gaming_industry_growth(saveas).pdf,saveas,fontfile,5600,11252,789c,zlib:level=6
original/saveas/text+img/global_esports_and_gaming_industry_growth(saveas).pdf,saveas,tounicode,387,833,789c,zlib:level=6
original/saveas/text+img/global_esports_and_gaming_industry_growth(saveas).pdf,saveas,fontfile,5965,16532,789c,"zlib:level=6,memLevel=7,strategy=0"
original/saveas/text+img/global_esports_and_gaming_industry_growth(saveas).pdf,saveas,tounicode,620,1733,789c,zlib:level=6
original/saveas/text+img/global_esports_and_gaming_industry_growth(saveas).pdf,saveas,fontfile,6830,16376,789c,"zlib:level=6,memLevel=7,strategy=0"
original/saveas/text+img/global_esports_and_gaming_industry_growth(saveas).pdf,saveas,tounicode,702,2007,789c,zlib:level=6
original/saveas/text+img/global_esports_and_gaming_industry_growth(saveas).pdf,saveas,fontfile,26114,56776,789c,"zlib:level=6,memLevel=7,strategy=0"
original/saveas/text+img/global_esports_and_gaming_industry_growth(saveas).pdf,saveas,xref,3036,10605,789c,"zlib:level=6,memLevel=7,strategy=0"
original/saveas/text+img/global_ev_market_growth_statistics(saveas).pdf,saveas,content,2832,14065,789c,zlib:level=6
original/saveas/text+img/global_ev_market_growth_statistics(saveas).pdf,saveas,content,1859,11290,789c,zlib:level=6
original/saveas/text+img/global_ev_market_growth_statistics(saveas).pdf,saveas,content,6692,71237,789c,"zlib:level=6,memLevel=7,strategy=0"
original/saveas/text+img/global_ev_market_growth_statistics(saveas).pdf,saveas,content,2342,9881,789c,zlib:level=6
original/saveas/text+img/global_ev_market_growth_statistics(saveas).pdf,saveas,content,2948,13851,789c,zlib:level=6
original/saveas/text+img/global_ev_market_growth_statistics(saveas).pdf,saveas,content,6174,67678,789c,"zlib:level=6,memLevel=7,strategy=0"
original/saveas/text+img/global_ev_market_growth_statistics(saveas).pdf,saveas,objstm,4683,39630,789c,zlib:level=6
original/saveas/text+img/global_ev_market_growth_statistics(saveas).pdf,saveas,objstm,5477,42998,789c,"zlib:level=6,memLevel=7,strategy=0"
original/saveas/text+img/global_ev_market_growth_statistics(saveas).pdf,saveas,objstm,3078,15916,789c,zlib:level=6
original/saveas/text+img/global_ev_market_growth_statistics(saveas).pdf,saveas,fontfile,9162,17524,789c,"zlib:level=6,memLevel=7,strategy=0"
original/saveas/text+img/global_ev_market_growth_statistics(saveas).pdf,saveas,fontfile,25892,81056,789c,"zlib:level=6,memLevel=7,strategy=0"
original/saveas/text+img/global_ev_market_growth_statistics(saveas).pdf,saveas,fontfile,15201,42484,789c,"zlib:level=6,memLevel=7,strategy=0"
original/saveas/text+img/global_ev_market_growth_statistics(saveas).pdf,saveas,fontfile,5863,13016,789c,"zlib:level=6,memLevel=7,strategy=0"
original/saveas/text+img/global_ev_market_growth_statistics(saveas).pdf,saveas,fontfile,22998,85136,789c,"zlib:level=6,memLevel=7,strategy=0"
original/saveas/text+img/global_ev_market_growth_statistics(saveas).pdf,saveas,tounicode,344,562,789c,zlib:level=6
original/saveas/text+img/global_ev_market_growth_statistics(saveas).pdf,saveas,fontfile,12373,47552,789c,"zlib:level=6,memLevel=7,strategy=0"
original/saveas/text+img/global_ev_market_growth_statistics(saveas).pdf,saveas,tounicode,985,2327,789c,zlib:level=6
original/saveas/text+img/global_ev_market_growth_statistics(saveas).pdf,saveas,fontfile,43070,134440,789c,"zlib:level=6,memLevel=7,strategy=0"
original/saveas/text+img/global_ev_market_growth_statistics(saveas).pdf,saveas,tounicode,766,1758,789c,zlib:level=6
original/saveas/text+img/global_ev_market_growth_statistics(saveas).pdf,saveas,fontfile,23917,84076,789c,"zlib:level=6,memLevel=7,strategy=0"
original/saveas/text+img/global_ev_market_growth_statistics(saveas).pdf,saveas,tounicode,389,823,789c,zlib:level=6
original/saveas/text+img/global_ev_market_growth_statistics(saveas).pdf,saveas,fontfile,16355,49332,789c,"zlib:level=6,memLevel=7,strategy=0"
original/saveas/text+img/global_ev_market_growth_statistics(saveas).pdf,saveas,tounicode,590,1611,789c,zlib:level=6
original/saveas/text+img/global_ev_market_growth_statistics(saveas).pdf,saveas,fontfile,21060,50512,789c,"zlib:level=6,memLevel=7,strategy=0"
original/saveas/text+img/global_ev_market_growth_statistics(saveas).pdf,saveas,tounicode,651,1781,789c,zlib:level=6
original/saveas/text+img/global_ev_market_growth_statistics(saveas).pdf,saveas,fontfile,25785,54516,789c,"zlib:level=6,memLevel=7,strategy=0"
original/saveas/text+img/global_ev_market_growth_statistics(saveas).pdf,saveas,fontfile,3065,5752,789c,zlib:level=6
original/saveas/text+img/global_ev_market_growth_statistics(saveas).pdf,saveas,fontfile,9344,19352,789c,"zlib:level=6,memLevel=7,strategy=0"
original/saveas/text+img/global_ev_market_growth_statistics(saveas).pdf,saveas,fontfile,9648,37324,789c,"zlib:level=6,memLevel=7,strategy=0"
original/saveas/text+img/global_ev_market_growth_statistics(saveas).pdf,saveas,fontfile,3517,8080,789c,"zlib:level=6,memLevel=7,strategy=0"
original/saveas/text+img/global_ev_market_growth_statistics(saveas).pdf,saveas,tounicode,450,1094,789c,zlib:level=6
original/saveas/text+img/global_ev_market_growth_statistics(saveas).pdf,saveas,fontfile,8295,16712,789c,"zlib:level=6,memLevel=7,strategy=0"
original/saveas/text+img/global_ev_market_growth_statistics(saveas).pdf,saveas,tounicode,409,884,789c,zlib:level=6
original/saveas/text+img/global_ev_market_growth_statistics(saveas).pdf,saveas,fontfile,6711,13156,789c,zlib:level=6
original/saveas/text+img/global_ev_market_growth_statistics(saveas).pdf,saveas,tounicode,410,885,789c,zlib:level=6
original/saveas/text+img/global_ev_market_growth_statistics(saveas).pdf,saveas,fontfile,15310,35416,789c,"zlib:level=6,memLevel=7,strategy=0"
original/saveas/text+img/global_ev_market_growth_statistics(saveas).pdf,saveas,tounicode,634,1890,789c,zlib:level=6
original/saveas/text+img/global_ev_market_growth_statistics(saveas).pdf,saveas,fontfile,20885,46060,789c,"zlib:level=6,memLevel=7,strategy=0"
original/saveas/text+img/global_ev_market_growth_statistics(saveas).pdf,saveas,tounicode,605,1816,789c,zlib:level=6
original/saveas/text+img/global_ev_market_growth_statistics(saveas).pdf,saveas,fontfile,15433,48776,789c,"zlib:level=6,memLevel=7,strategy=0"
original/saveas/text+img/global_ev_market_growth_statistics(saveas).pdf,saveas,xref,2533,8687,789c,"zlib:level=6,memLevel=7,strategy=0"
original/saveas/text+img/global_healthcare_digital_health_patient_data_trends(saveas).pdf,saveas,content,3156,17162,789c,zlib:level=6
original/saveas/text+img/global_healthcare_digital_health_patient_data_trends(saveas).pdf,saveas,image,134,30710,789c,zlib:level=6
original/saveas/text+img/global_healthcare_digital_health_patient_data_trends(saveas).pdf,saveas,content,2323,13094,789c,zlib:level=6
original/saveas/text+img/global_healthcare_digital_health_patient_data_trends(saveas).pdf,saveas,content,9213,98391,789c,zlib:level=6
original/saveas/text+img/global_healthcare_digital_health_patient_data_trends(saveas).pdf,saveas,content,3404,17480,789c,"zlib:level=6,memLevel=7,strategy=0"
original/saveas/text+img/global_healthcare_digital_health_patient_data_trends(saveas).pdf,saveas,image,131,29930,789c,zlib:level=6
original/saveas/text+img/global_healthcare_digital_health_patient_data_trends(saveas).pdf,saveas,content,3851,19114,789c,zlib:level=6
original/saveas/text+img/global_healthcare_digital_health_patient_data_trends(saveas).pdf,saveas,content,8645,103752,789c,zlib:level=6
original/saveas/text+img/global_healthcare_digital_health_patient_data_trends(saveas).pdf,saveas,objstm,4518,39612,789c,zlib:level=6
original/saveas/text+img/global_healthcare_digital_health_patient_data_trends(saveas).pdf,saveas,objstm,5993,44925,789c,"zlib:level=6,memLevel=7,strategy=0"
original/saveas/text+img/global_healthcare_digital_health_patient_data_trends(saveas).pdf,saveas,objstm,7680,55997,789c,"zlib:level=6,memLevel=7,strategy=0"
original/saveas/text+img/global_healthcare_digital_health_patient_data_trends(saveas).pdf,saveas,fontfile,3879,10392,789c,"zlib:level=6,memLevel=6,strategy=0"
original/saveas/text+img/global_healthcare_digital_health_patient_data_trends(saveas).pdf,saveas,fontfile,25892,81056,789c,"zlib:level=6,memLevel=7,strategy=0"
original/saveas/text+img/global_healthcare_digital_health_patient_data_trends(saveas).pdf,saveas,tounicode,226,337,789c,zlib:level=6
original/saveas/text+img/global_healthcare_digital_health_patient_data_trends(saveas).pdf,saveas,fontfile,19868,117136,789c,"zlib:level=6,memLevel=7,strategy=0"
original/saveas/text+img/global_healthcare_digital_health_patient_data_trends(saveas).pdf,saveas,tounicode,226,337,789c,zlib:level=6
original/saveas/text+img/global_healthcare_digital_health_patient_data_trends(saveas).pdf,saveas,fontfile,18459,60868,789c,"zlib:level=6,memLevel=7,strategy=0"
original/saveas/text+img/global_healthcare_digital_health_patient_data_trends(saveas).pdf,saveas,tounicode,240,351,789c,zlib:level=6
original/saveas/text+img/global_healthcare_digital_health_patient_data_trends(saveas).pdf,saveas,fontfile,6432,240404,789c,zlib:level=6
original/saveas/text+img/global_healthcare_digital_health_patient_data_trends(saveas).pdf,saveas,tounicode,226,337,789c,zlib:level=6
original/saveas/text+img/global_healthcare_digital_health_patient_data_trends(saveas).pdf,saveas,tounicode,364,604,789c,zlib:level=6
original/saveas/text+img/global_healthcare_digital_health_patient_data_trends(saveas).pdf,saveas,tounicode,1242,3100,789c,zlib:level=6
original/saveas/text+img/global_healthcare_digital_health_patient_data_trends(saveas).pdf,saveas,fontfile,41377,112672,789c,"zlib:level=6,memLevel=7,strategy=0"
original/saveas/text+img/global_healthcare_digital_health_patient_data_trends(saveas).pdf,saveas,tounicode,970,2316,789c,zlib:level=6
original/saveas/text+img/global_healthcare_digital_health_patient_data_trends(saveas).pdf,saveas,fontfile,42522,131296,789c,"zlib:level=6,memLevel=7,strategy=0"
original/saveas/text+img/global_healthcare_digital_health_patient_data_trends(saveas).pdf,saveas,tounicode,444,1025,789c,zlib:level=6
original/saveas/text+img/global_healthcare_digital_health_patient_data_trends(saveas).pdf,saveas,fontfile,9886,24772,789c,zlib:level=6
original/saveas/text+img/global_healthcare_digital_health_patient_data_trends(saveas).pdf,saveas,tounicode,668,1954,789c,zlib:level=6
original/saveas/text+img/global_healthcare_digital_health_patient_data_trends(saveas).pdf,saveas,fontfile,27795,58704,789c,"zlib:level=6,memLevel=7,strategy=0"
original/saveas/text+img/global_healthcare_digital_health_patient_data_trends(saveas).pdf,saveas,tounicode,623,1673,789c,zlib:level=6
original/saveas/text+img/global_healthcare_digital_health_patient_data_trends(saveas).pdf,saveas,fontfile,12554,28904,789c,"zlib:level=6,memLevel=7,strategy=0"
original/saveas/text+img/global_healthcare_digital_health_patient_data_trends(saveas).pdf,saveas,fontfile,6726,15696,789c,"zlib:level=6,memLevel=7,strategy=0"
original/saveas/text+img/global_healthcare_digital_health_patient_data_trends(saveas).pdf,saveas,fontfile,11725,28720,789c,"zlib:level=6,memLevel=7,strategy=0"
original/saveas/text+img/global_healthcare_digital_health_patient_data_trends(saveas).pdf,saveas,tounicode,340,711,789c,zlib:level=6
original/saveas/text+img/global_healthcare_digital_health_patient_data_trends(saveas).pdf,saveas,fontfile,5466,9676,789c,"zlib:level=6,memLevel=7,strategy=0"
original/saveas/text+img/global_healthcare_digital_health_patient_data_trends(saveas).pdf,saveas,tounicode,344,761,789c,zlib:level=6
original/saveas/text+img/global_healthcare_digital_health_patient_data_trends(saveas).pdf,saveas,fontfile,6173,12056,789c,zlib:level=6
original/saveas/text+img/global_healthcare_digital_health_patient_data_trends(saveas).pdf,saveas,tounicode,226,337,789c,zlib:level=6
original/saveas/text+img/global_healthcare_digital_health_patient_data_trends(saveas).pdf,saveas,fontfile,23041,92372,789c,"zlib:level=6,memLevel=7,strategy=0"
original/saveas/text+img/global_healthcare_digital_health_patient_data_trends(saveas).pdf,saveas,tounicode,416,866,789c,zlib:level=6
original/saveas/text+img/global_healthcare_digital_health_patient_data_trends(saveas).pdf,saveas,fontfile,14263,33412,789c,"zlib:level=6,memLevel=7,strategy=0"
original/saveas/text+img/global_healthcare_digital_health_patient_data_trends(saveas).pdf,saveas,tounicode,718,2205,789c,zlib:level=6
original/saveas/text+img/global_healthcare_digital_health_patient_data_trends(saveas).pdf,saveas,fontfile,24786,51296,789c,"zlib:level=6,memLevel=7,strategy=0"
original/saveas/text+img/global_healthcare_digital_health_patient_data_trends(saveas).pdf,saveas,xref,3340,11774,789c,"zlib:level=6,memLevel=7,strategy=0"
original/saveas/text+img/global_renewable_energy_generation_and_carbon_reduction_analysis(saveas).pdf,saveas,content,2895,13075,789c,zlib:level=6
original/saveas/text+img/global_renewable_energy_generation_and_carbon_reduction_analysis(saveas).pdf,saveas,content,1867,10054,789c,zlib:level=6
original/saveas/text+img/global_renewable_energy_generation_and_carbon_reduction_analysis(saveas).pdf,saveas,content,7619,81136,789c,zlib:level=6
original/saveas/text+img/global_renewable_energy_generation_and_carbon_reduction_analysis(saveas).pdf,saveas,content,2996,12656,789c,zlib:level=6
original/saveas/text+img/global_renewable_energy_generation_and_carbon_reduction_analysis(saveas).pdf,saveas,content,3674,16925,789c,zlib:level=6
original/saveas/text+img/global_renewable_energy_generation_and_carbon_reduction_analysis(saveas).pdf,saveas,content,7306,81628,789c,"zlib:level=6,memLevel=7,strategy=0"
original/saveas/text+img/global_renewable_energy_generation_and_carbon_reduction_analysis(saveas).pdf,saveas,objstm,4376,39341,789c,zlib:level=6
original/saveas/text+img/global_renewable_energy_generation_and_carbon_reduction_analysis(saveas).pdf,saveas,objstm,5864,43974,789c,"zlib:level=6,memLevel=7,strategy=0"
original/saveas/text+img/global_renewable_energy_generation_and_carbon_reduction_analysis(saveas).pdf,saveas,objstm,4404,27100,789c,zlib:level=6
original/saveas/text+img/global_renewable_energy_generation_and_carbon_reduction_analysis(saveas).pdf,saveas,fontfile,6432,11280,789c,zlib:level=6
original/saveas/text+img/global_renewable_energy_generation_and_carbon_reduction_analysis(saveas).pdf,saveas,fontfile,19058,93436,789c,"zlib:level=6,memLevel=7,strategy=0"
original/saveas/text+img/global_renewable_energy_generation_and_carbon_reduction_analysis(saveas).pdf,saveas,fontfile,5362,12388,789c,"zlib:level=6,memLevel=7,strategy=0"
original/saveas/text+img/global_renewable_energy_generation_and_carbon_reduction_analysis(saveas).pdf,saveas,tounicode,227,337,789c,zlib:level=6
original/saveas/text+img/global_renewable_energy_generation_and_carbon_reduction_analysis(saveas).pdf,saveas,fontfile,23266,85484,789c,"zlib:level=6,memLevel=7,strategy=0"
original/saveas/text+img/global_renewable_energy_generation_and_carbon_reduction_analysis(saveas).pdf,saveas,tounicode,350,590,789c,zlib:level=6
original/saveas/text+img/global_renewable_energy_generation_and_carbon_reduction_analysis(saveas).pdf,saveas,fontfile,5101,52068,789c,zlib:level=6
original/saveas/text+img/global_renewable_energy_generation_and_carbon_reduction_analysis(saveas).pdf,saveas,tounicode,947,2196,789c,zlib:level=6
original/saveas/text+img/global_renewable_energy_generation_and_carbon_reduction_analysis(saveas).pdf,saveas,fontfile,31075,94884,789c,"zlib:level=6,memLevel=7,strategy=0"
original/saveas/text+img/global_renewable_energy_generation_and_carbon_reduction_analysis(saveas).pdf,saveas,tounicode,884,1975,789c,zlib:level=6
original/saveas/text+img/global_renewable_energy_generation_and_carbon_reduction_analysis(saveas).pdf,saveas,fontfile,57063,106728,789c,"zlib:level=6,memLevel=7,strategy=0"
original/saveas/text+img/global_renewable_energy_generation_and_carbon_reduction_analysis(saveas).pdf,saveas,fontfile,25892,81056,789c,"zlib:level=6,memLevel=7,strategy=0"
original/saveas/text+img/global_renewable_energy_generation_and_carbon_reduction_analysis(saveas).pdf,saveas,tounicode,373,748,789c,zlib:level=6
original/saveas/text+img/global_renewable_energy_generation_and_carbon_reduction_analysis(saveas).pdf,saveas,fontfile,4701,14204,789c,"zlib:level=6,memLevel=7,strategy=0"
original/saveas/text+img/global_renewable_energy_generation_and_carbon_reduction_analysis(saveas).pdf,saveas,tounicode,620,1695,789c,zlib:level=6
original/saveas/text+img/global_renewable_energy_generation_and_carbon_reduction_analysis(saveas).pdf,saveas,fontfile,9231,21276,789c,zlib:level=6
original/saveas/text+img/global_renewable_energy_generation_and_carbon_reduction_analysis(saveas).pdf,saveas,tounicode,659,1814,789c,zlib:level=6
original/saveas/text+img/global_renewable_energy_generation_and_carbon_reduction_analysis(saveas).pdf,saveas,fontfile,23523,54812,789c,"zlib:level=6,memLevel=7,strategy=0"
original/saveas/text+img/global_renewable_energy_generation_and_carbon_reduction_analysis(saveas).pdf,saveas,fontfile,8492,23004,789c,"zlib:level=6,memLevel=7,strategy=0"
original/saveas/text+img/global_renewable_energy_generation_and_carbon_reduction_analysis(saveas).pdf,saveas,fontfile,11112,27516,789c,"zlib:level=6,memLevel=7,strategy=0"
original/saveas/text+img/global_renewable_energy_generation_and_carbon_reduction_analysis(saveas).pdf,saveas,tounicode,315,598,789c,zlib:level=6
original/saveas/text+img/global_renewable_energy_generation_and_carbon_reduction_analysis(saveas).pdf,saveas,fontfile,10487,38632,789c,"zlib:level=6,memLevel=7,strategy=0"
original/saveas/text+img/global_renewable_energy_generation_and_carbon_reduction_analysis(saveas).pdf,saveas,tounicode,335,675,789c,zlib:level=6
original/saveas/text+img/global_renewable_energy_generation_and_carbon_reduction_analysis(saveas).pdf,saveas,fontfile,5042,8944,789c,"zlib:level=6,memLevel=7,strategy=0"
original/saveas/text+img/global_renewable_energy_generation_and_carbon_reduction_analysis(saveas).pdf,saveas,tounicode,451,1003,789c,zlib:level=6
original/saveas/text+img/global_renewable_energy_generation_and_carbon_reduction_analysis(saveas).pdf,saveas,fontfile,14097,32584,789c,"zlib:level=6,memLevel=7,strategy=0"
original/saveas/text+img/global_renewable_energy_generation_and_carbon_reduction_analysis(saveas).pdf,saveas,tounicode,473,1245,789c,zlib:level=6
original/saveas/text+img/global_renewable_energy_generation_and_carbon_reduction_analysis(saveas).pdf,saveas,fontfile,6855,13424,789c,zlib:level=6
original/saveas/text+img/global_renewable_energy_generation_and_carbon_reduction_analysis(saveas).pdf,saveas,tounicode,439,993,789c,zlib:level=6
original/saveas/text+img/global_renewable_energy_generation_and_carbon_reduction_analysis(saveas).pdf,saveas,fontfile,4052,9492,789c,"zlib:level=6,memLevel=7,strategy=0"
original/saveas/text+img/global_renewable_energy_generation_and_carbon_reduction_analysis(saveas).pdf,saveas,tounicode,678,2104,789c,zlib:level=6
original/saveas/text+img/global_renewable_energy_generation_and_carbon_reduction_analysis(saveas).pdf,saveas,fontfile,14265,33132,789c,"zlib:level=6,memLevel=7,strategy=0"
original/saveas/text+img/global_renewable_energy_generation_and_carbon_reduction_analysis(saveas).pdf,saveas,tounicode,660,2061,789c,zlib:level=6
original/saveas/text+img/global_renewable_energy_generation_and_carbon_reduction_analysis(saveas).pdf,saveas,fontfile,16513,52996,789c,"zlib:level=6,memLevel=7,strategy=0"
original/saveas/text+img/global_renewable_energy_generation_and_carbon_reduction_analysis(saveas).pdf,saveas,xref,2790,9660,789c,"zlib:level=6,memLevel=7,strategy=0"
original/saveas/text+img/international_tourism_trends_country_spending_patterns_multilang(saveas).pdf,saveas,content,3142,16673,789c,zlib:level=6
original/saveas/text+img/international_tourism_trends_country_spending_patterns_multilang(saveas).pdf,saveas,content,2137,12026,789c,zlib:level=6
original/saveas/text+img/international_tourism_trends_country_spending_patterns_multilang(saveas).pdf,saveas,content,8364,90758,789c,"zlib:level=6,memLevel=7,strategy=0"
original/saveas/text+img/international_tourism_trends_country_spending_patterns_multilang(saveas).pdf,saveas,content,3100,14044,789c,zlib:level=6
original/saveas/text+img/international_tourism_trends_country_spending_patterns_multilang(saveas).pdf,saveas,content,4011,20987,789c,"zlib:level=6,memLevel=7,strategy=0"
original/saveas/text+img/international_tourism_trends_country_spending_patterns_multilang(saveas).pdf,saveas,content,8062,89150,789c,"zlib:level=6,memLevel=7,strategy=0"
original/saveas/text+img/international_tourism_trends_country_spending_patterns_multilang(saveas).pdf,saveas,objstm,4680,39698,789c,zlib:level=6
original/saveas/text+img/international_tourism_trends_country_spending_patterns_multilang(saveas).pdf,saveas,objstm,6037,44436,789c,"zlib:level=6,memLevel=7,strategy=0"
original/saveas/text+img/international_tourism_trends_country_spending_patterns_multilang(saveas).pdf,saveas,objstm,6296,42437,789c,zlib:level=6
original/saveas/text+img/international_tourism_trends_country_spending_patterns_multilang(saveas).pdf,saveas,fontfile,8359,25388,789c,"zlib:level=6,memLevel=7,strategy=0"
original/saveas/text+img/international_tourism_trends_country_spending_patterns_multilang(saveas).pdf,saveas,fontfile,25892,81056,789c,"zlib:level=6,memLevel=7,strategy=0"
original/saveas/text+img/international_tourism_trends_country_spending_patterns_multilang(saveas).pdf,saveas,fontfile,5857,12988,789c,"zlib:level=6,memLevel=7,strategy=0"
original/saveas/text+img/international_tourism_trends_country_spending_patterns_multilang(saveas).pdf,saveas,fontfile,8929,15004,789c,zlib:level=6
original/saveas/text+img/international_tourism_trends_country_spending_patterns_multilang(saveas).pdf,saveas,tounicode,324,520,789c,zlib:level=6
original/saveas/text+img/international_tourism_trends_country_spending_patterns_multilang(saveas).pdf,saveas,fontfile,20661,53964,789c,"zlib:level=6,memLevel=7,strategy=0"
original/saveas/text+img/international_tourism_trends_country_spending_patterns_multilang(saveas).pdf,saveas,tounicode,1317,3389,789c,zlib:level=6
original/saveas/text+img/international_tourism_trends_country_spending_patterns_multilang(saveas).pdf,saveas,fontfile,43768,115292,789c,"zlib:level=6,memLevel=7,strategy=0"
original/saveas/text+img/international_tourism_trends_country_spending_patterns_multilang(saveas).pdf,saveas,tounicode,695,1499,789c,zlib:level=6
original/saveas/text+img/international_tourism_trends_country_spending_patterns_multilang(saveas).pdf,saveas,fontfile,15181,65452,789c,"zlib:level=6,memLevel=7,strategy=0"
original/saveas/text+img/international_tourism_trends_country_spending_patterns_multilang(saveas).pdf,saveas,tounicode,379,769,789c,zlib:level=6
original/saveas/text+img/international_tourism_trends_country_spending_patterns_multilang(saveas).pdf,saveas,fontfile,4753,13724,789c,zlib:level=6
original/saveas/text+img/international_tourism_trends_country_spending_patterns_multilang(saveas).pdf,saveas,tounicode,773,2194,789c,zlib:level=6
original/saveas/text+img/international_tourism_trends_country_spending_patterns_multilang(saveas).pdf,saveas,fontfile,10841,29268,789c,"zlib:level=6,memLevel=7,strategy=0"
original/saveas/text+img/international_tourism_trends_country_spending_patterns_multilang(saveas).pdf,saveas,tounicode,685,2045,789c,zlib:level=6
original/saveas/text+img/international_tourism_trends_country_spending_patterns_multilang(saveas).pdf,saveas,fontfile,27297,71940,789c,"zlib:level=6,memLevel=7,strategy=0"
original/saveas/text+img/international_tourism_trends_country_spending_patterns_multilang(saveas).pdf,saveas,fontfile,7124,19672,789c,"zlib:level=6,memLevel=7,strategy=0"
original/saveas/text+img/international_tourism_trends_country_spending_patterns_multilang(saveas).pdf,saveas,fontfile,9360,19304,789c,"zlib:level=6,memLevel=7,strategy=0"
original/saveas/text+img/international_tourism_trends_country_spending_patterns_multilang(saveas).pdf,saveas,fontfile,10162,38312,789c,"zlib:level=6,memLevel=7,strategy=0"
original/saveas/text+img/international_tourism_trends_country_spending_patterns_multilang(saveas).pdf,saveas,fontfile,3204,7668,789c,zlib:level=6
original/saveas/text+img/international_tourism_trends_country_spending_patterns_multilang(saveas).pdf,saveas,tounicode,488,1280,789c,zlib:level=6
original/saveas/text+img/international_tourism_trends_country_spending_patterns_multilang(saveas).pdf,saveas,fontfile,7312,14196,789c,zlib:level=6
original/saveas/text+img/international_tourism_trends_country_spending_patterns_multilang(saveas).pdf,saveas,tounicode,438,961,789c,zlib:level=6
original/saveas/text+img/international_tourism_trends_country_spending_patterns_multilang(saveas).pdf,saveas,fontfile,12171,30248,789c,"zlib:level=6,memLevel=7,strategy=0"
original/saveas/text+img/international_tourism_trends_country_spending_patterns_multilang(saveas).pdf,saveas,tounicode,365,746,789c,zlib:level=6
original/saveas/text+img/international_tourism_trends_country_spending_patterns_multilang(saveas).pdf,saveas,fontfile,6426,16816,789c,zlib:level=6
original/saveas/text+img/international_tourism_trends_country_spending_patterns_multilang(saveas).pdf,saveas,tounicode,606,1573,789c,zlib:level=6
original/saveas/text+img/international_tourism_trends_country_spending_patterns_multilang(saveas).pdf,saveas,fontfile,7270,17096,789c,"zlib:level=6,memLevel=7,strategy=0"
original/saveas/text+img/international_tourism_trends_country_spending_patterns_multilang(saveas).pdf,saveas,tounicode,675,1843,789c,zlib:level=6
original/saveas/text+img/international_tourism_trends_country_spending_patterns_multilang(saveas).pdf,saveas,fontfile,23273,51288,789c,"zlib:level=6,memLevel=7,strategy=0"
original/saveas/text+img/international_tourism_trends_country_spending_patterns_multilang(saveas).pdf,saveas,xref,3037,10682,789c,zlib:level=6
original/saveas/text+img/mobile_payment_and_fintech_service_expansion(saveas).pdf,saveas,content,3217,16511,789c,zlib:level=6
original/saveas/text+img/mobile_payment_and_fintech_service_expansion(saveas).pdf,saveas,content,2177,12359,789c,zlib:level=6
original/saveas/text+img/mobile_payment_and_fintech_service_expansion(saveas).pdf,saveas,content,8737,92683,789c,"zlib:level=6,memLevel=7,strategy=0"
original/saveas/text+img/mobile_payment_and_fintech_service_expansion(saveas).pdf,saveas,content,3327,16831,789c,"zlib:level=6,memLevel=7,strategy=0"
original/saveas/text+img/mobile_payment_and_fintech_service_expansion(saveas).pdf,saveas,content,3857,19296,789c,zlib:level=6
original/saveas/text+img/mobile_payment_and_fintech_service_expansion(saveas).pdf,saveas,content,8346,94814,789c,"zlib:level=6,memLevel=7,strategy=0"
original/saveas/text+img/mobile_payment_and_fintech_service_expansion(saveas).pdf,saveas,objstm,4502,39574,789c,zlib:level=6
original/saveas/text+img/mobile_payment_and_fintech_service_expansion(saveas).pdf,saveas,objstm,6108,44663,789c,"zlib:level=6,memLevel=7,strategy=0"
original/saveas/text+img/mobile_payment_and_fintech_service_expansion(saveas).pdf,saveas,objstm,7002,48002,789c,"zlib:level=6,memLevel=7,strategy=0"
original/saveas/text+img/mobile_payment_and_fintech_service_expansion(saveas).pdf,saveas,fontfile,3544,9988,789c,"zlib:level=6,memLevel=6,strategy=0"
original/saveas/text+img/mobile_payment_and_fintech_service_expansion(saveas).pdf,saveas,fontfile,25892,81056,789c,"zlib:level=6,memLevel=7,strategy=0"
original/saveas/text+img/mobile_payment_and_fintech_service_expansion(saveas).pdf,saveas,fontfile,19396,116372,789c,"zlib:level=6,memLevel=7,strategy=0"
original/saveas/text+img/mobile_payment_and_fintech_service_expansion(saveas).pdf,saveas,fontfile,11927,36144,789c,"zlib:level=6,memLevel=7,strategy=0"
original/saveas/text+img/mobile_payment_and_fintech_service_expansion(saveas).pdf,saveas,tounicode,326,534,789c,zlib:level=6
original/saveas/text+img/mobile_payment_and_fintech_service_expansion(saveas).pdf,saveas,fontfile,20826,54216,789c,"zlib:level=6,memLevel=7,strategy=0"
original/saveas/text+img/mobile_payment_and_fintech_service_expansion(saveas).pdf,saveas,tounicode,986,2274,789c,zlib:level=6
original/saveas/text+img/mobile_payment_and_fintech_service_expansion(saveas).pdf,saveas,fontfile,32363,96736,789c,"zlib:level=6,memLevel=7,strategy=0"
original/saveas/text+img/mobile_payment_and_fintech_service_expansion(saveas).pdf,saveas,tounicode,1087,2707,789c,zlib:level=6
original/saveas/text+img/mobile_payment_and_fintech_service_expansion(saveas).pdf,saveas,fontfile,86630,161660,789c,"zlib:level=6,memLevel=7,strategy=0"
original/saveas/text+img/mobile_payment_and_fintech_service_expansion(saveas).pdf,saveas,tounicode,226,337,789c,zlib:level=6
original/saveas/text+img/mobile_payment_and_fintech_service_expansion(saveas).pdf,saveas,fontfile,23041,92372,789c,"zlib:level=6,memLevel=7,strategy=0"
original/saveas/text+img/mobile_payment_and_fintech_service_expansion(saveas).pdf,saveas,tounicode,374,746,789c,zlib:level=6
original/saveas/text+img/mobile_payment_and_fintech_service_expansion(saveas).pdf,saveas,fontfile,14805,46616,789c,"zlib:level=6,memLevel=7,strategy=0"
original/saveas/text+img/mobile_payment_and_fintech_service_expansion(saveas).pdf,saveas,tounicode,693,1924,789c,zlib:level=6
original/saveas/text+img/mobile_payment_and_fintech_service_expansion(saveas).pdf,saveas,fontfile,10088,22668,789c,"zlib:level=6,memLevel=7,strategy=0"
original/saveas/text+img/mobile_payment_and_fintech_service_expansion(saveas).pdf,saveas,tounicode,676,1959,789c,zlib:level=6
original/saveas/text+img/mobile_payment_and_fintech_service_expansion(saveas).pdf,saveas,fontfile,10501,29780,789c,zlib:level=6
original/saveas/text+img/mobile_payment_and_fintech_service_expansion(saveas).pdf,saveas,fontfile,7942,21632,789c,"zlib:level=6,memLevel=7,strategy=0"
original/saveas/text+img/mobile_payment_and_fintech_service_expansion(saveas).pdf,saveas,fontfile,3916,6904,789c,zlib:level=6
original/saveas/text+img/mobile_payment_and_fintech_service_expansion(saveas).pdf,saveas,fontfile,8179,17648,789c,"zlib:level=6,memLevel=7,strategy=0"
original/saveas/text+img/mobile_payment_and_fintech_service_expansion(saveas).pdf,saveas,tounicode,372,773,789c,zlib:level=6
original/saveas/text+img/mobile_payment_and_fintech_service_expansion(saveas).pdf,saveas,fontfile,5787,12200,789c,"zlib:level=6,memLevel=7,strategy=0"
original/saveas/text+img/mobile_payment_and_fintech_service_expansion(saveas).pdf,saveas,tounicode,340,636,789c,zlib:level=6
original/saveas/text+img/mobile_payment_and_fintech_service_expansion(saveas).pdf,saveas,fontfile,7376,13164,789c,"zlib:level=6,memLevel=7,strategy=0"
original/saveas/text+img/mobile_payment_and_fintech_service_expansion(saveas).pdf,saveas,tounicode,304,570,789c,zlib:level=6
original/saveas/text+img/mobile_payment_and_fintech_service_expansion(saveas).pdf,saveas,fontfile,5074,10512,789c,zlib:level=6
original/saveas/text+img/mobile_payment_and_fintech_service_expansion(saveas).pdf,saveas,tounicode,396,885,789c,zlib:level=6
original/saveas/text+img/mobile_payment_and_fintech_service_expansion(saveas).pdf,saveas,fontfile,6401,16832,789c,zlib:level=6
original/saveas/text+img/mobile_payment_and_fintech_service_expansion(saveas).pdf,saveas,tounicode,661,2056,789c,zlib:level=6
original/saveas/text+img/mobile_payment_and_fintech_service_expansion(saveas).pdf,saveas,fontfile,13888,32380,789c,"zlib:level=6,memLevel=7,strategy=0"
original/saveas/text+img/mobile_payment_and_fintech_service_expansion(saveas).pdf,saveas,tounicode,648,1694,789c,zlib:level=6
original/saveas/text+img/mobile_payment_and_fintech_service_expansion(saveas).pdf,saveas,fontfile,7352,17160,789c,"zlib:level=6,memLevel=7,strategy=0"
original/saveas/text+img/mobile_payment_and_fintech_service_expansion(saveas).pdf,saveas,xref,3198,11193,789c,"zlib:level=6,memLevel=7,strategy=0"
original/saveas/text+img/online_education_elearning_market_growth_analysis(saveas).pdf,saveas,content,3094,17576,789c,zlib:level=6
original/saveas/text+img/online_education_elearning_market_growth_analysis(saveas).pdf,saveas,content,1965,11812,789c,zlib:level=6
original/saveas/text+img/online_education_elearning_market_growth_analysis(saveas).pdf,saveas,content,8673,97366,789c,"zlib:level=6,memLevel=7,strategy=0"
original/saveas/text+img/online_education_elearning_market_growth_analysis(saveas).pdf,saveas,content,3213,17505,789c,zlib:level=6
original/saveas/text+img/online_education_elearning_market_growth_analysis(saveas).pdf,saveas,content,4138,23453,789c,zlib:level=6
original/saveas/text+img/online_education_elearning_market_growth_analysis(saveas).pdf,saveas,content,8176,92973,789c,zlib:level=6
original/saveas/text+img/online_education_elearning_market_growth_analysis(saveas).pdf,saveas,objstm,4779,39783,789c,"zlib:level=6,memLevel=6,strategy=0"
original/saveas/text+img/online_education_elearning_market_growth_analysis(saveas).pdf,saveas,objstm,5873,44527,789c,"zlib:level=6,memLevel=7,strategy=0"
original/saveas/text+img/online_education_elearning_market_growth_analysis(saveas).pdf,saveas,objstm,6952,47517,789c,zlib:level=6
original/saveas/text+img/online_education_elearning_market_growth_analysis(saveas).pdf,saveas,fontfile,6611,11516,789c,zlib:level=6
original/saveas/text+img/online_education_elearning_market_growth_analysis(saveas).pdf,saveas,tounicode,334,647,789c,zlib:level=6
original/saveas/text+img/online_education_elearning_market_growth_analysis(saveas).pdf,saveas,fontfile,14971,42284,789c,"zlib:level=6,memLevel=7,strategy=0"
original/saveas/text+img/online_education_elearning_market_growth_analysis(saveas).pdf,saveas,tounicode,363,604,789c,zlib:level=6
original/saveas/text+img/online_education_elearning_market_growth_analysis(saveas).pdf,saveas,fontfile,21795,55764,789c,"zlib:level=6,memLevel=7,strategy=0"
original/saveas/text+img/online_education_elearning_market_growth_analysis(saveas).pdf,saveas,fontfile,25892,81056,789c,"zlib:level=6,memLevel=7,strategy=0"
original/saveas/text+img/online_education_elearning_market_growth_analysis(saveas).pdf,saveas,tounicode,1635,4422,789c,zlib:level=6
original/saveas/text+img/online_education_elearning_market_growth_analysis(saveas).pdf,saveas,fontfile,76921,217824,789c,"zlib:level=6,memLevel=7,strategy=0"
original/saveas/text+img/online_education_elearning_market_growth_analysis(saveas).pdf,saveas,fontfile,22998,85136,789c,"zlib:level=6,memLevel=7,strategy=0"
original/saveas/text+img/online_education_elearning_market_growth_analysis(saveas).pdf,saveas,tounicode,432,951,789c,zlib:level=6
original/saveas/text+img/online_education_elearning_market_growth_analysis(saveas).pdf,saveas,fontfile,13481,26248,789c,"zlib:level=6,memLevel=7,strategy=0"
original/saveas/text+img/online_education_elearning_market_growth_analysis(saveas).pdf,saveas,tounicode,762,2269,789c,zlib:level=6
original/saveas/text+img/online_education_elearning_market_growth_analysis(saveas).pdf,saveas,fontfile,30159,77772,789c,"zlib:level=6,memLevel=7,strategy=0"
original/saveas/text+img/online_education_elearning_market_growth_analysis(saveas).pdf,saveas,fontfile,6125,14984,789c,"zlib:level=6,memLevel=7,strategy=0"
original/saveas/text+img/online_education_elearning_market_growth_analysis(saveas).pdf,saveas,fontfile,11433,28180,789c,"zlib:level=6,memLevel=7,strategy=0"
original/saveas/text+img/online_education_elearning_market_growth_analysis(saveas).pdf,saveas,tounicode,381,810,789c,zlib:level=6
original/saveas/text+img/online_education_elearning_market_growth_analysis(saveas).pdf,saveas,fontfile,5976,12428,789c,"zlib:level=6,memLevel=7,strategy=0"
original/saveas/text+img/online_education_elearning_market_growth_analysis(saveas).pdf,saveas,tounicode,476,1074,789c,zlib:level=6
original/saveas/text+img/online_education_elearning_market_growth_analysis(saveas).pdf,saveas,fontfile,13819,32136,789c,"zlib:level=6,memLevel=7,strategy=0"
original/saveas/text+img/online_education_elearning_market_growth_analysis(saveas).pdf,saveas,tounicode,382,866,789c,zlib:level=6
original/saveas/text+img/online_education_elearning_market_growth_analysis(saveas).pdf,saveas,fontfile,6715,17680,789c,"zlib:level=6,memLevel=7,strategy=0"
original/saveas/text+img/online_education_elearning_market_growth_analysis(saveas).pdf,saveas,tounicode,734,2179,789c,zlib:level=6
original/saveas/text+img/online_education_elearning_market_growth_analysis(saveas).pdf,saveas,fontfile,26885,58516,789c,"zlib:level=6,memLevel=7,strategy=0"
original/saveas/text+img/online_education_elearning_market_growth_analysis(saveas).pdf,saveas,xref,3017,10808,789c,"zlib:level=6,memLevel=7,strategy=0"
