file,mode,stream,comp_len,decomp_len,blocks,stock_zlib_level
corrupted/print/text/AI_Development_MultiLanguage(print)_stream_zlib.pdf,print,0,10295,21080,1,
corrupted/print/text/AI_Development_MultiLanguage(print)_stream_zlib.pdf,print,1,96384,230284,5,
corrupted/print/text/AI_Development_MultiLanguage(print)_stream_zlib.pdf,print,2,29660,75740,2,
corrupted/print/text/AI_Development_MultiLanguage(print)_stream_zlib.pdf,print,3,15997,38328,1,
corrupted/print/text/AI_Development_MultiLanguage(print)_stream_zlib.pdf,print,4,3522,21953,1,
corrupted/print/text/AI_Development_MultiLanguage(print)_stream_zlib.pdf,print,5,11101,45580,1,
corrupted/print/text/AI_Development_MultiLanguage(print)_stream_zlib.pdf,print,6,76894,200724,3,
corrupted/print/text/AI_Development_MultiLanguage(print)_stream_zlib.pdf,print,7,76644,200730,3,
corrupted/print/text/AI_Development_MultiLanguage(print)_stream_zlib.pdf,print,8,76851,200740,3,
corrupted/print/text/AI_Development_MultiLanguage(print)_stream_zlib.pdf,print,9,76358,200708,3,
corrupted/print/text/AI_Development_MultiLanguage(print)_stream_zlib.pdf,print,10,48373,131580,3,
corrupted/print/text/AI_Development_MultiLanguage(print)_stream_zlib.pdf,print,11,48026,128217,2,
corrupted/print/text/AI_Development_MultiLanguage(print)_stream_zlib.pdf,print,12,29804,78408,2,
corrupted/print/text/AI_Development_MultiLanguage(print)_stream_zlib.pdf,print,13,26270,56904,2,
corrupted/print/text/AI_Development_MultiLanguage(print)_stream_zlib.pdf,print,14,57093,119812,3,
corrupted/print/text/AI_Development_MultiLanguage(print)_stream_zlib.pdf,print,15,5971,64072,1,
corrupted/print/text/AI_Development_MultiLanguage(print)_stream_zlib.pdf,print,16,6471,11404,1,
corrupted/print/text/AI_Development_MultiLanguage(print)_stream_zlib.pdf,print,17,17631,42092,1,
corrupted/print/text/AI_Development_MultiLanguage(print)_stream_zlib.pdf,print,18,52254,133580,3,
corrupted/print/text/AI_Development_MultiLanguage(print)_stream_zlib.pdf,print,19,3401,24373,1,
corrupted/print/text/AI_Development_MultiLanguage(print)_stream_zlib.pdf,print,20,10024,28016,1,
corrupted/print/text/AI_Development_MultiLanguage(print)_stream_zlib.pdf,print,21,8954,18464,1,
corrupted/print/text/AI_Development_MultiLanguage(print)_stream_zlib.pdf,print,22,26993,52672,2,
corrupted/print/text/AI_Development_MultiLanguage(print)_stream_zlib.pdf,print,23,3210,22214,1,
corrupted/print/text/AI_Development_MultiLanguage(print)_stream_zlib.pdf,print,24,25765,57096,2,
corrupted/print/text/AI_Development_MultiLanguage(print)_stream_zlib.pdf,print,25,30960,75556,2,
corrupted/print/text/AI_Development_MultiLanguage(print)_stream_zlib.pdf,print,26,41972,108776,2,
corrupted/print/text/AI_Development_MultiLanguage(print)_stream_zlib.pdf,print,27,6218,71024,1,
corrupted/print/text/AeroChef_Drone_Delivery_Cooking_Service(print)_stream_zlib.pdf,print,0,15029,37164,1,
corrupted/print/text/AeroChef_Drone_Delivery_Cooking_Service(print)_stream_zlib.pdf,print,1,11366,22696,1,
corrupted/print/text/AeroChef_Drone_Delivery_Cooking_Service(print)_stream_zlib.pdf,print,2,11673,23900,1,
corrupted/print/text/AeroChef_Drone_Delivery_Cooking_Service(print)_stream_zlib.pdf,print,3,67214,347616,4,
corrupted/print/text/AeroChef_Drone_Delivery_Cooking_Service(print)_stream_zlib.pdf,print,4,9744,16336,1,
corrupted/print/text/AeroChef_Drone_Delivery_Cooking_Service(print)_stream_zlib.pdf,print,5,111328,268232,6,
corrupted/print/text/AeroChef_Drone_Delivery_Cooking_Service(print)_stream_zlib.pdf,print,6,3960,29343,1,
corrupted/print/text/AeroChef_Drone_Delivery_Cooking_Service(print)_stream_zlib.pdf,print,7,5348,53024,1,
corrupted/print/text/AeroChef_Drone_Delivery_Cooking_Service(print)_stream_zlib.pdf,print,8,78512,142012,5,
corrupted/print/text/AeroChef_Drone_Delivery_Cooking_Service(print)_stream_zlib.pdf,print,9,26043,96832,2,
corrupted/print/text/AeroChef_Drone_Delivery_Cooking_Service(print)_stream_zlib.pdf,print,10,96384,230284,5,
corrupted/print/text/AeroChef_Drone_Delivery_Cooking_Service(print)_stream_zlib.pdf,print,11,1972,10462,1,
corrupted/print/text/AeroChef_Drone_Delivery_Cooking_Service(print)_stream_zlib.pdf,print,12,11901,27576,1,
corrupted/print/text/AeroChef_Drone_Delivery_Cooking_Service(print)_stream_zlib.pdf,print,13,21761,57064,1,
corrupted/print/text/AeroChef_Drone_Delivery_Cooking_Service(print)_stream_zlib.pdf,print,14,41502,99888,2,
corrupted/print/text/AeroChef_Drone_Delivery_Cooking_Service(print)_stream_zlib.pdf,print,15,6074,56448,1,
corrupted/print/text/AeroChef_Drone_Delivery_Cooking_Service(print)_stream_zlib.pdf,print,16,40784,96708,2,
corrupted/print/text/AeroChef_Drone_Delivery_Cooking_Service(print)_stream_zlib.pdf,print,17,52468,133716,3,
corrupted/print/text/AeroChef_Drone_Delivery_Cooking_Service(print)_stream_zlib.pdf,print,18,7382,12532,1,
corrupted/print/text/AeroChef_Drone_Delivery_Cooking_Service(print)_stream_zlib.pdf,print,19,2674,18841,1,
corrupted/print/text/AeroChef_Drone_Delivery_Cooking_Service(print)_stream_zlib.pdf,print,20,10250,28244,1,
corrupted/print/text/AeroChef_Drone_Delivery_Cooking_Service(print)_stream_zlib.pdf,print,21,487951,888988,22,
corrupted/print/text/AeroChef_Drone_Delivery_Cooking_Service(print)_stream_zlib.pdf,print,22,27646,53304,2,
corrupted/print/text/AeroChef_Drone_Delivery_Cooking_Service(print)_stream_zlib.pdf,print,23,3665,27222,1,
corrupted/print/text/AeroChef_Drone_Delivery_Cooking_Service(print)_stream_zlib.pdf,print,24,21285,48116,2,
corrupted/print/text/AeroChef_Drone_Delivery_Cooking_Service(print)_stream_zlib.pdf,print,25,36034,76912,2,
corrupted/print/text/AeroChef_Drone_Delivery_Cooking_Service(print)_stream_zlib.pdf,print,26,33595,79944,2,
corrupted/print/text/AeroChef_Drone_Delivery_Cooking_Service(print)_stream_zlib.pdf,print,27,5920,63853,1,
corrupted/print/text/Aurora_VR_AR_Game_Lineup_Multilingual(print)_stream_zlib.pdf,print,0,29922,76304,2,
corrupted/print/text/Aurora_VR_AR_Game_Lineup_Multilingual(print)_stream_zlib.pdf,print,1,58843,200715,3,
corrupted/print/text/Aurora_VR_AR_Game_Lineup_Multilingual(print)_stream_zlib.pdf,print,2,96384,230284,5,
corrupted/print/text/Aurora_VR_AR_Game_Lineup_Multilingual(print)_stream_zlib.pdf,print,3,4097,11798,1,
corrupted/print/text/Aurora_VR_AR_Game_Lineup_Multilingual(print)_stream_zlib.pdf,print,4,76694,200743,3,
corrupted/print/text/Aurora_VR_AR_Game_Lineup_Multilingual(print)_stream_zlib.pdf,print,5,76439,200742,3,
corrupted/print/text/Aurora_VR_AR_Game_Lineup_Multilingual(print)_stream_zlib.pdf,print,6,76947,200741,3,
corrupted/print/text/Aurora_VR_AR_Game_Lineup_Multilingual(print)_stream_zlib.pdf,print,7,76941,200745,3,
corrupted/print/text/Aurora_VR_AR_Game_Lineup_Multilingual(print)_stream_zlib.pdf,print,8,76637,200707,3,
corrupted/print/text/Aurora_VR_AR_Game_Lineup_Multilingual(print)_stream_zlib.pdf,print,9,77433,200753,3,
corrupted/print/text/Aurora_VR_AR_Game_Lineup_Multilingual(print)_stream_zlib.pdf,print,10,76637,200717,3,
corrupted/print/text/Aurora_VR_AR_Game_Lineup_Multilingual(print)_stream_zlib.pdf,print,11,76832,200739,3,
corrupted/print/text/Aurora_VR_AR_Game_Lineup_Multilingual(print)_stream_zlib.pdf,print,12,77027,200709,3,
corrupted/print/text/Aurora_VR_AR_Game_Lineup_Multilingual(print)_stream_zlib.pdf,print,13,76432,200712,3,
corrupted/print/text/Aurora_VR_AR_Game_Lineup_Multilingual(print)_stream_zlib.pdf,print,14,76559,200712,3,
corrupted/print/text/Aurora_VR_AR_Game_Lineup_Multilingual(print)_stream_zlib.pdf,print,15,77268,200717,3,
corrupted/print/text/Aurora_VR_AR_Game_Lineup_Multilingual(print)_stream_zlib.pdf,print,16,76548,200758,3,
corrupted/print/text/Aurora_VR_AR_Game_Lineup_Multilingual(print)_stream_zlib.pdf,print,17,76868,200768,3,
corrupted/print/text/Aurora_VR_AR_Game_Lineup_Multilingual(print)_stream_zlib.pdf,print,18,11894,61516,1,
corrupted/print/text/Aurora_VR_AR_Game_Lineup_Multilingual(print)_stream_zlib.pdf,print,19,47293,121577,2,
corrupted/print/text/Aurora_VR_AR_Game_Lineup_Multilingual(print)_stream_zlib.pdf,print,20,38809,93908,2,
corrupted/print/text/Aurora_VR_AR_Game_Lineup_Multilingual(print)_stream_zlib.pdf,print,21,37674,93732,2,
corrupted/print/text/Aurora_VR_AR_Game_Lineup_Multilingual(print)_stream_zlib.pdf,print,22,6524,101755,1,
corrupted/print/text/Aurora_VR_AR_Game_Lineup_Multilingual(print)_stream_zlib.pdf,print,23,43479,102792,3,
corrupted/print/text/Aurora_VR_AR_Game_Lineup_Multilingual(print)_stream_zlib.pdf,print,24,7218,12284,1,
corrupted/print/text/Aurora_VR_AR_Game_Lineup_Multilingual(print)_stream_zlib.pdf,print,25,4963,38275,1,
corrupted/print/text/Aurora_VR_AR_Game_Lineup_Multilingual(print)_stream_zlib.pdf,print,26,27226,52680,2,
corrupted/print/text/Aurora_VR_AR_Game_Lineup_Multilingual(print)_stream_zlib.pdf,print,27,486313,887288,22,
corrupted/print/text/Aurora_VR_AR_Game_Lineup_Multilingual(print)_stream_zlib.pdf,print,28,5315,40126,1,
corrupted/print/text/Aurora_VR_AR_Game_Lineup_Multilingual(print)_stream_zlib.pdf,print,29,25675,56916,2,
corrupted/print/text/Aurora_VR_AR_Game_Lineup_Multilingual(print)_stream_zlib.pdf,print,30,32535,70440,2,
corrupted/print/text/Aurora_VR_AR_Game_Lineup_Multilingual(print)_stream_zlib.pdf,print,31,9741,123897,1,
corrupted/print/text/Autonomous_Vehicle_Accident_Report(print)_stream_zlib.pdf,print,0,26646,65348,2,
corrupted/print/text/Autonomous_Vehicle_Accident_Report(print)_stream_zlib.pdf,print,1,96384,230284,5,
corrupted/print/text/Autonomous_Vehicle_Accident_Report(print)_stream_zlib.pdf,print,2,17492,40120,1,
corrupted/print/text/Autonomous_Vehicle_Accident_Report(print)_stream_zlib.pdf,print,3,60498,200742,3,
corrupted/print/text/Autonomous_Vehicle_Accident_Report(print)_stream_zlib.pdf,print,4,3388,10440,1,
corrupted/print/text/Autonomous_Vehicle_Accident_Report(print)_stream_zlib.pdf,print,5,33157,77048,2,
corrupted/print/text/Autonomous_Vehicle_Accident_Report(print)_stream_zlib.pdf,print,6,26260,81156,2,
corrupted/print/text/Autonomous_Vehicle_Accident_Report(print)_stream_zlib.pdf,print,7,38332,88240,2,
corrupted/print/text/Autonomous_Vehicle_Accident_Report(print)_stream_zlib.pdf,print,8,2185,12993,1,
corrupted/print/text/Autonomous_Vehicle_Accident_Report(print)_stream_zlib.pdf,print,9,16590,37776,1,
corrupted/print/text/Autonomous_Vehicle_Accident_Report(print)_stream_zlib.pdf,print,10,55833,122308,3,
corrupted/print/text/Autonomous_Vehicle_Accident_Report(print)_stream_zlib.pdf,print,11,16134,43080,1,
corrupted/print/text/Autonomous_Vehicle_Accident_Report(print)_stream_zlib.pdf,print,12,111328,268232,6,
corrupted/print/text/Autonomous_Vehicle_Accident_Report(print)_stream_zlib.pdf,print,13,4842,42494,1,
corrupted/print/text/Autonomous_Vehicle_Accident_Report(print)_stream_zlib.pdf,print,14,50466,130760,3,
corrupted/print/text/Autonomous_Vehicle_Accident_Report(print)_stream_zlib.pdf,print,15,45874,108052,3,
corrupted/print/text/Autonomous_Vehicle_Accident_Report(print)_stream_zlib.pdf,print,16,18880,43912,1,
corrupted/print/text/Autonomous_Vehicle_Accident_Report(print)_stream_zlib.pdf,print,17,9906,19624,1,
corrupted/print/text/Autonomous_Vehicle_Accident_Report(print)_stream_zlib.pdf,print,18,3983,27506,1,
corrupted/print/text/Autonomous_Vehicle_Accident_Report(print)_stream_zlib.pdf,print,19,491977,894172,22,
corrupted/print/text/Autonomous_Vehicle_Accident_Report(print)_stream_zlib.pdf,print,20,3486,24397,1,
corrupted/print/text/Autonomous_Vehicle_Accident_Report(print)_stream_zlib.pdf,print,21,35594,80380,2,
corrupted/print/text/Autonomous_Vehicle_Accident_Report(print)_stream_zlib.pdf,print,22,29676,65392,2,
corrupted/print/text/Autonomous_Vehicle_Accident_Report(print)_stream_zlib.pdf,print,23,9811,20016,1,
corrupted/print/text/Autonomous_Vehicle_Accident_Report(print)_stream_zlib.pdf,print,24,6473,61667,1,
corrupted/print/text/BioNext_Data_Leak_Report(print)_stream_zlib.pdf,print,0,6789,11948,1,
corrupted/print/text/BioNext_Data_Leak_Report(print)_stream_zlib.pdf,print,1,96384,230284,5,
corrupted/print/text/BioNext_Data_Leak_Report(print)_stream_zlib.pdf,print,2,17653,40316,1,
corrupted/print/text/BioNext_Data_Leak_Report(print)_stream_zlib.pdf,print,3,33607,82676,2,
corrupted/print/text/BioNext_Data_Leak_Report(print)_stream_zlib.pdf,print,4,4240,28012,1,
corrupted/print/text/BioNext_Data_Leak_Report(print)_stream_zlib.pdf,print,5,17520,82076,1,
corrupted/print/text/BioNext_Data_Leak_Report(print)_stream_zlib.pdf,print,6,75051,200736,3,
corrupted/print/text/BioNext_Data_Leak_Report(print)_stream_zlib.pdf,print,7,75673,200705,3,
corrupted/print/text/BioNext_Data_Leak_Report(print)_stream_zlib.pdf,print,8,75400,200759,3,
corrupted/print/text/BioNext_Data_Leak_Report(print)_stream_zlib.pdf,print,9,75349,200750,3,
corrupted/print/text/BioNext_Data_Leak_Report(print)_stream_zlib.pdf,print,10,75661,200727,3,
corrupted/print/text/BioNext_Data_Leak_Report(print)_stream_zlib.pdf,print,11,50345,101924,3,
corrupted/print/text/BioNext_Data_Leak_Report(print)_stream_zlib.pdf,print,12,18941,52668,1,
corrupted/print/text/BioNext_Data_Leak_Report(print)_stream_zlib.pdf,print,13,40664,91172,2,
corrupted/print/text/BioNext_Data_Leak_Report(print)_stream_zlib.pdf,print,14,19697,37384,1,
corrupted/print/text/BioNext_Data_Leak_Report(print)_stream_zlib.pdf,print,15,41199,100668,2,
corrupted/print/text/BioNext_Data_Leak_Report(print)_stream_zlib.pdf,print,16,5962,54352,1,
corrupted/print/text/BioNext_Data_Leak_Report(print)_stream_zlib.pdf,print,17,6517,11424,1,
corrupted/print/text/BioNext_Data_Leak_Report(print)_stream_zlib.pdf,print,18,47095,111248,3,
corrupted/print/text/BioNext_Data_Leak_Report(print)_stream_zlib.pdf,print,19,14501,36680,1,
corrupted/print/text/BioNext_Data_Leak_Report(print)_stream_zlib.pdf,print,20,4007,26855,1,
corrupted/print/text/BioNext_Data_Leak_Report(print)_stream_zlib.pdf,print,21,5497,12908,1,
corrupted/print/text/BioNext_Data_Leak_Report(print)_stream_zlib.pdf,print,22,10782,21140,1,
corrupted/print/text/BioNext_Data_Leak_Report(print)_stream_zlib.pdf,print,23,2625,49804,1,
corrupted/print/text/BioNext_Data_Leak_Report(print)_stream_zlib.pdf,print,24,12479,31332,1,
corrupted/print/text/BioNext_Data_Leak_Report(print)_stream_zlib.pdf,print,25,3912,27124,1,
corrupted/print/text/BioNext_Data_Leak_Report(print)_stream_zlib.pdf,print,26,35005,81112,2,
corrupted/print/text/BioNext_Data_Leak_Report(print)_stream_zlib.pdf,print,27,37173,86420,2,
corrupted/print/text/BioNext_Data_Leak_Report(print)_stream_zlib.pdf,print,28,10621,21676,1,
corrupted/print/text/BioNext_Data_Leak_Report(print)_stream_zlib.pdf,print,29,5724,56011,1,
corrupted/print/text/Digital_Minimalism(print)_stream_zlib.pdf,print,0,7444,13160,1,
corrupted/print/text/Digital_Minimalism(print)_stream_zlib.pdf,print,1,96384,230284,5,
corrupted/print/text/Digital_Minimalism(print)_stream_zlib.pdf,print,2,60772,200762,3,
corrupted/print/text/Digital_Minimalism(print)_stream_zlib.pdf,print,3,60550,200724,3,
corrupted/print/text/Digital_Minimalism(print)_stream_zlib.pdf,print,4,61384,200726,3,
corrupted/print/text/Digital_Minimalism(print)_stream_zlib.pdf,print,5,61287,200751,3,
corrupted/print/text/Digital_Minimalism(print)_stream_zlib.pdf,print,6,16119,38508,1,
corrupted/print/text/Digital_Minimalism(print)_stream_zlib.pdf,print,7,42630,143219,2,
corrupted/print/text/Digital_Minimalism(print)_stream_zlib.pdf,print,8,33195,77380,2,
corrupted/print/text/Digital_Minimalism(print)_stream_zlib.pdf,print,9,7020,56676,1,
corrupted/print/text/Digital_Minimalism(print)_stream_zlib.pdf,print,10,52844,138340,3,
corrupted/print/text/Digital_Minimalism(print)_stream_zlib.pdf,print,11,27127,82508,2,
corrupted/print/text/Digital_Minimalism(print)_stream_zlib.pdf,print,12,1967,8979,1,
corrupted/print/text/Digital_Minimalism(print)_stream_zlib.pdf,print,13,15752,42740,1,
corrupted/print/text/Digital_Minimalism(print)_stream_zlib.pdf,print,14,17518,37968,1,
corrupted/print/text/Digital_Minimalism(print)_stream_zlib.pdf,print,15,50590,114832,3,
corrupted/print/text/Digital_Minimalism(print)_stream_zlib.pdf,print,16,6655,70028,1,
corrupted/print/text/Digital_Minimalism(print)_stream_zlib.pdf,print,17,11371,30716,1,
corrupted/print/text/Digital_Minimalism(print)_stream_zlib.pdf,print,18,42872,101816,3,
corrupted/print/text/Digital_Minimalism(print)_stream_zlib.pdf,print,19,51668,132472,3,
corrupted/print/text/Digital_Minimalism(print)_stream_zlib.pdf,print,20,3478,23582,1,
corrupted/print/text/Digital_Minimalism(print)_stream_zlib.pdf,print,21,5117,12604,1,
corrupted/print/text/Digital_Minimalism(print)_stream_zlib.pdf,print,22,486357,887340,22,
corrupted/print/text/Digital_Minimalism(print)_stream_zlib.pdf,print,23,27088,52784,2,
corrupted/print/text/Digital_Minimalism(print)_stream_zlib.pdf,print,24,3597,26623,1,
corrupted/print/text/Digital_Minimalism(print)_stream_zlib.pdf,print,25,7786,15972,1,
corrupted/print/text/Digital_Minimalism(print)_stream_zlib.pdf,print,26,26061,58220,2,
corrupted/print/text/Digital_Minimalism(print)_stream_zlib.pdf,print,27,41188,105080,2,
corrupted/print/text/Digital_Minimalism(print)_stream_zlib.pdf,print,28,6627,79569,1,
corrupted/print/text/E-Payment_Service_Outage_Report(print)_stream_zlib.pdf,print,0,6958,12196,1,
corrupted/print/text/E-Payment_Service_Outage_Report(print)_stream_zlib.pdf,print,1,96384,230284,5,
corrupted/print/text/E-Payment_Service_Outage_Report(print)_stream_zlib.pdf,print,2,62632,200748,3,
corrupted/print/text/E-Payment_Service_Outage_Report(print)_stream_zlib.pdf,print,3,17537,40184,1,
corrupted/print/text/E-Payment_Service_Outage_Report(print)_stream_zlib.pdf,print,4,59170,200714,3,
corrupted/print/text/E-Payment_Service_Outage_Report(print)_stream_zlib.pdf,print,5,111328,268232,6,
corrupted/print/text/E-Payment_Service_Outage_Report(print)_stream_zlib.pdf,print,6,396,1998,1,
corrupted/print/text/E-Payment_Service_Outage_Report(print)_stream_zlib.pdf,print,7,5015,52636,1,
corrupted/print/text/E-Payment_Service_Outage_Report(print)_stream_zlib.pdf,print,8,31845,105380,2,
corrupted/print/text/E-Payment_Service_Outage_Report(print)_stream_zlib.pdf,print,9,75116,137052,4,
corrupted/print/text/E-Payment_Service_Outage_Report(print)_stream_zlib.pdf,print,10,2156,12122,1,
corrupted/print/text/E-Payment_Service_Outage_Report(print)_stream_zlib.pdf,print,11,14442,39540,1,
corrupted/print/text/E-Payment_Service_Outage_Report(print)_stream_zlib.pdf,print,12,52025,115832,3,
corrupted/print/text/E-Payment_Service_Outage_Report(print)_stream_zlib.pdf,print,13,21162,41544,2,
corrupted/print/text/E-Payment_Service_Outage_Report(print)_stream_zlib.pdf,print,14,6113,52535,1,
corrupted/print/text/E-Payment_Service_Outage_Report(print)_stream_zlib.pdf,print,15,11520,30916,1,
corrupted/print/text/E-Payment_Service_Outage_Report(print)_stream_zlib.pdf,print,16,54332,137696,3,
corrupted/print/text/E-Payment_Service_Outage_Report(print)_stream_zlib.pdf,print,17,45872,108576,3,
corrupted/print/text/E-Payment_Service_Outage_Report(print)_stream_zlib.pdf,print,18,4154,28601,1,
corrupted/print/text/E-Payment_Service_Outage_Report(print)_stream_zlib.pdf,print,19,5063,12368,1,
corrupted/print/text/E-Payment_Service_Outage_Report(print)_stream_zlib.pdf,print,20,30370,57896,2,
corrupted/print/text/E-Payment_Service_Outage_Report(print)_stream_zlib.pdf,print,21,492426,894800,22,
corrupted/print/text/E-Payment_Service_Outage_Report(print)_stream_zlib.pdf,print,22,4521,31477,1,
corrupted/print/text/E-Payment_Service_Outage_Report(print)_stream_zlib.pdf,print,23,7287,14932,1,
corrupted/print/text/E-Payment_Service_Outage_Report(print)_stream_zlib.pdf,print,24,44587,119568,3,
corrupted/print/text/E-Payment_Service_Outage_Report(print)_stream_zlib.pdf,print,25,28257,62216,2,
corrupted/print/text/E-Payment_Service_Outage_Report(print)_stream_zlib.pdf,print,26,6409,64420,1,
corrupted/print/text/EcoWave_Sustainable_Fashion_Collection(print)_stream_zlib.pdf,print,0,9162,18008,1,
corrupted/print/text/EcoWave_Sustainable_Fashion_Collection(print)_stream_zlib.pdf,print,1,8368,14376,1,
corrupted/print/text/EcoWave_Sustainable_Fashion_Collection(print)_stream_zlib.pdf,print,2,111517,275704,6,
corrupted/print/text/EcoWave_Sustainable_Fashion_Collection(print)_stream_zlib.pdf,print,3,11673,23900,1,
corrupted/print/text/EcoWave_Sustainable_Fashion_Collection(print)_stream_zlib.pdf,print,4,67214,347616,4,
corrupted/print/text/EcoWave_Sustainable_Fashion_Collection(print)_stream_zlib.pdf,print,5,32021,79596,2,
corrupted/print/text/EcoWave_Sustainable_Fashion_Collection(print)_stream_zlib.pdf,print,6,96384,230284,5,
corrupted/print/text/EcoWave_Sustainable_Fashion_Collection(print)_stream_zlib.pdf,print,7,3738,26308,1,
corrupted/print/text/EcoWave_Sustainable_Fashion_Collection(print)_stream_zlib.pdf,print,8,23933,77592,2,
corrupted/print/text/EcoWave_Sustainable_Fashion_Collection(print)_stream_zlib.pdf,print,9,65353,123884,4,
corrupted/print/text/EcoWave_Sustainable_Fashion_Collection(print)_stream_zlib.pdf,print,10,21022,56905,1,
corrupted/print/text/EcoWave_Sustainable_Fashion_Collection(print)_stream_zlib.pdf,print,11,18007,47172,1,
corrupted/print/text/EcoWave_Sustainable_Fashion_Collection(print)_stream_zlib.pdf,print,12,53076,111548,3,
corrupted/print/text/EcoWave_Sustainable_Fashion_Collection(print)_stream_zlib.pdf,print,13,5033,48716,1,
corrupted/print/text/EcoWave_Sustainable_Fashion_Collection(print)_stream_zlib.pdf,print,14,11152,30248,1,
corrupted/print/text/EcoWave_Sustainable_Fashion_Collection(print)_stream_zlib.pdf,print,15,7513,12796,1,
corrupted/print/text/EcoWave_Sustainable_Fashion_Collection(print)_stream_zlib.pdf,print,16,53049,136132,3,
corrupted/print/text/EcoWave_Sustainable_Fashion_Collection(print)_stream_zlib.pdf,print,17,3111,21598,1,
corrupted/print/text/EcoWave_Sustainable_Fashion_Collection(print)_stream_zlib.pdf,print,18,9567,27160,1,
corrupted/print/text/EcoWave_Sustainable_Fashion_Collection(print)_stream_zlib.pdf,print,19,27473,53240,2,
corrupted/print/text/EcoWave_Sustainable_Fashion_Collection(print)_stream_zlib.pdf,print,20,8180,17188,1,
corrupted/print/text/EcoWave_Sustainable_Fashion_Collection(print)_stream_zlib.pdf,print,21,2951,19195,1,
corrupted/print/text/EcoWave_Sustainable_Fashion_Collection(print)_stream_zlib.pdf,print,22,32234,70380,2,
corrupted/print/text/EcoWave_Sustainable_Fashion_Collection(print)_stream_zlib.pdf,print,23,11403,23516,1,
corrupted/print/text/EcoWave_Sustainable_Fashion_Collection(print)_stream_zlib.pdf,print,24,34617,73952,2,
corrupted/print/text/EcoWave_Sustainable_Fashion_Collection(print)_stream_zlib.pdf,print,25,6139,59637,1,
corrupted/print/text/EduBot_AI_Learning_Robot_Series(print)_stream_zlib.pdf,print,0,29629,75428,2,
corrupted/print/text/EduBot_AI_Learning_Robot_Series(print)_stream_zlib.pdf,print,1,11673,23900,1,
corrupted/print/text/EduBot_AI_Learning_Robot_Series(print)_stream_zlib.pdf,print,2,67214,347616,4,
corrupted/print/text/EduBot_AI_Learning_Robot_Series(print)_stream_zlib.pdf,print,3,16774,39216,1,
corrupted/print/text/EduBot_AI_Learning_Robot_Series(print)_stream_zlib.pdf,print,4,96384,230284,5,
corrupted/print/text/EduBot_AI_Learning_Robot_Series(print)_stream_zlib.pdf,print,5,13132,50715,1,
corrupted/print/text/EduBot_AI_Learning_Robot_Series(print)_stream_zlib.pdf,print,6,35648,110688,2,
corrupted/print/text/EduBot_AI_Learning_Robot_Series(print)_stream_zlib.pdf,print,7,16623,67884,1,
corrupted/print/text/EduBot_AI_Learning_Robot_Series(print)_stream_zlib.pdf,print,8,24957,68355,1,
corrupted/print/text/EduBot_AI_Learning_Robot_Series(print)_stream_zlib.pdf,print,9,11862,26984,1,
corrupted/print/text/EduBot_AI_Learning_Robot_Series(print)_stream_zlib.pdf,print,10,24433,52916,2,
corrupted/print/text/EduBot_AI_Learning_Robot_Series(print)_stream_zlib.pdf,print,11,111452,268468,6,
corrupted/print/text/EduBot_AI_Learning_Robot_Series(print)_stream_zlib.pdf,print,12,43133,103432,3,
corrupted/print/text/EduBot_AI_Learning_Robot_Series(print)_stream_zlib.pdf,print,13,5409,52620,1,
corrupted/print/text/EduBot_AI_Learning_Robot_Series(print)_stream_zlib.pdf,print,14,15785,39596,1,
corrupted/print/text/EduBot_AI_Learning_Robot_Series(print)_stream_zlib.pdf,print,15,43341,102528,3,
corrupted/print/text/EduBot_AI_Learning_Robot_Series(print)_stream_zlib.pdf,print,16,53917,135964,3,
corrupted/print/text/EduBot_AI_Learning_Robot_Series(print)_stream_zlib.pdf,print,17,3125,20745,1,
corrupted/print/text/EduBot_AI_Learning_Robot_Series(print)_stream_zlib.pdf,print,18,7425,15236,1,
corrupted/print/text/EduBot_AI_Learning_Robot_Series(print)_stream_zlib.pdf,print,19,486125,887088,22,
corrupted/print/text/EduBot_AI_Learning_Robot_Series(print)_stream_zlib.pdf,print,20,7711,16300,1,
corrupted/print/text/EduBot_AI_Learning_Robot_Series(print)_stream_zlib.pdf,print,21,2861,21426,1,
corrupted/print/text/EduBot_AI_Learning_Robot_Series(print)_stream_zlib.pdf,print,22,24628,64812,2,
corrupted/print/text/EduBot_AI_Learning_Robot_Series(print)_stream_zlib.pdf,print,23,26352,58344,2,
corrupted/print/text/EduBot_AI_Learning_Robot_Series(print)_stream_zlib.pdf,print,24,37566,79596,2,
corrupted/print/text/EduBot_AI_Learning_Robot_Series(print)_stream_zlib.pdf,print,25,6022,62447,1,
corrupted/print/text/Evolution_Biodegradable_Plastics(print)_stream_zlib.pdf,print,0,96384,230284,5,
corrupted/print/text/Evolution_Biodegradable_Plastics(print)_stream_zlib.pdf,print,1,8443,14552,1,
corrupted/print/text/Evolution_Biodegradable_Plastics(print)_stream_zlib.pdf,print,2,15857,38156,1,
corrupted/print/text/Evolution_Biodegradable_Plastics(print)_stream_zlib.pdf,print,3,31248,115595,2,
corrupted/print/text/Evolution_Biodegradable_Plastics(print)_stream_zlib.pdf,print,4,18955,84216,1,
corrupted/print/text/Evolution_Biodegradable_Plastics(print)_stream_zlib.pdf,print,5,23529,77168,2,
corrupted/print/text/Evolution_Biodegradable_Plastics(print)_stream_zlib.pdf,print,6,97737,170380,6,
corrupted/print/text/Evolution_Biodegradable_Plastics(print)_stream_zlib.pdf,print,7,1722,7082,1,
corrupted/print/text/Evolution_Biodegradable_Plastics(print)_stream_zlib.pdf,print,8,12813,29156,1,
corrupted/print/text/Evolution_Biodegradable_Plastics(print)_stream_zlib.pdf,print,9,17506,46472,1,
corrupted/print/text/Evolution_Biodegradable_Plastics(print)_stream_zlib.pdf,print,10,54726,115000,3,
corrupted/print/text/Evolution_Biodegradable_Plastics(print)_stream_zlib.pdf,print,11,8198,90198,1,
corrupted/print/text/Evolution_Biodegradable_Plastics(print)_stream_zlib.pdf,print,12,40847,96320,2,
corrupted/print/text/Evolution_Biodegradable_Plastics(print)_stream_zlib.pdf,print,13,12634,33024,1,
corrupted/print/text/Evolution_Biodegradable_Plastics(print)_stream_zlib.pdf,print,14,51742,132544,3,
corrupted/print/text/Evolution_Biodegradable_Plastics(print)_stream_zlib.pdf,print,15,3951,28314,1,
corrupted/print/text/Evolution_Biodegradable_Plastics(print)_stream_zlib.pdf,print,16,26533,51984,2,
corrupted/print/text/Evolution_Biodegradable_Plastics(print)_stream_zlib.pdf,print,17,486272,887396,22,
corrupted/print/text/Evolution_Biodegradable_Plastics(print)_stream_zlib.pdf,print,18,6468,14588,1,
corrupted/print/text/Evolution_Biodegradable_Plastics(print)_stream_zlib.pdf,print,19,3762,27364,1,
corrupted/print/text/Evolution_Biodegradable_Plastics(print)_stream_zlib.pdf,print,20,7729,15912,1,
corrupted/print/text/Evolution_Biodegradable_Plastics(print)_stream_zlib.pdf,print,21,25490,56368,2,
corrupted/print/text/Evolution_Biodegradable_Plastics(print)_stream_zlib.pdf,print,22,42691,108928,3,
corrupted/print/text/Evolution_Biodegradable_Plastics(print)_stream_zlib.pdf,print,23,7835,95925,1,
corrupted/print/text/Evolution_Food_Culture_Alternative_Foods(print)_stream_zlib.pdf,print,0,28085,71868,2,
corrupted/print/text/Evolution_Food_Culture_Alternative_Foods(print)_stream_zlib.pdf,print,1,96384,230284,5,
corrupted/print/text/Evolution_Food_Culture_Alternative_Foods(print)_stream_zlib.pdf,print,2,16058,38384,1,
corrupted/print/text/Evolution_Food_Culture_Alternative_Foods(print)_stream_zlib.pdf,print,3,58875,200759,3,
corrupted/print/text/Evolution_Food_Culture_Alternative_Foods(print)_stream_zlib.pdf,print,4,61363,200724,3,
corrupted/print/text/Evolution_Food_Culture_Alternative_Foods(print)_stream_zlib.pdf,print,5,36649,119917,2,
corrupted/print/text/Evolution_Food_Culture_Alternative_Foods(print)_stream_zlib.pdf,print,6,77231,140132,4,
corrupted/print/text/Evolution_Food_Culture_Alternative_Foods(print)_stream_zlib.pdf,print,7,51707,137208,3,
corrupted/print/text/Evolution_Food_Culture_Alternative_Foods(print)_stream_zlib.pdf,print,8,43958,115805,2,
corrupted/print/text/Evolution_Food_Culture_Alternative_Foods(print)_stream_zlib.pdf,print,9,17074,38712,1,
corrupted/print/text/Evolution_Food_Culture_Alternative_Foods(print)_stream_zlib.pdf,print,10,51705,109520,3,
corrupted/print/text/Evolution_Food_Culture_Alternative_Foods(print)_stream_zlib.pdf,print,11,16952,36624,1,
corrupted/print/text/Evolution_Food_Culture_Alternative_Foods(print)_stream_zlib.pdf,print,12,6890,75545,1,
corrupted/print/text/Evolution_Food_Culture_Alternative_Foods(print)_stream_zlib.pdf,print,13,16095,39948,1,
corrupted/print/text/Evolution_Food_Culture_Alternative_Foods(print)_stream_zlib.pdf,print,14,51865,132852,3,
corrupted/print/text/Evolution_Food_Culture_Alternative_Foods(print)_stream_zlib.pdf,print,15,42256,100628,3,
corrupted/print/text/Evolution_Food_Culture_Alternative_Foods(print)_stream_zlib.pdf,print,16,3822,26166,1,
corrupted/print/text/Evolution_Food_Culture_Alternative_Foods(print)_stream_zlib.pdf,print,17,7698,15932,1,
corrupted/print/text/Evolution_Food_Culture_Alternative_Foods(print)_stream_zlib.pdf,print,18,27169,52776,2,
corrupted/print/text/Evolution_Food_Culture_Alternative_Foods(print)_stream_zlib.pdf,print,19,486129,887136,22,
corrupted/print/text/Evolution_Food_Culture_Alternative_Foods(print)_stream_zlib.pdf,print,20,3823,27811,1,
corrupted/print/text/Evolution_Food_Culture_Alternative_Foods(print)_stream_zlib.pdf,print,21,26577,65896,2,
corrupted/print/text/Evolution_Food_Culture_Alternative_Foods(print)_stream_zlib.pdf,print,22,41656,106160,2,
corrupted/print/text/Evolution_Food_Culture_Alternative_Foods(print)_stream_zlib.pdf,print,23,26016,58152,2,
corrupted/print/text/Evolution_Food_Culture_Alternative_Foods(print)_stream_zlib.pdf,print,24,7174,90678,1,
corrupted/print/text/International_Logistics_Fire_Report(print)_stream_zlib.pdf,print,0,14769,36708,1,
corrupted/print/text/International_Logistics_Fire_Report(print)_stream_zlib.pdf,print,1,96384,230284,5,
corrupted/print/text/International_Logistics_Fire_Report(print)_stream_zlib.pdf,print,2,62763,200712,3,
corrupted/print/text/International_Logistics_Fire_Report(print)_stream_zlib.pdf,print,3,63704,200729,3,
corrupted/print/text/International_Logistics_Fire_Report(print)_stream_zlib.pdf,print,4,11232,18332,1,
corrupted/print/text/International_Logistics_Fire_Report(print)_stream_zlib.pdf,print,5,32484,119175,2,
corrupted/print/text/International_Logistics_Fire_Report(print)_stream_zlib.pdf,print,6,32836,106612,2,
corrupted/print/text/International_Logistics_Fire_Report(print)_stream_zlib.pdf,print,7,24653,78708,2,
corrupted/print/text/International_Logistics_Fire_Report(print)_stream_zlib.pdf,print,8,26377,72403,1,
corrupted/print/text/International_Logistics_Fire_Report(print)_stream_zlib.pdf,print,9,42445,95692,3,
corrupted/print/text/International_Logistics_Fire_Report(print)_stream_zlib.pdf,print,10,17308,36248,1,
corrupted/print/text/International_Logistics_Fire_Report(print)_stream_zlib.pdf,print,11,19116,49196,1,
corrupted/print/text/International_Logistics_Fire_Report(print)_stream_zlib.pdf,print,12,6182,56256,1,
corrupted/print/text/International_Logistics_Fire_Report(print)_stream_zlib.pdf,print,13,49807,129724,3,
corrupted/print/text/International_Logistics_Fire_Report(print)_stream_zlib.pdf,print,14,44568,105828,3,
corrupted/print/text/International_Logistics_Fire_Report(print)_stream_zlib.pdf,print,15,15279,37808,1,
corrupted/print/text/International_Logistics_Fire_Report(print)_stream_zlib.pdf,print,16,4054,26676,1,
corrupted/print/text/International_Logistics_Fire_Report(print)_stream_zlib.pdf,print,17,26332,51620,2,
corrupted/print/text/International_Logistics_Fire_Report(print)_stream_zlib.pdf,print,18,491093,893016,22,
corrupted/print/text/International_Logistics_Fire_Report(print)_stream_zlib.pdf,print,19,8865,18212,1,
corrupted/print/text/International_Logistics_Fire_Report(print)_stream_zlib.pdf,print,20,3861,26773,1,
corrupted/print/text/International_Logistics_Fire_Report(print)_stream_zlib.pdf,print,21,34483,80480,2,
corrupted/print/text/International_Logistics_Fire_Report(print)_stream_zlib.pdf,print,22,28018,60440,2,
corrupted/print/text/International_Logistics_Fire_Report(print)_stream_zlib.pdf,print,23,10833,22340,1,
corrupted/print/text/International_Logistics_Fire_Report(print)_stream_zlib.pdf,print,24,7114,64094,1,
corrupted/print/text/Lumina_Interior_Lighting_Designbook(print)_stream_zlib.pdf,print,0,9390,19844,1,
corrupted/print/text/Lumina_Interior_Lighting_Designbook(print)_stream_zlib.pdf,print,1,15776,38024,1,
corrupted/print/text/Lumina_Interior_Lighting_Designbook(print)_stream_zlib.pdf,print,2,111469,268508,6,
corrupted/print/text/Lumina_Interior_Lighting_Designbook(print)_stream_zlib.pdf,print,3,11673,23900,1,
corrupted/print/text/Lumina_Interior_Lighting_Designbook(print)_stream_zlib.pdf,print,4,67214,347616,4,
corrupted/print/text/Lumina_Interior_Lighting_Designbook(print)_stream_zlib.pdf,print,5,11557,18772,1,
corrupted/print/text/Lumina_Interior_Lighting_Designbook(print)_stream_zlib.pdf,print,6,3580,24807,1,
corrupted/print/text/Lumina_Interior_Lighting_Designbook(print)_stream_zlib.pdf,print,7,7362,40104,1,
corrupted/print/text/Lumina_Interior_Lighting_Designbook(print)_stream_zlib.pdf,print,8,71692,132932,4,
corrupted/print/text/Lumina_Interior_Lighting_Designbook(print)_stream_zlib.pdf,print,9,21839,74936,2,
corrupted/print/text/Lumina_Interior_Lighting_Designbook(print)_stream_zlib.pdf,print,10,96384,230284,5,
corrupted/print/text/Lumina_Interior_Lighting_Designbook(print)_stream_zlib.pdf,print,11,2093,10962,1,
corrupted/print/text/Lumina_Interior_Lighting_Designbook(print)_stream_zlib.pdf,print,12,13990,38452,1,
corrupted/print/text/Lumina_Interior_Lighting_Designbook(print)_stream_zlib.pdf,print,13,65530,139664,4,
corrupted/print/text/Lumina_Interior_Lighting_Designbook(print)_stream_zlib.pdf,print,14,42950,102548,3,
corrupted/print/text/Lumina_Interior_Lighting_Designbook(print)_stream_zlib.pdf,print,15,6144,58689,1,
corrupted/print/text/Lumina_Interior_Lighting_Designbook(print)_stream_zlib.pdf,print,16,6281,11192,1,
corrupted/print/text/Lumina_Interior_Lighting_Designbook(print)_stream_zlib.pdf,print,17,13028,33744,1,
corrupted/print/text/Lumina_Interior_Lighting_Designbook(print)_stream_zlib.pdf,print,18,54500,138432,3,
corrupted/print/text/Lumina_Interior_Lighting_Designbook(print)_stream_zlib.pdf,print,19,3431,23210,1,
corrupted/print/text/Lumina_Interior_Lighting_Designbook(print)_stream_zlib.pdf,print,20,26006,51192,2,
corrupted/print/text/Lumina_Interior_Lighting_Designbook(print)_stream_zlib.pdf,print,21,11619,30240,1,
corrupted/print/text/Lumina_Interior_Lighting_Designbook(print)_stream_zlib.pdf,print,22,9497,19212,1,
corrupted/print/text/Lumina_Interior_Lighting_Designbook(print)_stream_zlib.pdf,print,23,2859,19214,1,
corrupted/print/text/Lumina_Interior_Lighting_Designbook(print)_stream_zlib.pdf,print,24,26230,58576,2,
corrupted/print/text/Lumina_Interior_Lighting_Designbook(print)_stream_zlib.pdf,print,25,43150,115992,3,
corrupted/print/text/Lumina_Interior_Lighting_Designbook(print)_stream_zlib.pdf,print,26,12208,24688,1,
corrupted/print/text/Lumina_Interior_Lighting_Designbook(print)_stream_zlib.pdf,print,27,6894,65224,1,
corrupted/print/text/NeoHome_Smart_Appliances_Catalog_v5(print)_stream_zlib.pdf,print,0,25510,63012,2,
corrupted/print/text/NeoHome_Smart_Appliances_Catalog_v5(print)_stream_zlib.pdf,print,1,17523,40268,1,
corrupted/print/text/NeoHome_Smart_Appliances_Catalog_v5(print)_stream_zlib.pdf,print,2,111452,268468,6,
corrupted/print/text/NeoHome_Smart_Appliances_Catalog_v5(print)_stream_zlib.pdf,print,3,11673,23900,1,
corrupted/print/text/NeoHome_Smart_Appliances_Catalog_v5(print)_stream_zlib.pdf,print,4,67214,347616,4,
corrupted/print/text/NeoHome_Smart_Appliances_Catalog_v5(print)_stream_zlib.pdf,print,5,96384,230284,5,
corrupted/print/text/NeoHome_Smart_Appliances_Catalog_v5(print)_stream_zlib.pdf,print,6,3993,28334,1,
corrupted/print/text/NeoHome_Smart_Appliances_Catalog_v5(print)_stream_zlib.pdf,print,7,28472,70952,2,
corrupted/print/text/NeoHome_Smart_Appliances_Catalog_v5(print)_stream_zlib.pdf,print,8,77173,200749,3,
corrupted/print/text/NeoHome_Smart_Appliances_Catalog_v5(print)_stream_zlib.pdf,print,9,76627,200730,3,
corrupted/print/text/NeoHome_Smart_Appliances_Catalog_v5(print)_stream_zlib.pdf,print,10,76327,200751,3,
corrupted/print/text/NeoHome_Smart_Appliances_Catalog_v5(print)_stream_zlib.pdf,print,11,75787,200755,3,
corrupted/print/text/NeoHome_Smart_Appliances_Catalog_v5(print)_stream_zlib.pdf,print,12,76915,200714,3,
corrupted/print/text/NeoHome_Smart_Appliances_Catalog_v5(print)_stream_zlib.pdf,print,13,76827,200715,3,
corrupted/print/text/NeoHome_Smart_Appliances_Catalog_v5(print)_stream_zlib.pdf,print,14,76806,200724,3,
corrupted/print/text/NeoHome_Smart_Appliances_Catalog_v5(print)_stream_zlib.pdf,print,15,76769,200718,3,
corrupted/print/text/NeoHome_Smart_Appliances_Catalog_v5(print)_stream_zlib.pdf,print,16,76236,200731,3,
corrupted/print/text/NeoHome_Smart_Appliances_Catalog_v5(print)_stream_zlib.pdf,print,17,54332,142835,2,
corrupted/print/text/NeoHome_Smart_Appliances_Catalog_v5(print)_stream_zlib.pdf,print,18,38222,85044,2,
corrupted/print/text/NeoHome_Smart_Appliances_Catalog_v5(print)_stream_zlib.pdf,print,19,28615,61728,2,
corrupted/print/text/NeoHome_Smart_Appliances_Catalog_v5(print)_stream_zlib.pdf,print,20,6902,67521,1,
corrupted/print/text/NeoHome_Smart_Appliances_Catalog_v5(print)_stream_zlib.pdf,print,21,15525,39324,1,
corrupted/print/text/NeoHome_Smart_Appliances_Catalog_v5(print)_stream_zlib.pdf,print,22,53872,136048,3,
corrupted/print/text/NeoHome_Smart_Appliances_Catalog_v5(print)_stream_zlib.pdf,print,23,3807,27546,1,
corrupted/print/text/NeoHome_Smart_Appliances_Catalog_v5(print)_stream_zlib.pdf,print,24,7273,15104,1,
corrupted/print/text/NeoHome_Smart_Appliances_Catalog_v5(print)_stream_zlib.pdf,print,25,29831,56992,2,
corrupted/print/text/NeoHome_Smart_Appliances_Catalog_v5(print)_stream_zlib.pdf,print,26,3758,26321,1,
corrupted/print/text/NeoHome_Smart_Appliances_Catalog_v5(print)_stream_zlib.pdf,print,27,23634,63800,2,
corrupted/print/text/NeoHome_Smart_Appliances_Catalog_v5(print)_stream_zlib.pdf,print,28,45691,125756,3,
corrupted/print/text/NeoHome_Smart_Appliances_Catalog_v5(print)_stream_zlib.pdf,print,29,7416,84095,1,
corrupted/print/text/New_Care_Models_Aging_Society(print)_stream_zlib.pdf,print,0,96384,230284,5,
corrupted/print/text/New_Care_Models_Aging_Society(print)_stream_zlib.pdf,print,1,11541,22940,1,
corrupted/print/text/New_Care_Models_Aging_Society(print)_stream_zlib.pdf,print,2,29013,110759,2,
corrupted/print/text/New_Care_Models_Aging_Society(print)_stream_zlib.pdf,print,3,15388,52292,1,
corrupted/print/text/New_Care_Models_Aging_Society(print)_stream_zlib.pdf,print,4,76482,200770,3,
corrupted/print/text/New_Care_Models_Aging_Society(print)_stream_zlib.pdf,print,5,77119,200739,3,
corrupted/print/text/New_Care_Models_Aging_Society(print)_stream_zlib.pdf,print,6,76972,200708,3,
corrupted/print/text/New_Care_Models_Aging_Society(print)_stream_zlib.pdf,print,7,77026,200736,3,
corrupted/print/text/New_Care_Models_Aging_Society(print)_stream_zlib.pdf,print,8,75796,200745,3,
corrupted/print/text/New_Care_Models_Aging_Society(print)_stream_zlib.pdf,print,9,76362,200763,3,
corrupted/print/text/New_Care_Models_Aging_Society(print)_stream_zlib.pdf,print,10,76590,200734,3,
corrupted/print/text/New_Care_Models_Aging_Society(print)_stream_zlib.pdf,print,11,76194,200721,3,
corrupted/print/text/New_Care_Models_Aging_Society(print)_stream_zlib.pdf,print,12,76365,200709,3,
corrupted/print/text/New_Care_Models_Aging_Society(print)_stream_zlib.pdf,print,13,76631,200768,3,
corrupted/print/text/New_Care_Models_Aging_Society(print)_stream_zlib.pdf,print,14,77066,200720,3,
corrupted/print/text/New_Care_Models_Aging_Society(print)_stream_zlib.pdf,print,15,76942,200723,3,
corrupted/print/text/New_Care_Models_Aging_Society(print)_stream_zlib.pdf,print,16,34870,91799,2,
corrupted/print/text/New_Care_Models_Aging_Society(print)_stream_zlib.pdf,print,17,34470,87352,2,
corrupted/print/text/New_Care_Models_Aging_Society(print)_stream_zlib.pdf,print,18,26630,59264,2,
corrupted/print/text/New_Care_Models_Aging_Society(print)_stream_zlib.pdf,print,19,8340,87726,1,
corrupted/print/text/New_Care_Models_Aging_Society(print)_stream_zlib.pdf,print,20,6525,11492,1,
corrupted/print/text/New_Care_Models_Aging_Society(print)_stream_zlib.pdf,print,21,17721,42316,1,
corrupted/print/text/New_Care_Models_Aging_Society(print)_stream_zlib.pdf,print,22,3417,29025,1,
corrupted/print/text/New_Care_Models_Aging_Society(print)_stream_zlib.pdf,print,23,10174,28124,1,
corrupted/print/text/New_Care_Models_Aging_Society(print)_stream_zlib.pdf,print,24,27414,53184,2,
corrupted/print/text/New_Care_Models_Aging_Society(print)_stream_zlib.pdf,print,25,3637,26706,1,
corrupted/print/text/New_Care_Models_Aging_Society(print)_stream_zlib.pdf,print,26,28577,62908,2,
corrupted/print/text/New_Care_Models_Aging_Society(print)_stream_zlib.pdf,print,27,33944,78852,2,
corrupted/print/text/New_Care_Models_Aging_Society(print)_stream_zlib.pdf,print,28,7843,99702,1,
corrupted/print/text/Next_Decade_Space_Exploration(print)_stream_zlib.pdf,print,0,7846,13856,1,
corrupted/print/text/Next_Decade_Space_Exploration(print)_stream_zlib.pdf,print,1,96384,230284,5,
corrupted/print/text/Next_Decade_Space_Exploration(print)_stream_zlib.pdf,print,2,16419,38840,1,
corrupted/print/text/Next_Decade_Space_Exploration(print)_stream_zlib.pdf,print,3,11117,22320,1,
corrupted/print/text/Next_Decade_Space_Exploration(print)_stream_zlib.pdf,print,4,4026,28324,1,
corrupted/print/text/Next_Decade_Space_Exploration(print)_stream_zlib.pdf,print,5,6561,54524,1,
corrupted/print/text/Next_Decade_Space_Exploration(print)_stream_zlib.pdf,print,6,88168,157064,5,
corrupted/print/text/Next_Decade_Space_Exploration(print)_stream_zlib.pdf,print,7,82646,156640,4,
corrupted/print/text/Next_Decade_Space_Exploration(print)_stream_zlib.pdf,print,8,1826,7166,1,
corrupted/print/text/Next_Decade_Space_Exploration(print)_stream_zlib.pdf,print,9,30871,65376,2,
corrupted/print/text/Next_Decade_Space_Exploration(print)_stream_zlib.pdf,print,10,18940,49544,1,
corrupted/print/text/Next_Decade_Space_Exploration(print)_stream_zlib.pdf,print,11,55438,119020,3,
corrupted/print/text/Next_Decade_Space_Exploration(print)_stream_zlib.pdf,print,12,6488,69322,1,
corrupted/print/text/Next_Decade_Space_Exploration(print)_stream_zlib.pdf,print,13,12845,33320,1,
corrupted/print/text/Next_Decade_Space_Exploration(print)_stream_zlib.pdf,print,14,52515,134044,3,
corrupted/print/text/Next_Decade_Space_Exploration(print)_stream_zlib.pdf,print,15,3687,24884,1,
corrupted/print/text/Next_Decade_Space_Exploration(print)_stream_zlib.pdf,print,16,9845,27576,1,
corrupted/print/text/Next_Decade_Space_Exploration(print)_stream_zlib.pdf,print,17,27540,53312,2,
corrupted/print/text/Next_Decade_Space_Exploration(print)_stream_zlib.pdf,print,18,6954,15356,1,
corrupted/print/text/Next_Decade_Space_Exploration(print)_stream_zlib.pdf,print,19,3434,23420,1,
corrupted/print/text/Next_Decade_Space_Exploration(print)_stream_zlib.pdf,print,20,29148,63952,2,
corrupted/print/text/Next_Decade_Space_Exploration(print)_stream_zlib.pdf,print,21,42723,104752,3,
corrupted/print/text/Next_Decade_Space_Exploration(print)_stream_zlib.pdf,print,22,11383,24104,1,
corrupted/print/text/Next_Decade_Space_Exploration(print)_stream_zlib.pdf,print,23,6380,67078,1,
corrupted/print/text/OceanQuest_Modular_Water_Leisure_Equipment_Guide(print)_stream_zlib.pdf,print,0,10809,21884,1,
corrupted/print/text/OceanQuest_Modular_Water_Leisure_Equipment_Guide(print)_stream_zlib.pdf,print,1,9550,16048,1,
corrupted/print/text/OceanQuest_Modular_Water_Leisure_Equipment_Guide(print)_stream_zlib.pdf,print,2,96384,230284,5,
corrupted/print/text/OceanQuest_Modular_Water_Leisure_Equipment_Guide(print)_stream_zlib.pdf,print,3,3245,37292,1,
corrupted/print/text/OceanQuest_Modular_Water_Leisure_Equipment_Guide(print)_stream_zlib.pdf,print,4,76334,200730,3,
corrupted/print/text/OceanQuest_Modular_Water_Leisure_Equipment_Guide(print)_stream_zlib.pdf,print,5,76002,200750,3,
corrupted/print/text/OceanQuest_Modular_Water_Leisure_Equipment_Guide(print)_stream_zlib.pdf,print,6,76581,200763,3,
corrupted/print/text/OceanQuest_Modular_Water_Leisure_Equipment_Guide(print)_stream_zlib.pdf,print,7,75953,200709,3,
corrupted/print/text/OceanQuest_Modular_Water_Leisure_Equipment_Guide(print)_stream_zlib.pdf,print,8,76620,200753,3,
corrupted/print/text/OceanQuest_Modular_Water_Leisure_Equipment_Guide(print)_stream_zlib.pdf,print,9,75990,200767,3,
corrupted/print/text/OceanQuest_Modular_Water_Leisure_Equipment_Guide(print)_stream_zlib.pdf,print,10,76012,200761,3,
corrupted/print/text/OceanQuest_Modular_Water_Leisure_Equipment_Guide(print)_stream_zlib.pdf,print,11,76905,200738,3,
corrupted/print/text/OceanQuest_Modular_Water_Leisure_Equipment_Guide(print)_stream_zlib.pdf,print,12,76280,200713,3,
corrupted/print/text/OceanQuest_Modular_Water_Leisure_Equipment_Guide(print)_stream_zlib.pdf,print,13,76501,200745,3,
corrupted/print/text/OceanQuest_Modular_Water_Leisure_Equipment_Guide(print)_stream_zlib.pdf,print,14,76170,200711,3,
corrupted/print/text/OceanQuest_Modular_Water_Leisure_Equipment_Guide(print)_stream_zlib.pdf,print,15,75844,200709,3,
corrupted/print/text/OceanQuest_Modular_Water_Leisure_Equipment_Guide(print)_stream_zlib.pdf,print,16,11238,60836,1,
corrupted/print/text/OceanQuest_Modular_Water_Leisure_Equipment_Guide(print)_stream_zlib.pdf,print,17,23913,60862,1,
corrupted/print/text/OceanQuest_Modular_Water_Leisure_Equipment_Guide(print)_stream_zlib.pdf,print,18,42027,101780,2,
corrupted/print/text/OceanQuest_Modular_Water_Leisure_Equipment_Guide(print)_stream_zlib.pdf,print,19,19042,52496,1,
corrupted/print/text/OceanQuest_Modular_Water_Leisure_Equipment_Guide(print)_stream_zlib.pdf,print,20,5500,92637,1,
corrupted/print/text/OceanQuest_Modular_Water_Leisure_Equipment_Guide(print)_stream_zlib.pdf,print,21,7303,12544,1,
corrupted/print/text/OceanQuest_Modular_Water_Leisure_Equipment_Guide(print)_stream_zlib.pdf,print,22,52075,133172,3,
corrupted/print/text/OceanQuest_Modular_Water_Leisure_Equipment_Guide(print)_stream_zlib.pdf,print,23,3306,31326,1,
corrupted/print/text/OceanQuest_Modular_Water_Leisure_Equipment_Guide(print)_stream_zlib.pdf,print,24,27133,52540,2,
corrupted/print/text/OceanQuest_Modular_Water_Leisure_Equipment_Guide(print)_stream_zlib.pdf,print,25,486166,887196,22,
corrupted/print/text/OceanQuest_Modular_Water_Leisure_Equipment_Guide(print)_stream_zlib.pdf,print,26,2827,38207,1,
corrupted/print/text/OceanQuest_Modular_Water_Leisure_Equipment_Guide(print)_stream_zlib.pdf,print,27,26108,56844,2,
corrupted/print/text/OceanQuest_Modular_Water_Leisure_Equipment_Guide(print)_stream_zlib.pdf,print,28,9167,18960,1,
corrupted/print/text/OceanQuest_Modular_Water_Leisure_Equipment_Guide(print)_stream_zlib.pdf,print,29,7493,92606,1,
corrupted/print/text/PetPal_Smart_PetCare_Products(print)_stream_zlib.pdf,print,0,29443,75508,2,
corrupted/print/text/PetPal_Smart_PetCare_Products(print)_stream_zlib.pdf,print,1,11673,23900,1,
corrupted/print/text/PetPal_Smart_PetCare_Products(print)_stream_zlib.pdf,print,2,67214,347616,4,
corrupted/print/text/PetPal_Smart_PetCare_Products(print)_stream_zlib.pdf,print,3,16443,38912,1,
corrupted/print/text/PetPal_Smart_PetCare_Products(print)_stream_zlib.pdf,print,4,111452,268468,6,
corrupted/print/text/PetPal_Smart_PetCare_Products(print)_stream_zlib.pdf,print,5,96384,230284,5,
corrupted/print/text/PetPal_Smart_PetCare_Products(print)_stream_zlib.pdf,print,6,13217,51986,1,
corrupted/print/text/PetPal_Smart_PetCare_Products(print)_stream_zlib.pdf,print,7,29154,71896,2,
corrupted/print/text/PetPal_Smart_PetCare_Products(print)_stream_zlib.pdf,print,8,75807,200762,3,
corrupted/print/text/PetPal_Smart_PetCare_Products(print)_stream_zlib.pdf,print,9,75634,200713,3,
corrupted/print/text/PetPal_Smart_PetCare_Products(print)_stream_zlib.pdf,print,10,75422,200709,3,
corrupted/print/text/PetPal_Smart_PetCare_Products(print)_stream_zlib.pdf,print,11,76508,200745,3,
corrupted/print/text/PetPal_Smart_PetCare_Products(print)_stream_zlib.pdf,print,12,76111,200725,3,
corrupted/print/text/PetPal_Smart_PetCare_Products(print)_stream_zlib.pdf,print,13,76572,200761,3,
corrupted/print/text/PetPal_Smart_PetCare_Products(print)_stream_zlib.pdf,print,14,28380,71608,2,
corrupted/print/text/PetPal_Smart_PetCare_Products(print)_stream_zlib.pdf,print,15,5186,15840,1,
corrupted/print/text/PetPal_Smart_PetCare_Products(print)_stream_zlib.pdf,print,16,14084,31804,1,
corrupted/print/text/PetPal_Smart_PetCare_Products(print)_stream_zlib.pdf,print,17,16917,36324,1,
corrupted/print/text/PetPal_Smart_PetCare_Products(print)_stream_zlib.pdf,print,18,19031,49508,1,
corrupted/print/text/PetPal_Smart_PetCare_Products(print)_stream_zlib.pdf,print,19,4873,47629,1,
corrupted/print/text/PetPal_Smart_PetCare_Products(print)_stream_zlib.pdf,print,20,15413,39116,1,
corrupted/print/text/PetPal_Smart_PetCare_Products(print)_stream_zlib.pdf,print,21,13293,33972,1,
corrupted/print/text/PetPal_Smart_PetCare_Products(print)_stream_zlib.pdf,print,22,52141,133436,3,
corrupted/print/text/PetPal_Smart_PetCare_Products(print)_stream_zlib.pdf,print,23,3181,21652,1,
corrupted/print/text/PetPal_Smart_PetCare_Products(print)_stream_zlib.pdf,print,24,6841,14224,1,
corrupted/print/text/PetPal_Smart_PetCare_Products(print)_stream_zlib.pdf,print,25,27279,53004,2,
corrupted/print/text/PetPal_Smart_PetCare_Products(print)_stream_zlib.pdf,print,26,487080,888068,22,
corrupted/print/text/PetPal_Smart_PetCare_Products(print)_stream_zlib.pdf,print,27,3735,25998,1,
corrupted/print/text/PetPal_Smart_PetCare_Products(print)_stream_zlib.pdf,print,28,23957,64252,2,
corrupted/print/text/PetPal_Smart_PetCare_Products(print)_stream_zlib.pdf,print,29,42534,107324,3,
corrupted/print/text/PetPal_Smart_PetCare_Products(print)_stream_zlib.pdf,print,30,11417,23316,1,
corrupted/print/text/PetPal_Smart_PetCare_Products(print)_stream_zlib.pdf,print,31,6778,66629,1,
corrupted/print/text/Quantum_Computing_Race(print)_stream_zlib.pdf,print,0,7199,12508,1,
corrupted/print/text/Quantum_Computing_Race(print)_stream_zlib.pdf,print,1,96384,230284,5,
corrupted/print/text/Quantum_Computing_Race(print)_stream_zlib.pdf,print,2,30376,77588,2,
corrupted/print/text/Quantum_Computing_Race(print)_stream_zlib.pdf,print,3,11320,22588,1,
corrupted/print/text/Quantum_Computing_Race(print)_stream_zlib.pdf,print,4,4010,27326,1,
corrupted/print/text/Quantum_Computing_Race(print)_stream_zlib.pdf,print,5,17575,55272,1,
corrupted/print/text/Quantum_Computing_Race(print)_stream_zlib.pdf,print,6,47249,129432,3,
corrupted/print/text/Quantum_Computing_Race(print)_stream_zlib.pdf,print,7,27934,83296,2,
corrupted/print/text/Quantum_Computing_Race(print)_stream_zlib.pdf,print,8,1861,8473,1,
corrupted/print/text/Quantum_Computing_Race(print)_stream_zlib.pdf,print,9,16037,36052,1,
corrupted/print/text/Quantum_Computing_Race(print)_stream_zlib.pdf,print,10,42371,103824,2,
corrupted/print/text/Quantum_Computing_Race(print)_stream_zlib.pdf,print,11,34731,109348,2,
corrupted/print/text/Quantum_Computing_Race(print)_stream_zlib.pdf,print,12,8089,88444,1,
corrupted/print/text/Quantum_Computing_Race(print)_stream_zlib.pdf,print,13,12037,31904,1,
corrupted/print/text/Quantum_Computing_Race(print)_stream_zlib.pdf,print,14,7031,12236,1,
corrupted/print/text/Quantum_Computing_Race(print)_stream_zlib.pdf,print,15,52519,133968,3,
corrupted/print/text/Quantum_Computing_Race(print)_stream_zlib.pdf,print,16,3773,26331,1,
corrupted/print/text/Quantum_Computing_Race(print)_stream_zlib.pdf,print,17,484769,885508,22,
corrupted/print/text/Quantum_Computing_Race(print)_stream_zlib.pdf,print,18,27381,53124,2,
corrupted/print/text/Quantum_Computing_Race(print)_stream_zlib.pdf,print,19,11545,30076,1,
corrupted/print/text/Quantum_Computing_Race(print)_stream_zlib.pdf,print,20,111328,268232,6,
corrupted/print/text/Quantum_Computing_Race(print)_stream_zlib.pdf,print,21,3877,26791,1,
corrupted/print/text/Quantum_Computing_Race(print)_stream_zlib.pdf,print,22,36516,85816,2,
corrupted/print/text/Quantum_Computing_Race(print)_stream_zlib.pdf,print,23,25820,57856,2,
corrupted/print/text/Quantum_Computing_Race(print)_stream_zlib.pdf,print,24,10416,22224,1,
corrupted/print/text/Quantum_Computing_Race(print)_stream_zlib.pdf,print,25,7479,85229,1,
corrupted/print/text/Robots_Automation_Future_Work(print)_stream_zlib.pdf,print,0,10472,21368,1,
corrupted/print/text/Robots_Automation_Future_Work(print)_stream_zlib.pdf,print,1,96384,230284,5,
corrupted/print/text/Robots_Automation_Future_Work(print)_stream_zlib.pdf,print,2,29414,75992,2,
corrupted/print/text/Robots_Automation_Future_Work(print)_stream_zlib.pdf,print,3,60269,200717,3,
corrupted/print/text/Robots_Automation_Future_Work(print)_stream_zlib.pdf,print,4,61172,200714,3,
corrupted/print/text/Robots_Automation_Future_Work(print)_stream_zlib.pdf,print,5,60055,200711,3,
corrupted/print/text/Robots_Automation_Future_Work(print)_stream_zlib.pdf,print,6,60755,200721,3,
corrupted/print/text/Robots_Automation_Future_Work(print)_stream_zlib.pdf,print,7,50442,167606,2,
corrupted/print/text/Robots_Automation_Future_Work(print)_stream_zlib.pdf,print,8,84430,151752,5,
corrupted/print/text/Robots_Automation_Future_Work(print)_stream_zlib.pdf,print,9,37011,112892,2,
corrupted/print/text/Robots_Automation_Future_Work(print)_stream_zlib.pdf,print,10,111328,268232,6,
corrupted/print/text/Robots_Automation_Future_Work(print)_stream_zlib.pdf,print,11,40964,107537,2,
corrupted/print/text/Robots_Automation_Future_Work(print)_stream_zlib.pdf,print,12,16060,35524,1,
corrupted/print/text/Robots_Automation_Future_Work(print)_stream_zlib.pdf,print,13,57240,123128,3,
corrupted/print/text/Robots_Automation_Future_Work(print)_stream_zlib.pdf,print,14,18733,49956,1,
corrupted/print/text/Robots_Automation_Future_Work(print)_stream_zlib.pdf,print,15,6490,66507,1,
corrupted/print/text/Robots_Automation_Future_Work(print)_stream_zlib.pdf,print,16,16552,40756,1,
corrupted/print/text/Robots_Automation_Future_Work(print)_stream_zlib.pdf,print,17,51973,133032,3,
corrupted/print/text/Robots_Automation_Future_Work(print)_stream_zlib.pdf,print,18,12946,33444,1,
corrupted/print/text/Robots_Automation_Future_Work(print)_stream_zlib.pdf,print,19,3603,24236,1,
corrupted/print/text/Robots_Automation_Future_Work(print)_stream_zlib.pdf,print,20,7444,15536,1,
corrupted/print/text/Robots_Automation_Future_Work(print)_stream_zlib.pdf,print,21,27081,52780,2,
corrupted/print/text/Robots_Automation_Future_Work(print)_stream_zlib.pdf,print,22,6743,15108,1,
corrupted/print/text/Robots_Automation_Future_Work(print)_stream_zlib.pdf,print,23,3482,23100,1,
corrupted/print/text/Robots_Automation_Future_Work(print)_stream_zlib.pdf,print,24,37593,89272,2,
corrupted/print/text/Robots_Automation_Future_Work(print)_stream_zlib.pdf,print,25,25212,56300,2,
corrupted/print/text/Robots_Automation_Future_Work(print)_stream_zlib.pdf,print,26,10655,23384,1,
corrupted/print/text/Robots_Automation_Future_Work(print)_stream_zlib.pdf,print,27,6495,72875,1,
corrupted/print/text/Security_Breach_Investigation_Report(print)_stream_zlib.pdf,print,0,15174,37172,1,
corrupted/print/text/Security_Breach_Investigation_Report(print)_stream_zlib.pdf,print,1,96384,230284,5,
corrupted/print/text/Security_Breach_Investigation_Report(print)_stream_zlib.pdf,print,2,11600,18732,1,
corrupted/print/text/Security_Breach_Investigation_Report(print)_stream_zlib.pdf,print,3,60763,200742,3,
corrupted/print/text/Security_Breach_Investigation_Report(print)_stream_zlib.pdf,print,4,34550,109745,2,
corrupted/print/text/Security_Breach_Investigation_Report(print)_stream_zlib.pdf,print,5,32298,76248,2,
corrupted/print/text/Security_Breach_Investigation_Report(print)_stream_zlib.pdf,print,6,29127,85072,2,
corrupted/print/text/Security_Breach_Investigation_Report(print)_stream_zlib.pdf,print,7,74509,200763,3,
corrupted/print/text/Security_Breach_Investigation_Report(print)_stream_zlib.pdf,print,8,43298,100204,3,
corrupted/print/text/Security_Breach_Investigation_Report(print)_stream_zlib.pdf,print,9,73333,200760,3,
corrupted/print/text/Security_Breach_Investigation_Report(print)_stream_zlib.pdf,print,10,26493,70088,1,
corrupted/print/text/Security_Breach_Investigation_Report(print)_stream_zlib.pdf,print,11,12930,29180,1,
corrupted/print/text/Security_Breach_Investigation_Report(print)_stream_zlib.pdf,print,12,46242,109312,3,
corrupted/print/text/Security_Breach_Investigation_Report(print)_stream_zlib.pdf,print,13,52683,112020,3,
corrupted/print/text/Security_Breach_Investigation_Report(print)_stream_zlib.pdf,print,14,6776,60699,1,
corrupted/print/text/Security_Breach_Investigation_Report(print)_stream_zlib.pdf,print,15,11756,31196,1,
corrupted/print/text/Security_Breach_Investigation_Report(print)_stream_zlib.pdf,print,16,20496,45976,2,
corrupted/print/text/Security_Breach_Investigation_Report(print)_stream_zlib.pdf,print,17,53495,136632,3,
corrupted/print/text/Security_Breach_Investigation_Report(print)_stream_zlib.pdf,print,18,4675,33968,1,
corrupted/print/text/Security_Breach_Investigation_Report(print)_stream_zlib.pdf,print,19,7605,15688,1,
corrupted/print/text/Security_Breach_Investigation_Report(print)_stream_zlib.pdf,print,20,493781,896664,22,
corrupted/print/text/Security_Breach_Investigation_Report(print)_stream_zlib.pdf,print,21,12490,31204,1,
corrupted/print/text/Security_Breach_Investigation_Report(print)_stream_zlib.pdf,print,22,111328,268232,6,
corrupted/print/text/Security_Breach_Investigation_Report(print)_stream_zlib.pdf,print,23,4519,31821,1,
corrupted/print/text/Security_Breach_Investigation_Report(print)_stream_zlib.pdf,print,24,26608,58748,2,
corrupted/print/text/Security_Breach_Investigation_Report(print)_stream_zlib.pdf,print,25,46848,115228,3,
corrupted/print/text/Security_Breach_Investigation_Report(print)_stream_zlib.pdf,print,26,27544,60516,2,
corrupted/print/text/Security_Breach_Investigation_Report(print)_stream_zlib.pdf,print,27,7047,70909,1,
corrupted/print/text/SkyGarden_Indoor_Vertical_Garden_Solutions(print)_stream_zlib.pdf,print,0,25067,62068,2,
corrupted/print/text/SkyGarden_Indoor_Vertical_Garden_Solutions(print)_stream_zlib.pdf,print,1,97394,242092,5,
corrupted/print/text/SkyGarden_Indoor_Vertical_Garden_Solutions(print)_stream_zlib.pdf,print,2,62365,200705,3,
corrupted/print/text/SkyGarden_Indoor_Vertical_Garden_Solutions(print)_stream_zlib.pdf,print,3,111469,268508,6,
corrupted/print/text/SkyGarden_Indoor_Vertical_Garden_Solutions(print)_stream_zlib.pdf,print,4,61623,200755,3,
corrupted/print/text/SkyGarden_Indoor_Vertical_Garden_Solutions(print)_stream_zlib.pdf,print,5,11673,23900,1,
corrupted/print/text/SkyGarden_Indoor_Vertical_Garden_Solutions(print)_stream_zlib.pdf,print,6,67214,347616,4,
corrupted/print/text/SkyGarden_Indoor_Vertical_Garden_Solutions(print)_stream_zlib.pdf,print,7,62397,200757,3,
corrupted/print/text/SkyGarden_Indoor_Vertical_Garden_Solutions(print)_stream_zlib.pdf,print,8,9527,15948,1,
corrupted/print/text/SkyGarden_Indoor_Vertical_Garden_Solutions(print)_stream_zlib.pdf,print,9,41707,137716,2,
corrupted/print/text/SkyGarden_Indoor_Vertical_Garden_Solutions(print)_stream_zlib.pdf,print,10,30341,73552,2,
corrupted/print/text/SkyGarden_Indoor_Vertical_Garden_Solutions(print)_stream_zlib.pdf,print,11,44028,125692,3,
corrupted/print/text/SkyGarden_Indoor_Vertical_Garden_Solutions(print)_stream_zlib.pdf,print,12,28608,72048,2,
corrupted/print/text/SkyGarden_Indoor_Vertical_Garden_Solutions(print)_stream_zlib.pdf,print,13,1966,10747,1,
corrupted/print/text/SkyGarden_Indoor_Vertical_Garden_Solutions(print)_stream_zlib.pdf,print,14,40498,90128,2,
corrupted/print/text/SkyGarden_Indoor_Vertical_Garden_Solutions(print)_stream_zlib.pdf,print,15,46052,111496,3,
corrupted/print/text/SkyGarden_Indoor_Vertical_Garden_Solutions(print)_stream_zlib.pdf,print,16,39220,96272,2,
corrupted/print/text/SkyGarden_Indoor_Vertical_Garden_Solutions(print)_stream_zlib.pdf,print,17,5478,52420,1,
corrupted/print/text/SkyGarden_Indoor_Vertical_Garden_Solutions(print)_stream_zlib.pdf,print,18,15572,39288,1,
corrupted/print/text/SkyGarden_Indoor_Vertical_Garden_Solutions(print)_stream_zlib.pdf,print,19,52595,134212,3,
corrupted/print/text/SkyGarden_Indoor_Vertical_Garden_Solutions(print)_stream_zlib.pdf,print,20,7439,12776,1,
corrupted/print/text/SkyGarden_Indoor_Vertical_Garden_Solutions(print)_stream_zlib.pdf,print,21,3057,21043,1,
corrupted/print/text/SkyGarden_Indoor_Vertical_Garden_Solutions(print)_stream_zlib.pdf,print,22,26356,51592,2,
corrupted/print/text/SkyGarden_Indoor_Vertical_Garden_Solutions(print)_stream_zlib.pdf,print,23,487182,888340,22,
corrupted/print/text/SkyGarden_Indoor_Vertical_Garden_Solutions(print)_stream_zlib.pdf,print,24,11741,30420,1,
corrupted/print/text/SkyGarden_Indoor_Vertical_Garden_Solutions(print)_stream_zlib.pdf,print,25,2772,20044,1,
corrupted/print/text/SkyGarden_Indoor_Vertical_Garden_Solutions(print)_stream_zlib.pdf,print,26,6971,13944,1,
corrupted/print/text/SkyGarden_Indoor_Vertical_Garden_Solutions(print)_stream_zlib.pdf,print,27,36213,77416,2,
corrupted/print/text/SkyGarden_Indoor_Vertical_Garden_Solutions(print)_stream_zlib.pdf,print,28,25347,55624,2,
corrupted/print/text/SkyGarden_Indoor_Vertical_Garden_Solutions(print)_stream_zlib.pdf,print,29,6123,63481,1,
corrupted/print/text/Sustainable_Fashion_Innovation(print)_stream_zlib.pdf,print,0,9100,15532,1,
corrupted/print/text/Sustainable_Fashion_Innovation(print)_stream_zlib.pdf,print,1,96384,230284,5,
corrupted/print/text/Sustainable_Fashion_Innovation(print)_stream_zlib.pdf,print,2,11126,22368,1,
corrupted/print/text/Sustainable_Fashion_Innovation(print)_stream_zlib.pdf,print,3,29750,112102,2,
corrupted/print/text/Sustainable_Fashion_Innovation(print)_stream_zlib.pdf,print,4,15324,52180,1,
corrupted/print/text/Sustainable_Fashion_Innovation(print)_stream_zlib.pdf,print,5,29875,85872,2,
corrupted/print/text/Sustainable_Fashion_Innovation(print)_stream_zlib.pdf,print,6,48794,132684,3,
corrupted/print/text/Sustainable_Fashion_Innovation(print)_stream_zlib.pdf,print,7,1848,7826,1,
corrupted/print/text/Sustainable_Fashion_Innovation(print)_stream_zlib.pdf,print,8,17138,38012,1,
corrupted/print/text/Sustainable_Fashion_Innovation(print)_stream_zlib.pdf,print,9,18910,40396,1,
corrupted/print/text/Sustainable_Fashion_Innovation(print)_stream_zlib.pdf,print,10,7994,87695,1,
corrupted/print/text/Sustainable_Fashion_Innovation(print)_stream_zlib.pdf,print,11,6660,11652,1,
corrupted/print/text/Sustainable_Fashion_Innovation(print)_stream_zlib.pdf,print,12,43832,103968,3,
corrupted/print/text/Sustainable_Fashion_Innovation(print)_stream_zlib.pdf,print,13,12599,32724,1,
corrupted/print/text/Sustainable_Fashion_Innovation(print)_stream_zlib.pdf,print,14,3781,25654,1,
corrupted/print/text/Sustainable_Fashion_Innovation(print)_stream_zlib.pdf,print,15,26559,51884,2,
corrupted/print/text/Sustainable_Fashion_Innovation(print)_stream_zlib.pdf,print,16,487505,888660,22,
corrupted/print/text/Sustainable_Fashion_Innovation(print)_stream_zlib.pdf,print,17,11127,29560,1,
corrupted/print/text/Sustainable_Fashion_Innovation(print)_stream_zlib.pdf,print,18,4106,29673,1,
corrupted/print/text/Sustainable_Fashion_Innovation(print)_stream_zlib.pdf,print,19,21569,49020,2,
corrupted/print/text/Sustainable_Fashion_Innovation(print)_stream_zlib.pdf,print,20,33462,77648,2,
corrupted/print/text/Sustainable_Fashion_Innovation(print)_stream_zlib.pdf,print,21,42342,107996,3,
corrupted/print/text/Sustainable_Fashion_Innovation(print)_stream_zlib.pdf,print,22,8118,101403,1,
corrupted/print/text/UrbanRide_Electric_Bike_Scooter_Series(print)_stream_zlib.pdf,print,0,14875,36820,1,
corrupted/print/text/UrbanRide_Electric_Bike_Scooter_Series(print)_stream_zlib.pdf,print,1,11037,22172,1,
corrupted/print/text/UrbanRide_Electric_Bike_Scooter_Series(print)_stream_zlib.pdf,print,2,111533,275744,6,
corrupted/print/text/UrbanRide_Electric_Bike_Scooter_Series(print)_stream_zlib.pdf,print,3,11673,23900,1,
corrupted/print/text/UrbanRide_Electric_Bike_Scooter_Series(print)_stream_zlib.pdf,print,4,67214,347616,4,
corrupted/print/text/UrbanRide_Electric_Bike_Scooter_Series(print)_stream_zlib.pdf,print,5,60286,200750,3,
corrupted/print/text/UrbanRide_Electric_Bike_Scooter_Series(print)_stream_zlib.pdf,print,6,66268,342756,4,
corrupted/print/text/UrbanRide_Electric_Bike_Scooter_Series(print)_stream_zlib.pdf,print,7,62005,200725,3,
corrupted/print/text/UrbanRide_Electric_Bike_Scooter_Series(print)_stream_zlib.pdf,print,8,15947,51470,1,
corrupted/print/text/UrbanRide_Electric_Bike_Scooter_Series(print)_stream_zlib.pdf,print,9,37457,113788,2,
corrupted/print/text/UrbanRide_Electric_Bike_Scooter_Series(print)_stream_zlib.pdf,print,10,19419,71688,2,
corrupted/print/text/UrbanRide_Electric_Bike_Scooter_Series(print)_stream_zlib.pdf,print,11,26143,72332,1,
corrupted/print/text/UrbanRide_Electric_Bike_Scooter_Series(print)_stream_zlib.pdf,print,12,17869,42148,1,
corrupted/print/text/UrbanRide_Electric_Bike_Scooter_Series(print)_stream_zlib.pdf,print,13,21450,42768,2,
corrupted/print/text/UrbanRide_Electric_Bike_Scooter_Series(print)_stream_zlib.pdf,print,14,16780,44144,1,
corrupted/print/text/UrbanRide_Electric_Bike_Scooter_Series(print)_stream_zlib.pdf,print,15,96384,230284,5,
corrupted/print/text/UrbanRide_Electric_Bike_Scooter_Series(print)_stream_zlib.pdf,print,16,5093,48321,1,
corrupted/print/text/UrbanRide_Electric_Bike_Scooter_Series(print)_stream_zlib.pdf,print,17,49616,129052,3,
corrupted/print/text/UrbanRide_Electric_Bike_Scooter_Series(print)_stream_zlib.pdf,print,18,7262,12620,1,
corrupted/print/text/UrbanRide_Electric_Bike_Scooter_Series(print)_stream_zlib.pdf,print,19,19500,44616,1,
corrupted/print/text/UrbanRide_Electric_Bike_Scooter_Series(print)_stream_zlib.pdf,print,20,3993,28914,1,
corrupted/print/text/UrbanRide_Electric_Bike_Scooter_Series(print)_stream_zlib.pdf,print,21,9978,20056,1,
corrupted/print/text/UrbanRide_Electric_Bike_Scooter_Series(print)_stream_zlib.pdf,print,22,489962,891764,22,
corrupted/print/text/UrbanRide_Electric_Bike_Scooter_Series(print)_stream_zlib.pdf,print,23,3702,28248,1,
corrupted/print/text/UrbanRide_Electric_Bike_Scooter_Series(print)_stream_zlib.pdf,print,24,20346,46296,1,
corrupted/print/text/UrbanRide_Electric_Bike_Scooter_Series(print)_stream_zlib.pdf,print,25,33665,77528,2,
corrupted/print/text/UrbanRide_Electric_Bike_Scooter_Series(print)_stream_zlib.pdf,print,26,44955,112048,3,
corrupted/print/text/UrbanRide_Electric_Bike_Scooter_Series(print)_stream_zlib.pdf,print,27,6402,65784,1,
corrupted/print/text/Urban_Fine_Particulate_Matter(print)_stream_zlib.pdf,print,0,96384,230284,5,
corrupted/print/text/Urban_Fine_Particulate_Matter(print)_stream_zlib.pdf,print,1,10148,16900,1,
corrupted/print/text/Urban_Fine_Particulate_Matter(print)_stream_zlib.pdf,print,2,10727,21696,1,
corrupted/print/text/Urban_Fine_Particulate_Matter(print)_stream_zlib.pdf,print,3,24720,96925,1,
corrupted/print/text/Urban_Fine_Particulate_Matter(print)_stream_zlib.pdf,print,4,15377,52088,1,
corrupted/print/text/Urban_Fine_Particulate_Matter(print)_stream_zlib.pdf,print,5,91708,161488,5,
corrupted/print/text/Urban_Fine_Particulate_Matter(print)_stream_zlib.pdf,print,6,46826,129408,3,
corrupted/print/text/Urban_Fine_Particulate_Matter(print)_stream_zlib.pdf,print,7,1919,7696,1,
corrupted/print/text/Urban_Fine_Particulate_Matter(print)_stream_zlib.pdf,print,8,39650,87388,2,
corrupted/print/text/Urban_Fine_Particulate_Matter(print)_stream_zlib.pdf,print,9,18527,40072,1,
corrupted/print/text/Urban_Fine_Particulate_Matter(print)_stream_zlib.pdf,print,10,43086,104960,3,
corrupted/print/text/Urban_Fine_Particulate_Matter(print)_stream_zlib.pdf,print,11,12453,211148,1,
corrupted/print/text/Urban_Fine_Particulate_Matter(print)_stream_zlib.pdf,print,12,7045,74895,1,
corrupted/print/text/Urban_Fine_Particulate_Matter(print)_stream_zlib.pdf,print,13,15702,39648,1,
corrupted/print/text/Urban_Fine_Particulate_Matter(print)_stream_zlib.pdf,print,14,52713,134332,3,
corrupted/print/text/Urban_Fine_Particulate_Matter(print)_stream_zlib.pdf,print,15,7393,12748,1,
corrupted/print/text/Urban_Fine_Particulate_Matter(print)_stream_zlib.pdf,print,16,3606,25019,1,
corrupted/print/text/Urban_Fine_Particulate_Matter(print)_stream_zlib.pdf,print,17,7553,15848,1,
corrupted/print/text/Urban_Fine_Particulate_Matter(print)_stream_zlib.pdf,print,18,28376,54512,2,
corrupted/print/text/Urban_Fine_Particulate_Matter(print)_stream_zlib.pdf,print,19,6109,13996,1,
corrupted/print/text/Urban_Fine_Particulate_Matter(print)_stream_zlib.pdf,print,20,3410,22785,1,
corrupted/print/text/Urban_Fine_Particulate_Matter(print)_stream_zlib.pdf,print,21,25292,66396,2,
corrupted/print/text/Urban_Fine_Particulate_Matter(print)_stream_zlib.pdf,print,22,26738,59816,2,
corrupted/print/text/Urban_Fine_Particulate_Matter(print)_stream_zlib.pdf,print,23,33670,72740,2,
corrupted/print/text/Urban_Fine_Particulate_Matter(print)_stream_zlib.pdf,print,24,7874,97253,1,
corrupted/print/text/ai_ethics_responsible_use_guidelines_multilang(print)_stream_zlib.pdf,print,0,14774,36772,1,
corrupted/print/text/ai_ethics_responsible_use_guidelines_multilang(print)_stream_zlib.pdf,print,1,8100,14048,1,
corrupted/print/text/ai_ethics_responsible_use_guidelines_multilang(print)_stream_zlib.pdf,print,2,12896,25056,1,
corrupted/print/text/ai_ethics_responsible_use_guidelines_multilang(print)_stream_zlib.pdf,print,3,96384,230284,5,
corrupted/print/text/ai_ethics_responsible_use_guidelines_multilang(print)_stream_zlib.pdf,print,4,3291,25287,1,
corrupted/print/text/ai_ethics_responsible_use_guidelines_multilang(print)_stream_zlib.pdf,print,5,30267,73300,2,
corrupted/print/text/ai_ethics_responsible_use_guidelines_multilang(print)_stream_zlib.pdf,print,6,10799,60216,1,
corrupted/print/text/ai_ethics_responsible_use_guidelines_multilang(print)_stream_zlib.pdf,print,7,97913,195860,5,
corrupted/print/text/ai_ethics_responsible_use_guidelines_multilang(print)_stream_zlib.pdf,print,8,1605,9512,1,
corrupted/print/text/ai_ethics_responsible_use_guidelines_multilang(print)_stream_zlib.pdf,print,9,38885,86340,2,
corrupted/print/text/ai_ethics_responsible_use_guidelines_multilang(print)_stream_zlib.pdf,print,10,15761,41944,1,
corrupted/print/text/ai_ethics_responsible_use_guidelines_multilang(print)_stream_zlib.pdf,print,11,42452,103116,3,
corrupted/print/text/ai_ethics_responsible_use_guidelines_multilang(print)_stream_zlib.pdf,print,12,6091,66318,1,
corrupted/print/text/ai_ethics_responsible_use_guidelines_multilang(print)_stream_zlib.pdf,print,13,49994,129600,3,
corrupted/print/text/ai_ethics_responsible_use_guidelines_multilang(print)_stream_zlib.pdf,print,14,12077,31796,1,
corrupted/print/text/ai_ethics_responsible_use_guidelines_multilang(print)_stream_zlib.pdf,print,15,8340,13864,1,
corrupted/print/text/ai_ethics_responsible_use_guidelines_multilang(print)_stream_zlib.pdf,print,16,3009,21886,1,
corrupted/print/text/ai_ethics_responsible_use_guidelines_multilang(print)_stream_zlib.pdf,print,17,26426,51720,2,
corrupted/print/text/ai_ethics_responsible_use_guidelines_multilang(print)_stream_zlib.pdf,print,18,5816,13584,1,
corrupted/print/text/ai_ethics_responsible_use_guidelines_multilang(print)_stream_zlib.pdf,print,19,12932,31940,1,
corrupted/print/text/ai_ethics_responsible_use_guidelines_multilang(print)_stream_zlib.pdf,print,20,111328,268232,6,
corrupted/print/text/ai_ethics_responsible_use_guidelines_multilang(print)_stream_zlib.pdf,print,21,3068,21735,1,
corrupted/print/text/ai_ethics_responsible_use_guidelines_multilang(print)_stream_zlib.pdf,print,22,37008,88996,2,
corrupted/print/text/ai_ethics_responsible_use_guidelines_multilang(print)_stream_zlib.pdf,print,23,9357,19280,1,
corrupted/print/text/ai_ethics_responsible_use_guidelines_multilang(print)_stream_zlib.pdf,print,24,38046,81196,2,
corrupted/print/text/ai_ethics_responsible_use_guidelines_multilang(print)_stream_zlib.pdf,print,25,6676,81553,1,
corrupted/print/text/climate_crisis_preparedness_community_action_guidelines_multilang(print)_stream_zlib.pdf,print,0,25365,62604,2,
corrupted/print/text/climate_crisis_preparedness_community_action_guidelines_multilang(print)_stream_zlib.pdf,print,1,13283,25628,1,
corrupted/print/text/climate_crisis_preparedness_community_action_guidelines_multilang(print)_stream_zlib.pdf,print,2,58201,200726,3,
corrupted/print/text/climate_crisis_preparedness_community_action_guidelines_multilang(print)_stream_zlib.pdf,print,3,96384,230284,5,
corrupted/print/text/climate_crisis_preparedness_community_action_guidelines_multilang(print)_stream_zlib.pdf,print,4,9185,27133,1,
corrupted/print/text/climate_crisis_preparedness_community_action_guidelines_multilang(print)_stream_zlib.pdf,print,5,15855,79380,1,
corrupted/print/text/climate_crisis_preparedness_community_action_guidelines_multilang(print)_stream_zlib.pdf,print,6,11456,60932,1,
corrupted/print/text/climate_crisis_preparedness_community_action_guidelines_multilang(print)_stream_zlib.pdf,print,7,77589,200742,3,
corrupted/print/text/climate_crisis_preparedness_community_action_guidelines_multilang(print)_stream_zlib.pdf,print,8,76632,200749,3,
corrupted/print/text/climate_crisis_preparedness_community_action_guidelines_multilang(print)_stream_zlib.pdf,print,9,76600,200759,3,
corrupted/print/text/climate_crisis_preparedness_community_action_guidelines_multilang(print)_stream_zlib.pdf,print,10,75918,200724,3,
corrupted/print/text/climate_crisis_preparedness_community_action_guidelines_multilang(print)_stream_zlib.pdf,print,11,76747,200750,3,
corrupted/print/text/climate_crisis_preparedness_community_action_guidelines_multilang(print)_stream_zlib.pdf,print,12,76953,200747,3,
corrupted/print/text/climate_crisis_preparedness_community_action_guidelines_multilang(print)_stream_zlib.pdf,print,13,77107,200733,3,
corrupted/print/text/climate_crisis_preparedness_community_action_guidelines_multilang(print)_stream_zlib.pdf,print,14,76601,200721,3,
corrupted/print/text/climate_crisis_preparedness_community_action_guidelines_multilang(print)_stream_zlib.pdf,print,15,76928,200768,3,
corrupted/print/text/climate_crisis_preparedness_community_action_guidelines_multilang(print)_stream_zlib.pdf,print,16,5306,13537,1,
corrupted/print/text/climate_crisis_preparedness_community_action_guidelines_multilang(print)_stream_zlib.pdf,print,17,16621,37364,1,
corrupted/print/text/climate_crisis_preparedness_community_action_guidelines_multilang(print)_stream_zlib.pdf,print,18,35823,90256,2,
corrupted/print/text/climate_crisis_preparedness_community_action_guidelines_multilang(print)_stream_zlib.pdf,print,19,19904,38588,1,
corrupted/print/text/climate_crisis_preparedness_community_action_guidelines_multilang(print)_stream_zlib.pdf,print,20,7653,84268,1,
corrupted/print/text/climate_crisis_preparedness_community_action_guidelines_multilang(print)_stream_zlib.pdf,print,21,40490,95792,2,
corrupted/print/text/climate_crisis_preparedness_community_action_guidelines_multilang(print)_stream_zlib.pdf,print,22,11911,31452,1,
corrupted/print/text/climate_crisis_preparedness_community_action_guidelines_multilang(print)_stream_zlib.pdf,print,23,19938,45220,1,
corrupted/print/text/climate_crisis_preparedness_community_action_guidelines_multilang(print)_stream_zlib.pdf,print,24,3520,27226,1,
corrupted/print/text/climate_crisis_preparedness_community_action_guidelines_multilang(print)_stream_zlib.pdf,print,25,9916,27560,1,
corrupted/print/text/climate_crisis_preparedness_community_action_guidelines_multilang(print)_stream_zlib.pdf,print,26,485005,885720,22,
corrupted/print/text/climate_crisis_preparedness_community_action_guidelines_multilang(print)_stream_zlib.pdf,print,27,10902,21436,1,
corrupted/print/text/climate_crisis_preparedness_community_action_guidelines_multilang(print)_stream_zlib.pdf,print,28,3734,27957,1,
corrupted/print/text/climate_crisis_preparedness_community_action_guidelines_multilang(print)_stream_zlib.pdf,print,29,24492,65196,2,
corrupted/print/text/climate_crisis_preparedness_community_action_guidelines_multilang(print)_stream_zlib.pdf,print,30,36432,81160,2,
corrupted/print/text/climate_crisis_preparedness_community_action_guidelines_multilang(print)_stream_zlib.pdf,print,31,28655,64292,2,
corrupted/print/text/climate_crisis_preparedness_community_action_guidelines_multilang(print)_stream_zlib.pdf,print,32,7339,91454,1,
corrupted/print/text/confidential_doc_leak_collusion_investigation(print)_stream_zlib.pdf,print,0,15474,37640,1,
corrupted/print/text/confidential_doc_leak_collusion_investigation(print)_stream_zlib.pdf,print,1,32529,80636,2,
corrupted/print/text/confidential_doc_leak_collusion_investigation(print)_stream_zlib.pdf,print,2,43275,100168,3,
corrupted/print/text/confidential_doc_leak_collusion_investigation(print)_stream_zlib.pdf,print,3,10449,21380,1,
corrupted/print/text/confidential_doc_leak_collusion_investigation(print)_stream_zlib.pdf,print,4,178320,537536,9,
corrupted/print/text/confidential_doc_leak_collusion_investigation(print)_stream_zlib.pdf,print,5,2802,18233,1,
corrupted/print/text/confidential_doc_leak_collusion_investigation(print)_stream_zlib.pdf,print,6,34161,108284,2,
corrupted/print/text/confidential_doc_leak_collusion_investigation(print)_stream_zlib.pdf,print,7,38327,83856,2,
corrupted/print/text/confidential_doc_leak_collusion_investigation(print)_stream_zlib.pdf,print,8,60846,159799,3,
corrupted/print/text/confidential_doc_leak_collusion_investigation(print)_stream_zlib.pdf,print,9,17725,39980,1,
corrupted/print/text/confidential_doc_leak_collusion_investigation(print)_stream_zlib.pdf,print,10,15922,34224,1,
corrupted/print/text/confidential_doc_leak_collusion_investigation(print)_stream_zlib.pdf,print,11,16091,42540,1,
corrupted/print/text/confidential_doc_leak_collusion_investigation(print)_stream_zlib.pdf,print,12,3712,37326,1,
corrupted/print/text/confidential_doc_leak_collusion_investigation(print)_stream_zlib.pdf,print,13,42146,99864,3,
corrupted/print/text/confidential_doc_leak_collusion_investigation(print)_stream_zlib.pdf,print,14,53789,135672,3,
corrupted/print/text/confidential_doc_leak_collusion_investigation(print)_stream_zlib.pdf,print,15,6873,11648,1,
corrupted/print/text/confidential_doc_leak_collusion_investigation(print)_stream_zlib.pdf,print,16,2039,13846,1,
corrupted/print/text/confidential_doc_leak_collusion_investigation(print)_stream_zlib.pdf,print,17,7971,16348,1,
corrupted/print/text/confidential_doc_leak_collusion_investigation(print)_stream_zlib.pdf,print,18,489987,891436,22,
corrupted/print/text/confidential_doc_leak_collusion_investigation(print)_stream_zlib.pdf,print,19,11566,30148,1,
corrupted/print/text/confidential_doc_leak_collusion_investigation(print)_stream_zlib.pdf,print,20,3122,21953,1,
corrupted/print/text/confidential_doc_leak_collusion_investigation(print)_stream_zlib.pdf,print,21,25709,67156,2,
corrupted/print/text/confidential_doc_leak_collusion_investigation(print)_stream_zlib.pdf,print,22,35721,76560,2,
corrupted/print/text/confidential_doc_leak_collusion_investigation(print)_stream_zlib.pdf,print,23,24777,54724,2,
corrupted/print/text/confidential_doc_leak_collusion_investigation(print)_stream_zlib.pdf,print,24,4753,52368,1,
corrupted/print/text/digital_data_security_guidelines(print)_stream_zlib.pdf,print,0,9422,19856,1,
corrupted/print/text/digital_data_security_guidelines(print)_stream_zlib.pdf,print,1,96384,230284,5,
corrupted/print/text/digital_data_security_guidelines(print)_stream_zlib.pdf,print,2,29059,74804,2,
corrupted/print/text/digital_data_security_guidelines(print)_stream_zlib.pdf,print,3,17272,39828,1,
corrupted/print/text/digital_data_security_guidelines(print)_stream_zlib.pdf,print,4,3211,21644,1,
corrupted/print/text/digital_data_security_guidelines(print)_stream_zlib.pdf,print,5,8521,41884,1,
corrupted/print/text/digital_data_security_guidelines(print)_stream_zlib.pdf,print,6,95532,166672,5,
corrupted/print/text/digital_data_security_guidelines(print)_stream_zlib.pdf,print,7,75176,200744,3,
corrupted/print/text/digital_data_security_guidelines(print)_stream_zlib.pdf,print,8,66243,172809,3,
corrupted/print/text/digital_data_security_guidelines(print)_stream_zlib.pdf,print,9,27394,58380,2,
corrupted/print/text/digital_data_security_guidelines(print)_stream_zlib.pdf,print,10,20196,44548,1,
corrupted/print/text/digital_data_security_guidelines(print)_stream_zlib.pdf,print,11,58895,131016,3,
corrupted/print/text/digital_data_security_guidelines(print)_stream_zlib.pdf,print,12,12453,211148,1,
corrupted/print/text/digital_data_security_guidelines(print)_stream_zlib.pdf,print,13,6781,76879,1,
corrupted/print/text/digital_data_security_guidelines(print)_stream_zlib.pdf,print,14,6388,11156,1,
corrupted/print/text/digital_data_security_guidelines(print)_stream_zlib.pdf,print,15,16660,40872,1,
corrupted/print/text/digital_data_security_guidelines(print)_stream_zlib.pdf,print,16,54044,136048,3,
corrupted/print/text/digital_data_security_guidelines(print)_stream_zlib.pdf,print,17,3184,22228,1,
corrupted/print/text/digital_data_security_guidelines(print)_stream_zlib.pdf,print,18,9747,27352,1,
corrupted/print/text/digital_data_security_guidelines(print)_stream_zlib.pdf,print,19,7946,16552,1,
corrupted/print/text/digital_data_security_guidelines(print)_stream_zlib.pdf,print,20,30181,57260,2,
corrupted/print/text/digital_data_security_guidelines(print)_stream_zlib.pdf,print,21,3336,23188,1,
corrupted/print/text/digital_data_security_guidelines(print)_stream_zlib.pdf,print,22,25533,57544,2,
corrupted/print/text/digital_data_security_guidelines(print)_stream_zlib.pdf,print,23,27957,70568,2,
corrupted/print/text/digital_data_security_guidelines(print)_stream_zlib.pdf,print,24,43829,110628,3,
corrupted/print/text/digital_data_security_guidelines(print)_stream_zlib.pdf,print,25,6666,78203,1,
corrupted/print/text/educational_technology_elearning_safety_guidelines_multilang(print)_stream_zlib.pdf,print,0,28107,72036,2,
corrupted/print/text/educational_technology_elearning_safety_guidelines_multilang(print)_stream_zlib.pdf,print,1,17411,40068,1,
corrupted/print/text/educational_technology_elearning_safety_guidelines_multilang(print)_stream_zlib.pdf,print,2,19271,70290,1,
corrupted/print/text/educational_technology_elearning_safety_guidelines_multilang(print)_stream_zlib.pdf,print,3,20047,85692,1,
corrupted/print/text/educational_technology_elearning_safety_guidelines_multilang(print)_stream_zlib.pdf,print,4,117616,224752,6,
corrupted/print/text/educational_technology_elearning_safety_guidelines_multilang(print)_stream_zlib.pdf,print,5,96384,230284,5,
corrupted/print/text/educational_technology_elearning_safety_guidelines_multilang(print)_stream_zlib.pdf,print,6,27996,76011,2,
corrupted/print/text/educational_technology_elearning_safety_guidelines_multilang(print)_stream_zlib.pdf,print,7,39877,88068,2,
corrupted/print/text/educational_technology_elearning_safety_guidelines_multilang(print)_stream_zlib.pdf,print,8,13212,29352,1,
corrupted/print/text/educational_technology_elearning_safety_guidelines_multilang(print)_stream_zlib.pdf,print,9,44602,107512,3,
corrupted/print/text/educational_technology_elearning_safety_guidelines_multilang(print)_stream_zlib.pdf,print,10,7300,83098,1,
corrupted/print/text/educational_technology_elearning_safety_guidelines_multilang(print)_stream_zlib.pdf,print,11,6677,11576,1,
corrupted/print/text/educational_technology_elearning_safety_guidelines_multilang(print)_stream_zlib.pdf,print,12,50649,130880,3,
corrupted/print/text/educational_technology_elearning_safety_guidelines_multilang(print)_stream_zlib.pdf,print,13,46222,108616,3,
corrupted/print/text/educational_technology_elearning_safety_guidelines_multilang(print)_stream_zlib.pdf,print,14,3359,24365,1,
corrupted/print/text/educational_technology_elearning_safety_guidelines_multilang(print)_stream_zlib.pdf,print,15,10465,28364,1,
corrupted/print/text/educational_technology_elearning_safety_guidelines_multilang(print)_stream_zlib.pdf,print,16,26759,52104,2,
corrupted/print/text/educational_technology_elearning_safety_guidelines_multilang(print)_stream_zlib.pdf,print,17,9323,19080,1,
corrupted/print/text/educational_technology_elearning_safety_guidelines_multilang(print)_stream_zlib.pdf,print,18,3116,21939,1,
corrupted/print/text/educational_technology_elearning_safety_guidelines_multilang(print)_stream_zlib.pdf,print,19,7325,15388,1,
corrupted/print/text/educational_technology_elearning_safety_guidelines_multilang(print)_stream_zlib.pdf,print,20,37730,89000,2,
corrupted/print/text/educational_technology_elearning_safety_guidelines_multilang(print)_stream_zlib.pdf,print,21,37232,84336,2,
corrupted/print/text/educational_technology_elearning_safety_guidelines_multilang(print)_stream_zlib.pdf,print,22,5884,67645,1,
corrupted/print/text/global_cloud_datacenter_cooling_failure_report(print)_stream_zlib.pdf,print,0,10035,20716,1,
corrupted/print/text/global_cloud_datacenter_cooling_failure_report(print)_stream_zlib.pdf,print,1,30777,77688,2,
corrupted/print/text/global_cloud_datacenter_cooling_failure_report(print)_stream_zlib.pdf,print,2,11673,23900,1,
corrupted/print/text/global_cloud_datacenter_cooling_failure_report(print)_stream_zlib.pdf,print,3,67214,347616,4,
corrupted/print/text/global_cloud_datacenter_cooling_failure_report(print)_stream_zlib.pdf,print,4,16262,38472,1,
corrupted/print/text/global_cloud_datacenter_cooling_failure_report(print)_stream_zlib.pdf,print,5,111378,275468,6,
corrupted/print/text/global_cloud_datacenter_cooling_failure_report(print)_stream_zlib.pdf,print,6,178320,537536,9,
corrupted/print/text/global_cloud_datacenter_cooling_failure_report(print)_stream_zlib.pdf,print,7,2405,15657,1,
corrupted/print/text/global_cloud_datacenter_cooling_failure_report(print)_stream_zlib.pdf,print,8,13497,49252,1,
corrupted/print/text/global_cloud_datacenter_cooling_failure_report(print)_stream_zlib.pdf,print,9,78839,200742,3,
corrupted/print/text/global_cloud_datacenter_cooling_failure_report(print)_stream_zlib.pdf,print,10,78130,200711,3,
corrupted/print/text/global_cloud_datacenter_cooling_failure_report(print)_stream_zlib.pdf,print,11,37002,82124,2,
corrupted/print/text/global_cloud_datacenter_cooling_failure_report(print)_stream_zlib.pdf,print,12,55606,141263,3,
corrupted/print/text/global_cloud_datacenter_cooling_failure_report(print)_stream_zlib.pdf,print,13,32126,83412,2,
corrupted/print/text/global_cloud_datacenter_cooling_failure_report(print)_stream_zlib.pdf,print,14,22434,48796,2,
corrupted/print/text/global_cloud_datacenter_cooling_failure_report(print)_stream_zlib.pdf,print,15,45103,99772,3,
corrupted/print/text/global_cloud_datacenter_cooling_failure_report(print)_stream_zlib.pdf,print,16,2868,25727,1,
corrupted/print/text/global_cloud_datacenter_cooling_failure_report(print)_stream_zlib.pdf,print,17,6832,11792,1,
corrupted/print/text/global_cloud_datacenter_cooling_failure_report(print)_stream_zlib.pdf,print,18,17637,42140,1,
corrupted/print/text/global_cloud_datacenter_cooling_failure_report(print)_stream_zlib.pdf,print,19,52903,135324,3,
corrupted/print/text/global_cloud_datacenter_cooling_failure_report(print)_stream_zlib.pdf,print,20,1775,12247,1,
corrupted/print/text/global_cloud_datacenter_cooling_failure_report(print)_stream_zlib.pdf,print,21,10865,28956,1,
corrupted/print/text/global_cloud_datacenter_cooling_failure_report(print)_stream_zlib.pdf,print,22,9236,18632,1,
corrupted/print/text/global_cloud_datacenter_cooling_failure_report(print)_stream_zlib.pdf,print,23,28663,54824,2,
corrupted/print/text/global_cloud_datacenter_cooling_failure_report(print)_stream_zlib.pdf,print,24,2353,16220,1,
corrupted/print/text/global_cloud_datacenter_cooling_failure_report(print)_stream_zlib.pdf,print,25,26455,58280,2,
corrupted/print/text/global_cloud_datacenter_cooling_failure_report(print)_stream_zlib.pdf,print,26,29603,72908,2,
corrupted/print/text/global_cloud_datacenter_cooling_failure_report(print)_stream_zlib.pdf,print,27,41119,105824,2,
corrupted/print/text/global_cloud_datacenter_cooling_failure_report(print)_stream_zlib.pdf,print,28,3741,37308,1,
corrupted/print/text/green_energy_sustainable_living_guidelines_multilang(print)_stream_zlib.pdf,print,0,25936,63532,2,
corrupted/print/text/green_energy_sustainable_living_guidelines_multilang(print)_stream_zlib.pdf,print,1,15499,37724,1,
corrupted/print/text/green_energy_sustainable_living_guidelines_multilang(print)_stream_zlib.pdf,print,2,96384,230284,5,
corrupted/print/text/green_energy_sustainable_living_guidelines_multilang(print)_stream_zlib.pdf,print,3,62779,200706,3,
corrupted/print/text/green_energy_sustainable_living_guidelines_multilang(print)_stream_zlib.pdf,print,4,62417,200721,3,
corrupted/print/text/green_energy_sustainable_living_guidelines_multilang(print)_stream_zlib.pdf,print,5,62293,200734,3,
corrupted/print/text/green_energy_sustainable_living_guidelines_multilang(print)_stream_zlib.pdf,print,6,62790,200724,3,
corrupted/print/text/green_energy_sustainable_living_guidelines_multilang(print)_stream_zlib.pdf,print,7,26015,82392,1,
corrupted/print/text/green_energy_sustainable_living_guidelines_multilang(print)_stream_zlib.pdf,print,8,44057,92376,3,
corrupted/print/text/green_energy_sustainable_living_guidelines_multilang(print)_stream_zlib.pdf,print,9,49348,133000,3,
corrupted/print/text/green_energy_sustainable_living_guidelines_multilang(print)_stream_zlib.pdf,print,10,28490,77982,2,
corrupted/print/text/green_energy_sustainable_living_guidelines_multilang(print)_stream_zlib.pdf,print,11,14917,34280,1,
corrupted/print/text/green_energy_sustainable_living_guidelines_multilang(print)_stream_zlib.pdf,print,12,45756,95808,3,
corrupted/print/text/green_energy_sustainable_living_guidelines_multilang(print)_stream_zlib.pdf,print,13,21169,42192,2,
corrupted/print/text/green_energy_sustainable_living_guidelines_multilang(print)_stream_zlib.pdf,print,14,5131,55380,1,
corrupted/print/text/green_energy_sustainable_living_guidelines_multilang(print)_stream_zlib.pdf,print,15,15830,39584,1,
corrupted/print/text/green_energy_sustainable_living_guidelines_multilang(print)_stream_zlib.pdf,print,16,50853,131148,3,
corrupted/print/text/green_energy_sustainable_living_guidelines_multilang(print)_stream_zlib.pdf,print,17,45481,107192,3,
corrupted/print/text/green_energy_sustainable_living_guidelines_multilang(print)_stream_zlib.pdf,print,18,2725,18365,1,
corrupted/print/text/green_energy_sustainable_living_guidelines_multilang(print)_stream_zlib.pdf,print,19,7001,14476,1,
corrupted/print/text/green_energy_sustainable_living_guidelines_multilang(print)_stream_zlib.pdf,print,20,26848,52444,2,
corrupted/print/text/green_energy_sustainable_living_guidelines_multilang(print)_stream_zlib.pdf,print,21,490893,892396,22,
corrupted/print/text/green_energy_sustainable_living_guidelines_multilang(print)_stream_zlib.pdf,print,22,3110,22991,1,
corrupted/print/text/green_energy_sustainable_living_guidelines_multilang(print)_stream_zlib.pdf,print,23,24539,64804,2,
corrupted/print/text/green_energy_sustainable_living_guidelines_multilang(print)_stream_zlib.pdf,print,24,39433,99916,2,
corrupted/print/text/green_energy_sustainable_living_guidelines_multilang(print)_stream_zlib.pdf,print,25,28964,64152,2,
corrupted/print/text/green_energy_sustainable_living_guidelines_multilang(print)_stream_zlib.pdf,print,26,5671,69319,1,
corrupted/print/text/health_wellbeing_digital_age_guidelines_multilang(print)_stream_zlib.pdf,print,0,25792,63296,2,
corrupted/print/text/health_wellbeing_digital_age_guidelines_multilang(print)_stream_zlib.pdf,print,1,11140,18196,1,
corrupted/print/text/health_wellbeing_digital_age_guidelines_multilang(print)_stream_zlib.pdf,print,2,96384,230284,5,
corrupted/print/text/health_wellbeing_digital_age_guidelines_multilang(print)_stream_zlib.pdf,print,3,29563,109960,2,
corrupted/print/text/health_wellbeing_digital_age_guidelines_multilang(print)_stream_zlib.pdf,print,4,16171,80112,1,
corrupted/print/text/health_wellbeing_digital_age_guidelines_multilang(print)_stream_zlib.pdf,print,5,37592,97304,3,
corrupted/print/text/health_wellbeing_digital_age_guidelines_multilang(print)_stream_zlib.pdf,print,6,1531,8480,1,
corrupted/print/text/health_wellbeing_digital_age_guidelines_multilang(print)_stream_zlib.pdf,print,7,11700,26720,1,
corrupted/print/text/health_wellbeing_digital_age_guidelines_multilang(print)_stream_zlib.pdf,print,8,31704,74468,2,
corrupted/print/text/health_wellbeing_digital_age_guidelines_multilang(print)_stream_zlib.pdf,print,9,5374,60891,1,
corrupted/print/text/health_wellbeing_digital_age_guidelines_multilang(print)_stream_zlib.pdf,print,10,11272,30240,1,
corrupted/print/text/health_wellbeing_digital_age_guidelines_multilang(print)_stream_zlib.pdf,print,11,46297,108952,3,
corrupted/print/text/health_wellbeing_digital_age_guidelines_multilang(print)_stream_zlib.pdf,print,12,2865,20264,1,
corrupted/print/text/health_wellbeing_digital_age_guidelines_multilang(print)_stream_zlib.pdf,print,13,7643,15648,1,
corrupted/print/text/health_wellbeing_digital_age_guidelines_multilang(print)_stream_zlib.pdf,print,14,30484,57844,2,
corrupted/print/text/health_wellbeing_digital_age_guidelines_multilang(print)_stream_zlib.pdf,print,15,2984,20754,1,
corrupted/print/text/health_wellbeing_digital_age_guidelines_multilang(print)_stream_zlib.pdf,print,16,35272,82232,2,
corrupted/print/text/health_wellbeing_digital_age_guidelines_multilang(print)_stream_zlib.pdf,print,17,11684,24904,1,
corrupted/print/text/health_wellbeing_digital_age_guidelines_multilang(print)_stream_zlib.pdf,print,18,5160,54115,1,
corrupted/print/text/illegal_item_trading_money_laundering_in_games(print)_stream_zlib.pdf,print,0,29032,74404,2,
corrupted/print/text/illegal_item_trading_money_laundering_in_games(print)_stream_zlib.pdf,print,1,43275,100168,3,
corrupted/print/text/illegal_item_trading_money_laundering_in_games(print)_stream_zlib.pdf,print,2,16216,38556,1,
corrupted/print/text/illegal_item_trading_money_laundering_in_games(print)_stream_zlib.pdf,print,3,64296,200732,3,
corrupted/print/text/illegal_item_trading_money_laundering_in_games(print)_stream_zlib.pdf,print,4,178320,537536,9,
corrupted/print/text/illegal_item_trading_money_laundering_in_games(print)_stream_zlib.pdf,print,5,45588,142300,2,
corrupted/print/text/illegal_item_trading_money_laundering_in_games(print)_stream_zlib.pdf,print,6,48948,100128,3,
corrupted/print/text/illegal_item_trading_money_laundering_in_games(print)_stream_zlib.pdf,print,7,32465,106032,2,
corrupted/print/text/illegal_item_trading_money_laundering_in_games(print)_stream_zlib.pdf,print,8,64549,168126,3,
corrupted/print/text/illegal_item_trading_money_laundering_in_games(print)_stream_zlib.pdf,print,9,21440,50684,2,
corrupted/print/text/illegal_item_trading_money_laundering_in_games(print)_stream_zlib.pdf,print,10,49396,110040,3,
corrupted/print/text/illegal_item_trading_money_laundering_in_games(print)_stream_zlib.pdf,print,11,17941,38360,1,
corrupted/print/text/illegal_item_trading_money_laundering_in_games(print)_stream_zlib.pdf,print,12,3594,32450,1,
corrupted/print/text/illegal_item_trading_money_laundering_in_games(print)_stream_zlib.pdf,print,13,16608,40636,1,
corrupted/print/text/illegal_item_trading_money_laundering_in_games(print)_stream_zlib.pdf,print,14,52676,133964,3,
corrupted/print/text/illegal_item_trading_money_laundering_in_games(print)_stream_zlib.pdf,print,15,45186,106952,3,
corrupted/print/text/illegal_item_trading_money_laundering_in_games(print)_stream_zlib.pdf,print,16,111360,275428,6,
corrupted/print/text/illegal_item_trading_money_laundering_in_games(print)_stream_zlib.pdf,print,17,2971,19496,1,
corrupted/print/text/illegal_item_trading_money_laundering_in_games(print)_stream_zlib.pdf,print,18,7931,16208,1,
corrupted/print/text/illegal_item_trading_money_laundering_in_games(print)_stream_zlib.pdf,print,19,28143,53980,2,
corrupted/print/text/illegal_item_trading_money_laundering_in_games(print)_stream_zlib.pdf,print,20,492095,894020,22,
corrupted/print/text/illegal_item_trading_money_laundering_in_games(print)_stream_zlib.pdf,print,21,2973,19784,1,
corrupted/print/text/illegal_item_trading_money_laundering_in_games(print)_stream_zlib.pdf,print,22,28249,71144,2,
corrupted/print/text/illegal_item_trading_money_laundering_in_games(print)_stream_zlib.pdf,print,23,40540,99040,2,
corrupted/print/text/illegal_item_trading_money_laundering_in_games(print)_stream_zlib.pdf,print,24,27637,60852,2,
corrupted/print/text/illegal_item_trading_money_laundering_in_games(print)_stream_zlib.pdf,print,25,4330,48048,1,
corrupted/print/text/messenger_app_data_misuse_investigation(print)_stream_zlib.pdf,print,0,6171,11172,1,
corrupted/print/text/messenger_app_data_misuse_investigation(print)_stream_zlib.pdf,print,1,11673,23900,1,
corrupted/print/text/messenger_app_data_misuse_investigation(print)_stream_zlib.pdf,print,2,67214,347616,4,
corrupted/print/text/messenger_app_data_misuse_investigation(print)_stream_zlib.pdf,print,3,62723,200765,3,
corrupted/print/text/messenger_app_data_misuse_investigation(print)_stream_zlib.pdf,print,4,64838,200732,3,
corrupted/print/text/messenger_app_data_misuse_investigation(print)_stream_zlib.pdf,print,5,178320,537536,9,
corrupted/print/text/messenger_app_data_misuse_investigation(print)_stream_zlib.pdf,print,6,52406,160968,2,
corrupted/print/text/messenger_app_data_misuse_investigation(print)_stream_zlib.pdf,print,7,7854,56192,1,
corrupted/print/text/messenger_app_data_misuse_investigation(print)_stream_zlib.pdf,print,8,38545,115716,2,
corrupted/print/text/messenger_app_data_misuse_investigation(print)_stream_zlib.pdf,print,9,111378,275468,6,
corrupted/print/text/messenger_app_data_misuse_investigation(print)_stream_zlib.pdf,print,10,1489,33036,1,
corrupted/print/text/messenger_app_data_misuse_investigation(print)_stream_zlib.pdf,print,11,1122,6243,1,
corrupted/print/text/messenger_app_data_misuse_investigation(print)_stream_zlib.pdf,print,12,14891,40204,1,
corrupted/print/text/messenger_app_data_misuse_investigation(print)_stream_zlib.pdf,print,13,21734,42768,2,
corrupted/print/text/messenger_app_data_misuse_investigation(print)_stream_zlib.pdf,print,14,3150,31720,1,
corrupted/print/text/messenger_app_data_misuse_investigation(print)_stream_zlib.pdf,print,15,11812,31368,1,
corrupted/print/text/messenger_app_data_misuse_investigation(print)_stream_zlib.pdf,print,16,46447,108636,3,
corrupted/print/text/messenger_app_data_misuse_investigation(print)_stream_zlib.pdf,print,17,2348,15341,1,
corrupted/print/text/messenger_app_data_misuse_investigation(print)_stream_zlib.pdf,print,18,5220,12744,1,
corrupted/print/text/messenger_app_data_misuse_investigation(print)_stream_zlib.pdf,print,19,2646,18124,1,
corrupted/print/text/messenger_app_data_misuse_investigation(print)_stream_zlib.pdf,print,20,8238,17308,1,
corrupted/print/text/messenger_app_data_misuse_investigation(print)_stream_zlib.pdf,print,21,28438,62708,2,
corrupted/print/text/messenger_app_data_misuse_investigation(print)_stream_zlib.pdf,print,22,3539,39381,1,
corrupted/print/text/open_source_software_contribution_guidelines_multilang(print)_stream_zlib.pdf,print,0,7529,13296,1,
corrupted/print/text/open_source_software_contribution_guidelines_multilang(print)_stream_zlib.pdf,print,1,15568,37852,1,
corrupted/print/text/open_source_software_contribution_guidelines_multilang(print)_stream_zlib.pdf,print,2,96384,230284,5,
corrupted/print/text/open_source_software_contribution_guidelines_multilang(print)_stream_zlib.pdf,print,3,34890,85904,2,
corrupted/print/text/open_source_software_contribution_guidelines_multilang(print)_stream_zlib.pdf,print,4,3399,23357,1,
corrupted/print/text/open_source_software_contribution_guidelines_multilang(print)_stream_zlib.pdf,print,5,58598,148232,3,
corrupted/print/text/open_source_software_contribution_guidelines_multilang(print)_stream_zlib.pdf,print,6,74413,200723,3,
corrupted/print/text/open_source_software_contribution_guidelines_multilang(print)_stream_zlib.pdf,print,7,111328,268232,6,
corrupted/print/text/open_source_software_contribution_guidelines_multilang(print)_stream_zlib.pdf,print,8,15912,40922,1,
corrupted/print/text/open_source_software_contribution_guidelines_multilang(print)_stream_zlib.pdf,print,9,14698,33660,1,
corrupted/print/text/open_source_software_contribution_guidelines_multilang(print)_stream_zlib.pdf,print,10,13453,30264,1,
corrupted/print/text/open_source_software_contribution_guidelines_multilang(print)_stream_zlib.pdf,print,11,20513,53872,1,
corrupted/print/text/open_source_software_contribution_guidelines_multilang(print)_stream_zlib.pdf,print,12,6527,74244,1,
corrupted/print/text/open_source_software_contribution_guidelines_multilang(print)_stream_zlib.pdf,print,13,16262,40388,1,
corrupted/print/text/open_source_software_contribution_guidelines_multilang(print)_stream_zlib.pdf,print,14,50899,131220,3,
corrupted/print/text/open_source_software_contribution_guidelines_multilang(print)_stream_zlib.pdf,print,15,15209,37772,1,
corrupted/print/text/open_source_software_contribution_guidelines_multilang(print)_stream_zlib.pdf,print,16,3447,24176,1,
corrupted/print/text/open_source_software_contribution_guidelines_multilang(print)_stream_zlib.pdf,print,17,483923,884536,22,
corrupted/print/text/open_source_software_contribution_guidelines_multilang(print)_stream_zlib.pdf,print,18,8157,17144,1,
corrupted/print/text/open_source_software_contribution_guidelines_multilang(print)_stream_zlib.pdf,print,19,13192,32232,1,
corrupted/print/text/open_source_software_contribution_guidelines_multilang(print)_stream_zlib.pdf,print,20,3321,23912,1,
corrupted/print/text/open_source_software_contribution_guidelines_multilang(print)_stream_zlib.pdf,print,21,27121,60164,2,
corrupted/print/text/open_source_software_contribution_guidelines_multilang(print)_stream_zlib.pdf,print,22,37987,90760,2,
corrupted/print/text/open_source_software_contribution_guidelines_multilang(print)_stream_zlib.pdf,print,23,29085,64160,2,
corrupted/print/text/open_source_software_contribution_guidelines_multilang(print)_stream_zlib.pdf,print,24,6781,82847,1,
corrupted/print/text/personal_finance_cyber_fraud_prevention_guidelines_multilang(print)_stream_zlib.pdf,print,0,6425,11532,1,
corrupted/print/text/personal_finance_cyber_fraud_prevention_guidelines_multilang(print)_stream_zlib.pdf,print,1,17207,39772,1,
corrupted/print/text/personal_finance_cyber_fraud_prevention_guidelines_multilang(print)_stream_zlib.pdf,print,2,9634,20212,1,
corrupted/print/text/personal_finance_cyber_fraud_prevention_guidelines_multilang(print)_stream_zlib.pdf,print,3,111328,268232,6,
corrupted/print/text/personal_finance_cyber_fraud_prevention_guidelines_multilang(print)_stream_zlib.pdf,print,4,3326,22374,1,
corrupted/print/text/personal_finance_cyber_fraud_prevention_guidelines_multilang(print)_stream_zlib.pdf,print,5,10234,44492,1,
corrupted/print/text/personal_finance_cyber_fraud_prevention_guidelines_multilang(print)_stream_zlib.pdf,print,6,76610,200758,3,
corrupted/print/text/personal_finance_cyber_fraud_prevention_guidelines_multilang(print)_stream_zlib.pdf,print,7,76433,200729,3,
corrupted/print/text/personal_finance_cyber_fraud_prevention_guidelines_multilang(print)_stream_zlib.pdf,print,8,76293,200718,3,
corrupted/print/text/personal_finance_cyber_fraud_prevention_guidelines_multilang(print)_stream_zlib.pdf,print,9,76732,200764,3,
corrupted/print/text/personal_finance_cyber_fraud_prevention_guidelines_multilang(print)_stream_zlib.pdf,print,10,77403,200742,3,
corrupted/print/text/personal_finance_cyber_fraud_prevention_guidelines_multilang(print)_stream_zlib.pdf,print,11,76461,200724,3,
corrupted/print/text/personal_finance_cyber_fraud_prevention_guidelines_multilang(print)_stream_zlib.pdf,print,12,76936,200747,3,
corrupted/print/text/personal_finance_cyber_fraud_prevention_guidelines_multilang(print)_stream_zlib.pdf,print,13,77357,200737,3,
corrupted/print/text/personal_finance_cyber_fraud_prevention_guidelines_multilang(print)_stream_zlib.pdf,print,14,18709,83616,1,
corrupted/print/text/personal_finance_cyber_fraud_prevention_guidelines_multilang(print)_stream_zlib.pdf,print,15,96384,230284,5,
corrupted/print/text/personal_finance_cyber_fraud_prevention_guidelines_multilang(print)_stream_zlib.pdf,print,16,63488,164322,3,
corrupted/print/text/personal_finance_cyber_fraud_prevention_guidelines_multilang(print)_stream_zlib.pdf,print,17,39819,87496,2,
corrupted/print/text/personal_finance_cyber_fraud_prevention_guidelines_multilang(print)_stream_zlib.pdf,print,18,21332,42336,2,
corrupted/print/text/personal_finance_cyber_fraud_prevention_guidelines_multilang(print)_stream_zlib.pdf,print,19,14492,39376,1,
corrupted/print/text/personal_finance_cyber_fraud_prevention_guidelines_multilang(print)_stream_zlib.pdf,print,20,6353,73933,1,
corrupted/print/text/personal_finance_cyber_fraud_prevention_guidelines_multilang(print)_stream_zlib.pdf,print,21,15874,39740,1,
corrupted/print/text/personal_finance_cyber_fraud_prevention_guidelines_multilang(print)_stream_zlib.pdf,print,22,46351,108972,3,
corrupted/print/text/personal_finance_cyber_fraud_prevention_guidelines_multilang(print)_stream_zlib.pdf,print,23,11737,31372,1,
corrupted/print/text/personal_finance_cyber_fraud_prevention_guidelines_multilang(print)_stream_zlib.pdf,print,24,3359,24655,1,
corrupted/print/text/personal_finance_cyber_fraud_prevention_guidelines_multilang(print)_stream_zlib.pdf,print,25,26179,51408,2,
corrupted/print/text/personal_finance_cyber_fraud_prevention_guidelines_multilang(print)_stream_zlib.pdf,print,26,491882,893432,22,
corrupted/print/text/personal_finance_cyber_fraud_prevention_guidelines_multilang(print)_stream_zlib.pdf,print,27,4824,12016,1,
corrupted/print/text/personal_finance_cyber_fraud_prevention_guidelines_multilang(print)_stream_zlib.pdf,print,28,3571,29063,1,
corrupted/print/text/personal_finance_cyber_fraud_prevention_guidelines_multilang(print)_stream_zlib.pdf,print,29,22089,49772,2,
corrupted/print/text/personal_finance_cyber_fraud_prevention_guidelines_multilang(print)_stream_zlib.pdf,print,30,11694,24808,1,
corrupted/print/text/personal_finance_cyber_fraud_prevention_guidelines_multilang(print)_stream_zlib.pdf,print,31,37610,89128,2,
corrupted/print/text/personal_finance_cyber_fraud_prevention_guidelines_multilang(print)_stream_zlib.pdf,print,32,6262,65984,1,
corrupted/print/text/remote_work_home_office_guidelines(print)_stream_zlib.pdf,print,0,7504,13276,1,
corrupted/print/text/remote_work_home_office_guidelines(print)_stream_zlib.pdf,print,1,96384,230284,5,
corrupted/print/text/remote_work_home_office_guidelines(print)_stream_zlib.pdf,print,2,13092,25352,1,
corrupted/print/text/remote_work_home_office_guidelines(print)_stream_zlib.pdf,print,3,58721,200742,3,
corrupted/print/text/remote_work_home_office_guidelines(print)_stream_zlib.pdf,print,4,2223,6016,1,
corrupted/print/text/remote_work_home_office_guidelines(print)_stream_zlib.pdf,print,5,4341,51776,1,
corrupted/print/text/remote_work_home_office_guidelines(print)_stream_zlib.pdf,print,6,22366,89404,2,
corrupted/print/text/remote_work_home_office_guidelines(print)_stream_zlib.pdf,print,7,101432,200512,5,
corrupted/print/text/remote_work_home_office_guidelines(print)_stream_zlib.pdf,print,8,1585,9419,1,
corrupted/print/text/remote_work_home_office_guidelines(print)_stream_zlib.pdf,print,9,14086,38608,1,
corrupted/print/text/remote_work_home_office_guidelines(print)_stream_zlib.pdf,print,10,13816,30984,1,
corrupted/print/text/remote_work_home_office_guidelines(print)_stream_zlib.pdf,print,11,44051,106380,3,
corrupted/print/text/remote_work_home_office_guidelines(print)_stream_zlib.pdf,print,12,5570,59669,1,
corrupted/print/text/remote_work_home_office_guidelines(print)_stream_zlib.pdf,print,13,11850,31296,1,
corrupted/print/text/remote_work_home_office_guidelines(print)_stream_zlib.pdf,print,14,42016,99688,2,
corrupted/print/text/remote_work_home_office_guidelines(print)_stream_zlib.pdf,print,15,8441,13976,1,
corrupted/print/text/remote_work_home_office_guidelines(print)_stream_zlib.pdf,print,16,2788,18731,1,
corrupted/print/text/remote_work_home_office_guidelines(print)_stream_zlib.pdf,print,17,4891,11912,1,
corrupted/print/text/remote_work_home_office_guidelines(print)_stream_zlib.pdf,print,18,484826,885548,22,
corrupted/print/text/remote_work_home_office_guidelines(print)_stream_zlib.pdf,print,19,12985,32092,1,
corrupted/print/text/remote_work_home_office_guidelines(print)_stream_zlib.pdf,print,20,2945,20346,1,
corrupted/print/text/remote_work_home_office_guidelines(print)_stream_zlib.pdf,print,21,7198,14960,1,
corrupted/print/text/remote_work_home_office_guidelines(print)_stream_zlib.pdf,print,22,22649,50056,2,
corrupted/print/text/remote_work_home_office_guidelines(print)_stream_zlib.pdf,print,23,38472,82824,2,
corrupted/print/text/remote_work_home_office_guidelines(print)_stream_zlib.pdf,print,24,6482,79094,1,
corrupted/print/text/smart_city_data_privacy_guidelines_multilang(print)_stream_zlib.pdf,print,0,10861,17744,1,
corrupted/print/text/smart_city_data_privacy_guidelines_multilang(print)_stream_zlib.pdf,print,1,26445,64796,2,
corrupted/print/text/smart_city_data_privacy_guidelines_multilang(print)_stream_zlib.pdf,print,2,96384,230284,5,
corrupted/print/text/smart_city_data_privacy_guidelines_multilang(print)_stream_zlib.pdf,print,3,13761,57948,1,
corrupted/print/text/smart_city_data_privacy_guidelines_multilang(print)_stream_zlib.pdf,print,4,15981,79888,1,
corrupted/print/text/smart_city_data_privacy_guidelines_multilang(print)_stream_zlib.pdf,print,5,109982,213000,6,
corrupted/print/text/smart_city_data_privacy_guidelines_multilang(print)_stream_zlib.pdf,print,6,1785,10592,1,
corrupted/print/text/smart_city_data_privacy_guidelines_multilang(print)_stream_zlib.pdf,print,7,10586,25116,1,
corrupted/print/text/smart_city_data_privacy_guidelines_multilang(print)_stream_zlib.pdf,print,8,30420,69380,2,
corrupted/print/text/smart_city_data_privacy_guidelines_multilang(print)_stream_zlib.pdf,print,9,6104,74005,1,
corrupted/print/text/smart_city_data_privacy_guidelines_multilang(print)_stream_zlib.pdf,print,10,11460,30652,1,
corrupted/print/text/smart_city_data_privacy_guidelines_multilang(print)_stream_zlib.pdf,print,11,19562,44724,1,
corrupted/print/text/smart_city_data_privacy_guidelines_multilang(print)_stream_zlib.pdf,print,12,40971,97664,2,
corrupted/print/text/smart_city_data_privacy_guidelines_multilang(print)_stream_zlib.pdf,print,13,3375,28341,1,
corrupted/print/text/smart_city_data_privacy_guidelines_multilang(print)_stream_zlib.pdf,print,14,7525,15492,1,
corrupted/print/text/smart_city_data_privacy_guidelines_multilang(print)_stream_zlib.pdf,print,15,492397,894092,22,
corrupted/print/text/smart_city_data_privacy_guidelines_multilang(print)_stream_zlib.pdf,print,16,3500,28978,1,
corrupted/print/text/smart_city_data_privacy_guidelines_multilang(print)_stream_zlib.pdf,print,17,33594,75056,2,
corrupted/print/text/smart_city_data_privacy_guidelines_multilang(print)_stream_zlib.pdf,print,18,22973,51704,2,
corrupted/print/text/smart_city_data_privacy_guidelines_multilang(print)_stream_zlib.pdf,print,19,11922,25992,1,
corrupted/print/text/smart_city_data_privacy_guidelines_multilang(print)_stream_zlib.pdf,print,20,5716,60159,1,
corrupted/print/text/smart_factory_robot_malfunction_analysis(print)_stream_zlib.pdf,print,0,8074,14040,1,
corrupted/print/text/smart_factory_robot_malfunction_analysis(print)_stream_zlib.pdf,print,1,43275,100168,3,
corrupted/print/text/smart_factory_robot_malfunction_analysis(print)_stream_zlib.pdf,print,2,17425,40044,1,
corrupted/print/text/smart_factory_robot_malfunction_analysis(print)_stream_zlib.pdf,print,3,111378,275468,6,
corrupted/print/text/smart_factory_robot_malfunction_analysis(print)_stream_zlib.pdf,print,4,2734,18697,1,
corrupted/print/text/smart_factory_robot_malfunction_analysis(print)_stream_zlib.pdf,print,5,37030,82216,2,
corrupted/print/text/smart_factory_robot_malfunction_analysis(print)_stream_zlib.pdf,print,6,77791,200744,3,
corrupted/print/text/smart_factory_robot_malfunction_analysis(print)_stream_zlib.pdf,print,7,77835,200709,3,
corrupted/print/text/smart_factory_robot_malfunction_analysis(print)_stream_zlib.pdf,print,8,76670,200754,3,
corrupted/print/text/smart_factory_robot_malfunction_analysis(print)_stream_zlib.pdf,print,9,76662,200718,3,
corrupted/print/text/smart_factory_robot_malfunction_analysis(print)_stream_zlib.pdf,print,10,51186,129002,2,
corrupted/print/text/smart_factory_robot_malfunction_analysis(print)_stream_zlib.pdf,print,11,44600,99316,3,
corrupted/print/text/smart_factory_robot_malfunction_analysis(print)_stream_zlib.pdf,print,12,20469,54776,1,
corrupted/print/text/smart_factory_robot_malfunction_analysis(print)_stream_zlib.pdf,print,13,3282,34273,1,
corrupted/print/text/smart_factory_robot_malfunction_analysis(print)_stream_zlib.pdf,print,14,12116,32012,1,
corrupted/print/text/smart_factory_robot_malfunction_analysis(print)_stream_zlib.pdf,print,15,45562,107680,3,
corrupted/print/text/smart_factory_robot_malfunction_analysis(print)_stream_zlib.pdf,print,16,2916,19773,1,
corrupted/print/text/smart_factory_robot_malfunction_analysis(print)_stream_zlib.pdf,print,17,8082,16544,1,
corrupted/print/text/smart_factory_robot_malfunction_analysis(print)_stream_zlib.pdf,print,18,491767,893928,22,
corrupted/print/text/smart_factory_robot_malfunction_analysis(print)_stream_zlib.pdf,print,19,178320,537536,9,
corrupted/print/text/smart_factory_robot_malfunction_analysis(print)_stream_zlib.pdf,print,20,2938,21365,1,
corrupted/print/text/smart_factory_robot_malfunction_analysis(print)_stream_zlib.pdf,print,21,38933,94156,2,
corrupted/print/text/smart_factory_robot_malfunction_analysis(print)_stream_zlib.pdf,print,22,27629,61328,2,
corrupted/print/text/smart_factory_robot_malfunction_analysis(print)_stream_zlib.pdf,print,23,3992,45241,1,
corrupted/print/text+img/global_agriculture_food_security_climate_impact(print)_stream_zlib.pdf,print,0,27097,65800,2,
corrupted/print/text+img/global_agriculture_food_security_climate_impact(print)_stream_zlib.pdf,print,1,12726,24720,1,
corrupted/print/text+img/global_agriculture_food_security_climate_impact(print)_stream_zlib.pdf,print,2,15884,38196,1,
corrupted/print/text+img/global_agriculture_food_security_climate_impact(print)_stream_zlib.pdf,print,3,111325,262604,6,
corrupted/print/text+img/global_agriculture_food_security_climate_impact(print)_stream_zlib.pdf,print,4,4214,33114,1,
corrupted/print/text+img/global_agriculture_food_security_climate_impact(print)_stream_zlib.pdf,print,5,46438,108916,3,
corrupted/print/text+img/global_agriculture_food_security_climate_impact(print)_stream_zlib.pdf,print,6,111328,268232,6,
corrupted/print/text+img/global_agriculture_food_security_climate_impact(print)_stream_zlib.pdf,print,7,42214,112979,2,
corrupted/print/text+img/global_agriculture_food_security_climate_impact(print)_stream_zlib.pdf,print,8,45413,95292,3,
corrupted/print/text+img/global_agriculture_food_security_climate_impact(print)_stream_zlib.pdf,print,9,18284,38628,1,
corrupted/print/text+img/global_agriculture_food_security_climate_impact(print)_stream_zlib.pdf,print,10,20152,53568,1,
corrupted/print/text+img/global_agriculture_food_security_climate_impact(print)_stream_zlib.pdf,print,12,10797,184943,1,
corrupted/print/text+img/global_agriculture_food_security_climate_impact(print)_stream_zlib.pdf,print,13,12238,32044,1,
corrupted/print/text+img/global_agriculture_food_security_climate_impact(print)_stream_zlib.pdf,print,14,8092,13728,1,
corrupted/print/text+img/global_agriculture_food_security_climate_impact(print)_stream_zlib.pdf,print,15,4521,34053,1,
corrupted/print/text+img/global_agriculture_food_security_climate_impact(print)_stream_zlib.pdf,print,16,10422,28312,1,
corrupted/print/text+img/global_agriculture_food_security_climate_impact(print)_stream_zlib.pdf,print,17,29359,55932,2,
corrupted/print/text+img/global_agriculture_food_security_climate_impact(print)_stream_zlib.pdf,print,18,4442,34522,1,
corrupted/print/text+img/global_agriculture_food_security_climate_impact(print)_stream_zlib.pdf,print,19,36132,85956,2,
corrupted/print/text+img/global_agriculture_food_security_climate_impact(print)_stream_zlib.pdf,print,20,27850,61772,2,
corrupted/print/text+img/global_agriculture_food_security_climate_impact(print)_stream_zlib.pdf,print,22,10268,176532,1,
corrupted/print/text+img/global_ai_technology_investment_and_industry_adoption(print)_stream_zlib.pdf,print,0,15067,37100,1,
corrupted/print/text+img/global_ai_technology_investment_and_industry_adoption(print)_stream_zlib.pdf,print,1,96384,230284,5,
corrupted/print/text+img/global_ai_technology_investment_and_industry_adoption(print)_stream_zlib.pdf,print,2,12005,19408,1,
corrupted/print/text+img/global_ai_technology_investment_and_industry_adoption(print)_stream_zlib.pdf,print,3,11673,23180,1,
corrupted/print/text+img/global_ai_technology_investment_and_industry_adoption(print)_stream_zlib.pdf,print,4,3682,27623,1,
corrupted/print/text+img/global_ai_technology_investment_and_industry_adoption(print)_stream_zlib.pdf,print,5,31310,74700,2,
corrupted/print/text+img/global_ai_technology_investment_and_industry_adoption(print)_stream_zlib.pdf,print,6,89150,166788,5,
corrupted/print/text+img/global_ai_technology_investment_and_industry_adoption(print)_stream_zlib.pdf,print,7,22844,76144,2,
corrupted/print/text+img/global_ai_technology_investment_and_industry_adoption(print)_stream_zlib.pdf,print,8,111328,268232,6,
corrupted/print/text+img/global_ai_technology_investment_and_industry_adoption(print)_stream_zlib.pdf,print,10,1867,8659,1,
corrupted/print/text+img/global_ai_technology_investment_and_industry_adoption(print)_stream_zlib.pdf,print,11,44702,93900,3,
corrupted/print/text+img/global_ai_technology_investment_and_industry_adoption(print)_stream_zlib.pdf,print,12,53123,136072,3,
corrupted/print/text+img/global_ai_technology_investment_and_industry_adoption(print)_stream_zlib.pdf,print,13,18018,46820,1,
corrupted/print/text+img/global_ai_technology_investment_and_industry_adoption(print)_stream_zlib.pdf,print,14,44315,107084,3,
corrupted/print/text+img/global_ai_technology_investment_and_industry_adoption(print)_stream_zlib.pdf,print,15,7716,82764,1,
corrupted/print/text+img/global_ai_technology_investment_and_industry_adoption(print)_stream_zlib.pdf,print,16,12154,32096,1,
corrupted/print/text+img/global_ai_technology_investment_and_industry_adoption(print)_stream_zlib.pdf,print,17,8005,13588,1,
corrupted/print/text+img/global_ai_technology_investment_and_industry_adoption(print)_stream_zlib.pdf,print,19,3467,23590,1,
corrupted/print/text+img/global_ai_technology_investment_and_industry_adoption(print)_stream_zlib.pdf,print,20,29596,56136,2,
corrupted/print/text+img/global_ai_technology_investment_and_industry_adoption(print)_stream_zlib.pdf,print,21,12352,31192,1,
corrupted/print/text+img/global_ai_technology_investment_and_industry_adoption(print)_stream_zlib.pdf,print,22,3547,24706,1,
corrupted/print/text+img/global_ai_technology_investment_and_industry_adoption(print)_stream_zlib.pdf,print,23,36090,84160,2,
corrupted/print/text+img/global_ai_technology_investment_and_industry_adoption(print)_stream_zlib.pdf,print,24,10486,22284,1,
corrupted/print/text+img/global_ai_technology_investment_and_industry_adoption(print)_stream_zlib.pdf,print,25,36817,79044,2,
corrupted/print/text+img/global_ai_technology_investment_and_industry_adoption(print)_stream_zlib.pdf,print,26,7209,83660,1,
corrupted/print/text+img/global_climate_change_indicators_and_ghg_emissions(print)_stream_zlib.pdf,print,0,6799,12004,1,
corrupted/print/text+img/global_climate_change_indicators_and_ghg_emissions(print)_stream_zlib.pdf,print,1,96384,230284,5,
corrupted/print/text+img/global_climate_change_indicators_and_ghg_emissions(print)_stream_zlib.pdf,print,2,31012,77768,2,
corrupted/print/text+img/global_climate_change_indicators_and_ghg_emissions(print)_stream_zlib.pdf,print,3,13045,25208,1,
corrupted/print/text+img/global_climate_change_indicators_and_ghg_emissions(print)_stream_zlib.pdf,print,4,111618,275776,6,
corrupted/print/text+img/global_climate_change_indicators_and_ghg_emissions(print)_stream_zlib.pdf,print,6,4035,28573,1,
corrupted/print/text+img/global_climate_change_indicators_and_ghg_emissions(print)_stream_zlib.pdf,print,7,5595,53360,1,
corrupted/print/text+img/global_climate_change_indicators_and_ghg_emissions(print)_stream_zlib.pdf,print,8,84752,152092,5,
corrupted/print/text+img/global_climate_change_indicators_and_ghg_emissions(print)_stream_zlib.pdf,print,9,76114,200745,3,
corrupted/print/text+img/global_climate_change_indicators_and_ghg_emissions(print)_stream_zlib.pdf,print,10,76062,200756,3,
corrupted/print/text+img/global_climate_change_indicators_and_ghg_emissions(print)_stream_zlib.pdf,print,11,77540,200735,3,
corrupted/print/text+img/global_climate_change_indicators_and_ghg_emissions(print)_stream_zlib.pdf,print,12,53556,140126,2,
corrupted/print/text+img/global_climate_change_indicators_and_ghg_emissions(print)_stream_zlib.pdf,print,13,41563,92876,3,
corrupted/print/text+img/global_climate_change_indicators_and_ghg_emissions(print)_stream_zlib.pdf,print,14,18048,37788,1,
corrupted/print/text+img/global_climate_change_indicators_and_ghg_emissions(print)_stream_zlib.pdf,print,15,19951,52408,1,
corrupted/print/text+img/global_climate_change_indicators_and_ghg_emissions(print)_stream_zlib.pdf,print,16,6841,71754,1,
corrupted/print/text+img/global_climate_change_indicators_and_ghg_emissions(print)_stream_zlib.pdf,print,17,50241,130376,3,
corrupted/print/text+img/global_climate_change_indicators_and_ghg_emissions(print)_stream_zlib.pdf,print,18,14609,36852,1,
corrupted/print/text+img/global_climate_change_indicators_and_ghg_emissions(print)_stream_zlib.pdf,print,19,7722,13124,1,
corrupted/print/text+img/global_climate_change_indicators_and_ghg_emissions(print)_stream_zlib.pdf,print,20,3902,27425,1,
corrupted/print/text+img/global_climate_change_indicators_and_ghg_emissions(print)_stream_zlib.pdf,print,21,26960,52520,2,
corrupted/print/text+img/global_climate_change_indicators_and_ghg_emissions(print)_stream_zlib.pdf,print,22,491411,893300,22,
corrupted/print/text+img/global_climate_change_indicators_and_ghg_emissions(print)_stream_zlib.pdf,print,23,7051,15464,1,
corrupted/print/text+img/global_climate_change_indicators_and_ghg_emissions(print)_stream_zlib.pdf,print,24,3971,28195,1,
corrupted/print/text+img/global_climate_change_indicators_and_ghg_emissions(print)_stream_zlib.pdf,print,25,26513,65828,2,
corrupted/print/text+img/global_climate_change_indicators_and_ghg_emissions(print)_stream_zlib.pdf,print,26,45112,124968,3,
corrupted/print/text+img/global_climate_change_indicators_and_ghg_emissions(print)_stream_zlib.pdf,print,27,10774,23544,1,
corrupted/print/text+img/global_climate_change_indicators_and_ghg_emissions(print)_stream_zlib.pdf,print,29,7320,82214,1,
corrupted/print/text+img/global_esports_and_gaming_industry_growth(print)_stream_zlib.pdf,print,0,96384,230284,5,
corrupted/print/text+img/global_esports_and_gaming_industry_growth(print)_stream_zlib.pdf,print,1,10794,17728,1,
corrupted/print/text+img/global_esports_and_gaming_industry_growth(print)_stream_zlib.pdf,print,2,111360,275428,6,
corrupted/print/text+img/global_esports_and_gaming_industry_growth(print)_stream_zlib.pdf,print,3,16533,39016,1,
corrupted/print/text+img/global_esports_and_gaming_industry_growth(print)_stream_zlib.pdf,print,4,18852,72962,1,
corrupted/print/text+img/global_esports_and_gaming_industry_growth(print)_stream_zlib.pdf,print,5,85467,153488,5,
corrupted/print/text+img/global_esports_and_gaming_industry_growth(print)_stream_zlib.pdf,print,6,75838,145440,4,
corrupted/print/text+img/global_esports_and_gaming_industry_growth(print)_stream_zlib.pdf,print,8,31519,84217,2,
corrupted/print/text+img/global_esports_and_gaming_industry_growth(print)_stream_zlib.pdf,print,9,16078,36052,1,
corrupted/print/text+img/global_esports_and_gaming_industry_growth(print)_stream_zlib.pdf,print,10,33126,102880,2,
corrupted/print/text+img/global_esports_and_gaming_industry_growth(print)_stream_zlib.pdf,print,11,45129,109324,3,
corrupted/print/text+img/global_esports_and_gaming_industry_growth(print)_stream_zlib.pdf,print,12,12453,211148,1,
corrupted/print/text+img/global_esports_and_gaming_industry_growth(print)_stream_zlib.pdf,print,14,7146,75846,1,
corrupted/print/text+img/global_esports_and_gaming_industry_growth(print)_stream_zlib.pdf,print,15,16913,41196,1,
corrupted/print/text+img/global_esports_and_gaming_industry_growth(print)_stream_zlib.pdf,print,16,44119,104212,3,
corrupted/print/text+img/global_esports_and_gaming_industry_growth(print)_stream_zlib.pdf,print,17,14356,36060,1,
corrupted/print/text+img/global_esports_and_gaming_industry_growth(print)_stream_zlib.pdf,print,18,3937,26979,1,
corrupted/print/text+img/global_esports_and_gaming_industry_growth(print)_stream_zlib.pdf,print,19,26428,51696,2,
corrupted/print/text+img/global_esports_and_gaming_industry_growth(print)_stream_zlib.pdf,print,20,489099,890936,22,
corrupted/print/text+img/global_esports_and_gaming_industry_growth(print)_stream_zlib.pdf,print,21,12372,31164,1,
corrupted/print/text+img/global_esports_and_gaming_industry_growth(print)_stream_zlib.pdf,print,22,3890,27143,1,
corrupted/print/text+img/global_esports_and_gaming_industry_growth(print)_stream_zlib.pdf,print,23,19385,44988,1,
corrupted/print/text+img/global_esports_and_gaming_industry_growth(print)_stream_zlib.pdf,print,24,10723,23116,1,
corrupted/print/text+img/global_esports_and_gaming_industry_growth(print)_stream_zlib.pdf,print,25,38958,83108,2,
corrupted/print/text+img/global_esports_and_gaming_industry_growth(print)_stream_zlib.pdf,print,26,7741,87767,1,
corrupted/print/text+img/global_ev_market_growth_statistics(print)_stream_zlib.pdf,print,0,9917,19020,1,
corrupted/print/text+img/global_ev_market_growth_statistics(print)_stream_zlib.pdf,print,1,96384,230284,5,
corrupted/print/text+img/global_ev_market_growth_statistics(print)_stream_zlib.pdf,print,2,33917,83304,2,
corrupted/print/text+img/global_ev_market_growth_statistics(print)_stream_zlib.pdf,print,3,17327,39964,1,
corrupted/print/text+img/global_ev_market_growth_statistics(print)_stream_zlib.pdf,print,4,111328,268232,6,
corrupted/print/text+img/global_ev_market_growth_statistics(print)_stream_zlib.pdf,print,6,3507,21007,1,
corrupted/print/text+img/global_ev_market_growth_statistics(print)_stream_zlib.pdf,print,7,12304,47504,1,
corrupted/print/text+img/global_ev_market_growth_statistics(print)_stream_zlib.pdf,print,8,75799,200715,3,
corrupted/print/text+img/global_ev_market_growth_statistics(print)_stream_zlib.pdf,print,9,76246,200724,3,
corrupted/print/text+img/global_ev_market_growth_statistics(print)_stream_zlib.pdf,print,10,75712,200767,3,
corrupted/print/text+img/global_ev_market_growth_statistics(print)_stream_zlib.pdf,print,11,75281,200761,3,
corrupted/print/text+img/global_ev_market_growth_statistics(print)_stream_zlib.pdf,print,12,76175,200733,3,
corrupted/print/text+img/global_ev_market_growth_statistics(print)_stream_zlib.pdf,print,13,33298,107644,2,
corrupted/print/text+img/global_ev_market_growth_statistics(print)_stream_zlib.pdf,print,14,45274,118716,2,
corrupted/print/text+img/global_ev_market_growth_statistics(print)_stream_zlib.pdf,print,15,31747,81872,2,
corrupted/print/text+img/global_ev_market_growth_statistics(print)_stream_zlib.pdf,print,16,28930,66340,2,
corrupted/print/text+img/global_ev_market_growth_statistics(print)_stream_zlib.pdf,print,17,57635,121228,3,
corrupted/print/text+img/global_ev_market_growth_statistics(print)_stream_zlib.pdf,print,18,5573,59628,1,
corrupted/print/text+img/global_ev_market_growth_statistics(print)_stream_zlib.pdf,print,19,6990,12164,1,
corrupted/print/text+img/global_ev_market_growth_statistics(print)_stream_zlib.pdf,print,20,19488,44716,1,
corrupted/print/text+img/global_ev_market_growth_statistics(print)_stream_zlib.pdf,print,21,52685,135360,3,
corrupted/print/text+img/global_ev_market_growth_statistics(print)_stream_zlib.pdf,print,22,2964,20512,1,
corrupted/print/text+img/global_ev_market_growth_statistics(print)_stream_zlib.pdf,print,23,10212,27992,1,
corrupted/print/text+img/global_ev_market_growth_statistics(print)_stream_zlib.pdf,print,24,9946,19812,1,
corrupted/print/text+img/global_ev_market_growth_statistics(print)_stream_zlib.pdf,print,25,29387,56048,2,
corrupted/print/text+img/global_ev_market_growth_statistics(print)_stream_zlib.pdf,print,26,3076,20980,1,
corrupted/print/text+img/global_ev_market_growth_statistics(print)_stream_zlib.pdf,print,27,28178,61752,2,
corrupted/print/text+img/global_ev_market_growth_statistics(print)_stream_zlib.pdf,print,28,33730,80724,2,
corrupted/print/text+img/global_ev_market_growth_statistics(print)_stream_zlib.pdf,print,29,42552,105416,3,
corrupted/print/text+img/global_ev_market_growth_statistics(print)_stream_zlib.pdf,print,31,6219,72567,1,
corrupted/print/text+img/global_healthcare_digital_health_patient_data_trends(print)_stream_zlib.pdf,print,0,15272,37340,1,
corrupted/print/text+img/global_healthcare_digital_health_patient_data_trends(print)_stream_zlib.pdf,print,1,96384,230284,5,
corrupted/print/text+img/global_healthcare_digital_health_patient_data_trends(print)_stream_zlib.pdf,print,2,49431,200765,2,
corrupted/print/text+img/global_healthcare_digital_health_patient_data_trends(print)_stream_zlib.pdf,print,3,65868,342172,4,
corrupted/print/text+img/global_healthcare_digital_health_patient_data_trends(print)_stream_zlib.pdf,print,4,50857,200722,2,
corrupted/print/text+img/global_healthcare_digital_health_patient_data_trends(print)_stream_zlib.pdf,print,5,49223,200770,2,
corrupted/print/text+img/global_healthcare_digital_health_patient_data_trends(print)_stream_zlib.pdf,print,6,50841,200708,2,
corrupted/print/text+img/global_healthcare_digital_health_patient_data_trends(print)_stream_zlib.pdf,print,7,49665,200724,2,
corrupted/print/text+img/global_healthcare_digital_health_patient_data_trends(print)_stream_zlib.pdf,print,8,50625,200740,2,
corrupted/print/text+img/global_healthcare_digital_health_patient_data_trends(print)_stream_zlib.pdf,print,9,49082,200765,2,
corrupted/print/text+img/global_healthcare_digital_health_patient_data_trends(print)_stream_zlib.pdf,print,10,51152,200752,2,
corrupted/print/text+img/global_healthcare_digital_health_patient_data_trends(print)_stream_zlib.pdf,print,12,34176,134960,2,
corrupted/print/text+img/global_healthcare_digital_health_patient_data_trends(print)_stream_zlib.pdf,print,13,6591,389344,1,
corrupted/print/text+img/global_healthcare_digital_health_patient_data_trends(print)_stream_zlib.pdf,print,14,41363,352592,2,
corrupted/print/text+img/global_healthcare_digital_health_patient_data_trends(print)_stream_zlib.pdf,print,15,13302,457564,1,
corrupted/print/text+img/global_healthcare_digital_health_patient_data_trends(print)_stream_zlib.pdf,print,16,50659,136244,3,
corrupted/print/text+img/global_healthcare_digital_health_patient_data_trends(print)_stream_zlib.pdf,print,17,74688,200716,3,
corrupted/print/text+img/global_healthcare_digital_health_patient_data_trends(print)_stream_zlib.pdf,print,18,76469,200738,3,
corrupted/print/text+img/global_healthcare_digital_health_patient_data_trends(print)_stream_zlib.pdf,print,19,75670,200712,3,
corrupted/print/text+img/global_healthcare_digital_health_patient_data_trends(print)_stream_zlib.pdf,print,20,75908,200760,3,
corrupted/print/text+img/global_healthcare_digital_health_patient_data_trends(print)_stream_zlib.pdf,print,21,48146,126760,2,
corrupted/print/text+img/global_healthcare_digital_health_patient_data_trends(print)_stream_zlib.pdf,print,22,17907,40600,1,
corrupted/print/text+img/global_healthcare_digital_health_patient_data_trends(print)_stream_zlib.pdf,print,23,59639,125416,3,
corrupted/print/text+img/global_healthcare_digital_health_patient_data_trends(print)_stream_zlib.pdf,print,24,20232,43768,1,
corrupted/print/text+img/global_healthcare_digital_health_patient_data_trends(print)_stream_zlib.pdf,print,25,7960,84245,1,
corrupted/print/text+img/global_healthcare_digital_health_patient_data_trends(print)_stream_zlib.pdf,print,26,16852,41064,1,
corrupted/print/text+img/global_healthcare_digital_health_patient_data_trends(print)_stream_zlib.pdf,print,27,45471,107252,3,
corrupted/print/text+img/global_healthcare_digital_health_patient_data_trends(print)_stream_zlib.pdf,print,28,6114,13888,1,
corrupted/print/text+img/global_healthcare_digital_health_patient_data_trends(print)_stream_zlib.pdf,print,30,4408,41560,1,
corrupted/print/text+img/global_healthcare_digital_health_patient_data_trends(print)_stream_zlib.pdf,print,31,12971,31968,1,
corrupted/print/text+img/global_healthcare_digital_health_patient_data_trends(print)_stream_zlib.pdf,print,32,111378,275468,6,
corrupted/print/text+img/global_healthcare_digital_health_patient_data_trends(print)_stream_zlib.pdf,print,33,3841,29283,1,
corrupted/print/text+img/global_healthcare_digital_health_patient_data_trends(print)_stream_zlib.pdf,print,34,27186,59748,2,
corrupted/print/text+img/global_healthcare_digital_health_patient_data_trends(print)_stream_zlib.pdf,print,35,37759,85956,2,
corrupted/print/text+img/global_healthcare_digital_health_patient_data_trends(print)_stream_zlib.pdf,print,36,8616,104012,1,
corrupted/print/text+img/global_renewable_energy_generation_and_carbon_reduction_analysis(print)_stream_zlib.pdf,print,0,7020,12300,1,
corrupted/print/text+img/global_renewable_energy_generation_and_carbon_reduction_analysis(print)_stream_zlib.pdf,print,1,60506,200728,3,
corrupted/print/text+img/global_renewable_energy_generation_and_carbon_reduction_analysis(print)_stream_zlib.pdf,print,2,62686,200762,3,
corrupted/print/text+img/global_renewable_energy_generation_and_carbon_reduction_analysis(print)_stream_zlib.pdf,print,3,62059,200732,3,
corrupted/print/text+img/global_renewable_energy_generation_and_carbon_reduction_analysis(print)_stream_zlib.pdf,print,4,16815,39340,1,
corrupted/print/text+img/global_renewable_energy_generation_and_carbon_reduction_analysis(print)_stream_zlib.pdf,print,5,111592,268580,6,
corrupted/print/text+img/global_renewable_energy_generation_and_carbon_reduction_analysis(print)_stream_zlib.pdf,print,6,60155,200717,3,
corrupted/print/text+img/global_renewable_energy_generation_and_carbon_reduction_analysis(print)_stream_zlib.pdf,print,7,10,2,1,6
corrupted/print/text+img/global_renewable_energy_generation_and_carbon_reduction_analysis(print)_stream_zlib.pdf,print,8,6257,54112,1,
corrupted/print/text+img/global_renewable_energy_generation_and_carbon_reduction_analysis(print)_stream_zlib.pdf,print,9,40689,118456,3,
corrupted/print/text+img/global_renewable_energy_generation_and_carbon_reduction_analysis(print)_stream_zlib.pdf,print,10,67434,127144,4,
corrupted/print/text+img/global_renewable_energy_generation_and_carbon_reduction_analysis(print)_stream_zlib.pdf,print,11,96384,230284,5,
corrupted/print/text+img/global_renewable_energy_generation_and_carbon_reduction_analysis(print)_stream_zlib.pdf,print,12,1632,8185,1,
corrupted/print/text+img/global_renewable_energy_generation_and_carbon_reduction_analysis(print)_stream_zlib.pdf,print,13,15102,41124,1,
corrupted/print/text+img/global_renewable_energy_generation_and_carbon_reduction_analysis(print)_stream_zlib.pdf,print,14,16866,36140,1,
corrupted/print/text+img/global_renewable_energy_generation_and_carbon_reduction_analysis(print)_stream_zlib.pdf,print,15,55137,121524,3,
corrupted/print/text+img/global_renewable_energy_generation_and_carbon_reduction_analysis(print)_stream_zlib.pdf,print,17,5975,64950,1,
corrupted/print/text+img/global_renewable_energy_generation_and_carbon_reduction_analysis(print)_stream_zlib.pdf,print,18,12317,32252,1,
corrupted/print/text+img/global_renewable_energy_generation_and_carbon_reduction_analysis(print)_stream_zlib.pdf,print,19,44954,106048,3,
corrupted/print/text+img/global_renewable_energy_generation_and_carbon_reduction_analysis(print)_stream_zlib.pdf,print,20,53539,136668,3,
corrupted/print/text+img/global_renewable_energy_generation_and_carbon_reduction_analysis(print)_stream_zlib.pdf,print,21,3545,23203,1,
corrupted/print/text+img/global_renewable_energy_generation_and_carbon_reduction_analysis(print)_stream_zlib.pdf,print,22,5617,13132,1,
corrupted/print/text+img/global_renewable_energy_generation_and_carbon_reduction_analysis(print)_stream_zlib.pdf,print,23,491207,893208,22,
corrupted/print/text+img/global_renewable_energy_generation_and_carbon_reduction_analysis(print)_stream_zlib.pdf,print,24,29545,56320,2,
corrupted/print/text+img/global_renewable_energy_generation_and_carbon_reduction_analysis(print)_stream_zlib.pdf,print,26,3875,26964,1,
corrupted/print/text+img/global_renewable_energy_generation_and_carbon_reduction_analysis(print)_stream_zlib.pdf,print,27,7890,16232,1,
corrupted/print/text+img/global_renewable_energy_generation_and_carbon_reduction_analysis(print)_stream_zlib.pdf,print,28,27704,61588,2,
corrupted/print/text+img/global_renewable_energy_generation_and_carbon_reduction_analysis(print)_stream_zlib.pdf,print,29,43628,109632,3,
corrupted/print/text+img/global_renewable_energy_generation_and_carbon_reduction_analysis(print)_stream_zlib.pdf,print,30,7084,86072,1,
corrupted/print/text+img/international_tourism_trends_country_spending_patterns_multilang(print)_stream_zlib.pdf,print,0,27188,66212,2,
corrupted/print/text+img/international_tourism_trends_country_spending_patterns_multilang(print)_stream_zlib.pdf,print,1,96384,230284,5,
corrupted/print/text+img/international_tourism_trends_country_spending_patterns_multilang(print)_stream_zlib.pdf,print,2,17320,39944,1,
corrupted/print/text+img/international_tourism_trends_country_spending_patterns_multilang(print)_stream_zlib.pdf,print,3,9552,16072,1,
corrupted/print/text+img/international_tourism_trends_country_spending_patterns_multilang(print)_stream_zlib.pdf,print,4,3729,24866,1,
corrupted/print/text+img/international_tourism_trends_country_spending_patterns_multilang(print)_stream_zlib.pdf,print,5,31091,74380,2,
corrupted/print/text+img/international_tourism_trends_country_spending_patterns_multilang(print)_stream_zlib.pdf,print,6,53148,138860,3,
corrupted/print/text+img/international_tourism_trends_country_spending_patterns_multilang(print)_stream_zlib.pdf,print,7,16304,67496,1,
corrupted/print/text+img/international_tourism_trends_country_spending_patterns_multilang(print)_stream_zlib.pdf,print,9,1810,8910,1,
corrupted/print/text+img/international_tourism_trends_country_spending_patterns_multilang(print)_stream_zlib.pdf,print,10,12295,28008,1,
corrupted/print/text+img/international_tourism_trends_country_spending_patterns_multilang(print)_stream_zlib.pdf,print,11,21329,56192,1,
corrupted/print/text+img/international_tourism_trends_country_spending_patterns_multilang(print)_stream_zlib.pdf,print,12,42919,104484,3,
corrupted/print/text+img/international_tourism_trends_country_spending_patterns_multilang(print)_stream_zlib.pdf,print,13,7441,83372,1,
corrupted/print/text+img/international_tourism_trends_country_spending_patterns_multilang(print)_stream_zlib.pdf,print,14,41214,98208,2,
corrupted/print/text+img/international_tourism_trends_country_spending_patterns_multilang(print)_stream_zlib.pdf,print,15,19501,44672,1,
corrupted/print/text+img/international_tourism_trends_country_spending_patterns_multilang(print)_stream_zlib.pdf,print,16,53215,136348,3,
corrupted/print/text+img/international_tourism_trends_country_spending_patterns_multilang(print)_stream_zlib.pdf,print,17,3832,28670,1,
corrupted/print/text+img/international_tourism_trends_country_spending_patterns_multilang(print)_stream_zlib.pdf,print,18,9905,27580,1,
corrupted/print/text+img/international_tourism_trends_country_spending_patterns_multilang(print)_stream_zlib.pdf,print,19,29974,57088,2,
corrupted/print/text+img/international_tourism_trends_country_spending_patterns_multilang(print)_stream_zlib.pdf,print,20,488974,890868,22,
corrupted/print/text+img/international_tourism_trends_country_spending_patterns_multilang(print)_stream_zlib.pdf,print,22,4206,30588,1,
corrupted/print/text+img/international_tourism_trends_country_spending_patterns_multilang(print)_stream_zlib.pdf,print,23,33811,73452,2,
corrupted/print/text+img/international_tourism_trends_country_spending_patterns_multilang(print)_stream_zlib.pdf,print,24,11176,23836,1,
corrupted/print/text+img/international_tourism_trends_country_spending_patterns_multilang(print)_stream_zlib.pdf,print,25,36120,77620,2,
corrupted/print/text+img/international_tourism_trends_country_spending_patterns_multilang(print)_stream_zlib.pdf,print,26,7703,87468,1,
corrupted/print/text+img/mobile_payment_and_fintech_service_expansion(print)_stream_zlib.pdf,print,0,14924,36944,1,
corrupted/print/text+img/mobile_payment_and_fintech_service_expansion(print)_stream_zlib.pdf,print,1,96384,230284,5,
corrupted/print/text+img/mobile_payment_and_fintech_service_expansion(print)_stream_zlib.pdf,print,2,61137,200757,3,
corrupted/print/text+img/mobile_payment_and_fintech_service_expansion(print)_stream_zlib.pdf,print,3,62468,200746,3,
corrupted/print/text+img/mobile_payment_and_fintech_service_expansion(print)_stream_zlib.pdf,print,4,61394,200720,3,
corrupted/print/text+img/mobile_payment_and_fintech_service_expansion(print)_stream_zlib.pdf,print,5,60115,200749,3,
corrupted/print/text+img/mobile_payment_and_fintech_service_expansion(print)_stream_zlib.pdf,print,6,30785,76964,2,
corrupted/print/text+img/mobile_payment_and_fintech_service_expansion(print)_stream_zlib.pdf,print,7,47329,157621,2,
corrupted/print/text+img/mobile_payment_and_fintech_service_expansion(print)_stream_zlib.pdf,print,8,31275,74632,2,
corrupted/print/text+img/mobile_payment_and_fintech_service_expansion(print)_stream_zlib.pdf,print,9,41864,120308,3,
corrupted/print/text+img/mobile_payment_and_fintech_service_expansion(print)_stream_zlib.pdf,print,10,86428,161608,5,
corrupted/print/text+img/mobile_payment_and_fintech_service_expansion(print)_stream_zlib.pdf,print,11,111378,275468,6,
corrupted/print/text+img/mobile_payment_and_fintech_service_expansion(print)_stream_zlib.pdf,print,12,1869,9476,1,
corrupted/print/text+img/mobile_payment_and_fintech_service_expansion(print)_stream_zlib.pdf,print,13,30235,79160,2,
corrupted/print/text+img/mobile_payment_and_fintech_service_expansion(print)_stream_zlib.pdf,print,14,17721,37532,1,
corrupted/print/text+img/mobile_payment_and_fintech_service_expansion(print)_stream_zlib.pdf,print,15,20983,56696,1,
corrupted/print/text+img/mobile_payment_and_fintech_service_expansion(print)_stream_zlib.pdf,print,16,7174,75400,1,
corrupted/print/text+img/mobile_payment_and_fintech_service_expansion(print)_stream_zlib.pdf,print,17,42016,100168,2,
corrupted/print/text+img/mobile_payment_and_fintech_service_expansion(print)_stream_zlib.pdf,print,18,7865,13316,1,
corrupted/print/text+img/mobile_payment_and_fintech_service_expansion(print)_stream_zlib.pdf,print,19,18313,43012,1,
corrupted/print/text+img/mobile_payment_and_fintech_service_expansion(print)_stream_zlib.pdf,print,20,3895,28615,1,
corrupted/print/text+img/mobile_payment_and_fintech_service_expansion(print)_stream_zlib.pdf,print,21,7437,15308,1,
corrupted/print/text+img/mobile_payment_and_fintech_service_expansion(print)_stream_zlib.pdf,print,22,8174,17376,1,
corrupted/print/text+img/mobile_payment_and_fintech_service_expansion(print)_stream_zlib.pdf,print,23,11837,30424,1,
corrupted/print/text+img/mobile_payment_and_fintech_service_expansion(print)_stream_zlib.pdf,print,25,3742,25831,1,
corrupted/print/text+img/mobile_payment_and_fintech_service_expansion(print)_stream_zlib.pdf,print,26,33787,73468,2,
corrupted/print/text+img/mobile_payment_and_fintech_service_expansion(print)_stream_zlib.pdf,print,27,27320,60836,2,
corrupted/print/text+img/mobile_payment_and_fintech_service_expansion(print)_stream_zlib.pdf,print,28,11261,23900,1,
corrupted/print/text+img/mobile_payment_and_fintech_service_expansion(print)_stream_zlib.pdf,print,30,7518,85722,1,
corrupted/print/text+img/online_education_elearning_market_growth_analysis(print)_stream_zlib.pdf,print,0,7202,12536,1,
corrupted/print/text+img/online_education_elearning_market_growth_analysis(print)_stream_zlib.pdf,print,1,33724,83104,2,
corrupted/print/text+img/online_education_elearning_market_growth_analysis(print)_stream_zlib.pdf,print,3,3325,22376,1,
corrupted/print/text+img/online_education_elearning_market_growth_analysis(print)_stream_zlib.pdf,print,4,32473,76180,2,
corrupted/print/text+img/online_education_elearning_market_growth_analysis(print)_stream_zlib.pdf,print,5,96384,230284,5,
corrupted/print/text+img/online_education_elearning_market_growth_analysis(print)_stream_zlib.pdf,print,6,77488,200755,3,
corrupted/print/text+img/online_education_elearning_market_growth_analysis(print)_stream_zlib.pdf,print,7,76259,200751,3,
corrupted/print/text+img/online_education_elearning_market_growth_analysis(print)_stream_zlib.pdf,print,8,76807,200759,3,
corrupted/print/text+img/online_education_elearning_market_growth_analysis(print)_stream_zlib.pdf,print,9,77083,200732,3,
corrupted/print/text+img/online_education_elearning_market_growth_analysis(print)_stream_zlib.pdf,print,10,77521,200719,3,
corrupted/print/text+img/online_education_elearning_market_growth_analysis(print)_stream_zlib.pdf,print,11,77249,200750,3,
corrupted/print/text+img/online_education_elearning_market_growth_analysis(print)_stream_zlib.pdf,print,12,77033,200760,3,
corrupted/print/text+img/online_education_elearning_market_growth_analysis(print)_stream_zlib.pdf,print,13,77271,200721,3,
corrupted/print/text+img/online_education_elearning_market_growth_analysis(print)_stream_zlib.pdf,print,14,76975,200764,3,
corrupted/print/text+img/online_education_elearning_market_growth_analysis(print)_stream_zlib.pdf,print,15,77557,200713,3,
corrupted/print/text+img/online_education_elearning_market_growth_analysis(print)_stream_zlib.pdf,print,16,77806,200729,3,
corrupted/print/text+img/online_education_elearning_market_growth_analysis(print)_stream_zlib.pdf,print,17,111328,268232,6,
corrupted/print/text+img/online_education_elearning_market_growth_analysis(print)_stream_zlib.pdf,print,19,25392,63885,1,
corrupted/print/text+img/online_education_elearning_market_growth_analysis(print)_stream_zlib.pdf,print,20,44905,92960,3,
corrupted/print/text+img/online_education_elearning_market_growth_analysis(print)_stream_zlib.pdf,print,21,45788,110312,3,
corrupted/print/text+img/online_education_elearning_market_growth_analysis(print)_stream_zlib.pdf,print,22,8326,91730,1,
corrupted/print/text+img/online_education_elearning_market_growth_analysis(print)_stream_zlib.pdf,print,23,16222,40352,1,
corrupted/print/text+img/online_education_elearning_market_growth_analysis(print)_stream_zlib.pdf,print,24,45212,106712,3,
corrupted/print/text+img/online_education_elearning_market_growth_analysis(print)_stream_zlib.pdf,print,25,3685,27530,1,
corrupted/print/text+img/online_education_elearning_market_growth_analysis(print)_stream_zlib.pdf,print,26,7607,15532,1,
corrupted/print/text+img/online_education_elearning_market_growth_analysis(print)_stream_zlib.pdf,print,27,490864,892752,22,
corrupted/print/text+img/online_education_elearning_market_growth_analysis(print)_stream_zlib.pdf,print,28,4085,33465,1,
corrupted/print/text+img/online_education_elearning_market_growth_analysis(print)_stream_zlib.pdf,print,29,20175,46136,1,
corrupted/print/text+img/online_education_elearning_market_growth_analysis(print)_stream_zlib.pdf,print,30,39742,84848,2,
corrupted/print/text+img/online_education_elearning_market_growth_analysis(print)_stream_zlib.pdf,print,31,8464,108809,1,
corrupted/saveas/text/AI_Development_MultiLanguage(saveas)_stream_zlib.pdf,saveas,0,2874,11519,1,6
corrupted/saveas/text/AI_Development_MultiLanguage(saveas)_stream_zlib.pdf,saveas,1,2966,22489,1,6
corrupted/saveas/text/AI_Development_MultiLanguage(saveas)_stream_zlib.pdf,saveas,2,7959,86076,1,
corrupted/saveas/text/AI_Development_MultiLanguage(saveas)_stream_zlib.pdf,saveas,3,2677,10620,1,6
corrupted/saveas/text/AI_Development_MultiLanguage(saveas)_stream_zlib.pdf,saveas,4,3197,13721,1,6
corrupted/saveas/text/AI_Development_MultiLanguage(saveas)_stream_zlib.pdf,saveas,5,6505,73554,1,6
corrupted/saveas/text/AI_Development_MultiLanguage(saveas)_stream_zlib.pdf,saveas,6,4631,39879,1,6
corrupted/saveas/text/AI_Development_MultiLanguage(saveas)_stream_zlib.pdf,saveas,7,5632,43841,1,
corrupted/saveas/text/AI_Development_MultiLanguage(saveas)_stream_zlib.pdf,saveas,8,4852,30517,1,6
corrupted/saveas/text/AI_Development_MultiLanguage(saveas)_stream_zlib.pdf,saveas,9,338,668,1,6
corrupted/saveas/text/AI_Development_MultiLanguage(saveas)_stream_zlib.pdf,saveas,10,9536,19584,2,
corrupted/saveas/text/AI_Development_MultiLanguage(saveas)_stream_zlib.pdf,saveas,11,25892,81056,3,
corrupted/saveas/text/AI_Development_MultiLanguage(saveas)_stream_zlib.pdf,saveas,12,343,675,1,6
corrupted/saveas/text/AI_Development_MultiLanguage(saveas)_stream_zlib.pdf,saveas,13,10824,34924,2,
corrupted/saveas/text/AI_Development_MultiLanguage(saveas)_stream_zlib.pdf,saveas,14,4584,11376,1,
corrupted/saveas/text/AI_Development_MultiLanguage(saveas)_stream_zlib.pdf,saveas,15,345,590,1,6
corrupted/saveas/text/AI_Development_MultiLanguage(saveas)_stream_zlib.pdf,saveas,16,11137,45628,2,
corrupted/saveas/text/AI_Development_MultiLanguage(saveas)_stream_zlib.pdf,saveas,17,983,2390,1,6
corrupted/saveas/text/AI_Development_MultiLanguage(saveas)_stream_zlib.pdf,saveas,18,41324,130152,4,
corrupted/saveas/text/AI_Development_MultiLanguage(saveas)_stream_zlib.pdf,saveas,19,1195,2951,1,6
corrupted/saveas/text/AI_Development_MultiLanguage(saveas)_stream_zlib.pdf,saveas,20,39150,108008,5,
corrupted/saveas/text/AI_Development_MultiLanguage(saveas)_stream_zlib.pdf,saveas,21,1902,110100,1,
corrupted/saveas/text/AI_Development_MultiLanguage(saveas)_stream_zlib.pdf,saveas,22,381,771,1,6
corrupted/saveas/text/AI_Development_MultiLanguage(saveas)_stream_zlib.pdf,saveas,23,14355,45868,2,
corrupted/saveas/text/AI_Development_MultiLanguage(saveas)_stream_zlib.pdf,saveas,24,665,1888,1,6
corrupted/saveas/text/AI_Development_MultiLanguage(saveas)_stream_zlib.pdf,saveas,25,18325,41076,2,
corrupted/saveas/text/AI_Development_MultiLanguage(saveas)_stream_zlib.pdf,saveas,26,695,1964,1,6
corrupted/saveas/text/AI_Development_MultiLanguage(saveas)_stream_zlib.pdf,saveas,27,25233,53100,3,
corrupted/saveas/text/AI_Development_MultiLanguage(saveas)_stream_zlib.pdf,saveas,28,2560,4992,1,6
corrupted/saveas/text/AI_Development_MultiLanguage(saveas)_stream_zlib.pdf,saveas,29,7496,16728,1,
corrupted/saveas/text/AI_Development_MultiLanguage(saveas)_stream_zlib.pdf,saveas,30,9130,35544,1,
corrupted/saveas/text/AI_Development_MultiLanguage(saveas)_stream_zlib.pdf,saveas,31,317,612,1,6
corrupted/saveas/text/AI_Development_MultiLanguage(saveas)_stream_zlib.pdf,saveas,32,3329,8104,1,6
corrupted/saveas/text/AI_Development_MultiLanguage(saveas)_stream_zlib.pdf,saveas,33,430,973,1,6
corrupted/saveas/text/AI_Development_MultiLanguage(saveas)_stream_zlib.pdf,saveas,34,7320,15360,1,6
corrupted/saveas/text/AI_Development_MultiLanguage(saveas)_stream_zlib.pdf,saveas,35,443,1082,1,6
corrupted/saveas/text/AI_Development_MultiLanguage(saveas)_stream_zlib.pdf,saveas,36,4323,9776,1,6
corrupted/saveas/text/AI_Development_MultiLanguage(saveas)_stream_zlib.pdf,saveas,37,375,773,1,6
corrupted/saveas/text/AI_Development_MultiLanguage(saveas)_stream_zlib.pdf,saveas,38,12730,30764,2,
corrupted/saveas/text/AI_Development_MultiLanguage(saveas)_stream_zlib.pdf,saveas,39,639,1954,1,6
corrupted/saveas/text/AI_Development_MultiLanguage(saveas)_stream_zlib.pdf,saveas,40,18190,40892,2,
corrupted/saveas/text/AI_Development_MultiLanguage(saveas)_stream_zlib.pdf,saveas,41,652,1886,1,6
corrupted/saveas/text/AI_Development_MultiLanguage(saveas)_stream_zlib.pdf,saveas,42,14815,52136,2,
corrupted/saveas/text/AI_Development_MultiLanguage(saveas)_stream_zlib.pdf,saveas,44,2839,9912,1,
corrupted/saveas/text/AeroChef_Drone_Delivery_Cooking_Service(saveas)_stream_zlib.pdf,saveas,0,3251,20746,1,6
corrupted/saveas/text/AeroChef_Drone_Delivery_Cooking_Service(saveas)_stream_zlib.pdf,saveas,1,2473,15116,1,
corrupted/saveas/text/AeroChef_Drone_Delivery_Cooking_Service(saveas)_stream_zlib.pdf,saveas,2,6426,61966,1,6
corrupted/saveas/text/AeroChef_Drone_Delivery_Cooking_Service(saveas)_stream_zlib.pdf,saveas,3,2913,16894,1,6
corrupted/saveas/text/AeroChef_Drone_Delivery_Cooking_Service(saveas)_stream_zlib.pdf,saveas,4,3431,18915,1,6
corrupted/saveas/text/AeroChef_Drone_Delivery_Cooking_Service(saveas)_stream_zlib.pdf,saveas,5,5944,60963,1,6
corrupted/saveas/text/AeroChef_Drone_Delivery_Cooking_Service(saveas)_stream_zlib.pdf,saveas,6,6082,40616,1,
corrupted/saveas/text/AeroChef_Drone_Delivery_Cooking_Service(saveas)_stream_zlib.pdf,saveas,7,5963,39765,1,
corrupted/saveas/text/AeroChef_Drone_Delivery_Cooking_Service(saveas)_stream_zlib.pdf,saveas,8,5298,28842,1,
corrupted/saveas/text/AeroChef_Drone_Delivery_Cooking_Service(saveas)_stream_zlib.pdf,saveas,9,3652,10208,1,
corrupted/saveas/text/AeroChef_Drone_Delivery_Cooking_Service(saveas)_stream_zlib.pdf,saveas,10,10503,20972,2,
corrupted/saveas/text/AeroChef_Drone_Delivery_Cooking_Service(saveas)_stream_zlib.pdf,saveas,11,226,337,1,6
corrupted/saveas/text/AeroChef_Drone_Delivery_Cooking_Service(saveas)_stream_zlib.pdf,saveas,12,6033,11088,1,6
corrupted/saveas/text/AeroChef_Drone_Delivery_Cooking_Service(saveas)_stream_zlib.pdf,saveas,13,18204,58484,2,
corrupted/saveas/text/AeroChef_Drone_Delivery_Cooking_Service(saveas)_stream_zlib.pdf,saveas,14,9114,15252,1,6
corrupted/saveas/text/AeroChef_Drone_Delivery_Cooking_Service(saveas)_stream_zlib.pdf,saveas,15,22998,85136,3,
corrupted/saveas/text/AeroChef_Drone_Delivery_Cooking_Service(saveas)_stream_zlib.pdf,saveas,16,308,492,1,6
corrupted/saveas/text/AeroChef_Drone_Delivery_Cooking_Service(saveas)_stream_zlib.pdf,saveas,17,4268,51052,1,6
corrupted/saveas/text/AeroChef_Drone_Delivery_Cooking_Service(saveas)_stream_zlib.pdf,saveas,18,1116,2682,1,6
corrupted/saveas/text/AeroChef_Drone_Delivery_Cooking_Service(saveas)_stream_zlib.pdf,saveas,19,67331,121596,8,
corrupted/saveas/text/AeroChef_Drone_Delivery_Cooking_Service(saveas)_stream_zlib.pdf,saveas,20,485,926,1,6
corrupted/saveas/text/AeroChef_Drone_Delivery_Cooking_Service(saveas)_stream_zlib.pdf,saveas,21,16672,73260,2,
corrupted/saveas/text/AeroChef_Drone_Delivery_Cooking_Service(saveas)_stream_zlib.pdf,saveas,22,25892,81056,3,
corrupted/saveas/text/AeroChef_Drone_Delivery_Cooking_Service(saveas)_stream_zlib.pdf,saveas,23,361,719,1,6
corrupted/saveas/text/AeroChef_Drone_Delivery_Cooking_Service(saveas)_stream_zlib.pdf,saveas,24,4346,12740,1,6
corrupted/saveas/text/AeroChef_Drone_Delivery_Cooking_Service(saveas)_stream_zlib.pdf,saveas,25,738,1947,1,6
corrupted/saveas/text/AeroChef_Drone_Delivery_Cooking_Service(saveas)_stream_zlib.pdf,saveas,26,11305,30144,2,
corrupted/saveas/text/AeroChef_Drone_Delivery_Cooking_Service(saveas)_stream_zlib.pdf,saveas,27,548,1452,1,6
corrupted/saveas/text/AeroChef_Drone_Delivery_Cooking_Service(saveas)_stream_zlib.pdf,saveas,28,26070,67528,3,
corrupted/saveas/text/AeroChef_Drone_Delivery_Cooking_Service(saveas)_stream_zlib.pdf,saveas,29,6682,18172,1,6
corrupted/saveas/text/AeroChef_Drone_Delivery_Cooking_Service(saveas)_stream_zlib.pdf,saveas,30,9380,35680,1,
corrupted/saveas/text/AeroChef_Drone_Delivery_Cooking_Service(saveas)_stream_zlib.pdf,saveas,31,3433,6120,1,6
corrupted/saveas/text/AeroChef_Drone_Delivery_Cooking_Service(saveas)_stream_zlib.pdf,saveas,32,3540,8332,1,
corrupted/saveas/text/AeroChef_Drone_Delivery_Cooking_Service(saveas)_stream_zlib.pdf,saveas,33,430,904,1,6
corrupted/saveas/text/AeroChef_Drone_Delivery_Cooking_Service(saveas)_stream_zlib.pdf,saveas,34,11241,28368,2,
corrupted/saveas/text/AeroChef_Drone_Delivery_Cooking_Service(saveas)_stream_zlib.pdf,saveas,35,271,449,1,6
corrupted/saveas/text/AeroChef_Drone_Delivery_Cooking_Service(saveas)_stream_zlib.pdf,saveas,36,4955,10408,1,6
corrupted/saveas/text/AeroChef_Drone_Delivery_Cooking_Service(saveas)_stream_zlib.pdf,saveas,37,383,860,1,6
corrupted/saveas/text/AeroChef_Drone_Delivery_Cooking_Service(saveas)_stream_zlib.pdf,saveas,38,7795,19656,1,
corrupted/saveas/text/AeroChef_Drone_Delivery_Cooking_Service(saveas)_stream_zlib.pdf,saveas,39,676,1927,1,6
corrupted/saveas/text/AeroChef_Drone_Delivery_Cooking_Service(saveas)_stream_zlib.pdf,saveas,40,23170,50576,3,
corrupted/saveas/text/AeroChef_Drone_Delivery_Cooking_Service(saveas)_stream_zlib.pdf,saveas,41,532,1497,1,6
corrupted/saveas/text/AeroChef_Drone_Delivery_Cooking_Service(saveas)_stream_zlib.pdf,saveas,42,20787,45284,3,
corrupted/saveas/text/AeroChef_Drone_Delivery_Cooking_Service(saveas)_stream_zlib.pdf,saveas,44,2912,10024,1,6
corrupted/saveas/text/Aurora_VR_AR_Game_Lineup_Multilingual(saveas)_stream_zlib.pdf,saveas,0,3415,22914,1,6
corrupted/saveas/text/Aurora_VR_AR_Game_Lineup_Multilingual(saveas)_stream_zlib.pdf,saveas,1,2692,20226,1,6
corrupted/saveas/text/Aurora_VR_AR_Game_Lineup_Multilingual(saveas)_stream_zlib.pdf,saveas,2,9114,120279,1,6
corrupted/saveas/text/Aurora_VR_AR_Game_Lineup_Multilingual(saveas)_stream_zlib.pdf,saveas,3,3790,21099,1,6
corrupted/saveas/text/Aurora_VR_AR_Game_Lineup_Multilingual(saveas)_stream_zlib.pdf,saveas,4,3694,20438,1,
corrupted/saveas/text/Aurora_VR_AR_Game_Lineup_Multilingual(saveas)_stream_zlib.pdf,saveas,5,8630,106304,1,6
corrupted/saveas/text/Aurora_VR_AR_Game_Lineup_Multilingual(saveas)_stream_zlib.pdf,saveas,6,5076,39265,1,
corrupted/saveas/text/Aurora_VR_AR_Game_Lineup_Multilingual(saveas)_stream_zlib.pdf,saveas,7,5924,44545,1,6
corrupted/saveas/text/Aurora_VR_AR_Game_Lineup_Multilingual(saveas)_stream_zlib.pdf,saveas,8,5155,40373,1,
corrupted/saveas/text/Aurora_VR_AR_Game_Lineup_Multilingual(saveas)_stream_zlib.pdf,saveas,9,7569,45184,1,
corrupted/saveas/text/Aurora_VR_AR_Game_Lineup_Multilingual(saveas)_stream_zlib.pdf,saveas,10,11053,35480,2,
corrupted/saveas/text/Aurora_VR_AR_Game_Lineup_Multilingual(saveas)_stream_zlib.pdf,saveas,11,17847,113644,2,
corrupted/saveas/text/Aurora_VR_AR_Game_Lineup_Multilingual(saveas)_stream_zlib.pdf,saveas,12,25892,81056,3,
corrupted/saveas/text/Aurora_VR_AR_Game_Lineup_Multilingual(saveas)_stream_zlib.pdf,saveas,13,740,1615,1,6
corrupted/saveas/text/Aurora_VR_AR_Game_Lineup_Multilingual(saveas)_stream_zlib.pdf,saveas,14,32266,111048,4,
corrupted/saveas/text/Aurora_VR_AR_Game_Lineup_Multilingual(saveas)_stream_zlib.pdf,saveas,15,514,982,1,6
corrupted/saveas/text/Aurora_VR_AR_Game_Lineup_Multilingual(saveas)_stream_zlib.pdf,saveas,16,10802,59548,2,
corrupted/saveas/text/Aurora_VR_AR_Game_Lineup_Multilingual(saveas)_stream_zlib.pdf,saveas,17,557,1394,1,6
corrupted/saveas/text/Aurora_VR_AR_Game_Lineup_Multilingual(saveas)_stream_zlib.pdf,saveas,18,31025,79044,3,
corrupted/saveas/text/Aurora_VR_AR_Game_Lineup_Multilingual(saveas)_stream_zlib.pdf,saveas,19,519,1276,1,6
corrupted/saveas/text/Aurora_VR_AR_Game_Lineup_Multilingual(saveas)_stream_zlib.pdf,saveas,20,22475,61472,3,
corrupted/saveas/text/Aurora_VR_AR_Game_Lineup_Multilingual(saveas)_stream_zlib.pdf,saveas,21,9461,24256,1,
corrupted/saveas/text/Aurora_VR_AR_Game_Lineup_Multilingual(saveas)_stream_zlib.pdf,saveas,22,3280,5872,1,6
corrupted/saveas/text/Aurora_VR_AR_Game_Lineup_Multilingual(saveas)_stream_zlib.pdf,saveas,23,4554,9788,1,6
corrupted/saveas/text/Aurora_VR_AR_Game_Lineup_Multilingual(saveas)_stream_zlib.pdf,saveas,24,9806,26664,2,
corrupted/saveas/text/Aurora_VR_AR_Game_Lineup_Multilingual(saveas)_stream_zlib.pdf,saveas,25,593,1642,1,6
corrupted/saveas/text/Aurora_VR_AR_Game_Lineup_Multilingual(saveas)_stream_zlib.pdf,saveas,26,12144,28456,2,
corrupted/saveas/text/Aurora_VR_AR_Game_Lineup_Multilingual(saveas)_stream_zlib.pdf,saveas,27,489,1207,1,6
corrupted/saveas/text/Aurora_VR_AR_Game_Lineup_Multilingual(saveas)_stream_zlib.pdf,saveas,28,19807,44104,2,
corrupted/saveas/text/Aurora_VR_AR_Game_Lineup_Multilingual(saveas)_stream_zlib.pdf,saveas,30,3750,13671,1,
corrupted/saveas/text/Autonomous_Vehicle_Accident_Report(saveas)_stream_zlib.pdf,saveas,0,3405,22396,1,6
corrupted/saveas/text/Autonomous_Vehicle_Accident_Report(saveas)_stream_zlib.pdf,saveas,1,3047,23065,1,6
corrupted/saveas/text/Autonomous_Vehicle_Accident_Report(saveas)_stream_zlib.pdf,saveas,2,5600,52477,1,
corrupted/saveas/text/Autonomous_Vehicle_Accident_Report(saveas)_stream_zlib.pdf,saveas,3,3245,20906,1,6
corrupted/saveas/text/Autonomous_Vehicle_Accident_Report(saveas)_stream_zlib.pdf,saveas,4,3663,23098,1,6
corrupted/saveas/text/Autonomous_Vehicle_Accident_Report(saveas)_stream_zlib.pdf,saveas,5,5820,56415,1,6
corrupted/saveas/text/Autonomous_Vehicle_Accident_Report(saveas)_stream_zlib.pdf,saveas,6,5367,39214,1,
corrupted/saveas/text/Autonomous_Vehicle_Accident_Report(saveas)_stream_zlib.pdf,saveas,7,6410,41631,1,
corrupted/saveas/text/Autonomous_Vehicle_Accident_Report(saveas)_stream_zlib.pdf,saveas,8,6113,36609,1,
corrupted/saveas/text/Autonomous_Vehicle_Accident_Report(saveas)_stream_zlib.pdf,saveas,9,227,337,1,6
corrupted/saveas/text/Autonomous_Vehicle_Accident_Report(saveas)_stream_zlib.pdf,saveas,10,7829,24528,1,
corrupted/saveas/text/Autonomous_Vehicle_Accident_Report(saveas)_stream_zlib.pdf,saveas,11,25892,81056,3,
corrupted/saveas/text/Autonomous_Vehicle_Accident_Report(saveas)_stream_zlib.pdf,saveas,12,6019,13172,1,
corrupted/saveas/text/Autonomous_Vehicle_Accident_Report(saveas)_stream_zlib.pdf,saveas,13,19128,116072,2,
corrupted/saveas/text/Autonomous_Vehicle_Accident_Report(saveas)_stream_zlib.pdf,saveas,14,354,590,1,6
corrupted/saveas/text/Autonomous_Vehicle_Accident_Report(saveas)_stream_zlib.pdf,saveas,15,22446,56632,3,
corrupted/saveas/text/Autonomous_Vehicle_Accident_Report(saveas)_stream_zlib.pdf,saveas,16,985,2361,1,6
corrupted/saveas/text/Autonomous_Vehicle_Accident_Report(saveas)_stream_zlib.pdf,saveas,17,25154,79184,3,
corrupted/saveas/text/Autonomous_Vehicle_Accident_Report(saveas)_stream_zlib.pdf,saveas,18,596,1174,1,6
corrupted/saveas/text/Autonomous_Vehicle_Accident_Report(saveas)_stream_zlib.pdf,saveas,19,38322,88288,4,
corrupted/saveas/text/Autonomous_Vehicle_Accident_Report(saveas)_stream_zlib.pdf,saveas,20,385,806,1,6
corrupted/saveas/text/Autonomous_Vehicle_Accident_Report(saveas)_stream_zlib.pdf,saveas,21,8584,21948,1,6
corrupted/saveas/text/Autonomous_Vehicle_Accident_Report(saveas)_stream_zlib.pdf,saveas,22,554,1309,1,6
corrupted/saveas/text/Autonomous_Vehicle_Accident_Report(saveas)_stream_zlib.pdf,saveas,23,24152,55596,3,
corrupted/saveas/text/Autonomous_Vehicle_Accident_Report(saveas)_stream_zlib.pdf,saveas,24,485,1111,1,6
corrupted/saveas/text/Autonomous_Vehicle_Accident_Report(saveas)_stream_zlib.pdf,saveas,25,5719,16160,1,6
corrupted/saveas/text/Autonomous_Vehicle_Accident_Report(saveas)_stream_zlib.pdf,saveas,26,22998,85136,3,
corrupted/saveas/text/Autonomous_Vehicle_Accident_Report(saveas)_stream_zlib.pdf,saveas,27,223,337,1,6
corrupted/saveas/text/Autonomous_Vehicle_Accident_Report(saveas)_stream_zlib.pdf,saveas,28,7333,32724,1,
corrupted/saveas/text/Autonomous_Vehicle_Accident_Report(saveas)_stream_zlib.pdf,saveas,29,12185,29516,2,
corrupted/saveas/text/Autonomous_Vehicle_Accident_Report(saveas)_stream_zlib.pdf,saveas,30,8742,18548,1,
corrupted/saveas/text/Autonomous_Vehicle_Accident_Report(saveas)_stream_zlib.pdf,saveas,31,370,783,1,6
corrupted/saveas/text/Autonomous_Vehicle_Accident_Report(saveas)_stream_zlib.pdf,saveas,32,8262,16520,1,6
corrupted/saveas/text/Autonomous_Vehicle_Accident_Report(saveas)_stream_zlib.pdf,saveas,33,421,912,1,6
corrupted/saveas/text/Autonomous_Vehicle_Accident_Report(saveas)_stream_zlib.pdf,saveas,34,14793,33552,2,
corrupted/saveas/text/Autonomous_Vehicle_Accident_Report(saveas)_stream_zlib.pdf,saveas,35,403,902,1,6
corrupted/saveas/text/Autonomous_Vehicle_Accident_Report(saveas)_stream_zlib.pdf,saveas,36,8267,23744,1,
corrupted/saveas/text/Autonomous_Vehicle_Accident_Report(saveas)_stream_zlib.pdf,saveas,37,662,2136,1,6
corrupted/saveas/text/Autonomous_Vehicle_Accident_Report(saveas)_stream_zlib.pdf,saveas,38,16365,36932,2,
corrupted/saveas/text/Autonomous_Vehicle_Accident_Report(saveas)_stream_zlib.pdf,saveas,39,546,1380,1,6
corrupted/saveas/text/Autonomous_Vehicle_Accident_Report(saveas)_stream_zlib.pdf,saveas,40,5913,13276,1,
corrupted/saveas/text/Autonomous_Vehicle_Accident_Report(saveas)_stream_zlib.pdf,saveas,42,3035,10626,1,6
corrupted/saveas/text/BioNext_Data_Leak_Report(saveas)_stream_zlib.pdf,saveas,0,3374,20851,1,6
corrupted/saveas/text/BioNext_Data_Leak_Report(saveas)_stream_zlib.pdf,saveas,1,2931,21742,1,6
corrupted/saveas/text/BioNext_Data_Leak_Report(saveas)_stream_zlib.pdf,saveas,2,6282,57373,1,6
corrupted/saveas/text/BioNext_Data_Leak_Report(saveas)_stream_zlib.pdf,saveas,3,3612,22382,1,6
corrupted/saveas/text/BioNext_Data_Leak_Report(saveas)_stream_zlib.pdf,saveas,4,3910,23881,1,6
corrupted/saveas/text/BioNext_Data_Leak_Report(saveas)_stream_zlib.pdf,saveas,5,6094,62170,1,6
corrupted/saveas/text/BioNext_Data_Leak_Report(saveas)_stream_zlib.pdf,saveas,6,5320,39094,1,
corrupted/saveas/text/BioNext_Data_Leak_Report(saveas)_stream_zlib.pdf,saveas,7,6490,41831,1,
corrupted/saveas/text/BioNext_Data_Leak_Report(saveas)_stream_zlib.pdf,saveas,8,6566,39888,1,
corrupted/saveas/text/BioNext_Data_Leak_Report(saveas)_stream_zlib.pdf,saveas,9,6205,10960,1,6
corrupted/saveas/text/BioNext_Data_Leak_Report(saveas)_stream_zlib.pdf,saveas,10,25892,81056,3,
corrupted/saveas/text/BioNext_Data_Leak_Report(saveas)_stream_zlib.pdf,saveas,11,6168,13364,1,
corrupted/saveas/text/BioNext_Data_Leak_Report(saveas)_stream_zlib.pdf,saveas,12,14868,41852,2,
corrupted/saveas/text/BioNext_Data_Leak_Report(saveas)_stream_zlib.pdf,saveas,13,365,628,1,6
corrupted/saveas/text/BioNext_Data_Leak_Report(saveas)_stream_zlib.pdf,saveas,14,8040,58508,1,6
corrupted/saveas/text/BioNext_Data_Leak_Report(saveas)_stream_zlib.pdf,saveas,15,986,2308,1,6
corrupted/saveas/text/BioNext_Data_Leak_Report(saveas)_stream_zlib.pdf,saveas,16,45032,137672,5,
corrupted/saveas/text/BioNext_Data_Leak_Report(saveas)_stream_zlib.pdf,saveas,17,597,1161,1,6
corrupted/saveas/text/BioNext_Data_Leak_Report(saveas)_stream_zlib.pdf,saveas,18,39761,81508,5,
corrupted/saveas/text/BioNext_Data_Leak_Report(saveas)_stream_zlib.pdf,saveas,19,380,809,1,6
corrupted/saveas/text/BioNext_Data_Leak_Report(saveas)_stream_zlib.pdf,saveas,20,9107,24460,1,6
corrupted/saveas/text/BioNext_Data_Leak_Report(saveas)_stream_zlib.pdf,saveas,21,626,1688,1,6
corrupted/saveas/text/BioNext_Data_Leak_Report(saveas)_stream_zlib.pdf,saveas,22,12064,22520,2,
corrupted/saveas/text/BioNext_Data_Leak_Report(saveas)_stream_zlib.pdf,saveas,23,565,1519,1,6
corrupted/saveas/text/BioNext_Data_Leak_Report(saveas)_stream_zlib.pdf,saveas,24,25644,68124,3,
corrupted/saveas/text/BioNext_Data_Leak_Report(saveas)_stream_zlib.pdf,saveas,25,224,337,1,6
corrupted/saveas/text/BioNext_Data_Leak_Report(saveas)_stream_zlib.pdf,saveas,26,2601,5012,1,6
corrupted/saveas/text/BioNext_Data_Leak_Report(saveas)_stream_zlib.pdf,saveas,27,13603,32712,2,
corrupted/saveas/text/BioNext_Data_Leak_Report(saveas)_stream_zlib.pdf,saveas,28,10641,27428,1,
corrupted/saveas/text/BioNext_Data_Leak_Report(saveas)_stream_zlib.pdf,saveas,29,299,534,1,6
corrupted/saveas/text/BioNext_Data_Leak_Report(saveas)_stream_zlib.pdf,saveas,30,4946,8736,1,6
corrupted/saveas/text/BioNext_Data_Leak_Report(saveas)_stream_zlib.pdf,saveas,31,495,1280,1,6
corrupted/saveas/text/BioNext_Data_Leak_Report(saveas)_stream_zlib.pdf,saveas,32,9124,18036,1,
corrupted/saveas/text/BioNext_Data_Leak_Report(saveas)_stream_zlib.pdf,saveas,33,1460,47760,1,6
corrupted/saveas/text/BioNext_Data_Leak_Report(saveas)_stream_zlib.pdf,saveas,34,5698,11420,1,6
corrupted/saveas/text/BioNext_Data_Leak_Report(saveas)_stream_zlib.pdf,saveas,35,342,715,1,6
corrupted/saveas/text/BioNext_Data_Leak_Report(saveas)_stream_zlib.pdf,saveas,36,7659,24476,1,
corrupted/saveas/text/BioNext_Data_Leak_Report(saveas)_stream_zlib.pdf,saveas,37,656,1985,1,6
corrupted/saveas/text/BioNext_Data_Leak_Report(saveas)_stream_zlib.pdf,saveas,38,24288,51760,3,
corrupted/saveas/text/BioNext_Data_Leak_Report(saveas)_stream_zlib.pdf,saveas,39,565,1498,1,6
corrupted/saveas/text/BioNext_Data_Leak_Report(saveas)_stream_zlib.pdf,saveas,40,6702,14936,1,
corrupted/saveas/text/BioNext_Data_Leak_Report(saveas)_stream_zlib.pdf,saveas,42,3112,10843,1,6
corrupted/saveas/text/Digital_Minimalism(saveas)_stream_zlib.pdf,saveas,0,3104,13977,1,6
corrupted/saveas/text/Digital_Minimalism(saveas)_stream_zlib.pdf,saveas,1,2159,10132,1,6
corrupted/saveas/text/Digital_Minimalism(saveas)_stream_zlib.pdf,saveas,2,8854,97421,1,
corrupted/saveas/text/Digital_Minimalism(saveas)_stream_zlib.pdf,saveas,3,2762,11518,1,6
corrupted/saveas/text/Digital_Minimalism(saveas)_stream_zlib.pdf,saveas,4,3268,14357,1,6
corrupted/saveas/text/Digital_Minimalism(saveas)_stream_zlib.pdf,saveas,5,6882,77258,1,6
corrupted/saveas/text/Digital_Minimalism(saveas)_stream_zlib.pdf,saveas,6,4358,39338,1,6
corrupted/saveas/text/Digital_Minimalism(saveas)_stream_zlib.pdf,saveas,7,5823,44331,1,
corrupted/saveas/text/Digital_Minimalism(saveas)_stream_zlib.pdf,saveas,8,5126,33117,1,6
corrupted/saveas/text/Digital_Minimalism(saveas)_stream_zlib.pdf,saveas,9,6856,12140,1,6
corrupted/saveas/text/Digital_Minimalism(saveas)_stream_zlib.pdf,saveas,10,25892,81056,3,
corrupted/saveas/text/Digital_Minimalism(saveas)_stream_zlib.pdf,saveas,11,226,337,1,6
corrupted/saveas/text/Digital_Minimalism(saveas)_stream_zlib.pdf,saveas,12,17639,113540,2,
corrupted/saveas/text/Digital_Minimalism(saveas)_stream_zlib.pdf,saveas,13,4695,11556,1,
corrupted/saveas/text/Digital_Minimalism(saveas)_stream_zlib.pdf,saveas,14,380,656,1,6
corrupted/saveas/text/Digital_Minimalism(saveas)_stream_zlib.pdf,saveas,15,22490,56964,3,
corrupted/saveas/text/Digital_Minimalism(saveas)_stream_zlib.pdf,saveas,16,6854,56416,1,
corrupted/saveas/text/Digital_Minimalism(saveas)_stream_zlib.pdf,saveas,17,1312,3379,1,6
corrupted/saveas/text/Digital_Minimalism(saveas)_stream_zlib.pdf,saveas,18,43546,114768,5,
corrupted/saveas/text/Digital_Minimalism(saveas)_stream_zlib.pdf,saveas,19,1066,2643,1,6
corrupted/saveas/text/Digital_Minimalism(saveas)_stream_zlib.pdf,saveas,20,25967,80464,3,
corrupted/saveas/text/Digital_Minimalism(saveas)_stream_zlib.pdf,saveas,21,439,999,1,6
corrupted/saveas/text/Digital_Minimalism(saveas)_stream_zlib.pdf,saveas,22,5345,15816,1,6
corrupted/saveas/text/Digital_Minimalism(saveas)_stream_zlib.pdf,saveas,23,661,1824,1,6
corrupted/saveas/text/Digital_Minimalism(saveas)_stream_zlib.pdf,saveas,24,9874,23104,1,
corrupted/saveas/text/Digital_Minimalism(saveas)_stream_zlib.pdf,saveas,25,617,1627,1,6
corrupted/saveas/text/Digital_Minimalism(saveas)_stream_zlib.pdf,saveas,26,19275,48120,2,
corrupted/saveas/text/Digital_Minimalism(saveas)_stream_zlib.pdf,saveas,27,7537,21464,1,
corrupted/saveas/text/Digital_Minimalism(saveas)_stream_zlib.pdf,saveas,28,8799,23280,1,
corrupted/saveas/text/Digital_Minimalism(saveas)_stream_zlib.pdf,saveas,29,8482,34436,1,6
corrupted/saveas/text/Digital_Minimalism(saveas)_stream_zlib.pdf,saveas,30,4621,8440,1,
corrupted/saveas/text/Digital_Minimalism(saveas)_stream_zlib.pdf,saveas,31,415,862,1,6
corrupted/saveas/text/Digital_Minimalism(saveas)_stream_zlib.pdf,saveas,32,9846,26716,2,
corrupted/saveas/text/Digital_Minimalism(saveas)_stream_zlib.pdf,saveas,33,414,1019,1,6
corrupted/saveas/text/Digital_Minimalism(saveas)_stream_zlib.pdf,saveas,34,4402,9888,1,6
corrupted/saveas/text/Digital_Minimalism(saveas)_stream_zlib.pdf,saveas,35,427,985,1,6
corrupted/saveas/text/Digital_Minimalism(saveas)_stream_zlib.pdf,saveas,36,3928,9232,1,
corrupted/saveas/text/Digital_Minimalism(saveas)_stream_zlib.pdf,saveas,37,682,2051,1,6
corrupted/saveas/text/Digital_Minimalism(saveas)_stream_zlib.pdf,saveas,38,12538,29760,2,
corrupted/saveas/text/Digital_Minimalism(saveas)_stream_zlib.pdf,saveas,39,637,1951,1,6
corrupted/saveas/text/Digital_Minimalism(saveas)_stream_zlib.pdf,saveas,40,14018,48444,2,
corrupted/saveas/text/Digital_Minimalism(saveas)_stream_zlib.pdf,saveas,42,2854,10024,1,6
corrupted/saveas/text/E-Payment_Service_Outage_Report(saveas)_stream_zlib.pdf,saveas,0,3496,21576,1,6
corrupted/saveas/text/E-Payment_Service_Outage_Report(saveas)_stream_zlib.pdf,saveas,1,2813,21646,1,6
corrupted/saveas/text/E-Payment_Service_Outage_Report(saveas)_stream_zlib.pdf,saveas,2,5981,54414,1,6
corrupted/saveas/text/E-Payment_Service_Outage_Report(saveas)_stream_zlib.pdf,saveas,3,3519,22239,1,6
corrupted/saveas/text/E-Payment_Service_Outage_Report(saveas)_stream_zlib.pdf,saveas,4,3697,22282,1,6
corrupted/saveas/text/E-Payment_Service_Outage_Report(saveas)_stream_zlib.pdf,saveas,5,6108,60715,1,6
corrupted/saveas/text/E-Payment_Service_Outage_Report(saveas)_stream_zlib.pdf,saveas,6,5325,39135,1,
corrupted/saveas/text/E-Payment_Service_Outage_Report(saveas)_stream_zlib.pdf,saveas,7,6461,41698,1,
corrupted/saveas/text/E-Payment_Service_Outage_Report(saveas)_stream_zlib.pdf,saveas,8,6358,38607,1,
corrupted/saveas/text/E-Payment_Service_Outage_Report(saveas)_stream_zlib.pdf,saveas,9,6384,11208,1,6
corrupted/saveas/text/E-Payment_Service_Outage_Report(saveas)_stream_zlib.pdf,saveas,10,25892,81056,3,
corrupted/saveas/text/E-Payment_Service_Outage_Report(saveas)_stream_zlib.pdf,saveas,11,19565,116828,2,
corrupted/saveas/text/E-Payment_Service_Outage_Report(saveas)_stream_zlib.pdf,saveas,12,6056,13228,1,
corrupted/saveas/text/E-Payment_Service_Outage_Report(saveas)_stream_zlib.pdf,saveas,13,22998,85136,3,
corrupted/saveas/text/E-Payment_Service_Outage_Report(saveas)_stream_zlib.pdf,saveas,14,319,520,1,6
corrupted/saveas/text/E-Payment_Service_Outage_Report(saveas)_stream_zlib.pdf,saveas,15,3873,50592,1,6
corrupted/saveas/text/E-Payment_Service_Outage_Report(saveas)_stream_zlib.pdf,saveas,16,630,1304,1,6
corrupted/saveas/text/E-Payment_Service_Outage_Report(saveas)_stream_zlib.pdf,saveas,17,22470,81808,3,
corrupted/saveas/text/E-Payment_Service_Outage_Report(saveas)_stream_zlib.pdf,saveas,18,976,2296,1,6
corrupted/saveas/text/E-Payment_Service_Outage_Report(saveas)_stream_zlib.pdf,saveas,19,64264,116636,7,
corrupted/saveas/text/E-Payment_Service_Outage_Report(saveas)_stream_zlib.pdf,saveas,20,365,710,1,6
corrupted/saveas/text/E-Payment_Service_Outage_Report(saveas)_stream_zlib.pdf,saveas,21,4056,12624,1,6
corrupted/saveas/text/E-Payment_Service_Outage_Report(saveas)_stream_zlib.pdf,saveas,22,523,1254,1,6
corrupted/saveas/text/E-Payment_Service_Outage_Report(saveas)_stream_zlib.pdf,saveas,23,20709,49120,3,
corrupted/saveas/text/E-Payment_Service_Outage_Report(saveas)_stream_zlib.pdf,saveas,24,635,1774,1,6
corrupted/saveas/text/E-Payment_Service_Outage_Report(saveas)_stream_zlib.pdf,saveas,25,13594,26680,2,
corrupted/saveas/text/E-Payment_Service_Outage_Report(saveas)_stream_zlib.pdf,saveas,26,7681,21664,1,
corrupted/saveas/text/E-Payment_Service_Outage_Report(saveas)_stream_zlib.pdf,saveas,27,11340,39660,2,
corrupted/saveas/text/E-Payment_Service_Outage_Report(saveas)_stream_zlib.pdf,saveas,28,12187,30040,2,
corrupted/saveas/text/E-Payment_Service_Outage_Report(saveas)_stream_zlib.pdf,saveas,29,290,506,1,6
corrupted/saveas/text/E-Payment_Service_Outage_Report(saveas)_stream_zlib.pdf,saveas,30,4586,8204,1,6
corrupted/saveas/text/E-Payment_Service_Outage_Report(saveas)_stream_zlib.pdf,saveas,31,356,770,1,6
corrupted/saveas/text/E-Payment_Service_Outage_Report(saveas)_stream_zlib.pdf,saveas,32,7689,15000,1,
corrupted/saveas/text/E-Payment_Service_Outage_Report(saveas)_stream_zlib.pdf,saveas,33,362,684,1,6
corrupted/saveas/text/E-Payment_Service_Outage_Report(saveas)_stream_zlib.pdf,saveas,34,15234,34180,2,
corrupted/saveas/text/E-Payment_Service_Outage_Report(saveas)_stream_zlib.pdf,saveas,35,413,965,1,6
corrupted/saveas/text/E-Payment_Service_Outage_Report(saveas)_stream_zlib.pdf,saveas,36,3447,8192,1,
corrupted/saveas/text/E-Payment_Service_Outage_Report(saveas)_stream_zlib.pdf,saveas,37,543,1539,1,6
corrupted/saveas/text/E-Payment_Service_Outage_Report(saveas)_stream_zlib.pdf,saveas,38,17476,62928,2,
corrupted/saveas/text/E-Payment_Service_Outage_Report(saveas)_stream_zlib.pdf,saveas,39,623,1842,1,6
corrupted/saveas/text/E-Payment_Service_Outage_Report(saveas)_stream_zlib.pdf,saveas,40,14844,33756,2,
corrupted/saveas/text/E-Payment_Service_Outage_Report(saveas)_stream_zlib.pdf,saveas,42,3094,10745,1,
corrupted/saveas/text/EcoWave_Sustainable_Fashion_Collection(saveas)_stream_zlib.pdf,saveas,0,3031,17502,1,6
corrupted/saveas/text/EcoWave_Sustainable_Fashion_Collection(saveas)_stream_zlib.pdf,saveas,1,2584,17342,1,6
corrupted/saveas/text/EcoWave_Sustainable_Fashion_Collection(saveas)_stream_zlib.pdf,saveas,2,6512,64665,1,6
corrupted/saveas/text/EcoWave_Sustainable_Fashion_Collection(saveas)_stream_zlib.pdf,saveas,3,3000,15969,1,6
corrupted/saveas/text/EcoWave_Sustainable_Fashion_Collection(saveas)_stream_zlib.pdf,saveas,4,3351,17924,1,6
corrupted/saveas/text/EcoWave_Sustainable_Fashion_Collection(saveas)_stream_zlib.pdf,saveas,5,6077,61963,1,6
corrupted/saveas/text/EcoWave_Sustainable_Fashion_Collection(saveas)_stream_zlib.pdf,saveas,6,6014,40590,1,
corrupted/saveas/text/EcoWave_Sustainable_Fashion_Collection(saveas)_stream_zlib.pdf,saveas,7,5990,39978,1,
corrupted/saveas/text/EcoWave_Sustainable_Fashion_Collection(saveas)_stream_zlib.pdf,saveas,8,5526,31499,1,
corrupted/saveas/text/EcoWave_Sustainable_Fashion_Collection(saveas)_stream_zlib.pdf,saveas,9,8498,16680,1,6
corrupted/saveas/text/EcoWave_Sustainable_Fashion_Collection(saveas)_stream_zlib.pdf,saveas,10,7766,13356,1,6
corrupted/saveas/text/EcoWave_Sustainable_Fashion_Collection(saveas)_stream_zlib.pdf,saveas,11,235,351,1,6
corrupted/saveas/text/EcoWave_Sustainable_Fashion_Collection(saveas)_stream_zlib.pdf,saveas,12,23182,92612,3,
corrupted/saveas/text/EcoWave_Sustainable_Fashion_Collection(saveas)_stream_zlib.pdf,saveas,13,226,337,1,6
corrupted/saveas/text/EcoWave_Sustainable_Fashion_Collection(saveas)_stream_zlib.pdf,saveas,14,6033,11088,1,6
corrupted/saveas/text/EcoWave_Sustainable_Fashion_Collection(saveas)_stream_zlib.pdf,saveas,15,18204,58484,2,
corrupted/saveas/text/EcoWave_Sustainable_Fashion_Collection(saveas)_stream_zlib.pdf,saveas,16,307,534,1,6
corrupted/saveas/text/EcoWave_Sustainable_Fashion_Collection(saveas)_stream_zlib.pdf,saveas,17,13256,38772,2,
corrupted/saveas/text/EcoWave_Sustainable_Fashion_Collection(saveas)_stream_zlib.pdf,saveas,18,25892,81056,3,
corrupted/saveas/text/EcoWave_Sustainable_Fashion_Collection(saveas)_stream_zlib.pdf,saveas,19,274,421,1,6
corrupted/saveas/text/EcoWave_Sustainable_Fashion_Collection(saveas)_stream_zlib.pdf,saveas,20,8905,63152,1,
corrupted/saveas/text/EcoWave_Sustainable_Fashion_Collection(saveas)_stream_zlib.pdf,saveas,21,943,2216,1,6
corrupted/saveas/text/EcoWave_Sustainable_Fashion_Collection(saveas)_stream_zlib.pdf,saveas,22,22779,75544,3,
corrupted/saveas/text/EcoWave_Sustainable_Fashion_Collection(saveas)_stream_zlib.pdf,saveas,23,858,1868,1,6
corrupted/saveas/text/EcoWave_Sustainable_Fashion_Collection(saveas)_stream_zlib.pdf,saveas,24,55099,103468,6,
corrupted/saveas/text/EcoWave_Sustainable_Fashion_Collection(saveas)_stream_zlib.pdf,saveas,25,584,1579,1,6
corrupted/saveas/text/EcoWave_Sustainable_Fashion_Collection(saveas)_stream_zlib.pdf,saveas,26,7570,20252,1,
corrupted/saveas/text/EcoWave_Sustainable_Fashion_Collection(saveas)_stream_zlib.pdf,saveas,27,631,1673,1,6
corrupted/saveas/text/EcoWave_Sustainable_Fashion_Collection(saveas)_stream_zlib.pdf,saveas,28,21585,44836,3,
corrupted/saveas/text/EcoWave_Sustainable_Fashion_Collection(saveas)_stream_zlib.pdf,saveas,29,7318,21000,1,
corrupted/saveas/text/EcoWave_Sustainable_Fashion_Collection(saveas)_stream_zlib.pdf,saveas,30,3568,6384,1,6
corrupted/saveas/text/EcoWave_Sustainable_Fashion_Collection(saveas)_stream_zlib.pdf,saveas,31,324,676,1,6
corrupted/saveas/text/EcoWave_Sustainable_Fashion_Collection(saveas)_stream_zlib.pdf,saveas,32,10003,38096,2,
corrupted/saveas/text/EcoWave_Sustainable_Fashion_Collection(saveas)_stream_zlib.pdf,saveas,33,2890,7248,1,6
corrupted/saveas/text/EcoWave_Sustainable_Fashion_Collection(saveas)_stream_zlib.pdf,saveas,34,428,1033,1,6
corrupted/saveas/text/EcoWave_Sustainable_Fashion_Collection(saveas)_stream_zlib.pdf,saveas,35,4788,10348,1,6
corrupted/saveas/text/EcoWave_Sustainable_Fashion_Collection(saveas)_stream_zlib.pdf,saveas,36,289,513,1,6
corrupted/saveas/text/EcoWave_Sustainable_Fashion_Collection(saveas)_stream_zlib.pdf,saveas,37,7317,12928,1,
corrupted/saveas/text/EcoWave_Sustainable_Fashion_Collection(saveas)_stream_zlib.pdf,saveas,38,322,573,1,6
corrupted/saveas/text/EcoWave_Sustainable_Fashion_Collection(saveas)_stream_zlib.pdf,saveas,39,4869,13740,1,6
corrupted/saveas/text/EcoWave_Sustainable_Fashion_Collection(saveas)_stream_zlib.pdf,saveas,40,613,1606,1,6
corrupted/saveas/text/EcoWave_Sustainable_Fashion_Collection(saveas)_stream_zlib.pdf,saveas,41,7489,16776,1,
corrupted/saveas/text/EcoWave_Sustainable_Fashion_Collection(saveas)_stream_zlib.pdf,saveas,42,600,1607,1,6
corrupted/saveas/text/EcoWave_Sustainable_Fashion_Collection(saveas)_stream_zlib.pdf,saveas,43,21975,47620,3,
corrupted/saveas/text/EcoWave_Sustainable_Fashion_Collection(saveas)_stream_zlib.pdf,saveas,45,2970,10248,1,
corrupted/saveas/text/EduBot_AI_Learning_Robot_Series(saveas)_stream_zlib.pdf,saveas,0,2867,16947,1,6
corrupted/saveas/text/EduBot_AI_Learning_Robot_Series(saveas)_stream_zlib.pdf,saveas,1,2482,16001,1,6
corrupted/saveas/text/EduBot_AI_Learning_Robot_Series(saveas)_stream_zlib.pdf,saveas,2,6201,62038,1,6
corrupted/saveas/text/EduBot_AI_Learning_Robot_Series(saveas)_stream_zlib.pdf,saveas,3,2982,16561,1,6
corrupted/saveas/text/EduBot_AI_Learning_Robot_Series(saveas)_stream_zlib.pdf,saveas,4,3126,16807,1,6
corrupted/saveas/text/EduBot_AI_Learning_Robot_Series(saveas)_stream_zlib.pdf,saveas,5,5889,57989,1,6
corrupted/saveas/text/EduBot_AI_Learning_Robot_Series(saveas)_stream_zlib.pdf,saveas,6,6058,40588,1,
corrupted/saveas/text/EduBot_AI_Learning_Robot_Series(saveas)_stream_zlib.pdf,saveas,7,5888,39817,1,
corrupted/saveas/text/EduBot_AI_Learning_Robot_Series(saveas)_stream_zlib.pdf,saveas,8,4846,26024,1,
corrupted/saveas/text/EduBot_AI_Learning_Robot_Series(saveas)_stream_zlib.pdf,saveas,9,16574,111136,2,
corrupted/saveas/text/EduBot_AI_Learning_Robot_Series(saveas)_stream_zlib.pdf,saveas,10,10756,34608,2,
corrupted/saveas/text/EduBot_AI_Learning_Robot_Series(saveas)_stream_zlib.pdf,saveas,11,226,337,1,6
corrupted/saveas/text/EduBot_AI_Learning_Robot_Series(saveas)_stream_zlib.pdf,saveas,12,6033,11088,1,6
corrupted/saveas/text/EduBot_AI_Learning_Robot_Series(saveas)_stream_zlib.pdf,saveas,13,18204,58484,2,
corrupted/saveas/text/EduBot_AI_Learning_Robot_Series(saveas)_stream_zlib.pdf,saveas,14,225,337,1,6
corrupted/saveas/text/EduBot_AI_Learning_Robot_Series(saveas)_stream_zlib.pdf,saveas,15,5319,12264,1,
corrupted/saveas/text/EduBot_AI_Learning_Robot_Series(saveas)_stream_zlib.pdf,saveas,16,25892,81056,3,
corrupted/saveas/text/EduBot_AI_Learning_Robot_Series(saveas)_stream_zlib.pdf,saveas,17,298,464,1,6
corrupted/saveas/text/EduBot_AI_Learning_Robot_Series(saveas)_stream_zlib.pdf,saveas,18,9502,64508,1,
corrupted/saveas/text/EduBot_AI_Learning_Robot_Series(saveas)_stream_zlib.pdf,saveas,19,829,1809,1,6
corrupted/saveas/text/EduBot_AI_Learning_Robot_Series(saveas)_stream_zlib.pdf,saveas,20,26204,87116,3,
corrupted/saveas/text/EduBot_AI_Learning_Robot_Series(saveas)_stream_zlib.pdf,saveas,21,674,1431,1,6
corrupted/saveas/text/EduBot_AI_Learning_Robot_Series(saveas)_stream_zlib.pdf,saveas,22,15544,65916,2,
corrupted/saveas/text/EduBot_AI_Learning_Robot_Series(saveas)_stream_zlib.pdf,saveas,23,337,630,1,6
corrupted/saveas/text/EduBot_AI_Learning_Robot_Series(saveas)_stream_zlib.pdf,saveas,24,4319,12692,1,6
corrupted/saveas/text/EduBot_AI_Learning_Robot_Series(saveas)_stream_zlib.pdf,saveas,25,575,1602,1,6
corrupted/saveas/text/EduBot_AI_Learning_Robot_Series(saveas)_stream_zlib.pdf,saveas,26,16484,37088,2,
corrupted/saveas/text/EduBot_AI_Learning_Robot_Series(saveas)_stream_zlib.pdf,saveas,27,226,337,1,6
corrupted/saveas/text/EduBot_AI_Learning_Robot_Series(saveas)_stream_zlib.pdf,saveas,28,23137,85376,3,
corrupted/saveas/text/EduBot_AI_Learning_Robot_Series(saveas)_stream_zlib.pdf,saveas,29,611,1748,1,6
corrupted/saveas/text/EduBot_AI_Learning_Robot_Series(saveas)_stream_zlib.pdf,saveas,30,27659,71076,3,
corrupted/saveas/text/EduBot_AI_Learning_Robot_Series(saveas)_stream_zlib.pdf,saveas,31,5688,14232,1,
corrupted/saveas/text/EduBot_AI_Learning_Robot_Series(saveas)_stream_zlib.pdf,saveas,32,9305,23992,1,
corrupted/saveas/text/EduBot_AI_Learning_Robot_Series(saveas)_stream_zlib.pdf,saveas,33,223,337,1,6
corrupted/saveas/text/EduBot_AI_Learning_Robot_Series(saveas)_stream_zlib.pdf,saveas,34,10898,37928,2,
corrupted/saveas/text/EduBot_AI_Learning_Robot_Series(saveas)_stream_zlib.pdf,saveas,35,357,698,1,6
corrupted/saveas/text/EduBot_AI_Learning_Robot_Series(saveas)_stream_zlib.pdf,saveas,36,5790,12132,1,
corrupted/saveas/text/EduBot_AI_Learning_Robot_Series(saveas)_stream_zlib.pdf,saveas,37,413,862,1,6
corrupted/saveas/text/EduBot_AI_Learning_Robot_Series(saveas)_stream_zlib.pdf,saveas,38,9660,26468,2,
corrupted/saveas/text/EduBot_AI_Learning_Robot_Series(saveas)_stream_zlib.pdf,saveas,39,225,337,1,6
corrupted/saveas/text/EduBot_AI_Learning_Robot_Series(saveas)_stream_zlib.pdf,saveas,40,6906,12076,1,6
corrupted/saveas/text/EduBot_AI_Learning_Robot_Series(saveas)_stream_zlib.pdf,saveas,41,385,868,1,6
corrupted/saveas/text/EduBot_AI_Learning_Robot_Series(saveas)_stream_zlib.pdf,saveas,42,11623,30152,2,
corrupted/saveas/text/EduBot_AI_Learning_Robot_Series(saveas)_stream_zlib.pdf,saveas,43,639,1900,1,6
corrupted/saveas/text/EduBot_AI_Learning_Robot_Series(saveas)_stream_zlib.pdf,saveas,44,12864,29884,2,
corrupted/saveas/text/EduBot_AI_Learning_Robot_Series(saveas)_stream_zlib.pdf,saveas,45,609,1684,1,6
corrupted/saveas/text/EduBot_AI_Learning_Robot_Series(saveas)_stream_zlib.pdf,saveas,46,24766,53264,3,
corrupted/saveas/text/EduBot_AI_Learning_Robot_Series(saveas)_stream_zlib.pdf,saveas,48,2940,9968,1,
corrupted/saveas/text/Evolution_Biodegradable_Plastics(saveas)_stream_zlib.pdf,saveas,0,3029,13525,1,6
corrupted/saveas/text/Evolution_Biodegradable_Plastics(saveas)_stream_zlib.pdf,saveas,1,1805,7606,1,6
corrupted/saveas/text/Evolution_Biodegradable_Plastics(saveas)_stream_zlib.pdf,saveas,2,9546,105453,1,
corrupted/saveas/text/Evolution_Biodegradable_Plastics(saveas)_stream_zlib.pdf,saveas,3,3169,14021,1,
corrupted/saveas/text/Evolution_Biodegradable_Plastics(saveas)_stream_zlib.pdf,saveas,4,3329,14142,1,6
corrupted/saveas/text/Evolution_Biodegradable_Plastics(saveas)_stream_zlib.pdf,saveas,5,8020,93580,1,
corrupted/saveas/text/Evolution_Biodegradable_Plastics(saveas)_stream_zlib.pdf,saveas,6,4314,39208,1,6
corrupted/saveas/text/Evolution_Biodegradable_Plastics(saveas)_stream_zlib.pdf,saveas,7,5930,44677,1,
corrupted/saveas/text/Evolution_Biodegradable_Plastics(saveas)_stream_zlib.pdf,saveas,8,6533,44719,1,6
corrupted/saveas/text/Evolution_Biodegradable_Plastics(saveas)_stream_zlib.pdf,saveas,9,17209,112484,2,
corrupted/saveas/text/Evolution_Biodegradable_Plastics(saveas)_stream_zlib.pdf,saveas,10,25892,81056,3,
corrupted/saveas/text/Evolution_Biodegradable_Plastics(saveas)_stream_zlib.pdf,saveas,11,7814,13432,1,6
corrupted/saveas/text/Evolution_Biodegradable_Plastics(saveas)_stream_zlib.pdf,saveas,12,4447,11208,1,
corrupted/saveas/text/Evolution_Biodegradable_Plastics(saveas)_stream_zlib.pdf,saveas,13,383,660,1,6
corrupted/saveas/text/Evolution_Biodegradable_Plastics(saveas)_stream_zlib.pdf,saveas,14,9412,60652,2,
corrupted/saveas/text/Evolution_Biodegradable_Plastics(saveas)_stream_zlib.pdf,saveas,15,948,2235,1,6
corrupted/saveas/text/Evolution_Biodegradable_Plastics(saveas)_stream_zlib.pdf,saveas,16,22411,75124,3,
corrupted/saveas/text/Evolution_Biodegradable_Plastics(saveas)_stream_zlib.pdf,saveas,17,1339,3347,1,6
corrupted/saveas/text/Evolution_Biodegradable_Plastics(saveas)_stream_zlib.pdf,saveas,18,86938,149964,10,
corrupted/saveas/text/Evolution_Biodegradable_Plastics(saveas)_stream_zlib.pdf,saveas,19,464,1117,1,6
corrupted/saveas/text/Evolution_Biodegradable_Plastics(saveas)_stream_zlib.pdf,saveas,20,5235,14296,1,6
corrupted/saveas/text/Evolution_Biodegradable_Plastics(saveas)_stream_zlib.pdf,saveas,21,623,1565,1,6
corrupted/saveas/text/Evolution_Biodegradable_Plastics(saveas)_stream_zlib.pdf,saveas,22,7076,19556,1,
corrupted/saveas/text/Evolution_Biodegradable_Plastics(saveas)_stream_zlib.pdf,saveas,23,708,2001,1,6
corrupted/saveas/text/Evolution_Biodegradable_Plastics(saveas)_stream_zlib.pdf,saveas,24,23040,48288,3,
corrupted/saveas/text/Evolution_Biodegradable_Plastics(saveas)_stream_zlib.pdf,saveas,25,6750,17784,1,
corrupted/saveas/text/Evolution_Biodegradable_Plastics(saveas)_stream_zlib.pdf,saveas,26,8811,23776,1,
corrupted/saveas/text/Evolution_Biodegradable_Plastics(saveas)_stream_zlib.pdf,saveas,27,8557,34508,1,6
corrupted/saveas/text/Evolution_Biodegradable_Plastics(saveas)_stream_zlib.pdf,saveas,28,379,790,1,6
corrupted/saveas/text/Evolution_Biodegradable_Plastics(saveas)_stream_zlib.pdf,saveas,29,3880,9092,1,6
corrupted/saveas/text/Evolution_Biodegradable_Plastics(saveas)_stream_zlib.pdf,saveas,30,408,848,1,6
corrupted/saveas/text/Evolution_Biodegradable_Plastics(saveas)_stream_zlib.pdf,saveas,31,9793,26780,2,
corrupted/saveas/text/Evolution_Biodegradable_Plastics(saveas)_stream_zlib.pdf,saveas,32,301,577,1,6
corrupted/saveas/text/Evolution_Biodegradable_Plastics(saveas)_stream_zlib.pdf,saveas,33,5821,10388,1,6
corrupted/saveas/text/Evolution_Biodegradable_Plastics(saveas)_stream_zlib.pdf,saveas,34,420,969,1,6
corrupted/saveas/text/Evolution_Biodegradable_Plastics(saveas)_stream_zlib.pdf,saveas,35,3857,9172,1,
corrupted/saveas/text/Evolution_Biodegradable_Plastics(saveas)_stream_zlib.pdf,saveas,36,645,1905,1,6
corrupted/saveas/text/Evolution_Biodegradable_Plastics(saveas)_stream_zlib.pdf,saveas,37,11974,27908,2,
corrupted/saveas/text/Evolution_Biodegradable_Plastics(saveas)_stream_zlib.pdf,saveas,38,673,1938,1,6
corrupted/saveas/text/Evolution_Biodegradable_Plastics(saveas)_stream_zlib.pdf,saveas,39,15484,52292,2,
corrupted/saveas/text/Evolution_Biodegradable_Plastics(saveas)_stream_zlib.pdf,saveas,41,3073,10829,1,6
corrupted/saveas/text/Evolution_Food_Culture_Alternative_Foods(saveas)_stream_zlib.pdf,saveas,0,2921,12675,1,6
corrupted/saveas/text/Evolution_Food_Culture_Alternative_Foods(saveas)_stream_zlib.pdf,saveas,1,1939,8129,1,6
corrupted/saveas/text/Evolution_Food_Culture_Alternative_Foods(saveas)_stream_zlib.pdf,saveas,2,8793,94779,1,6
corrupted/saveas/text/Evolution_Food_Culture_Alternative_Foods(saveas)_stream_zlib.pdf,saveas,3,2961,12025,1,6
corrupted/saveas/text/Evolution_Food_Culture_Alternative_Foods(saveas)_stream_zlib.pdf,saveas,4,3588,15331,1,6
corrupted/saveas/text/Evolution_Food_Culture_Alternative_Foods(saveas)_stream_zlib.pdf,saveas,5,7299,85807,1,6
corrupted/saveas/text/Evolution_Food_Culture_Alternative_Foods(saveas)_stream_zlib.pdf,saveas,6,4332,39177,1,6
corrupted/saveas/text/Evolution_Food_Culture_Alternative_Foods(saveas)_stream_zlib.pdf,saveas,7,5782,44091,1,
corrupted/saveas/text/Evolution_Food_Culture_Alternative_Foods(saveas)_stream_zlib.pdf,saveas,8,5218,34071,1,
corrupted/saveas/text/Evolution_Food_Culture_Alternative_Foods(saveas)_stream_zlib.pdf,saveas,9,9256,31052,1,
corrupted/saveas/text/Evolution_Food_Culture_Alternative_Foods(saveas)_stream_zlib.pdf,saveas,10,25892,81056,3,
corrupted/saveas/text/Evolution_Food_Culture_Alternative_Foods(saveas)_stream_zlib.pdf,saveas,11,4643,11436,1,
corrupted/saveas/text/Evolution_Food_Culture_Alternative_Foods(saveas)_stream_zlib.pdf,saveas,12,17320,112976,2,
corrupted/saveas/text/Evolution_Food_Culture_Alternative_Foods(saveas)_stream_zlib.pdf,saveas,13,366,618,1,6
corrupted/saveas/text/Evolution_Food_Culture_Alternative_Foods(saveas)_stream_zlib.pdf,saveas,14,12039,72916,2,
corrupted/saveas/text/Evolution_Food_Culture_Alternative_Foods(saveas)_stream_zlib.pdf,saveas,15,1036,2430,1,6
corrupted/saveas/text/Evolution_Food_Culture_Alternative_Foods(saveas)_stream_zlib.pdf,saveas,16,66105,119716,8,
corrupted/saveas/text/Evolution_Food_Culture_Alternative_Foods(saveas)_stream_zlib.pdf,saveas,17,1290,3172,1,6
corrupted/saveas/text/Evolution_Food_Culture_Alternative_Foods(saveas)_stream_zlib.pdf,saveas,18,42443,113636,5,
corrupted/saveas/text/Evolution_Food_Culture_Alternative_Foods(saveas)_stream_zlib.pdf,saveas,19,412,957,1,6
corrupted/saveas/text/Evolution_Food_Culture_Alternative_Foods(saveas)_stream_zlib.pdf,saveas,20,9072,22884,1,6
corrupted/saveas/text/Evolution_Food_Culture_Alternative_Foods(saveas)_stream_zlib.pdf,saveas,21,609,1624,1,6
corrupted/saveas/text/Evolution_Food_Culture_Alternative_Foods(saveas)_stream_zlib.pdf,saveas,22,20315,42808,3,
corrupted/saveas/text/Evolution_Food_Culture_Alternative_Foods(saveas)_stream_zlib.pdf,saveas,23,660,1872,1,6
corrupted/saveas/text/Evolution_Food_Culture_Alternative_Foods(saveas)_stream_zlib.pdf,saveas,24,9336,21760,1,
corrupted/saveas/text/Evolution_Food_Culture_Alternative_Foods(saveas)_stream_zlib.pdf,saveas,25,5982,14580,1,
corrupted/saveas/text/Evolution_Food_Culture_Alternative_Foods(saveas)_stream_zlib.pdf,saveas,26,8691,34816,1,6
corrupted/saveas/text/Evolution_Food_Culture_Alternative_Foods(saveas)_stream_zlib.pdf,saveas,27,8184,22096,1,
corrupted/saveas/text/Evolution_Food_Culture_Alternative_Foods(saveas)_stream_zlib.pdf,saveas,28,351,698,1,6
corrupted/saveas/text/Evolution_Food_Culture_Alternative_Foods(saveas)_stream_zlib.pdf,saveas,29,6056,12828,1,
corrupted/saveas/text/Evolution_Food_Culture_Alternative_Foods(saveas)_stream_zlib.pdf,saveas,30,404,927,1,6
corrupted/saveas/text/Evolution_Food_Culture_Alternative_Foods(saveas)_stream_zlib.pdf,saveas,31,4486,9884,1,6
corrupted/saveas/text/Evolution_Food_Culture_Alternative_Foods(saveas)_stream_zlib.pdf,saveas,32,414,862,1,6
corrupted/saveas/text/Evolution_Food_Culture_Alternative_Foods(saveas)_stream_zlib.pdf,saveas,33,9654,26516,2,
corrupted/saveas/text/Evolution_Food_Culture_Alternative_Foods(saveas)_stream_zlib.pdf,saveas,34,438,1088,1,6
corrupted/saveas/text/Evolution_Food_Culture_Alternative_Foods(saveas)_stream_zlib.pdf,saveas,35,13710,31236,2,
corrupted/saveas/text/Evolution_Food_Culture_Alternative_Foods(saveas)_stream_zlib.pdf,saveas,36,635,1752,1,6
corrupted/saveas/text/Evolution_Food_Culture_Alternative_Foods(saveas)_stream_zlib.pdf,saveas,37,14548,49524,2,
corrupted/saveas/text/Evolution_Food_Culture_Alternative_Foods(saveas)_stream_zlib.pdf,saveas,38,674,2086,1,6
corrupted/saveas/text/Evolution_Food_Culture_Alternative_Foods(saveas)_stream_zlib.pdf,saveas,39,12502,29692,2,
corrupted/saveas/text/Evolution_Food_Culture_Alternative_Foods(saveas)_stream_zlib.pdf,saveas,41,2823,10038,1,
corrupted/saveas/text/International_Logistics_Fire_Report(saveas)_stream_zlib.pdf,saveas,0,3725,23622,1,6
corrupted/saveas/text/International_Logistics_Fire_Report(saveas)_stream_zlib.pdf,saveas,1,3134,22983,1,6
corrupted/saveas/text/International_Logistics_Fire_Report(saveas)_stream_zlib.pdf,saveas,2,6463,58817,1,
corrupted/saveas/text/International_Logistics_Fire_Report(saveas)_stream_zlib.pdf,saveas,3,3503,21577,1,
corrupted/saveas/text/International_Logistics_Fire_Report(saveas)_stream_zlib.pdf,saveas,4,3746,22398,1,
corrupted/saveas/text/International_Logistics_Fire_Report(saveas)_stream_zlib.pdf,saveas,5,6399,64319,1,6
corrupted/saveas/text/International_Logistics_Fire_Report(saveas)_stream_zlib.pdf,saveas,6,5340,39234,1,
corrupted/saveas/text/International_Logistics_Fire_Report(saveas)_stream_zlib.pdf,saveas,7,6443,41886,1,
corrupted/saveas/text/International_Logistics_Fire_Report(saveas)_stream_zlib.pdf,saveas,8,7147,43846,1,
corrupted/saveas/text/International_Logistics_Fire_Report(saveas)_stream_zlib.pdf,saveas,9,3396,9756,1,
corrupted/saveas/text/International_Logistics_Fire_Report(saveas)_stream_zlib.pdf,saveas,10,25892,81056,3,
corrupted/saveas/text/International_Logistics_Fire_Report(saveas)_stream_zlib.pdf,saveas,11,19170,116252,2,
corrupted/saveas/text/International_Logistics_Fire_Report(saveas)_stream_zlib.pdf,saveas,12,10635,17212,2,
corrupted/saveas/text/International_Logistics_Fire_Report(saveas)_stream_zlib.pdf,saveas,13,310,492,1,6
corrupted/saveas/text/International_Logistics_Fire_Report(saveas)_stream_zlib.pdf,saveas,14,9613,68252,1,
corrupted/saveas/text/International_Logistics_Fire_Report(saveas)_stream_zlib.pdf,saveas,15,674,1448,1,6
corrupted/saveas/text/International_Logistics_Fire_Report(saveas)_stream_zlib.pdf,saveas,16,23437,83044,3,
corrupted/saveas/text/International_Logistics_Fire_Report(saveas)_stream_zlib.pdf,saveas,17,922,2119,1,6
corrupted/saveas/text/International_Logistics_Fire_Report(saveas)_stream_zlib.pdf,saveas,18,23515,76664,3,
corrupted/saveas/text/International_Logistics_Fire_Report(saveas)_stream_zlib.pdf,saveas,19,420,898,1,6
corrupted/saveas/text/International_Logistics_Fire_Report(saveas)_stream_zlib.pdf,saveas,20,10962,28980,2,
corrupted/saveas/text/International_Logistics_Fire_Report(saveas)_stream_zlib.pdf,saveas,21,568,1500,1,6
corrupted/saveas/text/International_Logistics_Fire_Report(saveas)_stream_zlib.pdf,saveas,22,9665,21384,1,
corrupted/saveas/text/International_Logistics_Fire_Report(saveas)_stream_zlib.pdf,saveas,23,675,1787,1,6
corrupted/saveas/text/International_Logistics_Fire_Report(saveas)_stream_zlib.pdf,saveas,24,8673,22280,1,
corrupted/saveas/text/International_Logistics_Fire_Report(saveas)_stream_zlib.pdf,saveas,25,6702,31688,1,6
corrupted/saveas/text/International_Logistics_Fire_Report(saveas)_stream_zlib.pdf,saveas,26,10630,27296,2,
corrupted/saveas/text/International_Logistics_Fire_Report(saveas)_stream_zlib.pdf,saveas,27,11404,28560,2,
corrupted/saveas/text/International_Logistics_Fire_Report(saveas)_stream_zlib.pdf,saveas,28,325,605,1,6
corrupted/saveas/text/International_Logistics_Fire_Report(saveas)_stream_zlib.pdf,saveas,29,3694,8724,1,6
corrupted/saveas/text/International_Logistics_Fire_Report(saveas)_stream_zlib.pdf,saveas,30,434,955,1,6
corrupted/saveas/text/International_Logistics_Fire_Report(saveas)_stream_zlib.pdf,saveas,31,14017,32400,2,
corrupted/saveas/text/International_Logistics_Fire_Report(saveas)_stream_zlib.pdf,saveas,32,316,605,1,6
corrupted/saveas/text/International_Logistics_Fire_Report(saveas)_stream_zlib.pdf,saveas,33,7965,13988,1,6
corrupted/saveas/text/International_Logistics_Fire_Report(saveas)_stream_zlib.pdf,saveas,34,365,796,1,6
corrupted/saveas/text/International_Logistics_Fire_Report(saveas)_stream_zlib.pdf,saveas,35,7110,23844,1,6
corrupted/saveas/text/International_Logistics_Fire_Report(saveas)_stream_zlib.pdf,saveas,36,628,2013,1,6
corrupted/saveas/text/International_Logistics_Fire_Report(saveas)_stream_zlib.pdf,saveas,37,14618,31984,2,
corrupted/saveas/text/International_Logistics_Fire_Report(saveas)_stream_zlib.pdf,saveas,38,639,1787,1,6
corrupted/saveas/text/International_Logistics_Fire_Report(saveas)_stream_zlib.pdf,saveas,39,6923,15600,1,
corrupted/saveas/text/International_Logistics_Fire_Report(saveas)_stream_zlib.pdf,saveas,41,3165,11095,1,
corrupted/saveas/text/Lumina_Interior_Lighting_Designbook(saveas)_stream_zlib.pdf,saveas,0,3178,18718,1,6
corrupted/saveas/text/Lumina_Interior_Lighting_Designbook(saveas)_stream_zlib.pdf,saveas,1,2903,19968,1,6
corrupted/saveas/text/Lumina_Interior_Lighting_Designbook(saveas)_stream_zlib.pdf,saveas,2,6727,62732,1,6
corrupted/saveas/text/Lumina_Interior_Lighting_Designbook(saveas)_stream_zlib.pdf,saveas,3,3140,16873,1,6
corrupted/saveas/text/Lumina_Interior_Lighting_Designbook(saveas)_stream_zlib.pdf,saveas,4,3870,24843,1,
corrupted/saveas/text/Lumina_Interior_Lighting_Designbook(saveas)_stream_zlib.pdf,saveas,5,6335,62778,1,6
corrupted/saveas/text/Lumina_Interior_Lighting_Designbook(saveas)_stream_zlib.pdf,saveas,6,6081,40631,1,
corrupted/saveas/text/Lumina_Interior_Lighting_Designbook(saveas)_stream_zlib.pdf,saveas,7,6210,40483,1,
corrupted/saveas/text/Lumina_Interior_Lighting_Designbook(saveas)_stream_zlib.pdf,saveas,8,6383,37574,1,
corrupted/saveas/text/Lumina_Interior_Lighting_Designbook(saveas)_stream_zlib.pdf,saveas,9,8764,18580,1,
corrupted/saveas/text/Lumina_Interior_Lighting_Designbook(saveas)_stream_zlib.pdf,saveas,10,4373,11072,1,
corrupted/saveas/text/Lumina_Interior_Lighting_Designbook(saveas)_stream_zlib.pdf,saveas,11,226,337,1,6
corrupted/saveas/text/Lumina_Interior_Lighting_Designbook(saveas)_stream_zlib.pdf,saveas,12,23148,85412,3,
corrupted/saveas/text/Lumina_Interior_Lighting_Designbook(saveas)_stream_zlib.pdf,saveas,13,226,337,1,6
corrupted/saveas/text/Lumina_Interior_Lighting_Designbook(saveas)_stream_zlib.pdf,saveas,14,6033,11088,1,6
corrupted/saveas/text/Lumina_Interior_Lighting_Designbook(saveas)_stream_zlib.pdf,saveas,15,18204,58484,2,
corrupted/saveas/text/Lumina_Interior_Lighting_Designbook(saveas)_stream_zlib.pdf,saveas,16,225,337,1,6
corrupted/saveas/text/Lumina_Interior_Lighting_Designbook(saveas)_stream_zlib.pdf,saveas,17,10985,17692,2,
corrupted/saveas/text/Lumina_Interior_Lighting_Designbook(saveas)_stream_zlib.pdf,saveas,18,279,435,1,6
corrupted/saveas/text/Lumina_Interior_Lighting_Designbook(saveas)_stream_zlib.pdf,saveas,19,7408,40152,1,6
corrupted/saveas/text/Lumina_Interior_Lighting_Designbook(saveas)_stream_zlib.pdf,saveas,20,962,2236,1,6
corrupted/saveas/text/Lumina_Interior_Lighting_Designbook(saveas)_stream_zlib.pdf,saveas,21,61013,112516,7,
corrupted/saveas/text/Lumina_Interior_Lighting_Designbook(saveas)_stream_zlib.pdf,saveas,22,845,1940,1,6
corrupted/saveas/text/Lumina_Interior_Lighting_Designbook(saveas)_stream_zlib.pdf,saveas,23,20811,72964,3,
corrupted/saveas/text/Lumina_Interior_Lighting_Designbook(saveas)_stream_zlib.pdf,saveas,24,25892,81056,3,
corrupted/saveas/text/Lumina_Interior_Lighting_Designbook(saveas)_stream_zlib.pdf,saveas,25,335,632,1,6
corrupted/saveas/text/Lumina_Interior_Lighting_Designbook(saveas)_stream_zlib.pdf,saveas,26,3588,11528,1,6
corrupted/saveas/text/Lumina_Interior_Lighting_Designbook(saveas)_stream_zlib.pdf,saveas,27,711,1949,1,6
corrupted/saveas/text/Lumina_Interior_Lighting_Designbook(saveas)_stream_zlib.pdf,saveas,28,33813,72952,4,
corrupted/saveas/text/Lumina_Interior_Lighting_Designbook(saveas)_stream_zlib.pdf,saveas,29,696,1978,1,6
corrupted/saveas/text/Lumina_Interior_Lighting_Designbook(saveas)_stream_zlib.pdf,saveas,30,27576,70288,3,
corrupted/saveas/text/Lumina_Interior_Lighting_Designbook(saveas)_stream_zlib.pdf,saveas,31,2371,4780,1,6
corrupted/saveas/text/Lumina_Interior_Lighting_Designbook(saveas)_stream_zlib.pdf,saveas,32,9199,24496,1,
corrupted/saveas/text/Lumina_Interior_Lighting_Designbook(saveas)_stream_zlib.pdf,saveas,33,223,337,1,6
corrupted/saveas/text/Lumina_Interior_Lighting_Designbook(saveas)_stream_zlib.pdf,saveas,34,11524,40396,2,
corrupted/saveas/text/Lumina_Interior_Lighting_Designbook(saveas)_stream_zlib.pdf,saveas,35,335,628,1,6
corrupted/saveas/text/Lumina_Interior_Lighting_Designbook(saveas)_stream_zlib.pdf,saveas,36,3385,8296,1,6
corrupted/saveas/text/Lumina_Interior_Lighting_Designbook(saveas)_stream_zlib.pdf,saveas,37,317,583,1,6
corrupted/saveas/text/Lumina_Interior_Lighting_Designbook(saveas)_stream_zlib.pdf,saveas,38,4868,10328,1,6
corrupted/saveas/text/Lumina_Interior_Lighting_Designbook(saveas)_stream_zlib.pdf,saveas,39,319,636,1,6
corrupted/saveas/text/Lumina_Interior_Lighting_Designbook(saveas)_stream_zlib.pdf,saveas,40,8537,14956,1,6
corrupted/saveas/text/Lumina_Interior_Lighting_Designbook(saveas)_stream_zlib.pdf,saveas,41,316,604,1,6
corrupted/saveas/text/Lumina_Interior_Lighting_Designbook(saveas)_stream_zlib.pdf,saveas,42,13258,32240,2,
corrupted/saveas/text/Lumina_Interior_Lighting_Designbook(saveas)_stream_zlib.pdf,saveas,43,625,1782,1,6
corrupted/saveas/text/Lumina_Interior_Lighting_Designbook(saveas)_stream_zlib.pdf,saveas,44,15967,59356,2,
corrupted/saveas/text/Lumina_Interior_Lighting_Designbook(saveas)_stream_zlib.pdf,saveas,45,621,1643,1,6
corrupted/saveas/text/Lumina_Interior_Lighting_Designbook(saveas)_stream_zlib.pdf,saveas,46,8298,17948,1,
corrupted/saveas/text/Lumina_Interior_Lighting_Designbook(saveas)_stream_zlib.pdf,saveas,48,3195,10871,1,6
corrupted/saveas/text/NeoHome_Smart_Appliances_Catalog_v5(saveas)_stream_zlib.pdf,saveas,0,3241,19250,1,6
corrupted/saveas/text/NeoHome_Smart_Appliances_Catalog_v5(saveas)_stream_zlib.pdf,saveas,1,3002,19844,1,6
corrupted/saveas/text/NeoHome_Smart_Appliances_Catalog_v5(saveas)_stream_zlib.pdf,saveas,2,7708,82748,1,
corrupted/saveas/text/NeoHome_Smart_Appliances_Catalog_v5(saveas)_stream_zlib.pdf,saveas,3,3424,18497,1,6
corrupted/saveas/text/NeoHome_Smart_Appliances_Catalog_v5(saveas)_stream_zlib.pdf,saveas,4,3829,21007,1,6
corrupted/saveas/text/NeoHome_Smart_Appliances_Catalog_v5(saveas)_stream_zlib.pdf,saveas,5,7207,78257,1,
corrupted/saveas/text/NeoHome_Smart_Appliances_Catalog_v5(saveas)_stream_zlib.pdf,saveas,6,5393,38925,1,
corrupted/saveas/text/NeoHome_Smart_Appliances_Catalog_v5(saveas)_stream_zlib.pdf,saveas,7,6766,42782,1,
corrupted/saveas/text/NeoHome_Smart_Appliances_Catalog_v5(saveas)_stream_zlib.pdf,saveas,8,6433,43373,1,
corrupted/saveas/text/NeoHome_Smart_Appliances_Catalog_v5(saveas)_stream_zlib.pdf,saveas,9,2841,10495,1,
corrupted/saveas/text/NeoHome_Smart_Appliances_Catalog_v5(saveas)_stream_zlib.pdf,saveas,10,6700,22192,1,6
corrupted/saveas/text/NeoHome_Smart_Appliances_Catalog_v5(saveas)_stream_zlib.pdf,saveas,11,6066,13316,1,
corrupted/saveas/text/NeoHome_Smart_Appliances_Catalog_v5(saveas)_stream_zlib.pdf,saveas,12,226,337,1,6
corrupted/saveas/text/NeoHome_Smart_Appliances_Catalog_v5(saveas)_stream_zlib.pdf,saveas,13,23137,85376,3,
corrupted/saveas/text/NeoHome_Smart_Appliances_Catalog_v5(saveas)_stream_zlib.pdf,saveas,14,226,337,1,6
corrupted/saveas/text/NeoHome_Smart_Appliances_Catalog_v5(saveas)_stream_zlib.pdf,saveas,15,6033,11088,1,6
corrupted/saveas/text/NeoHome_Smart_Appliances_Catalog_v5(saveas)_stream_zlib.pdf,saveas,16,18204,58484,2,
corrupted/saveas/text/NeoHome_Smart_Appliances_Catalog_v5(saveas)_stream_zlib.pdf,saveas,17,25892,81056,3,
corrupted/saveas/text/NeoHome_Smart_Appliances_Catalog_v5(saveas)_stream_zlib.pdf,saveas,18,271,407,1,6
corrupted/saveas/text/NeoHome_Smart_Appliances_Catalog_v5(saveas)_stream_zlib.pdf,saveas,19,18124,50536,2,
corrupted/saveas/text/NeoHome_Smart_Appliances_Catalog_v5(saveas)_stream_zlib.pdf,saveas,20,1413,3626,1,6
corrupted/saveas/text/NeoHome_Smart_Appliances_Catalog_v5(saveas)_stream_zlib.pdf,saveas,21,70564,187224,7,
corrupted/saveas/text/NeoHome_Smart_Appliances_Catalog_v5(saveas)_stream_zlib.pdf,saveas,22,314,560,1,6
corrupted/saveas/text/NeoHome_Smart_Appliances_Catalog_v5(saveas)_stream_zlib.pdf,saveas,23,6627,18332,1,
corrupted/saveas/text/NeoHome_Smart_Appliances_Catalog_v5(saveas)_stream_zlib.pdf,saveas,24,722,2195,1,6
corrupted/saveas/text/NeoHome_Smart_Appliances_Catalog_v5(saveas)_stream_zlib.pdf,saveas,25,20746,45900,3,
corrupted/saveas/text/NeoHome_Smart_Appliances_Catalog_v5(saveas)_stream_zlib.pdf,saveas,26,5442,13960,1,
corrupted/saveas/text/NeoHome_Smart_Appliances_Catalog_v5(saveas)_stream_zlib.pdf,saveas,27,225,337,1,6
corrupted/saveas/text/NeoHome_Smart_Appliances_Catalog_v5(saveas)_stream_zlib.pdf,saveas,28,10823,38012,2,
corrupted/saveas/text/NeoHome_Smart_Appliances_Catalog_v5(saveas)_stream_zlib.pdf,saveas,29,350,684,1,6
corrupted/saveas/text/NeoHome_Smart_Appliances_Catalog_v5(saveas)_stream_zlib.pdf,saveas,30,5634,12000,1,
corrupted/saveas/text/NeoHome_Smart_Appliances_Catalog_v5(saveas)_stream_zlib.pdf,saveas,31,464,1138,1,6
corrupted/saveas/text/NeoHome_Smart_Appliances_Catalog_v5(saveas)_stream_zlib.pdf,saveas,32,7164,14100,1,6
corrupted/saveas/text/NeoHome_Smart_Appliances_Catalog_v5(saveas)_stream_zlib.pdf,saveas,33,348,672,1,6
corrupted/saveas/text/NeoHome_Smart_Appliances_Catalog_v5(saveas)_stream_zlib.pdf,saveas,34,10634,29136,2,
corrupted/saveas/text/NeoHome_Smart_Appliances_Catalog_v5(saveas)_stream_zlib.pdf,saveas,35,657,1806,1,6
corrupted/saveas/text/NeoHome_Smart_Appliances_Catalog_v5(saveas)_stream_zlib.pdf,saveas,36,18575,69120,2,
corrupted/saveas/text/NeoHome_Smart_Appliances_Catalog_v5(saveas)_stream_zlib.pdf,saveas,38,3301,11697,1,6
corrupted/saveas/text/New_Care_Models_Aging_Society(saveas)_stream_zlib.pdf,saveas,0,3267,16048,1,6
corrupted/saveas/text/New_Care_Models_Aging_Society(saveas)_stream_zlib.pdf,saveas,1,1877,8109,1,6
corrupted/saveas/text/New_Care_Models_Aging_Society(saveas)_stream_zlib.pdf,saveas,2,9182,104995,1,6
corrupted/saveas/text/New_Care_Models_Aging_Society(saveas)_stream_zlib.pdf,saveas,3,2610,11034,1,6
corrupted/saveas/text/New_Care_Models_Aging_Society(saveas)_stream_zlib.pdf,saveas,4,3194,13969,1,6
corrupted/saveas/text/New_Care_Models_Aging_Society(saveas)_stream_zlib.pdf,saveas,5,7574,93187,1,6
corrupted/saveas/text/New_Care_Models_Aging_Society(saveas)_stream_zlib.pdf,saveas,6,4360,39181,1,6
corrupted/saveas/text/New_Care_Models_Aging_Society(saveas)_stream_zlib.pdf,saveas,7,5848,44575,1,
corrupted/saveas/text/New_Care_Models_Aging_Society(saveas)_stream_zlib.pdf,saveas,8,6451,43918,1,
corrupted/saveas/text/New_Care_Models_Aging_Society(saveas)_stream_zlib.pdf,saveas,9,17125,89424,2,
corrupted/saveas/text/New_Care_Models_Aging_Society(saveas)_stream_zlib.pdf,saveas,10,25892,81056,3,
corrupted/saveas/text/New_Care_Models_Aging_Society(saveas)_stream_zlib.pdf,saveas,11,10641,21156,2,
corrupted/saveas/text/New_Care_Models_Aging_Society(saveas)_stream_zlib.pdf,saveas,12,382,670,1,6
corrupted/saveas/text/New_Care_Models_Aging_Society(saveas)_stream_zlib.pdf,saveas,13,15451,52340,2,
corrupted/saveas/text/New_Care_Models_Aging_Society(saveas)_stream_zlib.pdf,saveas,14,1746,4726,1,6
corrupted/saveas/text/New_Care_Models_Aging_Society(saveas)_stream_zlib.pdf,saveas,15,83787,230544,9,
corrupted/saveas/text/New_Care_Models_Aging_Society(saveas)_stream_zlib.pdf,saveas,16,391,865,1,6
corrupted/saveas/text/New_Care_Models_Aging_Society(saveas)_stream_zlib.pdf,saveas,17,19085,54808,2,
corrupted/saveas/text/New_Care_Models_Aging_Society(saveas)_stream_zlib.pdf,saveas,18,711,2114,1,6
corrupted/saveas/text/New_Care_Models_Aging_Society(saveas)_stream_zlib.pdf,saveas,19,18698,43436,2,
corrupted/saveas/text/New_Care_Models_Aging_Society(saveas)_stream_zlib.pdf,saveas,20,2609,5080,1,6
corrupted/saveas/text/New_Care_Models_Aging_Society(saveas)_stream_zlib.pdf,saveas,21,7601,16948,1,
corrupted/saveas/text/New_Care_Models_Aging_Society(saveas)_stream_zlib.pdf,saveas,22,3473,8212,1,6
corrupted/saveas/text/New_Care_Models_Aging_Society(saveas)_stream_zlib.pdf,saveas,23,388,847,1,6
corrupted/saveas/text/New_Care_Models_Aging_Society(saveas)_stream_zlib.pdf,saveas,24,4725,10288,1,6
corrupted/saveas/text/New_Care_Models_Aging_Society(saveas)_stream_zlib.pdf,saveas,25,402,859,1,6
corrupted/saveas/text/New_Care_Models_Aging_Society(saveas)_stream_zlib.pdf,saveas,26,15701,36572,2,
corrupted/saveas/text/New_Care_Models_Aging_Society(saveas)_stream_zlib.pdf,saveas,27,704,2134,1,6
corrupted/saveas/text/New_Care_Models_Aging_Society(saveas)_stream_zlib.pdf,saveas,28,21003,44192,3,
corrupted/saveas/text/New_Care_Models_Aging_Society(saveas)_stream_zlib.pdf,saveas,30,2857,10388,1,
corrupted/saveas/text/Next_Decade_Space_Exploration(saveas)_stream_zlib.pdf,saveas,0,3287,13726,1,6
corrupted/saveas/text/Next_Decade_Space_Exploration(saveas)_stream_zlib.pdf,saveas,1,1824,7897,1,6
corrupted/saveas/text/Next_Decade_Space_Exploration(saveas)_stream_zlib.pdf,saveas,2,8012,85072,1,
corrupted/saveas/text/Next_Decade_Space_Exploration(saveas)_stream_zlib.pdf,saveas,3,2959,11983,1,6
corrupted/saveas/text/Next_Decade_Space_Exploration(saveas)_stream_zlib.pdf,saveas,4,3411,14523,1,6
corrupted/saveas/text/Next_Decade_Space_Exploration(saveas)_stream_zlib.pdf,saveas,5,6922,75045,1,
corrupted/saveas/text/Next_Decade_Space_Exploration(saveas)_stream_zlib.pdf,saveas,6,4326,39214,1,6
corrupted/saveas/text/Next_Decade_Space_Exploration(saveas)_stream_zlib.pdf,saveas,7,5643,43651,1,
corrupted/saveas/text/Next_Decade_Space_Exploration(saveas)_stream_zlib.pdf,saveas,8,3823,22936,1,6
corrupted/saveas/text/Next_Decade_Space_Exploration(saveas)_stream_zlib.pdf,saveas,9,7235,12764,1,6
corrupted/saveas/text/Next_Decade_Space_Exploration(saveas)_stream_zlib.pdf,saveas,10,25892,81056,3,
corrupted/saveas/text/Next_Decade_Space_Exploration(saveas)_stream_zlib.pdf,saveas,11,363,730,1,6
corrupted/saveas/text/Next_Decade_Space_Exploration(saveas)_stream_zlib.pdf,saveas,12,4986,11892,1,
corrupted/saveas/text/Next_Decade_Space_Exploration(saveas)_stream_zlib.pdf,saveas,13,302,541,1,6
corrupted/saveas/text/Next_Decade_Space_Exploration(saveas)_stream_zlib.pdf,saveas,14,10187,20464,2,
corrupted/saveas/text/Next_Decade_Space_Exploration(saveas)_stream_zlib.pdf,saveas,15,383,660,1,6
corrupted/saveas/text/Next_Decade_Space_Exploration(saveas)_stream_zlib.pdf,saveas,16,5419,52480,1,6
corrupted/saveas/text/Next_Decade_Space_Exploration(saveas)_stream_zlib.pdf,saveas,17,1214,3034,1,6
corrupted/saveas/text/Next_Decade_Space_Exploration(saveas)_stream_zlib.pdf,saveas,18,77664,136648,9,
corrupted/saveas/text/Next_Decade_Space_Exploration(saveas)_stream_zlib.pdf,saveas,19,1097,2759,1,6
corrupted/saveas/text/Next_Decade_Space_Exploration(saveas)_stream_zlib.pdf,saveas,20,82777,156692,8,
corrupted/saveas/text/Next_Decade_Space_Exploration(saveas)_stream_zlib.pdf,saveas,21,435,972,1,6
corrupted/saveas/text/Next_Decade_Space_Exploration(saveas)_stream_zlib.pdf,saveas,22,15512,32832,2,
corrupted/saveas/text/Next_Decade_Space_Exploration(saveas)_stream_zlib.pdf,saveas,23,638,1641,1,6
corrupted/saveas/text/Next_Decade_Space_Exploration(saveas)_stream_zlib.pdf,saveas,24,8494,22620,1,6
corrupted/saveas/text/Next_Decade_Space_Exploration(saveas)_stream_zlib.pdf,saveas,25,640,1752,1,6
corrupted/saveas/text/Next_Decade_Space_Exploration(saveas)_stream_zlib.pdf,saveas,26,23702,52308,3,
corrupted/saveas/text/Next_Decade_Space_Exploration(saveas)_stream_zlib.pdf,saveas,27,9017,24072,1,
corrupted/saveas/text/Next_Decade_Space_Exploration(saveas)_stream_zlib.pdf,saveas,28,9423,36008,1,
corrupted/saveas/text/Next_Decade_Space_Exploration(saveas)_stream_zlib.pdf,saveas,29,323,619,1,6
corrupted/saveas/text/Next_Decade_Space_Exploration(saveas)_stream_zlib.pdf,saveas,30,3150,7664,1,6
corrupted/saveas/text/Next_Decade_Space_Exploration(saveas)_stream_zlib.pdf,saveas,31,422,990,1,6
corrupted/saveas/text/Next_Decade_Space_Exploration(saveas)_stream_zlib.pdf,saveas,32,4846,10416,1,6
corrupted/saveas/text/Next_Decade_Space_Exploration(saveas)_stream_zlib.pdf,saveas,33,340,692,1,6
corrupted/saveas/text/Next_Decade_Space_Exploration(saveas)_stream_zlib.pdf,saveas,34,6234,11120,1,
corrupted/saveas/text/Next_Decade_Space_Exploration(saveas)_stream_zlib.pdf,saveas,35,406,825,1,6
corrupted/saveas/text/Next_Decade_Space_Exploration(saveas)_stream_zlib.pdf,saveas,36,16298,37620,2,
corrupted/saveas/text/Next_Decade_Space_Exploration(saveas)_stream_zlib.pdf,saveas,37,627,1885,1,6
corrupted/saveas/text/Next_Decade_Space_Exploration(saveas)_stream_zlib.pdf,saveas,38,15551,48116,2,
corrupted/saveas/text/Next_Decade_Space_Exploration(saveas)_stream_zlib.pdf,saveas,39,659,1821,1,6
corrupted/saveas/text/Next_Decade_Space_Exploration(saveas)_stream_zlib.pdf,saveas,40,7462,17364,1,
corrupted/saveas/text/Next_Decade_Space_Exploration(saveas)_stream_zlib.pdf,saveas,42,2668,9268,1,
corrupted/saveas/text/OceanQuest_Modular_Water_Leisure_Equipment_Guide(saveas)_stream_zlib.pdf,saveas,0,2475,19140,1,6
corrupted/saveas/text/OceanQuest_Modular_Water_Leisure_Equipment_Guide(saveas)_stream_zlib.pdf,saveas,1,1810,13000,1,6
corrupted/saveas/text/OceanQuest_Modular_Water_Leisure_Equipment_Guide(saveas)_stream_zlib.pdf,saveas,2,8198,113505,1,
corrupted/saveas/text/OceanQuest_Modular_Water_Leisure_Equipment_Guide(saveas)_stream_zlib.pdf,saveas,3,2742,16610,1,6
corrupted/saveas/text/OceanQuest_Modular_Water_Leisure_Equipment_Guide(saveas)_stream_zlib.pdf,saveas,4,2063,17830,1,6
corrupted/saveas/text/OceanQuest_Modular_Water_Leisure_Equipment_Guide(saveas)_stream_zlib.pdf,saveas,5,6991,88958,1,
corrupted/saveas/text/OceanQuest_Modular_Water_Leisure_Equipment_Guide(saveas)_stream_zlib.pdf,saveas,6,4883,38811,1,
corrupted/saveas/text/OceanQuest_Modular_Water_Leisure_Equipment_Guide(saveas)_stream_zlib.pdf,saveas,7,6360,44195,1,
corrupted/saveas/text/OceanQuest_Modular_Water_Leisure_Equipment_Guide(saveas)_stream_zlib.pdf,saveas,8,4623,39955,1,6
corrupted/saveas/text/OceanQuest_Modular_Water_Leisure_Equipment_Guide(saveas)_stream_zlib.pdf,saveas,9,4764,23422,1,
corrupted/saveas/text/OceanQuest_Modular_Water_Leisure_Equipment_Guide(saveas)_stream_zlib.pdf,saveas,10,10011,20284,2,
corrupted/saveas/text/OceanQuest_Modular_Water_Leisure_Equipment_Guide(saveas)_stream_zlib.pdf,saveas,11,8926,14964,1,6
corrupted/saveas/text/OceanQuest_Modular_Water_Leisure_Equipment_Guide(saveas)_stream_zlib.pdf,saveas,12,25892,81056,3,
corrupted/saveas/text/OceanQuest_Modular_Water_Leisure_Equipment_Guide(saveas)_stream_zlib.pdf,saveas,13,691,1473,1,6
corrupted/saveas/text/OceanQuest_Modular_Water_Leisure_Equipment_Guide(saveas)_stream_zlib.pdf,saveas,14,29711,106224,3,
corrupted/saveas/text/OceanQuest_Modular_Water_Leisure_Equipment_Guide(saveas)_stream_zlib.pdf,saveas,15,498,940,1,6
corrupted/saveas/text/OceanQuest_Modular_Water_Leisure_Equipment_Guide(saveas)_stream_zlib.pdf,saveas,16,10047,58792,2,
corrupted/saveas/text/OceanQuest_Modular_Water_Leisure_Equipment_Guide(saveas)_stream_zlib.pdf,saveas,17,552,1433,1,6
corrupted/saveas/text/OceanQuest_Modular_Water_Leisure_Equipment_Guide(saveas)_stream_zlib.pdf,saveas,18,26598,69420,3,
corrupted/saveas/text/OceanQuest_Modular_Water_Leisure_Equipment_Guide(saveas)_stream_zlib.pdf,saveas,19,516,1242,1,6
corrupted/saveas/text/OceanQuest_Modular_Water_Leisure_Equipment_Guide(saveas)_stream_zlib.pdf,saveas,20,8596,25576,1,
corrupted/saveas/text/OceanQuest_Modular_Water_Leisure_Equipment_Guide(saveas)_stream_zlib.pdf,saveas,21,3371,6132,1,6
corrupted/saveas/text/OceanQuest_Modular_Water_Leisure_Equipment_Guide(saveas)_stream_zlib.pdf,saveas,22,8933,35136,1,6
corrupted/saveas/text/OceanQuest_Modular_Water_Leisure_Equipment_Guide(saveas)_stream_zlib.pdf,saveas,23,4445,9644,1,6
corrupted/saveas/text/OceanQuest_Modular_Water_Leisure_Equipment_Guide(saveas)_stream_zlib.pdf,saveas,24,9701,26580,2,
corrupted/saveas/text/OceanQuest_Modular_Water_Leisure_Equipment_Guide(saveas)_stream_zlib.pdf,saveas,25,587,1679,1,6
corrupted/saveas/text/OceanQuest_Modular_Water_Leisure_Equipment_Guide(saveas)_stream_zlib.pdf,saveas,26,12594,28388,2,
corrupted/saveas/text/OceanQuest_Modular_Water_Leisure_Equipment_Guide(saveas)_stream_zlib.pdf,saveas,27,526,1305,1,6
corrupted/saveas/text/OceanQuest_Modular_Water_Leisure_Equipment_Guide(saveas)_stream_zlib.pdf,saveas,28,5304,12220,1,
corrupted/saveas/text/OceanQuest_Modular_Water_Leisure_Equipment_Guide(saveas)_stream_zlib.pdf,saveas,30,3267,12012,1,
corrupted/saveas/text/PetPal_Smart_PetCare_Products(saveas)_stream_zlib.pdf,saveas,0,3187,18508,1,6
corrupted/saveas/text/PetPal_Smart_PetCare_Products(saveas)_stream_zlib.pdf,saveas,1,2408,15726,1,6
corrupted/saveas/text/PetPal_Smart_PetCare_Products(saveas)_stream_zlib.pdf,saveas,2,6793,65635,1,6
corrupted/saveas/text/PetPal_Smart_PetCare_Products(saveas)_stream_zlib.pdf,saveas,3,3003,16454,1,6
corrupted/saveas/text/PetPal_Smart_PetCare_Products(saveas)_stream_zlib.pdf,saveas,4,3681,20964,1,6
corrupted/saveas/text/PetPal_Smart_PetCare_Products(saveas)_stream_zlib.pdf,saveas,5,6447,65212,1,6
corrupted/saveas/text/PetPal_Smart_PetCare_Products(saveas)_stream_zlib.pdf,saveas,6,6009,40570,1,
corrupted/saveas/text/PetPal_Smart_PetCare_Products(saveas)_stream_zlib.pdf,saveas,7,6140,40283,1,
corrupted/saveas/text/PetPal_Smart_PetCare_Products(saveas)_stream_zlib.pdf,saveas,8,6006,35329,1,
corrupted/saveas/text/PetPal_Smart_PetCare_Products(saveas)_stream_zlib.pdf,saveas,9,15968,86992,2,
corrupted/saveas/text/PetPal_Smart_PetCare_Products(saveas)_stream_zlib.pdf,saveas,10,405,861,1,6
corrupted/saveas/text/PetPal_Smart_PetCare_Products(saveas)_stream_zlib.pdf,saveas,11,10604,34684,2,
corrupted/saveas/text/PetPal_Smart_PetCare_Products(saveas)_stream_zlib.pdf,saveas,12,226,337,1,6
corrupted/saveas/text/PetPal_Smart_PetCare_Products(saveas)_stream_zlib.pdf,saveas,13,6033,11088,1,6
corrupted/saveas/text/PetPal_Smart_PetCare_Products(saveas)_stream_zlib.pdf,saveas,14,18204,58484,2,
corrupted/saveas/text/PetPal_Smart_PetCare_Products(saveas)_stream_zlib.pdf,saveas,15,5011,11960,1,
corrupted/saveas/text/PetPal_Smart_PetCare_Products(saveas)_stream_zlib.pdf,saveas,16,226,337,1,6
corrupted/saveas/text/PetPal_Smart_PetCare_Products(saveas)_stream_zlib.pdf,saveas,17,23137,85376,3,
corrupted/saveas/text/PetPal_Smart_PetCare_Products(saveas)_stream_zlib.pdf,saveas,18,25892,81056,3,
corrupted/saveas/text/PetPal_Smart_PetCare_Products(saveas)_stream_zlib.pdf,saveas,19,285,435,1,6
corrupted/saveas/text/PetPal_Smart_PetCare_Products(saveas)_stream_zlib.pdf,saveas,20,18878,51480,2,
corrupted/saveas/text/PetPal_Smart_PetCare_Products(saveas)_stream_zlib.pdf,saveas,21,1121,2821,1,6
corrupted/saveas/text/PetPal_Smart_PetCare_Products(saveas)_stream_zlib.pdf,saveas,22,51765,151248,5,
corrupted/saveas/text/PetPal_Smart_PetCare_Products(saveas)_stream_zlib.pdf,saveas,23,456,842,1,6
corrupted/saveas/text/PetPal_Smart_PetCare_Products(saveas)_stream_zlib.pdf,saveas,24,28313,71656,3,
corrupted/saveas/text/PetPal_Smart_PetCare_Products(saveas)_stream_zlib.pdf,saveas,25,307,540,1,6
corrupted/saveas/text/PetPal_Smart_PetCare_Products(saveas)_stream_zlib.pdf,saveas,26,6151,15976,1,6
corrupted/saveas/text/PetPal_Smart_PetCare_Products(saveas)_stream_zlib.pdf,saveas,27,636,1769,1,6
corrupted/saveas/text/PetPal_Smart_PetCare_Products(saveas)_stream_zlib.pdf,saveas,28,9292,21464,1,
corrupted/saveas/text/PetPal_Smart_PetCare_Products(saveas)_stream_zlib.pdf,saveas,29,612,1578,1,6
corrupted/saveas/text/PetPal_Smart_PetCare_Products(saveas)_stream_zlib.pdf,saveas,30,8573,22592,1,
corrupted/saveas/text/PetPal_Smart_PetCare_Products(saveas)_stream_zlib.pdf,saveas,31,5312,13748,1,
corrupted/saveas/text/PetPal_Smart_PetCare_Products(saveas)_stream_zlib.pdf,saveas,32,9466,24728,1,
corrupted/saveas/text/PetPal_Smart_PetCare_Products(saveas)_stream_zlib.pdf,saveas,33,275,471,1,6
corrupted/saveas/text/PetPal_Smart_PetCare_Products(saveas)_stream_zlib.pdf,saveas,34,9029,35400,1,6
corrupted/saveas/text/PetPal_Smart_PetCare_Products(saveas)_stream_zlib.pdf,saveas,35,5215,11120,1,6
corrupted/saveas/text/PetPal_Smart_PetCare_Products(saveas)_stream_zlib.pdf,saveas,36,405,905,1,6
corrupted/saveas/text/PetPal_Smart_PetCare_Products(saveas)_stream_zlib.pdf,saveas,37,4602,10112,1,6
corrupted/saveas/text/PetPal_Smart_PetCare_Products(saveas)_stream_zlib.pdf,saveas,38,381,740,1,6
corrupted/saveas/text/PetPal_Smart_PetCare_Products(saveas)_stream_zlib.pdf,saveas,39,10523,27444,2,
corrupted/saveas/text/PetPal_Smart_PetCare_Products(saveas)_stream_zlib.pdf,saveas,40,362,754,1,6
corrupted/saveas/text/PetPal_Smart_PetCare_Products(saveas)_stream_zlib.pdf,saveas,41,10926,29592,2,
corrupted/saveas/text/PetPal_Smart_PetCare_Products(saveas)_stream_zlib.pdf,saveas,42,657,1989,1,6
corrupted/saveas/text/PetPal_Smart_PetCare_Products(saveas)_stream_zlib.pdf,saveas,43,15337,50684,2,
corrupted/saveas/text/PetPal_Smart_PetCare_Products(saveas)_stream_zlib.pdf,saveas,44,629,1796,1,6
corrupted/saveas/text/PetPal_Smart_PetCare_Products(saveas)_stream_zlib.pdf,saveas,45,7515,16576,1,
corrupted/saveas/text/PetPal_Smart_PetCare_Products(saveas)_stream_zlib.pdf,saveas,47,3107,10619,1,
corrupted/saveas/text/Quantum_Computing_Race(saveas)_stream_zlib.pdf,saveas,0,3037,13522,1,6
corrupted/saveas/text/Quantum_Computing_Race(saveas)_stream_zlib.pdf,saveas,1,1921,8147,1,6
corrupted/saveas/text/Quantum_Computing_Race(saveas)_stream_zlib.pdf,saveas,2,9419,101471,1,
corrupted/saveas/text/Quantum_Computing_Race(saveas)_stream_zlib.pdf,saveas,3,3101,12418,1,6
corrupted/saveas/text/Quantum_Computing_Race(saveas)_stream_zlib.pdf,saveas,4,3710,16121,1,6
corrupted/saveas/text/Quantum_Computing_Race(saveas)_stream_zlib.pdf,saveas,5,8064,92305,1,6
corrupted/saveas/text/Quantum_Computing_Race(saveas)_stream_zlib.pdf,saveas,6,4318,39162,1,6
corrupted/saveas/text/Quantum_Computing_Race(saveas)_stream_zlib.pdf,saveas,7,5829,44385,1,
corrupted/saveas/text/Quantum_Computing_Race(saveas)_stream_zlib.pdf,saveas,8,5877,39463,1,
corrupted/saveas/text/Quantum_Computing_Race(saveas)_stream_zlib.pdf,saveas,9,6606,11488,1,6
corrupted/saveas/text/Quantum_Computing_Race(saveas)_stream_zlib.pdf,saveas,10,25892,81056,3,
corrupted/saveas/text/Quantum_Computing_Race(saveas)_stream_zlib.pdf,saveas,11,227,337,1,6
corrupted/saveas/text/Quantum_Computing_Race(saveas)_stream_zlib.pdf,saveas,12,11497,36764,2,
corrupted/saveas/text/Quantum_Computing_Race(saveas)_stream_zlib.pdf,saveas,13,10377,20736,2,
corrupted/saveas/text/Quantum_Computing_Race(saveas)_stream_zlib.pdf,saveas,14,425,754,1,6
corrupted/saveas/text/Quantum_Computing_Race(saveas)_stream_zlib.pdf,saveas,15,17616,55320,2,
corrupted/saveas/text/Quantum_Computing_Race(saveas)_stream_zlib.pdf,saveas,16,1158,2834,1,6
corrupted/saveas/text/Quantum_Computing_Race(saveas)_stream_zlib.pdf,saveas,17,38026,105860,4,
corrupted/saveas/text/Quantum_Computing_Race(saveas)_stream_zlib.pdf,saveas,18,1091,2653,1,6
corrupted/saveas/text/Quantum_Computing_Race(saveas)_stream_zlib.pdf,saveas,19,26774,81252,3,
corrupted/saveas/text/Quantum_Computing_Race(saveas)_stream_zlib.pdf,saveas,20,421,936,1,6
corrupted/saveas/text/Quantum_Computing_Race(saveas)_stream_zlib.pdf,saveas,21,8069,20224,1,6
corrupted/saveas/text/Quantum_Computing_Race(saveas)_stream_zlib.pdf,saveas,22,631,1700,1,6
corrupted/saveas/text/Quantum_Computing_Race(saveas)_stream_zlib.pdf,saveas,23,26782,71280,3,
corrupted/saveas/text/Quantum_Computing_Race(saveas)_stream_zlib.pdf,saveas,24,805,2547,1,6
corrupted/saveas/text/Quantum_Computing_Race(saveas)_stream_zlib.pdf,saveas,25,24340,82428,2,
corrupted/saveas/text/Quantum_Computing_Race(saveas)_stream_zlib.pdf,saveas,26,8213,22656,1,
corrupted/saveas/text/Quantum_Computing_Race(saveas)_stream_zlib.pdf,saveas,27,3108,5824,1,6
corrupted/saveas/text/Quantum_Computing_Race(saveas)_stream_zlib.pdf,saveas,28,9431,35932,1,6
corrupted/saveas/text/Quantum_Computing_Race(saveas)_stream_zlib.pdf,saveas,29,373,736,1,6
corrupted/saveas/text/Quantum_Computing_Race(saveas)_stream_zlib.pdf,saveas,30,8338,24888,1,
corrupted/saveas/text/Quantum_Computing_Race(saveas)_stream_zlib.pdf,saveas,31,437,1104,1,6
corrupted/saveas/text/Quantum_Computing_Race(saveas)_stream_zlib.pdf,saveas,32,4696,10232,1,6
corrupted/saveas/text/Quantum_Computing_Race(saveas)_stream_zlib.pdf,saveas,33,330,647,1,6
corrupted/saveas/text/Quantum_Computing_Race(saveas)_stream_zlib.pdf,saveas,34,4789,10164,1,6
corrupted/saveas/text/Quantum_Computing_Race(saveas)_stream_zlib.pdf,saveas,35,22998,85136,3,
corrupted/saveas/text/Quantum_Computing_Race(saveas)_stream_zlib.pdf,saveas,36,404,906,1,6
corrupted/saveas/text/Quantum_Computing_Race(saveas)_stream_zlib.pdf,saveas,37,9211,29180,1,6
corrupted/saveas/text/Quantum_Computing_Race(saveas)_stream_zlib.pdf,saveas,38,675,2000,1,6
corrupted/saveas/text/Quantum_Computing_Race(saveas)_stream_zlib.pdf,saveas,39,12301,29396,2,
corrupted/saveas/text/Quantum_Computing_Race(saveas)_stream_zlib.pdf,saveas,40,648,1796,1,6
corrupted/saveas/text/Quantum_Computing_Race(saveas)_stream_zlib.pdf,saveas,41,6514,15484,1,
corrupted/saveas/text/Quantum_Computing_Race(saveas)_stream_zlib.pdf,saveas,43,2994,10521,1,
corrupted/saveas/text/Robots_Automation_Future_Work(saveas)_stream_zlib.pdf,saveas,0,2715,11707,1,6
corrupted/saveas/text/Robots_Automation_Future_Work(saveas)_stream_zlib.pdf,saveas,1,1687,7137,1,6
corrupted/saveas/text/Robots_Automation_Future_Work(saveas)_stream_zlib.pdf,saveas,2,7987,86621,1,
corrupted/saveas/text/Robots_Automation_Future_Work(saveas)_stream_zlib.pdf,saveas,3,2804,11616,1,6
corrupted/saveas/text/Robots_Automation_Future_Work(saveas)_stream_zlib.pdf,saveas,4,3328,13669,1,6
corrupted/saveas/text/Robots_Automation_Future_Work(saveas)_stream_zlib.pdf,saveas,5,7212,82658,1,
corrupted/saveas/text/Robots_Automation_Future_Work(saveas)_stream_zlib.pdf,saveas,6,4321,39175,1,6
corrupted/saveas/text/Robots_Automation_Future_Work(saveas)_stream_zlib.pdf,saveas,7,5708,43773,1,
corrupted/saveas/text/Robots_Automation_Future_Work(saveas)_stream_zlib.pdf,saveas,8,4461,27976,1,6
corrupted/saveas/text/Robots_Automation_Future_Work(saveas)_stream_zlib.pdf,saveas,9,9750,19936,2,
corrupted/saveas/text/Robots_Automation_Future_Work(saveas)_stream_zlib.pdf,saveas,10,25892,81056,3,
corrupted/saveas/text/Robots_Automation_Future_Work(saveas)_stream_zlib.pdf,saveas,11,227,337,1,6
corrupted/saveas/text/Robots_Automation_Future_Work(saveas)_stream_zlib.pdf,saveas,12,10568,35172,2,
corrupted/saveas/text/Robots_Automation_Future_Work(saveas)_stream_zlib.pdf,saveas,13,17559,90380,2,
corrupted/saveas/text/Robots_Automation_Future_Work(saveas)_stream_zlib.pdf,saveas,14,346,590,1,6
corrupted/saveas/text/Robots_Automation_Future_Work(saveas)_stream_zlib.pdf,saveas,15,11341,70848,2,
corrupted/saveas/text/Robots_Automation_Future_Work(saveas)_stream_zlib.pdf,saveas,16,1170,2794,1,6
corrupted/saveas/text/Robots_Automation_Future_Work(saveas)_stream_zlib.pdf,saveas,17,74230,131336,8,
corrupted/saveas/text/Robots_Automation_Future_Work(saveas)_stream_zlib.pdf,saveas,18,888,2055,1,6
corrupted/saveas/text/Robots_Automation_Future_Work(saveas)_stream_zlib.pdf,saveas,19,27560,89320,3,
corrupted/saveas/text/Robots_Automation_Future_Work(saveas)_stream_zlib.pdf,saveas,20,22998,85136,3,
corrupted/saveas/text/Robots_Automation_Future_Work(saveas)_stream_zlib.pdf,saveas,21,395,921,1,6
corrupted/saveas/text/Robots_Automation_Future_Work(saveas)_stream_zlib.pdf,saveas,22,8070,19696,1,6
corrupted/saveas/text/Robots_Automation_Future_Work(saveas)_stream_zlib.pdf,saveas,23,653,1786,1,6
corrupted/saveas/text/Robots_Automation_Future_Work(saveas)_stream_zlib.pdf,saveas,24,25379,56416,3,
corrupted/saveas/text/Robots_Automation_Future_Work(saveas)_stream_zlib.pdf,saveas,25,699,1979,1,6
corrupted/saveas/text/Robots_Automation_Future_Work(saveas)_stream_zlib.pdf,saveas,26,8284,23036,1,
corrupted/saveas/text/Robots_Automation_Future_Work(saveas)_stream_zlib.pdf,saveas,27,6436,15388,1,
corrupted/saveas/text/Robots_Automation_Future_Work(saveas)_stream_zlib.pdf,saveas,28,8816,34996,1,6
corrupted/saveas/text/Robots_Automation_Future_Work(saveas)_stream_zlib.pdf,saveas,29,9115,24196,1,
corrupted/saveas/text/Robots_Automation_Future_Work(saveas)_stream_zlib.pdf,saveas,30,5805,12436,1,
corrupted/saveas/text/Robots_Automation_Future_Work(saveas)_stream_zlib.pdf,saveas,31,405,889,1,6
corrupted/saveas/text/Robots_Automation_Future_Work(saveas)_stream_zlib.pdf,saveas,32,4405,9884,1,6
corrupted/saveas/text/Robots_Automation_Future_Work(saveas)_stream_zlib.pdf,saveas,33,337,656,1,6
corrupted/saveas/text/Robots_Automation_Future_Work(saveas)_stream_zlib.pdf,saveas,34,6060,10908,1,6
corrupted/saveas/text/Robots_Automation_Future_Work(saveas)_stream_zlib.pdf,saveas,35,479,1145,1,6
corrupted/saveas/text/Robots_Automation_Future_Work(saveas)_stream_zlib.pdf,saveas,36,10351,32636,2,
corrupted/saveas/text/Robots_Automation_Future_Work(saveas)_stream_zlib.pdf,saveas,37,631,1840,1,6
corrupted/saveas/text/Robots_Automation_Future_Work(saveas)_stream_zlib.pdf,saveas,38,11701,27840,2,
corrupted/saveas/text/Robots_Automation_Future_Work(saveas)_stream_zlib.pdf,saveas,39,627,1578,1,6
corrupted/saveas/text/Robots_Automation_Future_Work(saveas)_stream_zlib.pdf,saveas,40,6755,16644,1,
corrupted/saveas/text/Robots_Automation_Future_Work(saveas)_stream_zlib.pdf,saveas,42,2740,9597,1,6
corrupted/saveas/text/Security_Breach_Investigation_Report(saveas)_stream_zlib.pdf,saveas,0,3931,25796,1,6
corrupted/saveas/text/Security_Breach_Investigation_Report(saveas)_stream_zlib.pdf,saveas,1,3375,25628,1,6
corrupted/saveas/text/Security_Breach_Investigation_Report(saveas)_stream_zlib.pdf,saveas,2,6748,62800,1,6
corrupted/saveas/text/Security_Breach_Investigation_Report(saveas)_stream_zlib.pdf,saveas,3,3673,23045,1,6
corrupted/saveas/text/Security_Breach_Investigation_Report(saveas)_stream_zlib.pdf,saveas,4,4266,24873,1,6
corrupted/saveas/text/Security_Breach_Investigation_Report(saveas)_stream_zlib.pdf,saveas,5,6600,63982,1,
corrupted/saveas/text/Security_Breach_Investigation_Report(saveas)_stream_zlib.pdf,saveas,6,5458,39495,1,
corrupted/saveas/text/Security_Breach_Investigation_Report(saveas)_stream_zlib.pdf,saveas,7,6365,42354,1,
corrupted/saveas/text/Security_Breach_Investigation_Report(saveas)_stream_zlib.pdf,saveas,8,8302,50961,1,
corrupted/saveas/text/Security_Breach_Investigation_Report(saveas)_stream_zlib.pdf,saveas,9,225,337,1,6
corrupted/saveas/text/Security_Breach_Investigation_Report(saveas)_stream_zlib.pdf,saveas,10,3779,10224,1,
corrupted/saveas/text/Security_Breach_Investigation_Report(saveas)_stream_zlib.pdf,saveas,11,25892,81056,3,
corrupted/saveas/text/Security_Breach_Investigation_Report(saveas)_stream_zlib.pdf,saveas,12,11003,17576,2,
corrupted/saveas/text/Security_Breach_Investigation_Report(saveas)_stream_zlib.pdf,saveas,13,225,337,1,6
corrupted/saveas/text/Security_Breach_Investigation_Report(saveas)_stream_zlib.pdf,saveas,14,19382,116376,2,
corrupted/saveas/text/Security_Breach_Investigation_Report(saveas)_stream_zlib.pdf,saveas,15,317,506,1,6
corrupted/saveas/text/Security_Breach_Investigation_Report(saveas)_stream_zlib.pdf,saveas,16,21675,55832,3,
corrupted/saveas/text/Security_Breach_Investigation_Report(saveas)_stream_zlib.pdf,saveas,17,1058,2506,1,6
corrupted/saveas/text/Security_Breach_Investigation_Report(saveas)_stream_zlib.pdf,saveas,18,27968,83104,4,
corrupted/saveas/text/Security_Breach_Investigation_Report(saveas)_stream_zlib.pdf,saveas,19,657,1336,1,6
corrupted/saveas/text/Security_Breach_Investigation_Report(saveas)_stream_zlib.pdf,saveas,20,28886,103436,3,
corrupted/saveas/text/Security_Breach_Investigation_Report(saveas)_stream_zlib.pdf,saveas,21,224,337,1,6
corrupted/saveas/text/Security_Breach_Investigation_Report(saveas)_stream_zlib.pdf,saveas,22,18601,43752,2,
corrupted/saveas/text/Security_Breach_Investigation_Report(saveas)_stream_zlib.pdf,saveas,23,393,865,1,6
corrupted/saveas/text/Security_Breach_Investigation_Report(saveas)_stream_zlib.pdf,saveas,24,5368,14320,1,6
corrupted/saveas/text/Security_Breach_Investigation_Report(saveas)_stream_zlib.pdf,saveas,25,592,1621,1,6
corrupted/saveas/text/Security_Breach_Investigation_Report(saveas)_stream_zlib.pdf,saveas,26,30863,77052,3,
corrupted/saveas/text/Security_Breach_Investigation_Report(saveas)_stream_zlib.pdf,saveas,27,526,1270,1,6
corrupted/saveas/text/Security_Breach_Investigation_Report(saveas)_stream_zlib.pdf,saveas,28,21238,45308,3,
corrupted/saveas/text/Security_Breach_Investigation_Report(saveas)_stream_zlib.pdf,saveas,29,225,337,1,6
corrupted/saveas/text/Security_Breach_Investigation_Report(saveas)_stream_zlib.pdf,saveas,30,7929,21948,1,
corrupted/saveas/text/Security_Breach_Investigation_Report(saveas)_stream_zlib.pdf,saveas,31,10325,20612,2,
corrupted/saveas/text/Security_Breach_Investigation_Report(saveas)_stream_zlib.pdf,saveas,32,223,337,1,6
corrupted/saveas/text/Security_Breach_Investigation_Report(saveas)_stream_zlib.pdf,saveas,33,10439,38596,2,
corrupted/saveas/text/Security_Breach_Investigation_Report(saveas)_stream_zlib.pdf,saveas,34,344,684,1,6
corrupted/saveas/text/Security_Breach_Investigation_Report(saveas)_stream_zlib.pdf,saveas,35,5964,12584,1,
corrupted/saveas/text/Security_Breach_Investigation_Report(saveas)_stream_zlib.pdf,saveas,36,485,1074,1,6
corrupted/saveas/text/Security_Breach_Investigation_Report(saveas)_stream_zlib.pdf,saveas,37,16634,36044,2,
corrupted/saveas/text/Security_Breach_Investigation_Report(saveas)_stream_zlib.pdf,saveas,38,297,527,1,6
corrupted/saveas/text/Security_Breach_Investigation_Report(saveas)_stream_zlib.pdf,saveas,39,5713,11292,1,6
corrupted/saveas/text/Security_Breach_Investigation_Report(saveas)_stream_zlib.pdf,saveas,40,22998,85136,3,
corrupted/saveas/text/Security_Breach_Investigation_Report(saveas)_stream_zlib.pdf,saveas,41,310,562,1,6
corrupted/saveas/text/Security_Breach_Investigation_Report(saveas)_stream_zlib.pdf,saveas,42,13634,32412,2,
corrupted/saveas/text/Security_Breach_Investigation_Report(saveas)_stream_zlib.pdf,saveas,43,638,1752,1,6
corrupted/saveas/text/Security_Breach_Investigation_Report(saveas)_stream_zlib.pdf,saveas,44,19761,58588,2,
corrupted/saveas/text/Security_Breach_Investigation_Report(saveas)_stream_zlib.pdf,saveas,45,629,1969,1,6
corrupted/saveas/text/Security_Breach_Investigation_Report(saveas)_stream_zlib.pdf,saveas,46,14114,32056,2,
corrupted/saveas/text/Security_Breach_Investigation_Report(saveas)_stream_zlib.pdf,saveas,48,3441,11921,1,
corrupted/saveas/text/SkyGarden_Indoor_Vertical_Garden_Solutions(saveas)_stream_zlib.pdf,saveas,0,2928,16302,1,6
corrupted/saveas/text/SkyGarden_Indoor_Vertical_Garden_Solutions(saveas)_stream_zlib.pdf,saveas,1,2524,15865,1,6
corrupted/saveas/text/SkyGarden_Indoor_Vertical_Garden_Solutions(saveas)_stream_zlib.pdf,saveas,2,6063,58774,1,6
corrupted/saveas/text/SkyGarden_Indoor_Vertical_Garden_Solutions(saveas)_stream_zlib.pdf,saveas,3,2888,15224,1,6
corrupted/saveas/text/SkyGarden_Indoor_Vertical_Garden_Solutions(saveas)_stream_zlib.pdf,saveas,4,3056,15926,1,6
corrupted/saveas/text/SkyGarden_Indoor_Vertical_Garden_Solutions(saveas)_stream_zlib.pdf,saveas,5,5611,55523,1,6
corrupted/saveas/text/SkyGarden_Indoor_Vertical_Garden_Solutions(saveas)_stream_zlib.pdf,saveas,6,6082,40505,1,
corrupted/saveas/text/SkyGarden_Indoor_Vertical_Garden_Solutions(saveas)_stream_zlib.pdf,saveas,7,6187,40797,1,
corrupted/saveas/text/SkyGarden_Indoor_Vertical_Garden_Solutions(saveas)_stream_zlib.pdf,saveas,8,4162,19508,1,
corrupted/saveas/text/SkyGarden_Indoor_Vertical_Garden_Solutions(saveas)_stream_zlib.pdf,saveas,9,6243,21244,1,
corrupted/saveas/text/SkyGarden_Indoor_Vertical_Garden_Solutions(saveas)_stream_zlib.pdf,saveas,10,18080,114360,2,
corrupted/saveas/text/SkyGarden_Indoor_Vertical_Garden_Solutions(saveas)_stream_zlib.pdf,saveas,11,27098,92836,3,
corrupted/saveas/text/SkyGarden_Indoor_Vertical_Garden_Solutions(saveas)_stream_zlib.pdf,saveas,12,226,337,1,6
corrupted/saveas/text/SkyGarden_Indoor_Vertical_Garden_Solutions(saveas)_stream_zlib.pdf,saveas,13,23148,85412,3,
corrupted/saveas/text/SkyGarden_Indoor_Vertical_Garden_Solutions(saveas)_stream_zlib.pdf,saveas,14,226,337,1,6
corrupted/saveas/text/SkyGarden_Indoor_Vertical_Garden_Solutions(saveas)_stream_zlib.pdf,saveas,15,6033,11088,1,6
corrupted/saveas/text/SkyGarden_Indoor_Vertical_Garden_Solutions(saveas)_stream_zlib.pdf,saveas,16,18204,58484,2,
corrupted/saveas/text/SkyGarden_Indoor_Vertical_Garden_Solutions(saveas)_stream_zlib.pdf,saveas,17,8923,14916,1,6
corrupted/saveas/text/SkyGarden_Indoor_Vertical_Garden_Solutions(saveas)_stream_zlib.pdf,saveas,18,302,464,1,6
corrupted/saveas/text/SkyGarden_Indoor_Vertical_Garden_Solutions(saveas)_stream_zlib.pdf,saveas,19,20005,53136,2,
corrupted/saveas/text/SkyGarden_Indoor_Vertical_Garden_Solutions(saveas)_stream_zlib.pdf,saveas,20,1051,2448,1,6
corrupted/saveas/text/SkyGarden_Indoor_Vertical_Garden_Solutions(saveas)_stream_zlib.pdf,saveas,21,34593,102120,4,
corrupted/saveas/text/SkyGarden_Indoor_Vertical_Garden_Solutions(saveas)_stream_zlib.pdf,saveas,22,479,898,1,6
corrupted/saveas/text/SkyGarden_Indoor_Vertical_Garden_Solutions(saveas)_stream_zlib.pdf,saveas,23,28574,72096,3,
corrupted/saveas/text/SkyGarden_Indoor_Vertical_Garden_Solutions(saveas)_stream_zlib.pdf,saveas,24,336,646,1,6
corrupted/saveas/text/SkyGarden_Indoor_Vertical_Garden_Solutions(saveas)_stream_zlib.pdf,saveas,25,8953,23416,1,
corrupted/saveas/text/SkyGarden_Indoor_Vertical_Garden_Solutions(saveas)_stream_zlib.pdf,saveas,26,657,1815,1,6
corrupted/saveas/text/SkyGarden_Indoor_Vertical_Garden_Solutions(saveas)_stream_zlib.pdf,saveas,27,38176,96632,4,
corrupted/saveas/text/SkyGarden_Indoor_Vertical_Garden_Solutions(saveas)_stream_zlib.pdf,saveas,28,522,1324,1,6
corrupted/saveas/text/SkyGarden_Indoor_Vertical_Garden_Solutions(saveas)_stream_zlib.pdf,saveas,29,23867,63912,3,
corrupted/saveas/text/SkyGarden_Indoor_Vertical_Garden_Solutions(saveas)_stream_zlib.pdf,saveas,30,5474,13920,1,
corrupted/saveas/text/SkyGarden_Indoor_Vertical_Garden_Solutions(saveas)_stream_zlib.pdf,saveas,31,9520,36176,1,6
corrupted/saveas/text/SkyGarden_Indoor_Vertical_Garden_Solutions(saveas)_stream_zlib.pdf,saveas,32,3498,6364,1,
corrupted/saveas/text/SkyGarden_Indoor_Vertical_Garden_Solutions(saveas)_stream_zlib.pdf,saveas,33,362,727,1,6
corrupted/saveas/text/SkyGarden_Indoor_Vertical_Garden_Solutions(saveas)_stream_zlib.pdf,saveas,34,3722,8700,1,6
corrupted/saveas/text/SkyGarden_Indoor_Vertical_Garden_Solutions(saveas)_stream_zlib.pdf,saveas,35,427,904,1,6
corrupted/saveas/text/SkyGarden_Indoor_Vertical_Garden_Solutions(saveas)_stream_zlib.pdf,saveas,36,10624,27724,2,
corrupted/saveas/text/SkyGarden_Indoor_Vertical_Garden_Solutions(saveas)_stream_zlib.pdf,saveas,37,4987,10508,1,
corrupted/saveas/text/SkyGarden_Indoor_Vertical_Garden_Solutions(saveas)_stream_zlib.pdf,saveas,38,343,693,1,6
corrupted/saveas/text/SkyGarden_Indoor_Vertical_Garden_Solutions(saveas)_stream_zlib.pdf,saveas,39,3142,7204,1,
corrupted/saveas/text/SkyGarden_Indoor_Vertical_Garden_Solutions(saveas)_stream_zlib.pdf,saveas,40,670,1857,1,6
corrupted/saveas/text/SkyGarden_Indoor_Vertical_Garden_Solutions(saveas)_stream_zlib.pdf,saveas,41,23360,51080,3,
corrupted/saveas/text/SkyGarden_Indoor_Vertical_Garden_Solutions(saveas)_stream_zlib.pdf,saveas,42,519,1470,1,6
corrupted/saveas/text/SkyGarden_Indoor_Vertical_Garden_Solutions(saveas)_stream_zlib.pdf,saveas,43,11822,27164,2,
corrupted/saveas/text/SkyGarden_Indoor_Vertical_Garden_Solutions(saveas)_stream_zlib.pdf,saveas,45,2778,9450,1,6
corrupted/saveas/text/Sustainable_Fashion_Innovation(saveas)_stream_zlib.pdf,saveas,0,3477,16249,1,6
corrupted/saveas/text/Sustainable_Fashion_Innovation(saveas)_stream_zlib.pdf,saveas,1,2047,9474,1,6
corrupted/saveas/text/Sustainable_Fashion_Innovation(saveas)_stream_zlib.pdf,saveas,2,10066,107794,1,
corrupted/saveas/text/Sustainable_Fashion_Innovation(saveas)_stream_zlib.pdf,saveas,3,3150,12650,1,6
corrupted/saveas/text/Sustainable_Fashion_Innovation(saveas)_stream_zlib.pdf,saveas,4,3757,15854,1,6
corrupted/saveas/text/Sustainable_Fashion_Innovation(saveas)_stream_zlib.pdf,saveas,5,8188,92981,1,
corrupted/saveas/text/Sustainable_Fashion_Innovation(saveas)_stream_zlib.pdf,saveas,6,4395,39353,1,6
corrupted/saveas/text/Sustainable_Fashion_Innovation(saveas)_stream_zlib.pdf,saveas,7,5891,44850,1,
corrupted/saveas/text/Sustainable_Fashion_Innovation(saveas)_stream_zlib.pdf,saveas,8,6690,46058,1,
corrupted/saveas/text/Sustainable_Fashion_Innovation(saveas)_stream_zlib.pdf,saveas,9,17237,112584,2,
corrupted/saveas/text/Sustainable_Fashion_Innovation(saveas)_stream_zlib.pdf,saveas,10,310,567,1,6
corrupted/saveas/text/Sustainable_Fashion_Innovation(saveas)_stream_zlib.pdf,saveas,11,8463,14412,1,6
corrupted/saveas/text/Sustainable_Fashion_Innovation(saveas)_stream_zlib.pdf,saveas,12,25892,81056,3,
corrupted/saveas/text/Sustainable_Fashion_Innovation(saveas)_stream_zlib.pdf,saveas,13,10359,20828,2,
corrupted/saveas/text/Sustainable_Fashion_Innovation(saveas)_stream_zlib.pdf,saveas,14,366,632,1,6
corrupted/saveas/text/Sustainable_Fashion_Innovation(saveas)_stream_zlib.pdf,saveas,15,15376,52228,2,
corrupted/saveas/text/Sustainable_Fashion_Innovation(saveas)_stream_zlib.pdf,saveas,16,1135,2799,1,6
corrupted/saveas/text/Sustainable_Fashion_Innovation(saveas)_stream_zlib.pdf,saveas,17,28618,83828,4,
corrupted/saveas/text/Sustainable_Fashion_Innovation(saveas)_stream_zlib.pdf,saveas,18,1235,3150,1,6
corrupted/saveas/text/Sustainable_Fashion_Innovation(saveas)_stream_zlib.pdf,saveas,19,39575,109112,5,
corrupted/saveas/text/Sustainable_Fashion_Innovation(saveas)_stream_zlib.pdf,saveas,20,419,918,1,6
corrupted/saveas/text/Sustainable_Fashion_Innovation(saveas)_stream_zlib.pdf,saveas,21,9140,22184,1,6
corrupted/saveas/text/Sustainable_Fashion_Innovation(saveas)_stream_zlib.pdf,saveas,22,796,2313,1,6
corrupted/saveas/text/Sustainable_Fashion_Innovation(saveas)_stream_zlib.pdf,saveas,23,11249,25532,2,
corrupted/saveas/text/Sustainable_Fashion_Innovation(saveas)_stream_zlib.pdf,saveas,24,2736,5240,1,6
corrupted/saveas/text/Sustainable_Fashion_Innovation(saveas)_stream_zlib.pdf,saveas,25,367,733,1,6
corrupted/saveas/text/Sustainable_Fashion_Innovation(saveas)_stream_zlib.pdf,saveas,26,9878,25436,2,
corrupted/saveas/text/Sustainable_Fashion_Innovation(saveas)_stream_zlib.pdf,saveas,27,8765,23472,1,
corrupted/saveas/text/Sustainable_Fashion_Innovation(saveas)_stream_zlib.pdf,saveas,28,3901,8988,1,6
corrupted/saveas/text/Sustainable_Fashion_Innovation(saveas)_stream_zlib.pdf,saveas,29,436,918,1,6
corrupted/saveas/text/Sustainable_Fashion_Innovation(saveas)_stream_zlib.pdf,saveas,30,10869,28044,2,
corrupted/saveas/text/Sustainable_Fashion_Innovation(saveas)_stream_zlib.pdf,saveas,31,315,612,1,6
corrupted/saveas/text/Sustainable_Fashion_Innovation(saveas)_stream_zlib.pdf,saveas,32,4390,9648,1,
corrupted/saveas/text/Sustainable_Fashion_Innovation(saveas)_stream_zlib.pdf,saveas,33,450,1044,1,6
corrupted/saveas/text/Sustainable_Fashion_Innovation(saveas)_stream_zlib.pdf,saveas,34,8067,20560,1,
corrupted/saveas/text/Sustainable_Fashion_Innovation(saveas)_stream_zlib.pdf,saveas,35,680,2089,1,6
corrupted/saveas/text/Sustainable_Fashion_Innovation(saveas)_stream_zlib.pdf,saveas,36,20593,42988,3,
corrupted/saveas/text/Sustainable_Fashion_Innovation(saveas)_stream_zlib.pdf,saveas,37,649,1806,1,6
corrupted/saveas/text/Sustainable_Fashion_Innovation(saveas)_stream_zlib.pdf,saveas,38,15174,51356,2,
corrupted/saveas/text/Sustainable_Fashion_Innovation(saveas)_stream_zlib.pdf,saveas,40,3075,10927,1,
corrupted/saveas/text/UrbanRide_Electric_Bike_Scooter_Series(saveas)_stream_zlib.pdf,saveas,0,3326,19482,1,6
corrupted/saveas/text/UrbanRide_Electric_Bike_Scooter_Series(saveas)_stream_zlib.pdf,saveas,1,2940,20191,1,6
corrupted/saveas/text/UrbanRide_Electric_Bike_Scooter_Series(saveas)_stream_zlib.pdf,saveas,2,6500,65652,1,6
corrupted/saveas/text/UrbanRide_Electric_Bike_Scooter_Series(saveas)_stream_zlib.pdf,saveas,3,3327,18511,1,6
corrupted/saveas/text/UrbanRide_Electric_Bike_Scooter_Series(saveas)_stream_zlib.pdf,saveas,4,3424,18390,1,6
corrupted/saveas/text/UrbanRide_Electric_Bike_Scooter_Series(saveas)_stream_zlib.pdf,saveas,5,6456,66533,1,6
corrupted/saveas/text/UrbanRide_Electric_Bike_Scooter_Series(saveas)_stream_zlib.pdf,saveas,6,6075,40572,1,
corrupted/saveas/text/UrbanRide_Electric_Bike_Scooter_Series(saveas)_stream_zlib.pdf,saveas,7,6184,40379,1,
corrupted/saveas/text/UrbanRide_Electric_Bike_Scooter_Series(saveas)_stream_zlib.pdf,saveas,8,6328,37467,1,
corrupted/saveas/text/UrbanRide_Electric_Bike_Scooter_Series(saveas)_stream_zlib.pdf,saveas,9,3498,9872,1,
corrupted/saveas/text/UrbanRide_Electric_Bike_Scooter_Series(saveas)_stream_zlib.pdf,saveas,10,10186,20496,2,
corrupted/saveas/text/UrbanRide_Electric_Bike_Scooter_Series(saveas)_stream_zlib.pdf,saveas,11,235,351,1,6
corrupted/saveas/text/UrbanRide_Electric_Bike_Scooter_Series(saveas)_stream_zlib.pdf,saveas,12,23202,92648,3,
corrupted/saveas/text/UrbanRide_Electric_Bike_Scooter_Series(saveas)_stream_zlib.pdf,saveas,13,226,337,1,6
corrupted/saveas/text/UrbanRide_Electric_Bike_Scooter_Series(saveas)_stream_zlib.pdf,saveas,14,6033,11088,1,6
corrupted/saveas/text/UrbanRide_Electric_Bike_Scooter_Series(saveas)_stream_zlib.pdf,saveas,15,18204,58484,2,
corrupted/saveas/text/UrbanRide_Electric_Bike_Scooter_Series(saveas)_stream_zlib.pdf,saveas,16,225,337,1,6
corrupted/saveas/text/UrbanRide_Electric_Bike_Scooter_Series(saveas)_stream_zlib.pdf,saveas,17,18881,115804,2,
corrupted/saveas/text/UrbanRide_Electric_Bike_Scooter_Series(saveas)_stream_zlib.pdf,saveas,18,226,337,1,6
corrupted/saveas/text/UrbanRide_Electric_Bike_Scooter_Series(saveas)_stream_zlib.pdf,saveas,19,18820,61432,2,
corrupted/saveas/text/UrbanRide_Electric_Bike_Scooter_Series(saveas)_stream_zlib.pdf,saveas,20,301,464,1,6
corrupted/saveas/text/UrbanRide_Electric_Bike_Scooter_Series(saveas)_stream_zlib.pdf,saveas,21,9690,66804,1,
corrupted/saveas/text/UrbanRide_Electric_Bike_Scooter_Series(saveas)_stream_zlib.pdf,saveas,22,862,1937,1,6
corrupted/saveas/text/UrbanRide_Electric_Bike_Scooter_Series(saveas)_stream_zlib.pdf,saveas,23,28001,90216,3,
corrupted/saveas/text/UrbanRide_Electric_Bike_Scooter_Series(saveas)_stream_zlib.pdf,saveas,24,722,1544,1,6
corrupted/saveas/text/UrbanRide_Electric_Bike_Scooter_Series(saveas)_stream_zlib.pdf,saveas,25,18318,69640,2,
corrupted/saveas/text/UrbanRide_Electric_Bike_Scooter_Series(saveas)_stream_zlib.pdf,saveas,26,354,686,1,6
corrupted/saveas/text/UrbanRide_Electric_Bike_Scooter_Series(saveas)_stream_zlib.pdf,saveas,27,9861,26320,1,6
corrupted/saveas/text/UrbanRide_Electric_Bike_Scooter_Series(saveas)_stream_zlib.pdf,saveas,28,660,1928,1,6
corrupted/saveas/text/UrbanRide_Electric_Bike_Scooter_Series(saveas)_stream_zlib.pdf,saveas,29,13873,27908,2,
corrupted/saveas/text/UrbanRide_Electric_Bike_Scooter_Series(saveas)_stream_zlib.pdf,saveas,30,521,1220,1,6
corrupted/saveas/text/UrbanRide_Electric_Bike_Scooter_Series(saveas)_stream_zlib.pdf,saveas,31,6375,17228,1,
corrupted/saveas/text/UrbanRide_Electric_Bike_Scooter_Series(saveas)_stream_zlib.pdf,saveas,32,25892,81056,3,
corrupted/saveas/text/UrbanRide_Electric_Bike_Scooter_Series(saveas)_stream_zlib.pdf,saveas,33,6527,31016,1,
corrupted/saveas/text/UrbanRide_Electric_Bike_Scooter_Series(saveas)_stream_zlib.pdf,saveas,34,3324,6208,1,6
corrupted/saveas/text/UrbanRide_Electric_Bike_Scooter_Series(saveas)_stream_zlib.pdf,saveas,35,9349,19248,1,
corrupted/saveas/text/UrbanRide_Electric_Bike_Scooter_Series(saveas)_stream_zlib.pdf,saveas,36,419,902,1,6
corrupted/saveas/text/UrbanRide_Electric_Bike_Scooter_Series(saveas)_stream_zlib.pdf,saveas,37,8342,16952,1,
corrupted/saveas/text/UrbanRide_Electric_Bike_Scooter_Series(saveas)_stream_zlib.pdf,saveas,38,433,896,1,6
corrupted/saveas/text/UrbanRide_Electric_Bike_Scooter_Series(saveas)_stream_zlib.pdf,saveas,39,13068,31140,2,
corrupted/saveas/text/UrbanRide_Electric_Bike_Scooter_Series(saveas)_stream_zlib.pdf,saveas,40,368,775,1,6
corrupted/saveas/text/UrbanRide_Electric_Bike_Scooter_Series(saveas)_stream_zlib.pdf,saveas,41,6903,17840,1,
corrupted/saveas/text/UrbanRide_Electric_Bike_Scooter_Series(saveas)_stream_zlib.pdf,saveas,42,631,1965,1,6
corrupted/saveas/text/UrbanRide_Electric_Bike_Scooter_Series(saveas)_stream_zlib.pdf,saveas,43,20761,42868,3,
corrupted/saveas/text/UrbanRide_Electric_Bike_Scooter_Series(saveas)_stream_zlib.pdf,saveas,44,612,1677,1,6
corrupted/saveas/text/UrbanRide_Electric_Bike_Scooter_Series(saveas)_stream_zlib.pdf,saveas,45,17890,55412,2,
corrupted/saveas/text/UrbanRide_Electric_Bike_Scooter_Series(saveas)_stream_zlib.pdf,saveas,47,3152,10801,1,
corrupted/saveas/text/Urban_Fine_Particulate_Matter(saveas)_stream_zlib.pdf,saveas,0,3424,15992,1,6
corrupted/saveas/text/Urban_Fine_Particulate_Matter(saveas)_stream_zlib.pdf,saveas,1,1917,8141,1,6
corrupted/saveas/text/Urban_Fine_Particulate_Matter(saveas)_stream_zlib.pdf,saveas,2,8578,92687,1,6
corrupted/saveas/text/Urban_Fine_Particulate_Matter(saveas)_stream_zlib.pdf,saveas,3,2915,11398,1,6
corrupted/saveas/text/Urban_Fine_Particulate_Matter(saveas)_stream_zlib.pdf,saveas,4,3211,12803,1,6
corrupted/saveas/text/Urban_Fine_Particulate_Matter(saveas)_stream_zlib.pdf,saveas,5,7644,88016,1,
corrupted/saveas/text/Urban_Fine_Particulate_Matter(saveas)_stream_zlib.pdf,saveas,6,4354,39271,1,6
corrupted/saveas/text/Urban_Fine_Particulate_Matter(saveas)_stream_zlib.pdf,saveas,7,5697,43852,1,
corrupted/saveas/text/Urban_Fine_Particulate_Matter(saveas)_stream_zlib.pdf,saveas,8,5080,33154,1,
corrupted/saveas/text/Urban_Fine_Particulate_Matter(saveas)_stream_zlib.pdf,saveas,9,16884,112128,2,
corrupted/saveas/text/Urban_Fine_Particulate_Matter(saveas)_stream_zlib.pdf,saveas,10,25892,81056,3,
corrupted/saveas/text/Urban_Fine_Particulate_Matter(saveas)_stream_zlib.pdf,saveas,11,226,337,1,6
corrupted/saveas/text/Urban_Fine_Particulate_Matter(saveas)_stream_zlib.pdf,saveas,12,9508,15744,2,
corrupted/saveas/text/Urban_Fine_Particulate_Matter(saveas)_stream_zlib.pdf,saveas,13,9969,20200,2,
corrupted/saveas/text/Urban_Fine_Particulate_Matter(saveas)_stream_zlib.pdf,saveas,14,368,618,1,6
corrupted/saveas/text/Urban_Fine_Particulate_Matter(saveas)_stream_zlib.pdf,saveas,15,15423,52136,2,
corrupted/saveas/text/Urban_Fine_Particulate_Matter(saveas)_stream_zlib.pdf,saveas,16,1305,3272,1,6
corrupted/saveas/text/Urban_Fine_Particulate_Matter(saveas)_stream_zlib.pdf,saveas,17,80977,141072,9,
corrupted/saveas/text/Urban_Fine_Particulate_Matter(saveas)_stream_zlib.pdf,saveas,18,1166,2904,1,6
corrupted/saveas/text/Urban_Fine_Particulate_Matter(saveas)_stream_zlib.pdf,saveas,19,37509,105836,4,
corrupted/saveas/text/Urban_Fine_Particulate_Matter(saveas)_stream_zlib.pdf,saveas,20,348,707,1,6
corrupted/saveas/text/Urban_Fine_Particulate_Matter(saveas)_stream_zlib.pdf,saveas,21,8050,20676,1,6
corrupted/saveas/text/Urban_Fine_Particulate_Matter(saveas)_stream_zlib.pdf,saveas,22,643,1740,1,6
corrupted/saveas/text/Urban_Fine_Particulate_Matter(saveas)_stream_zlib.pdf,saveas,23,10871,25208,2,
corrupted/saveas/text/Urban_Fine_Particulate_Matter(saveas)_stream_zlib.pdf,saveas,24,597,1674,1,6
corrupted/saveas/text/Urban_Fine_Particulate_Matter(saveas)_stream_zlib.pdf,saveas,25,27477,72420,3,
corrupted/saveas/text/Urban_Fine_Particulate_Matter(saveas)_stream_zlib.pdf,saveas,26,226,337,1,6
corrupted/saveas/text/Urban_Fine_Particulate_Matter(saveas)_stream_zlib.pdf,saveas,27,6850,127608,1,
corrupted/saveas/text/Urban_Fine_Particulate_Matter(saveas)_stream_zlib.pdf,saveas,28,5607,14280,1,
corrupted/saveas/text/Urban_Fine_Particulate_Matter(saveas)_stream_zlib.pdf,saveas,29,9682,36296,2,
corrupted/saveas/text/Urban_Fine_Particulate_Matter(saveas)_stream_zlib.pdf,saveas,30,3450,6336,1,6
corrupted/saveas/text/Urban_Fine_Particulate_Matter(saveas)_stream_zlib.pdf,saveas,31,5905,12740,1,
corrupted/saveas/text/Urban_Fine_Particulate_Matter(saveas)_stream_zlib.pdf,saveas,32,428,1019,1,6
corrupted/saveas/text/Urban_Fine_Particulate_Matter(saveas)_stream_zlib.pdf,saveas,33,5673,11616,1,6
corrupted/saveas/text/Urban_Fine_Particulate_Matter(saveas)_stream_zlib.pdf,saveas,34,294,527,1,6
corrupted/saveas/text/Urban_Fine_Particulate_Matter(saveas)_stream_zlib.pdf,saveas,35,5526,9796,1,
corrupted/saveas/text/Urban_Fine_Particulate_Matter(saveas)_stream_zlib.pdf,saveas,36,416,945,1,6
corrupted/saveas/text/Urban_Fine_Particulate_Matter(saveas)_stream_zlib.pdf,saveas,37,12383,31732,2,
corrupted/saveas/text/Urban_Fine_Particulate_Matter(saveas)_stream_zlib.pdf,saveas,38,680,2082,1,6
corrupted/saveas/text/Urban_Fine_Particulate_Matter(saveas)_stream_zlib.pdf,saveas,39,13301,31360,2,
corrupted/saveas/text/Urban_Fine_Particulate_Matter(saveas)_stream_zlib.pdf,saveas,40,655,1834,1,6
corrupted/saveas/text/Urban_Fine_Particulate_Matter(saveas)_stream_zlib.pdf,saveas,41,20955,46404,2,
corrupted/saveas/text/Urban_Fine_Particulate_Matter(saveas)_stream_zlib.pdf,saveas,43,2858,10038,1,
corrupted/saveas/text/ai_ethics_responsible_use_guidelines_multilang(saveas)_stream_zlib.pdf,saveas,0,3148,20902,1,6
corrupted/saveas/text/ai_ethics_responsible_use_guidelines_multilang(saveas)_stream_zlib.pdf,saveas,1,2366,19985,1,6
corrupted/saveas/text/ai_ethics_responsible_use_guidelines_multilang(saveas)_stream_zlib.pdf,saveas,2,6921,75889,1,6
corrupted/saveas/text/ai_ethics_responsible_use_guidelines_multilang(saveas)_stream_zlib.pdf,saveas,3,3034,19445,1,6
corrupted/saveas/text/ai_ethics_responsible_use_guidelines_multilang(saveas)_stream_zlib.pdf,saveas,4,3565,22259,1,
corrupted/saveas/text/ai_ethics_responsible_use_guidelines_multilang(saveas)_stream_zlib.pdf,saveas,5,6799,74748,1,6
corrupted/saveas/text/ai_ethics_responsible_use_guidelines_multilang(saveas)_stream_zlib.pdf,saveas,6,4737,40238,1,
corrupted/saveas/text/ai_ethics_responsible_use_guidelines_multilang(saveas)_stream_zlib.pdf,saveas,7,5770,44202,1,
corrupted/saveas/text/ai_ethics_responsible_use_guidelines_multilang(saveas)_stream_zlib.pdf,saveas,8,6270,41577,1,
corrupted/saveas/text/ai_ethics_responsible_use_guidelines_multilang(saveas)_stream_zlib.pdf,saveas,9,3398,9820,1,
corrupted/saveas/text/ai_ethics_responsible_use_guidelines_multilang(saveas)_stream_zlib.pdf,saveas,10,7503,13000,1,6
corrupted/saveas/text/ai_ethics_responsible_use_guidelines_multilang(saveas)_stream_zlib.pdf,saveas,11,11891,23092,2,
corrupted/saveas/text/ai_ethics_responsible_use_guidelines_multilang(saveas)_stream_zlib.pdf,saveas,12,25892,81056,3,
corrupted/saveas/text/ai_ethics_responsible_use_guidelines_multilang(saveas)_stream_zlib.pdf,saveas,13,342,572,1,6
corrupted/saveas/text/ai_ethics_responsible_use_guidelines_multilang(saveas)_stream_zlib.pdf,saveas,14,19928,52884,2,
corrupted/saveas/text/ai_ethics_responsible_use_guidelines_multilang(saveas)_stream_zlib.pdf,saveas,15,516,1025,1,6
corrupted/saveas/text/ai_ethics_responsible_use_guidelines_multilang(saveas)_stream_zlib.pdf,saveas,16,9629,58172,2,
corrupted/saveas/text/ai_ethics_responsible_use_guidelines_multilang(saveas)_stream_zlib.pdf,saveas,17,1179,2949,1,6
corrupted/saveas/text/ai_ethics_responsible_use_guidelines_multilang(saveas)_stream_zlib.pdf,saveas,18,98001,195908,10,
corrupted/saveas/text/ai_ethics_responsible_use_guidelines_multilang(saveas)_stream_zlib.pdf,saveas,19,385,891,1,6
corrupted/saveas/text/ai_ethics_responsible_use_guidelines_multilang(saveas)_stream_zlib.pdf,saveas,20,7303,19628,1,
corrupted/saveas/text/ai_ethics_responsible_use_guidelines_multilang(saveas)_stream_zlib.pdf,saveas,21,525,1237,1,6
corrupted/saveas/text/ai_ethics_responsible_use_guidelines_multilang(saveas)_stream_zlib.pdf,saveas,22,5353,15020,1,
corrupted/saveas/text/ai_ethics_responsible_use_guidelines_multilang(saveas)_stream_zlib.pdf,saveas,23,686,2147,1,6
corrupted/saveas/text/ai_ethics_responsible_use_guidelines_multilang(saveas)_stream_zlib.pdf,saveas,24,26858,70572,3,
corrupted/saveas/text/ai_ethics_responsible_use_guidelines_multilang(saveas)_stream_zlib.pdf,saveas,25,6887,31564,1,
corrupted/saveas/text/ai_ethics_responsible_use_guidelines_multilang(saveas)_stream_zlib.pdf,saveas,26,8243,22548,1,
corrupted/saveas/text/ai_ethics_responsible_use_guidelines_multilang(saveas)_stream_zlib.pdf,saveas,27,4376,7452,1,6
corrupted/saveas/text/ai_ethics_responsible_use_guidelines_multilang(saveas)_stream_zlib.pdf,saveas,28,335,632,1,6
corrupted/saveas/text/ai_ethics_responsible_use_guidelines_multilang(saveas)_stream_zlib.pdf,saveas,29,3784,8828,1,6
corrupted/saveas/text/ai_ethics_responsible_use_guidelines_multilang(saveas)_stream_zlib.pdf,saveas,30,304,577,1,6
corrupted/saveas/text/ai_ethics_responsible_use_guidelines_multilang(saveas)_stream_zlib.pdf,saveas,31,5237,9396,1,
corrupted/saveas/text/ai_ethics_responsible_use_guidelines_multilang(saveas)_stream_zlib.pdf,saveas,32,329,654,1,6
corrupted/saveas/text/ai_ethics_responsible_use_guidelines_multilang(saveas)_stream_zlib.pdf,saveas,33,6149,12028,1,6
corrupted/saveas/text/ai_ethics_responsible_use_guidelines_multilang(saveas)_stream_zlib.pdf,saveas,34,22998,85136,3,
corrupted/saveas/text/ai_ethics_responsible_use_guidelines_multilang(saveas)_stream_zlib.pdf,saveas,35,433,1015,1,6
corrupted/saveas/text/ai_ethics_responsible_use_guidelines_multilang(saveas)_stream_zlib.pdf,saveas,36,9743,32360,1,6
corrupted/saveas/text/ai_ethics_responsible_use_guidelines_multilang(saveas)_stream_zlib.pdf,saveas,37,493,1358,1,6
corrupted/saveas/text/ai_ethics_responsible_use_guidelines_multilang(saveas)_stream_zlib.pdf,saveas,38,5460,12540,1,
corrupted/saveas/text/ai_ethics_responsible_use_guidelines_multilang(saveas)_stream_zlib.pdf,saveas,39,705,1987,1,6
corrupted/saveas/text/ai_ethics_responsible_use_guidelines_multilang(saveas)_stream_zlib.pdf,saveas,40,25241,54860,3,
corrupted/saveas/text/ai_ethics_responsible_use_guidelines_multilang(saveas)_stream_zlib.pdf,saveas,42,3029,10696,1,
corrupted/saveas/text/climate_crisis_preparedness_community_action_guidelines_multilang(saveas)_stream_zlib.pdf,saveas,0,3090,21276,1,
corrupted/saveas/text/climate_crisis_preparedness_community_action_guidelines_multilang(saveas)_stream_zlib.pdf,saveas,1,2346,19206,1,6
corrupted/saveas/text/climate_crisis_preparedness_community_action_guidelines_multilang(saveas)_stream_zlib.pdf,saveas,2,9159,102498,1,
corrupted/saveas/text/climate_crisis_preparedness_community_action_guidelines_multilang(saveas)_stream_zlib.pdf,saveas,3,3259,20491,1,6
corrupted/saveas/text/climate_crisis_preparedness_community_action_guidelines_multilang(saveas)_stream_zlib.pdf,saveas,4,4187,26561,1,6
corrupted/saveas/text/climate_crisis_preparedness_community_action_guidelines_multilang(saveas)_stream_zlib.pdf,saveas,5,7885,88162,1,6
corrupted/saveas/text/climate_crisis_preparedness_community_action_guidelines_multilang(saveas)_stream_zlib.pdf,saveas,6,4754,40161,1,
corrupted/saveas/text/climate_crisis_preparedness_community_action_guidelines_multilang(saveas)_stream_zlib.pdf,saveas,7,5858,44855,1,6
corrupted/saveas/text/climate_crisis_preparedness_community_action_guidelines_multilang(saveas)_stream_zlib.pdf,saveas,8,4476,40657,1,6
corrupted/saveas/text/climate_crisis_preparedness_community_action_guidelines_multilang(saveas)_stream_zlib.pdf,saveas,9,4610,24508,1,
corrupted/saveas/text/climate_crisis_preparedness_community_action_guidelines_multilang(saveas)_stream_zlib.pdf,saveas,10,6554,21784,1,
corrupted/saveas/text/climate_crisis_preparedness_community_action_guidelines_multilang(saveas)_stream_zlib.pdf,saveas,11,16835,89084,2,
corrupted/saveas/text/climate_crisis_preparedness_community_action_guidelines_multilang(saveas)_stream_zlib.pdf,saveas,12,12199,23544,2,
corrupted/saveas/text/climate_crisis_preparedness_community_action_guidelines_multilang(saveas)_stream_zlib.pdf,saveas,13,25892,81056,3,
corrupted/saveas/text/climate_crisis_preparedness_community_action_guidelines_multilang(saveas)_stream_zlib.pdf,saveas,14,316,506,1,6
corrupted/saveas/text/climate_crisis_preparedness_community_action_guidelines_multilang(saveas)_stream_zlib.pdf,saveas,15,6377,55816,1,6
corrupted/saveas/text/climate_crisis_preparedness_community_action_guidelines_multilang(saveas)_stream_zlib.pdf,saveas,16,555,1081,1,6
corrupted/saveas/text/climate_crisis_preparedness_community_action_guidelines_multilang(saveas)_stream_zlib.pdf,saveas,17,10294,58888,2,
corrupted/saveas/text/climate_crisis_preparedness_community_action_guidelines_multilang(saveas)_stream_zlib.pdf,saveas,18,1398,3611,1,6
corrupted/saveas/text/climate_crisis_preparedness_community_action_guidelines_multilang(saveas)_stream_zlib.pdf,saveas,19,69737,186948,7,
corrupted/saveas/text/climate_crisis_preparedness_community_action_guidelines_multilang(saveas)_stream_zlib.pdf,saveas,20,384,897,1,6
corrupted/saveas/text/climate_crisis_preparedness_community_action_guidelines_multilang(saveas)_stream_zlib.pdf,saveas,21,8624,21536,1,6
corrupted/saveas/text/climate_crisis_preparedness_community_action_guidelines_multilang(saveas)_stream_zlib.pdf,saveas,22,504,1314,1,6
corrupted/saveas/text/climate_crisis_preparedness_community_action_guidelines_multilang(saveas)_stream_zlib.pdf,saveas,23,20428,57712,2,
corrupted/saveas/text/climate_crisis_preparedness_community_action_guidelines_multilang(saveas)_stream_zlib.pdf,saveas,24,668,1946,1,6
corrupted/saveas/text/climate_crisis_preparedness_community_action_guidelines_multilang(saveas)_stream_zlib.pdf,saveas,25,12281,23728,2,
corrupted/saveas/text/climate_crisis_preparedness_community_action_guidelines_multilang(saveas)_stream_zlib.pdf,saveas,26,6383,17260,1,
corrupted/saveas/text/climate_crisis_preparedness_community_action_guidelines_multilang(saveas)_stream_zlib.pdf,saveas,27,8081,22200,1,
corrupted/saveas/text/climate_crisis_preparedness_community_action_guidelines_multilang(saveas)_stream_zlib.pdf,saveas,28,9794,19852,2,
corrupted/saveas/text/climate_crisis_preparedness_community_action_guidelines_multilang(saveas)_stream_zlib.pdf,saveas,29,310,605,1,6
corrupted/saveas/text/climate_crisis_preparedness_community_action_guidelines_multilang(saveas)_stream_zlib.pdf,saveas,30,3221,7648,1,6
corrupted/saveas/text/climate_crisis_preparedness_community_action_guidelines_multilang(saveas)_stream_zlib.pdf,saveas,31,371,712,1,6
corrupted/saveas/text/climate_crisis_preparedness_community_action_guidelines_multilang(saveas)_stream_zlib.pdf,saveas,32,8559,25100,1,
corrupted/saveas/text/climate_crisis_preparedness_community_action_guidelines_multilang(saveas)_stream_zlib.pdf,saveas,33,454,1179,1,6
corrupted/saveas/text/climate_crisis_preparedness_community_action_guidelines_multilang(saveas)_stream_zlib.pdf,saveas,34,9258,18332,1,6
corrupted/saveas/text/climate_crisis_preparedness_community_action_guidelines_multilang(saveas)_stream_zlib.pdf,saveas,35,385,837,1,6
corrupted/saveas/text/climate_crisis_preparedness_community_action_guidelines_multilang(saveas)_stream_zlib.pdf,saveas,36,11506,30536,2,
corrupted/saveas/text/climate_crisis_preparedness_community_action_guidelines_multilang(saveas)_stream_zlib.pdf,saveas,37,542,1467,1,6
corrupted/saveas/text/climate_crisis_preparedness_community_action_guidelines_multilang(saveas)_stream_zlib.pdf,saveas,38,9143,24524,1,6
corrupted/saveas/text/climate_crisis_preparedness_community_action_guidelines_multilang(saveas)_stream_zlib.pdf,saveas,39,690,2094,1,6
corrupted/saveas/text/climate_crisis_preparedness_community_action_guidelines_multilang(saveas)_stream_zlib.pdf,saveas,40,15258,35832,2,
corrupted/saveas/text/climate_crisis_preparedness_community_action_guidelines_multilang(saveas)_stream_zlib.pdf,saveas,42,3434,12397,1,
corrupted/saveas/text/confidential_doc_leak_collusion_investigation(saveas)_stream_zlib.pdf,saveas,0,2458,14545,1,6
corrupted/saveas/text/confidential_doc_leak_collusion_investigation(saveas)_stream_zlib.pdf,saveas,1,2072,15259,1,6
corrupted/saveas/text/confidential_doc_leak_collusion_investigation(saveas)_stream_zlib.pdf,saveas,2,4558,44192,1,6
corrupted/saveas/text/confidential_doc_leak_collusion_investigation(saveas)_stream_zlib.pdf,saveas,3,2552,15610,1,6
corrupted/saveas/text/confidential_doc_leak_collusion_investigation(saveas)_stream_zlib.pdf,saveas,4,3105,16966,1,6
corrupted/saveas/text/confidential_doc_leak_collusion_investigation(saveas)_stream_zlib.pdf,saveas,5,4787,46684,1,6
corrupted/saveas/text/confidential_doc_leak_collusion_investigation(saveas)_stream_zlib.pdf,saveas,6,5760,40130,1,
corrupted/saveas/text/confidential_doc_leak_collusion_investigation(saveas)_stream_zlib.pdf,saveas,7,7965,46710,1,
corrupted/saveas/text/confidential_doc_leak_collusion_investigation(saveas)_stream_zlib.pdf,saveas,8,463,2028,1,
corrupted/saveas/text/confidential_doc_leak_collusion_investigation(saveas)_stream_zlib.pdf,saveas,9,225,337,1,6
corrupted/saveas/text/confidential_doc_leak_collusion_investigation(saveas)_stream_zlib.pdf,saveas,10,4074,10684,1,
corrupted/saveas/text/confidential_doc_leak_collusion_investigation(saveas)_stream_zlib.pdf,saveas,11,344,646,1,6
corrupted/saveas/text/confidential_doc_leak_collusion_investigation(saveas)_stream_zlib.pdf,saveas,12,13743,39812,2,
corrupted/saveas/text/confidential_doc_leak_collusion_investigation(saveas)_stream_zlib.pdf,saveas,13,227,337,1,6
corrupted/saveas/text/confidential_doc_leak_collusion_investigation(saveas)_stream_zlib.pdf,saveas,14,18576,43716,2,
corrupted/saveas/text/confidential_doc_leak_collusion_investigation(saveas)_stream_zlib.pdf,saveas,15,9768,20028,2,
corrupted/saveas/text/confidential_doc_leak_collusion_investigation(saveas)_stream_zlib.pdf,saveas,16,19389,81740,2,
corrupted/saveas/text/confidential_doc_leak_collusion_investigation(saveas)_stream_zlib.pdf,saveas,17,399,702,1,6
corrupted/saveas/text/confidential_doc_leak_collusion_investigation(saveas)_stream_zlib.pdf,saveas,18,13001,75056,2,
corrupted/saveas/text/confidential_doc_leak_collusion_investigation(saveas)_stream_zlib.pdf,saveas,19,749,1671,1,6
corrupted/saveas/text/confidential_doc_leak_collusion_investigation(saveas)_stream_zlib.pdf,saveas,20,24741,84716,3,
corrupted/saveas/text/confidential_doc_leak_collusion_investigation(saveas)_stream_zlib.pdf,saveas,21,422,758,1,6
corrupted/saveas/text/confidential_doc_leak_collusion_investigation(saveas)_stream_zlib.pdf,saveas,22,27340,63440,3,
corrupted/saveas/text/confidential_doc_leak_collusion_investigation(saveas)_stream_zlib.pdf,saveas,23,457,1006,1,6
corrupted/saveas/text/confidential_doc_leak_collusion_investigation(saveas)_stream_zlib.pdf,saveas,24,9720,24152,1,6
corrupted/saveas/text/confidential_doc_leak_collusion_investigation(saveas)_stream_zlib.pdf,saveas,25,626,1677,1,6
corrupted/saveas/text/confidential_doc_leak_collusion_investigation(saveas)_stream_zlib.pdf,saveas,26,8296,19360,1,6
corrupted/saveas/text/confidential_doc_leak_collusion_investigation(saveas)_stream_zlib.pdf,saveas,27,467,1053,1,6
corrupted/saveas/text/confidential_doc_leak_collusion_investigation(saveas)_stream_zlib.pdf,saveas,28,5675,15624,1,
corrupted/saveas/text/confidential_doc_leak_collusion_investigation(saveas)_stream_zlib.pdf,saveas,29,226,337,1,6
corrupted/saveas/text/confidential_doc_leak_collusion_investigation(saveas)_stream_zlib.pdf,saveas,30,8060,21328,1,
corrupted/saveas/text/confidential_doc_leak_collusion_investigation(saveas)_stream_zlib.pdf,saveas,31,252,393,1,6
corrupted/saveas/text/confidential_doc_leak_collusion_investigation(saveas)_stream_zlib.pdf,saveas,32,10753,37636,2,
corrupted/saveas/text/confidential_doc_leak_collusion_investigation(saveas)_stream_zlib.pdf,saveas,33,2939,5236,1,6
corrupted/saveas/text/confidential_doc_leak_collusion_investigation(saveas)_stream_zlib.pdf,saveas,34,392,911,1,6
corrupted/saveas/text/confidential_doc_leak_collusion_investigation(saveas)_stream_zlib.pdf,saveas,35,6332,13244,1,
corrupted/saveas/text/confidential_doc_leak_collusion_investigation(saveas)_stream_zlib.pdf,saveas,36,470,1008,1,6
corrupted/saveas/text/confidential_doc_leak_collusion_investigation(saveas)_stream_zlib.pdf,saveas,37,13103,30816,2,
corrupted/saveas/text/confidential_doc_leak_collusion_investigation(saveas)_stream_zlib.pdf,saveas,38,347,768,1,6
corrupted/saveas/text/confidential_doc_leak_collusion_investigation(saveas)_stream_zlib.pdf,saveas,39,4811,10236,1,6
corrupted/saveas/text/confidential_doc_leak_collusion_investigation(saveas)_stream_zlib.pdf,saveas,40,494,1276,1,6
corrupted/saveas/text/confidential_doc_leak_collusion_investigation(saveas)_stream_zlib.pdf,saveas,41,12845,32492,2,
corrupted/saveas/text/confidential_doc_leak_collusion_investigation(saveas)_stream_zlib.pdf,saveas,42,620,1684,1,6
corrupted/saveas/text/confidential_doc_leak_collusion_investigation(saveas)_stream_zlib.pdf,saveas,43,22895,50224,3,
corrupted/saveas/text/confidential_doc_leak_collusion_investigation(saveas)_stream_zlib.pdf,saveas,44,487,1296,1,6
corrupted/saveas/text/confidential_doc_leak_collusion_investigation(saveas)_stream_zlib.pdf,saveas,45,11271,26268,2,
corrupted/saveas/text/confidential_doc_leak_collusion_investigation(saveas)_stream_zlib.pdf,saveas,47,2537,8540,1,
corrupted/saveas/text/digital_data_security_guidelines(saveas)_stream_zlib.pdf,saveas,0,3124,19738,1,6
corrupted/saveas/text/digital_data_security_guidelines(saveas)_stream_zlib.pdf,saveas,1,2297,18933,1,6
corrupted/saveas/text/digital_data_security_guidelines(saveas)_stream_zlib.pdf,saveas,2,7835,87078,1,6
corrupted/saveas/text/digital_data_security_guidelines(saveas)_stream_zlib.pdf,saveas,3,3085,18887,1,6
corrupted/saveas/text/digital_data_security_guidelines(saveas)_stream_zlib.pdf,saveas,4,3468,21119,1,6
corrupted/saveas/text/digital_data_security_guidelines(saveas)_stream_zlib.pdf,saveas,5,6984,79235,1,6
corrupted/saveas/text/digital_data_security_guidelines(saveas)_stream_zlib.pdf,saveas,6,4703,40134,1,
corrupted/saveas/text/digital_data_security_guidelines(saveas)_stream_zlib.pdf,saveas,7,5909,44752,1,
corrupted/saveas/text/digital_data_security_guidelines(saveas)_stream_zlib.pdf,saveas,8,7393,50059,1,
corrupted/saveas/text/digital_data_security_guidelines(saveas)_stream_zlib.pdf,saveas,9,8794,18620,1,
corrupted/saveas/text/digital_data_security_guidelines(saveas)_stream_zlib.pdf,saveas,10,25892,81056,3,
corrupted/saveas/text/digital_data_security_guidelines(saveas)_stream_zlib.pdf,saveas,11,10188,33984,2,
corrupted/saveas/text/digital_data_security_guidelines(saveas)_stream_zlib.pdf,saveas,12,5805,12876,1,
corrupted/saveas/text/digital_data_security_guidelines(saveas)_stream_zlib.pdf,saveas,13,287,449,1,6
corrupted/saveas/text/digital_data_security_guidelines(saveas)_stream_zlib.pdf,saveas,14,8571,41932,1,6
corrupted/saveas/text/digital_data_security_guidelines(saveas)_stream_zlib.pdf,saveas,15,612,1274,1,6
corrupted/saveas/text/digital_data_security_guidelines(saveas)_stream_zlib.pdf,saveas,16,23259,94696,3,
corrupted/saveas/text/digital_data_security_guidelines(saveas)_stream_zlib.pdf,saveas,17,1335,3515,1,6
corrupted/saveas/text/digital_data_security_guidelines(saveas)_stream_zlib.pdf,saveas,18,84482,146256,10,
corrupted/saveas/text/digital_data_security_guidelines(saveas)_stream_zlib.pdf,saveas,19,373,752,1,6
corrupted/saveas/text/digital_data_security_guidelines(saveas)_stream_zlib.pdf,saveas,20,12030,25836,2,
corrupted/saveas/text/digital_data_security_guidelines(saveas)_stream_zlib.pdf,saveas,21,527,1395,1,6
corrupted/saveas/text/digital_data_security_guidelines(saveas)_stream_zlib.pdf,saveas,22,12195,28720,2,
corrupted/saveas/text/digital_data_security_guidelines(saveas)_stream_zlib.pdf,saveas,23,684,1920,1,6
corrupted/saveas/text/digital_data_security_guidelines(saveas)_stream_zlib.pdf,saveas,24,27120,64304,3,
corrupted/saveas/text/digital_data_security_guidelines(saveas)_stream_zlib.pdf,saveas,25,226,337,1,6
corrupted/saveas/text/digital_data_security_guidelines(saveas)_stream_zlib.pdf,saveas,26,6850,127608,1,
corrupted/saveas/text/digital_data_security_guidelines(saveas)_stream_zlib.pdf,saveas,27,2467,4744,1,
corrupted/saveas/text/digital_data_security_guidelines(saveas)_stream_zlib.pdf,saveas,28,6545,15504,1,
corrupted/saveas/text/digital_data_security_guidelines(saveas)_stream_zlib.pdf,saveas,29,10997,38012,2,
corrupted/saveas/text/digital_data_security_guidelines(saveas)_stream_zlib.pdf,saveas,30,3045,7440,1,6
corrupted/saveas/text/digital_data_security_guidelines(saveas)_stream_zlib.pdf,saveas,31,379,833,1,6
corrupted/saveas/text/digital_data_security_guidelines(saveas)_stream_zlib.pdf,saveas,32,6306,13448,1,
corrupted/saveas/text/digital_data_security_guidelines(saveas)_stream_zlib.pdf,saveas,33,401,896,1,6
corrupted/saveas/text/digital_data_security_guidelines(saveas)_stream_zlib.pdf,saveas,34,7501,14364,1,6
corrupted/saveas/text/digital_data_security_guidelines(saveas)_stream_zlib.pdf,saveas,35,323,604,1,6
corrupted/saveas/text/digital_data_security_guidelines(saveas)_stream_zlib.pdf,saveas,36,12555,31212,2,
corrupted/saveas/text/digital_data_security_guidelines(saveas)_stream_zlib.pdf,saveas,37,547,1635,1,6
corrupted/saveas/text/digital_data_security_guidelines(saveas)_stream_zlib.pdf,saveas,38,15125,35904,2,
corrupted/saveas/text/digital_data_security_guidelines(saveas)_stream_zlib.pdf,saveas,39,677,1980,1,6
corrupted/saveas/text/digital_data_security_guidelines(saveas)_stream_zlib.pdf,saveas,40,16680,53988,2,
corrupted/saveas/text/digital_data_security_guidelines(saveas)_stream_zlib.pdf,saveas,42,3196,11277,1,
corrupted/saveas/text/educational_technology_elearning_safety_guidelines_multilang(saveas)_stream_zlib.pdf,saveas,0,3346,22517,1,6
corrupted/saveas/text/educational_technology_elearning_safety_guidelines_multilang(saveas)_stream_zlib.pdf,saveas,1,2430,20213,1,6
corrupted/saveas/text/educational_technology_elearning_safety_guidelines_multilang(saveas)_stream_zlib.pdf,saveas,2,8199,91220,1,6
corrupted/saveas/text/educational_technology_elearning_safety_guidelines_multilang(saveas)_stream_zlib.pdf,saveas,3,3409,22943,1,6
corrupted/saveas/text/educational_technology_elearning_safety_guidelines_multilang(saveas)_stream_zlib.pdf,saveas,4,3538,22850,1,6
corrupted/saveas/text/educational_technology_elearning_safety_guidelines_multilang(saveas)_stream_zlib.pdf,saveas,5,6712,79586,1,
corrupted/saveas/text/educational_technology_elearning_safety_guidelines_multilang(saveas)_stream_zlib.pdf,saveas,6,4964,40693,1,
corrupted/saveas/text/educational_technology_elearning_safety_guidelines_multilang(saveas)_stream_zlib.pdf,saveas,7,5726,44040,1,6
corrupted/saveas/text/educational_technology_elearning_safety_guidelines_multilang(saveas)_stream_zlib.pdf,saveas,8,4518,40755,1,6
corrupted/saveas/text/educational_technology_elearning_safety_guidelines_multilang(saveas)_stream_zlib.pdf,saveas,9,3700,17580,1,
corrupted/saveas/text/educational_technology_elearning_safety_guidelines_multilang(saveas)_stream_zlib.pdf,saveas,10,16951,111892,2,
corrupted/saveas/text/educational_technology_elearning_safety_guidelines_multilang(saveas)_stream_zlib.pdf,saveas,11,9256,31216,1,
corrupted/saveas/text/educational_technology_elearning_safety_guidelines_multilang(saveas)_stream_zlib.pdf,saveas,12,5926,13112,1,
corrupted/saveas/text/educational_technology_elearning_safety_guidelines_multilang(saveas)_stream_zlib.pdf,saveas,13,317,506,1,6
corrupted/saveas/text/educational_technology_elearning_safety_guidelines_multilang(saveas)_stream_zlib.pdf,saveas,14,9850,65528,1,
corrupted/saveas/text/educational_technology_elearning_safety_guidelines_multilang(saveas)_stream_zlib.pdf,saveas,15,428,758,1,6
corrupted/saveas/text/educational_technology_elearning_safety_guidelines_multilang(saveas)_stream_zlib.pdf,saveas,16,10569,62124,2,
corrupted/saveas/text/educational_technology_elearning_safety_guidelines_multilang(saveas)_stream_zlib.pdf,saveas,17,1356,3501,1,6
corrupted/saveas/text/educational_technology_elearning_safety_guidelines_multilang(saveas)_stream_zlib.pdf,saveas,18,117711,224804,12,
corrupted/saveas/text/educational_technology_elearning_safety_guidelines_multilang(saveas)_stream_zlib.pdf,saveas,19,25892,81056,3,
corrupted/saveas/text/educational_technology_elearning_safety_guidelines_multilang(saveas)_stream_zlib.pdf,saveas,20,391,837,1,6
corrupted/saveas/text/educational_technology_elearning_safety_guidelines_multilang(saveas)_stream_zlib.pdf,saveas,21,8284,21356,1,
corrupted/saveas/text/educational_technology_elearning_safety_guidelines_multilang(saveas)_stream_zlib.pdf,saveas,22,458,1021,1,6
corrupted/saveas/text/educational_technology_elearning_safety_guidelines_multilang(saveas)_stream_zlib.pdf,saveas,23,5641,15064,1,6
corrupted/saveas/text/educational_technology_elearning_safety_guidelines_multilang(saveas)_stream_zlib.pdf,saveas,24,756,2222,1,6
corrupted/saveas/text/educational_technology_elearning_safety_guidelines_multilang(saveas)_stream_zlib.pdf,saveas,25,28936,74972,3,
corrupted/saveas/text/educational_technology_elearning_safety_guidelines_multilang(saveas)_stream_zlib.pdf,saveas,26,2769,5164,1,6
corrupted/saveas/text/educational_technology_elearning_safety_guidelines_multilang(saveas)_stream_zlib.pdf,saveas,27,7502,32844,1,6
corrupted/saveas/text/educational_technology_elearning_safety_guidelines_multilang(saveas)_stream_zlib.pdf,saveas,28,12604,30080,2,
corrupted/saveas/text/educational_technology_elearning_safety_guidelines_multilang(saveas)_stream_zlib.pdf,saveas,29,337,704,1,6
corrupted/saveas/text/educational_technology_elearning_safety_guidelines_multilang(saveas)_stream_zlib.pdf,saveas,30,3749,8452,1,
corrupted/saveas/text/educational_technology_elearning_safety_guidelines_multilang(saveas)_stream_zlib.pdf,saveas,31,289,506,1,6
corrupted/saveas/text/educational_technology_elearning_safety_guidelines_multilang(saveas)_stream_zlib.pdf,saveas,32,4086,9208,1,6
corrupted/saveas/text/educational_technology_elearning_safety_guidelines_multilang(saveas)_stream_zlib.pdf,saveas,33,343,670,1,6
corrupted/saveas/text/educational_technology_elearning_safety_guidelines_multilang(saveas)_stream_zlib.pdf,saveas,34,8453,14856,1,
corrupted/saveas/text/educational_technology_elearning_safety_guidelines_multilang(saveas)_stream_zlib.pdf,saveas,35,395,862,1,6
corrupted/saveas/text/educational_technology_elearning_safety_guidelines_multilang(saveas)_stream_zlib.pdf,saveas,36,3494,8648,1,
corrupted/saveas/text/educational_technology_elearning_safety_guidelines_multilang(saveas)_stream_zlib.pdf,saveas,37,484,1181,1,6
corrupted/saveas/text/educational_technology_elearning_safety_guidelines_multilang(saveas)_stream_zlib.pdf,saveas,38,10456,32360,2,
corrupted/saveas/text/educational_technology_elearning_safety_guidelines_multilang(saveas)_stream_zlib.pdf,saveas,39,707,2240,1,6
corrupted/saveas/text/educational_technology_elearning_safety_guidelines_multilang(saveas)_stream_zlib.pdf,saveas,40,24276,49676,3,
corrupted/saveas/text/educational_technology_elearning_safety_guidelines_multilang(saveas)_stream_zlib.pdf,saveas,42,3338,11900,1,
corrupted/saveas/text/global_cloud_datacenter_cooling_failure_report(saveas)_stream_zlib.pdf,saveas,0,2065,13021,1,6
corrupted/saveas/text/global_cloud_datacenter_cooling_failure_report(saveas)_stream_zlib.pdf,saveas,1,1807,14820,1,6
corrupted/saveas/text/global_cloud_datacenter_cooling_failure_report(saveas)_stream_zlib.pdf,saveas,2,3453,31960,1,6
corrupted/saveas/text/global_cloud_datacenter_cooling_failure_report(saveas)_stream_zlib.pdf,saveas,3,2092,12828,1,6
corrupted/saveas/text/global_cloud_datacenter_cooling_failure_report(saveas)_stream_zlib.pdf,saveas,4,2364,14008,1,6
corrupted/saveas/text/global_cloud_datacenter_cooling_failure_report(saveas)_stream_zlib.pdf,saveas,5,3661,36146,1,6
corrupted/saveas/text/global_cloud_datacenter_cooling_failure_report(saveas)_stream_zlib.pdf,saveas,6,5963,39605,1,
corrupted/saveas/text/global_cloud_datacenter_cooling_failure_report(saveas)_stream_zlib.pdf,saveas,7,6349,36558,1,
corrupted/saveas/text/global_cloud_datacenter_cooling_failure_report(saveas)_stream_zlib.pdf,saveas,8,9371,19400,2,
corrupted/saveas/text/global_cloud_datacenter_cooling_failure_report(saveas)_stream_zlib.pdf,saveas,9,11927,36868,2,
corrupted/saveas/text/global_cloud_datacenter_cooling_failure_report(saveas)_stream_zlib.pdf,saveas,10,226,337,1,6
corrupted/saveas/text/global_cloud_datacenter_cooling_failure_report(saveas)_stream_zlib.pdf,saveas,11,6033,11088,1,6
corrupted/saveas/text/global_cloud_datacenter_cooling_failure_report(saveas)_stream_zlib.pdf,saveas,12,18204,58484,2,
corrupted/saveas/text/global_cloud_datacenter_cooling_failure_report(saveas)_stream_zlib.pdf,saveas,13,4819,11524,1,
corrupted/saveas/text/global_cloud_datacenter_cooling_failure_report(saveas)_stream_zlib.pdf,saveas,14,226,337,1,6
corrupted/saveas/text/global_cloud_datacenter_cooling_failure_report(saveas)_stream_zlib.pdf,saveas,15,23041,92372,3,
corrupted/saveas/text/global_cloud_datacenter_cooling_failure_report(saveas)_stream_zlib.pdf,saveas,16,19389,81740,2,
corrupted/saveas/text/global_cloud_datacenter_cooling_failure_report(saveas)_stream_zlib.pdf,saveas,17,342,562,1,6
corrupted/saveas/text/global_cloud_datacenter_cooling_failure_report(saveas)_stream_zlib.pdf,saveas,18,13573,49300,2,
corrupted/saveas/text/global_cloud_datacenter_cooling_failure_report(saveas)_stream_zlib.pdf,saveas,19,717,1516,1,6
corrupted/saveas/text/global_cloud_datacenter_cooling_failure_report(saveas)_stream_zlib.pdf,saveas,20,32508,111228,4,
corrupted/saveas/text/global_cloud_datacenter_cooling_failure_report(saveas)_stream_zlib.pdf,saveas,21,391,688,1,6
corrupted/saveas/text/global_cloud_datacenter_cooling_failure_report(saveas)_stream_zlib.pdf,saveas,22,26072,61708,3,
corrupted/saveas/text/global_cloud_datacenter_cooling_failure_report(saveas)_stream_zlib.pdf,saveas,23,429,1002,1,6
corrupted/saveas/text/global_cloud_datacenter_cooling_failure_report(saveas)_stream_zlib.pdf,saveas,24,16730,50872,2,
corrupted/saveas/text/global_cloud_datacenter_cooling_failure_report(saveas)_stream_zlib.pdf,saveas,25,512,1268,1,6
corrupted/saveas/text/global_cloud_datacenter_cooling_failure_report(saveas)_stream_zlib.pdf,saveas,26,14465,32968,2,
corrupted/saveas/text/global_cloud_datacenter_cooling_failure_report(saveas)_stream_zlib.pdf,saveas,27,441,1000,1,6
corrupted/saveas/text/global_cloud_datacenter_cooling_failure_report(saveas)_stream_zlib.pdf,saveas,28,13717,33060,2,
corrupted/saveas/text/global_cloud_datacenter_cooling_failure_report(saveas)_stream_zlib.pdf,saveas,29,2907,5380,1,6
corrupted/saveas/text/global_cloud_datacenter_cooling_failure_report(saveas)_stream_zlib.pdf,saveas,30,7516,16772,1,
corrupted/saveas/text/global_cloud_datacenter_cooling_failure_report(saveas)_stream_zlib.pdf,saveas,31,253,412,1,6
corrupted/saveas/text/global_cloud_datacenter_cooling_failure_report(saveas)_stream_zlib.pdf,saveas,32,9852,37288,2,
corrupted/saveas/text/global_cloud_datacenter_cooling_failure_report(saveas)_stream_zlib.pdf,saveas,33,314,698,1,6
corrupted/saveas/text/global_cloud_datacenter_cooling_failure_report(saveas)_stream_zlib.pdf,saveas,34,4126,9044,1,6
corrupted/saveas/text/global_cloud_datacenter_cooling_failure_report(saveas)_stream_zlib.pdf,saveas,35,405,882,1,6
corrupted/saveas/text/global_cloud_datacenter_cooling_failure_report(saveas)_stream_zlib.pdf,saveas,36,7598,15532,1,
corrupted/saveas/text/global_cloud_datacenter_cooling_failure_report(saveas)_stream_zlib.pdf,saveas,37,263,436,1,6
corrupted/saveas/text/global_cloud_datacenter_cooling_failure_report(saveas)_stream_zlib.pdf,saveas,38,5970,11932,1,6
corrupted/saveas/text/global_cloud_datacenter_cooling_failure_report(saveas)_stream_zlib.pdf,saveas,39,398,881,1,6
corrupted/saveas/text/global_cloud_datacenter_cooling_failure_report(saveas)_stream_zlib.pdf,saveas,40,13487,31944,2,
corrupted/saveas/text/global_cloud_datacenter_cooling_failure_report(saveas)_stream_zlib.pdf,saveas,41,575,1704,1,6
corrupted/saveas/text/global_cloud_datacenter_cooling_failure_report(saveas)_stream_zlib.pdf,saveas,42,16783,38244,2,
corrupted/saveas/text/global_cloud_datacenter_cooling_failure_report(saveas)_stream_zlib.pdf,saveas,43,499,1320,1,6
corrupted/saveas/text/global_cloud_datacenter_cooling_failure_report(saveas)_stream_zlib.pdf,saveas,44,13999,49184,2,
corrupted/saveas/text/global_cloud_datacenter_cooling_failure_report(saveas)_stream_zlib.pdf,saveas,46,2312,7651,1,
corrupted/saveas/text/green_energy_sustainable_living_guidelines_multilang(saveas)_stream_zlib.pdf,saveas,0,2802,19147,1,6
corrupted/saveas/text/green_energy_sustainable_living_guidelines_multilang(saveas)_stream_zlib.pdf,saveas,1,2238,17969,1,6
corrupted/saveas/text/green_energy_sustainable_living_guidelines_multilang(saveas)_stream_zlib.pdf,saveas,2,6785,75420,1,6
corrupted/saveas/text/green_energy_sustainable_living_guidelines_multilang(saveas)_stream_zlib.pdf,saveas,3,2811,18624,1,6
corrupted/saveas/text/green_energy_sustainable_living_guidelines_multilang(saveas)_stream_zlib.pdf,saveas,4,3394,20417,1,6
corrupted/saveas/text/green_energy_sustainable_living_guidelines_multilang(saveas)_stream_zlib.pdf,saveas,5,6102,69654,1,6
corrupted/saveas/text/green_energy_sustainable_living_guidelines_multilang(saveas)_stream_zlib.pdf,saveas,6,4642,40054,1,
corrupted/saveas/text/green_energy_sustainable_living_guidelines_multilang(saveas)_stream_zlib.pdf,saveas,7,5760,44047,1,
corrupted/saveas/text/green_energy_sustainable_living_guidelines_multilang(saveas)_stream_zlib.pdf,saveas,8,5819,37984,1,
corrupted/saveas/text/green_energy_sustainable_living_guidelines_multilang(saveas)_stream_zlib.pdf,saveas,9,7103,22708,1,
corrupted/saveas/text/green_energy_sustainable_living_guidelines_multilang(saveas)_stream_zlib.pdf,saveas,10,4100,10768,1,
corrupted/saveas/text/green_energy_sustainable_living_guidelines_multilang(saveas)_stream_zlib.pdf,saveas,11,25892,81056,3,
corrupted/saveas/text/green_energy_sustainable_living_guidelines_multilang(saveas)_stream_zlib.pdf,saveas,12,19698,116864,2,
corrupted/saveas/text/green_energy_sustainable_living_guidelines_multilang(saveas)_stream_zlib.pdf,saveas,13,307,492,1,6
corrupted/saveas/text/green_energy_sustainable_living_guidelines_multilang(saveas)_stream_zlib.pdf,saveas,14,10020,66248,1,
corrupted/saveas/text/green_energy_sustainable_living_guidelines_multilang(saveas)_stream_zlib.pdf,saveas,15,545,1072,1,6
corrupted/saveas/text/green_energy_sustainable_living_guidelines_multilang(saveas)_stream_zlib.pdf,saveas,16,32972,71960,4,
corrupted/saveas/text/green_energy_sustainable_living_guidelines_multilang(saveas)_stream_zlib.pdf,saveas,17,1131,2660,1,6
corrupted/saveas/text/green_energy_sustainable_living_guidelines_multilang(saveas)_stream_zlib.pdf,saveas,18,40086,109432,5,
corrupted/saveas/text/green_energy_sustainable_living_guidelines_multilang(saveas)_stream_zlib.pdf,saveas,19,349,671,1,6
corrupted/saveas/text/green_energy_sustainable_living_guidelines_multilang(saveas)_stream_zlib.pdf,saveas,20,6954,18452,1,6
corrupted/saveas/text/green_energy_sustainable_living_guidelines_multilang(saveas)_stream_zlib.pdf,saveas,21,479,1110,1,6
corrupted/saveas/text/green_energy_sustainable_living_guidelines_multilang(saveas)_stream_zlib.pdf,saveas,22,14354,29096,2,
corrupted/saveas/text/green_energy_sustainable_living_guidelines_multilang(saveas)_stream_zlib.pdf,saveas,23,630,1697,1,6
corrupted/saveas/text/green_energy_sustainable_living_guidelines_multilang(saveas)_stream_zlib.pdf,saveas,24,13614,27328,2,
corrupted/saveas/text/green_energy_sustainable_living_guidelines_multilang(saveas)_stream_zlib.pdf,saveas,25,5732,14220,1,
corrupted/saveas/text/green_energy_sustainable_living_guidelines_multilang(saveas)_stream_zlib.pdf,saveas,26,7681,33112,1,6
corrupted/saveas/text/green_energy_sustainable_living_guidelines_multilang(saveas)_stream_zlib.pdf,saveas,27,11738,28660,2,
corrupted/saveas/text/green_energy_sustainable_living_guidelines_multilang(saveas)_stream_zlib.pdf,saveas,28,321,590,1,6
corrupted/saveas/text/green_energy_sustainable_living_guidelines_multilang(saveas)_stream_zlib.pdf,saveas,29,5369,11372,1,
corrupted/saveas/text/green_energy_sustainable_living_guidelines_multilang(saveas)_stream_zlib.pdf,saveas,30,364,770,1,6
corrupted/saveas/text/green_energy_sustainable_living_guidelines_multilang(saveas)_stream_zlib.pdf,saveas,31,4188,9552,1,6
corrupted/saveas/text/green_energy_sustainable_living_guidelines_multilang(saveas)_stream_zlib.pdf,saveas,32,410,824,1,6
corrupted/saveas/text/green_energy_sustainable_living_guidelines_multilang(saveas)_stream_zlib.pdf,saveas,33,13837,31780,2,
corrupted/saveas/text/green_energy_sustainable_living_guidelines_multilang(saveas)_stream_zlib.pdf,saveas,34,390,824,1,6
corrupted/saveas/text/green_energy_sustainable_living_guidelines_multilang(saveas)_stream_zlib.pdf,saveas,35,11532,30144,2,
corrupted/saveas/text/green_energy_sustainable_living_guidelines_multilang(saveas)_stream_zlib.pdf,saveas,36,514,1397,1,6
corrupted/saveas/text/green_energy_sustainable_living_guidelines_multilang(saveas)_stream_zlib.pdf,saveas,37,12104,43280,2,
corrupted/saveas/text/green_energy_sustainable_living_guidelines_multilang(saveas)_stream_zlib.pdf,saveas,38,664,1966,1,6
corrupted/saveas/text/green_energy_sustainable_living_guidelines_multilang(saveas)_stream_zlib.pdf,saveas,39,15600,35692,2,
corrupted/saveas/text/green_energy_sustainable_living_guidelines_multilang(saveas)_stream_zlib.pdf,saveas,41,2935,10374,1,6
corrupted/saveas/text/health_wellbeing_digital_age_guidelines_multilang(saveas)_stream_zlib.pdf,saveas,0,3117,21518,1,
corrupted/saveas/text/health_wellbeing_digital_age_guidelines_multilang(saveas)_stream_zlib.pdf,saveas,1,2351,19606,1,6
corrupted/saveas/text/health_wellbeing_digital_age_guidelines_multilang(saveas)_stream_zlib.pdf,saveas,2,6844,79765,1,6
corrupted/saveas/text/health_wellbeing_digital_age_guidelines_multilang(saveas)_stream_zlib.pdf,saveas,3,2949,19621,1,6
corrupted/saveas/text/health_wellbeing_digital_age_guidelines_multilang(saveas)_stream_zlib.pdf,saveas,4,3370,21549,1,
corrupted/saveas/text/health_wellbeing_digital_age_guidelines_multilang(saveas)_stream_zlib.pdf,saveas,5,7038,80885,1,6
corrupted/saveas/text/health_wellbeing_digital_age_guidelines_multilang(saveas)_stream_zlib.pdf,saveas,6,4681,40056,1,
corrupted/saveas/text/health_wellbeing_digital_age_guidelines_multilang(saveas)_stream_zlib.pdf,saveas,7,5896,44461,1,
corrupted/saveas/text/health_wellbeing_digital_age_guidelines_multilang(saveas)_stream_zlib.pdf,saveas,8,7190,48914,1,
corrupted/saveas/text/health_wellbeing_digital_age_guidelines_multilang(saveas)_stream_zlib.pdf,saveas,9,6972,22476,1,
corrupted/saveas/text/health_wellbeing_digital_age_guidelines_multilang(saveas)_stream_zlib.pdf,saveas,10,16549,88548,2,
corrupted/saveas/text/health_wellbeing_digital_age_guidelines_multilang(saveas)_stream_zlib.pdf,saveas,11,10551,17068,2,
corrupted/saveas/text/health_wellbeing_digital_age_guidelines_multilang(saveas)_stream_zlib.pdf,saveas,12,25892,81056,3,
corrupted/saveas/text/health_wellbeing_digital_age_guidelines_multilang(saveas)_stream_zlib.pdf,saveas,13,304,492,1,6
corrupted/saveas/text/health_wellbeing_digital_age_guidelines_multilang(saveas)_stream_zlib.pdf,saveas,14,6699,56548,1,6
corrupted/saveas/text/health_wellbeing_digital_age_guidelines_multilang(saveas)_stream_zlib.pdf,saveas,15,1411,3599,1,6
corrupted/saveas/text/health_wellbeing_digital_age_guidelines_multilang(saveas)_stream_zlib.pdf,saveas,16,36532,95260,4,
corrupted/saveas/text/health_wellbeing_digital_age_guidelines_multilang(saveas)_stream_zlib.pdf,saveas,17,378,779,1,6
corrupted/saveas/text/health_wellbeing_digital_age_guidelines_multilang(saveas)_stream_zlib.pdf,saveas,18,4158,12436,1,6
corrupted/saveas/text/health_wellbeing_digital_age_guidelines_multilang(saveas)_stream_zlib.pdf,saveas,19,647,1820,1,6
corrupted/saveas/text/health_wellbeing_digital_age_guidelines_multilang(saveas)_stream_zlib.pdf,saveas,20,23719,58640,3,
corrupted/saveas/text/health_wellbeing_digital_age_guidelines_multilang(saveas)_stream_zlib.pdf,saveas,21,7435,20996,1,
corrupted/saveas/text/health_wellbeing_digital_age_guidelines_multilang(saveas)_stream_zlib.pdf,saveas,22,337,628,1,6
corrupted/saveas/text/health_wellbeing_digital_age_guidelines_multilang(saveas)_stream_zlib.pdf,saveas,23,12685,30416,2,
corrupted/saveas/text/health_wellbeing_digital_age_guidelines_multilang(saveas)_stream_zlib.pdf,saveas,24,6007,12544,1,
corrupted/saveas/text/health_wellbeing_digital_age_guidelines_multilang(saveas)_stream_zlib.pdf,saveas,25,456,1110,1,6
corrupted/saveas/text/health_wellbeing_digital_age_guidelines_multilang(saveas)_stream_zlib.pdf,saveas,26,7827,14952,1,6
corrupted/saveas/text/health_wellbeing_digital_age_guidelines_multilang(saveas)_stream_zlib.pdf,saveas,27,368,751,1,6
corrupted/saveas/text/health_wellbeing_digital_age_guidelines_multilang(saveas)_stream_zlib.pdf,saveas,28,7917,25592,1,6
corrupted/saveas/text/health_wellbeing_digital_age_guidelines_multilang(saveas)_stream_zlib.pdf,saveas,29,641,1690,1,6
corrupted/saveas/text/health_wellbeing_digital_age_guidelines_multilang(saveas)_stream_zlib.pdf,saveas,30,7770,18164,1,
corrupted/saveas/text/health_wellbeing_digital_age_guidelines_multilang(saveas)_stream_zlib.pdf,saveas,32,3010,10864,1,
corrupted/saveas/text/illegal_item_trading_money_laundering_in_games(saveas)_stream_zlib.pdf,saveas,0,2504,15505,1,6
corrupted/saveas/text/illegal_item_trading_money_laundering_in_games(saveas)_stream_zlib.pdf,saveas,1,2058,14980,1,6
corrupted/saveas/text/illegal_item_trading_money_laundering_in_games(saveas)_stream_zlib.pdf,saveas,2,4848,45299,1,6
corrupted/saveas/text/illegal_item_trading_money_laundering_in_games(saveas)_stream_zlib.pdf,saveas,3,2568,14702,1,6
corrupted/saveas/text/illegal_item_trading_money_laundering_in_games(saveas)_stream_zlib.pdf,saveas,4,2875,16545,1,6
corrupted/saveas/text/illegal_item_trading_money_laundering_in_games(saveas)_stream_zlib.pdf,saveas,5,4814,48164,1,6
corrupted/saveas/text/illegal_item_trading_money_laundering_in_games(saveas)_stream_zlib.pdf,saveas,6,5757,40124,1,
corrupted/saveas/text/illegal_item_trading_money_laundering_in_games(saveas)_stream_zlib.pdf,saveas,7,5858,40963,1,
corrupted/saveas/text/illegal_item_trading_money_laundering_in_games(saveas)_stream_zlib.pdf,saveas,8,2971,10879,1,
corrupted/saveas/text/illegal_item_trading_money_laundering_in_games(saveas)_stream_zlib.pdf,saveas,9,227,337,1,6
corrupted/saveas/text/illegal_item_trading_money_laundering_in_games(saveas)_stream_zlib.pdf,saveas,10,10172,33584,2,
corrupted/saveas/text/illegal_item_trading_money_laundering_in_games(saveas)_stream_zlib.pdf,saveas,11,227,337,1,6
corrupted/saveas/text/illegal_item_trading_money_laundering_in_games(saveas)_stream_zlib.pdf,saveas,12,18576,43716,2,
corrupted/saveas/text/illegal_item_trading_money_laundering_in_games(saveas)_stream_zlib.pdf,saveas,13,4777,11600,1,
corrupted/saveas/text/illegal_item_trading_money_laundering_in_games(saveas)_stream_zlib.pdf,saveas,14,304,555,1,6
corrupted/saveas/text/illegal_item_trading_money_laundering_in_games(saveas)_stream_zlib.pdf,saveas,15,19727,117092,2,
corrupted/saveas/text/illegal_item_trading_money_laundering_in_games(saveas)_stream_zlib.pdf,saveas,16,19389,81740,2,
corrupted/saveas/text/illegal_item_trading_money_laundering_in_games(saveas)_stream_zlib.pdf,saveas,17,408,702,1,6
corrupted/saveas/text/illegal_item_trading_money_laundering_in_games(saveas)_stream_zlib.pdf,saveas,18,14499,77472,2,
corrupted/saveas/text/illegal_item_trading_money_laundering_in_games(saveas)_stream_zlib.pdf,saveas,19,614,1216,1,6
corrupted/saveas/text/illegal_item_trading_money_laundering_in_games(saveas)_stream_zlib.pdf,saveas,20,38557,79712,4,
corrupted/saveas/text/illegal_item_trading_money_laundering_in_games(saveas)_stream_zlib.pdf,saveas,21,701,1514,1,6
corrupted/saveas/text/illegal_item_trading_money_laundering_in_games(saveas)_stream_zlib.pdf,saveas,22,23086,82464,3,
corrupted/saveas/text/illegal_item_trading_money_laundering_in_games(saveas)_stream_zlib.pdf,saveas,23,476,1090,1,6
corrupted/saveas/text/illegal_item_trading_money_laundering_in_games(saveas)_stream_zlib.pdf,saveas,24,13479,34856,2,
corrupted/saveas/text/illegal_item_trading_money_laundering_in_games(saveas)_stream_zlib.pdf,saveas,25,526,1352,1,6
corrupted/saveas/text/illegal_item_trading_money_laundering_in_games(saveas)_stream_zlib.pdf,saveas,26,18052,43328,2,
corrupted/saveas/text/illegal_item_trading_money_laundering_in_games(saveas)_stream_zlib.pdf,saveas,27,554,1389,1,6
corrupted/saveas/text/illegal_item_trading_money_laundering_in_games(saveas)_stream_zlib.pdf,saveas,28,10293,23500,2,
corrupted/saveas/text/illegal_item_trading_money_laundering_in_games(saveas)_stream_zlib.pdf,saveas,29,226,337,1,6
corrupted/saveas/text/illegal_item_trading_money_laundering_in_games(saveas)_stream_zlib.pdf,saveas,30,6486,15272,1,6
corrupted/saveas/text/illegal_item_trading_money_laundering_in_games(saveas)_stream_zlib.pdf,saveas,31,9640,35928,2,
corrupted/saveas/text/illegal_item_trading_money_laundering_in_games(saveas)_stream_zlib.pdf,saveas,32,334,613,1,6
corrupted/saveas/text/illegal_item_trading_money_laundering_in_games(saveas)_stream_zlib.pdf,saveas,33,11418,28420,2,
corrupted/saveas/text/illegal_item_trading_money_laundering_in_games(saveas)_stream_zlib.pdf,saveas,34,226,337,1,6
corrupted/saveas/text/illegal_item_trading_money_laundering_in_games(saveas)_stream_zlib.pdf,saveas,35,23022,92336,3,
corrupted/saveas/text/illegal_item_trading_money_laundering_in_games(saveas)_stream_zlib.pdf,saveas,36,393,882,1,6
corrupted/saveas/text/illegal_item_trading_money_laundering_in_games(saveas)_stream_zlib.pdf,saveas,37,6292,13104,1,
corrupted/saveas/text/illegal_item_trading_money_laundering_in_games(saveas)_stream_zlib.pdf,saveas,38,404,903,1,6
corrupted/saveas/text/illegal_item_trading_money_laundering_in_games(saveas)_stream_zlib.pdf,saveas,39,5444,11088,1,6
corrupted/saveas/text/illegal_item_trading_money_laundering_in_games(saveas)_stream_zlib.pdf,saveas,40,417,853,1,6
corrupted/saveas/text/illegal_item_trading_money_laundering_in_games(saveas)_stream_zlib.pdf,saveas,41,14889,33400,2,
corrupted/saveas/text/illegal_item_trading_money_laundering_in_games(saveas)_stream_zlib.pdf,saveas,42,519,1393,1,6
corrupted/saveas/text/illegal_item_trading_money_laundering_in_games(saveas)_stream_zlib.pdf,saveas,43,15431,36484,2,
corrupted/saveas/text/illegal_item_trading_money_laundering_in_games(saveas)_stream_zlib.pdf,saveas,44,558,1551,1,6
corrupted/saveas/text/illegal_item_trading_money_laundering_in_games(saveas)_stream_zlib.pdf,saveas,45,13306,42404,2,
corrupted/saveas/text/illegal_item_trading_money_laundering_in_games(saveas)_stream_zlib.pdf,saveas,46,624,1971,1,6
corrupted/saveas/text/illegal_item_trading_money_laundering_in_games(saveas)_stream_zlib.pdf,saveas,47,14190,32392,2,
corrupted/saveas/text/illegal_item_trading_money_laundering_in_games(saveas)_stream_zlib.pdf,saveas,49,2586,8820,1,
corrupted/saveas/text/messenger_app_data_misuse_investigation(saveas)_stream_zlib.pdf,saveas,0,2023,11994,1,6
corrupted/saveas/text/messenger_app_data_misuse_investigation(saveas)_stream_zlib.pdf,saveas,1,1959,14526,1,6
corrupted/saveas/text/messenger_app_data_misuse_investigation(saveas)_stream_zlib.pdf,saveas,2,3783,36232,1,6
corrupted/saveas/text/messenger_app_data_misuse_investigation(saveas)_stream_zlib.pdf,saveas,3,2118,12188,1,6
corrupted/saveas/text/messenger_app_data_misuse_investigation(saveas)_stream_zlib.pdf,saveas,4,2389,14521,1,6
corrupted/saveas/text/messenger_app_data_misuse_investigation(saveas)_stream_zlib.pdf,saveas,5,3940,40440,1,6
corrupted/saveas/text/messenger_app_data_misuse_investigation(saveas)_stream_zlib.pdf,saveas,6,5942,39932,1,
corrupted/saveas/text/messenger_app_data_misuse_investigation(saveas)_stream_zlib.pdf,saveas,7,6546,38032,1,
corrupted/saveas/text/messenger_app_data_misuse_investigation(saveas)_stream_zlib.pdf,saveas,8,225,337,1,6
corrupted/saveas/text/messenger_app_data_misuse_investigation(saveas)_stream_zlib.pdf,saveas,9,5599,10152,1,6
corrupted/saveas/text/messenger_app_data_misuse_investigation(saveas)_stream_zlib.pdf,saveas,10,20425,118240,2,
corrupted/saveas/text/messenger_app_data_misuse_investigation(saveas)_stream_zlib.pdf,saveas,11,226,337,1,6
corrupted/saveas/text/messenger_app_data_misuse_investigation(saveas)_stream_zlib.pdf,saveas,12,6033,11088,1,6
corrupted/saveas/text/messenger_app_data_misuse_investigation(saveas)_stream_zlib.pdf,saveas,13,18204,58484,2,
corrupted/saveas/text/messenger_app_data_misuse_investigation(saveas)_stream_zlib.pdf,saveas,14,19389,81740,2,
corrupted/saveas/text/messenger_app_data_misuse_investigation(saveas)_stream_zlib.pdf,saveas,15,415,730,1,6
corrupted/saveas/text/messenger_app_data_misuse_investigation(saveas)_stream_zlib.pdf,saveas,16,6708,54148,1,
corrupted/saveas/text/messenger_app_data_misuse_investigation(saveas)_stream_zlib.pdf,saveas,17,857,1924,1,6
corrupted/saveas/text/messenger_app_data_misuse_investigation(saveas)_stream_zlib.pdf,saveas,18,29020,92148,4,
corrupted/saveas/text/messenger_app_data_misuse_investigation(saveas)_stream_zlib.pdf,saveas,19,226,337,1,6
corrupted/saveas/text/messenger_app_data_misuse_investigation(saveas)_stream_zlib.pdf,saveas,20,23041,92372,3,
corrupted/saveas/text/messenger_app_data_misuse_investigation(saveas)_stream_zlib.pdf,saveas,21,1545,33084,1,6
corrupted/saveas/text/messenger_app_data_misuse_investigation(saveas)_stream_zlib.pdf,saveas,22,451,1012,1,6
corrupted/saveas/text/messenger_app_data_misuse_investigation(saveas)_stream_zlib.pdf,saveas,23,4488,13280,1,6
corrupted/saveas/text/messenger_app_data_misuse_investigation(saveas)_stream_zlib.pdf,saveas,24,617,1703,1,6
corrupted/saveas/text/messenger_app_data_misuse_investigation(saveas)_stream_zlib.pdf,saveas,25,14131,27904,2,
corrupted/saveas/text/messenger_app_data_misuse_investigation(saveas)_stream_zlib.pdf,saveas,26,225,337,1,6
corrupted/saveas/text/messenger_app_data_misuse_investigation(saveas)_stream_zlib.pdf,saveas,27,7990,22120,1,
corrupted/saveas/text/messenger_app_data_misuse_investigation(saveas)_stream_zlib.pdf,saveas,28,334,642,1,6
corrupted/saveas/text/messenger_app_data_misuse_investigation(saveas)_stream_zlib.pdf,saveas,29,12882,30104,2,
corrupted/saveas/text/messenger_app_data_misuse_investigation(saveas)_stream_zlib.pdf,saveas,30,225,337,1,6
corrupted/saveas/text/messenger_app_data_misuse_investigation(saveas)_stream_zlib.pdf,saveas,31,4714,8572,1,6
corrupted/saveas/text/messenger_app_data_misuse_investigation(saveas)_stream_zlib.pdf,saveas,32,466,1237,1,6
corrupted/saveas/text/messenger_app_data_misuse_investigation(saveas)_stream_zlib.pdf,saveas,33,4392,10568,1,
corrupted/saveas/text/messenger_app_data_misuse_investigation(saveas)_stream_zlib.pdf,saveas,34,640,1937,1,6
corrupted/saveas/text/messenger_app_data_misuse_investigation(saveas)_stream_zlib.pdf,saveas,35,15030,34248,2,
corrupted/saveas/text/messenger_app_data_misuse_investigation(saveas)_stream_zlib.pdf,saveas,37,2207,7441,1,6
corrupted/saveas/text/open_source_software_contribution_guidelines_multilang(saveas)_stream_zlib.pdf,saveas,0,3723,24169,1,6
corrupted/saveas/text/open_source_software_contribution_guidelines_multilang(saveas)_stream_zlib.pdf,saveas,1,2480,20000,1,6
corrupted/saveas/text/open_source_software_contribution_guidelines_multilang(saveas)_stream_zlib.pdf,saveas,2,7960,89113,1,
corrupted/saveas/text/open_source_software_contribution_guidelines_multilang(saveas)_stream_zlib.pdf,saveas,3,3242,21062,1,6
corrupted/saveas/text/open_source_software_contribution_guidelines_multilang(saveas)_stream_zlib.pdf,saveas,4,3542,22233,1,6
corrupted/saveas/text/open_source_software_contribution_guidelines_multilang(saveas)_stream_zlib.pdf,saveas,5,7213,81267,1,6
corrupted/saveas/text/open_source_software_contribution_guidelines_multilang(saveas)_stream_zlib.pdf,saveas,6,4738,40280,1,
corrupted/saveas/text/open_source_software_contribution_guidelines_multilang(saveas)_stream_zlib.pdf,saveas,7,5712,44303,1,6
corrupted/saveas/text/open_source_software_contribution_guidelines_multilang(saveas)_stream_zlib.pdf,saveas,8,4498,40751,1,6
corrupted/saveas/text/open_source_software_contribution_guidelines_multilang(saveas)_stream_zlib.pdf,saveas,9,3740,18004,1,
corrupted/saveas/text/open_source_software_contribution_guidelines_multilang(saveas)_stream_zlib.pdf,saveas,10,6945,12308,1,6
corrupted/saveas/text/open_source_software_contribution_guidelines_multilang(saveas)_stream_zlib.pdf,saveas,11,4174,10900,1,
corrupted/saveas/text/open_source_software_contribution_guidelines_multilang(saveas)_stream_zlib.pdf,saveas,12,25892,81056,3,
corrupted/saveas/text/open_source_software_contribution_guidelines_multilang(saveas)_stream_zlib.pdf,saveas,13,402,887,1,6
corrupted/saveas/text/open_source_software_contribution_guidelines_multilang(saveas)_stream_zlib.pdf,saveas,14,16224,45080,2,
corrupted/saveas/text/open_source_software_contribution_guidelines_multilang(saveas)_stream_zlib.pdf,saveas,15,1429,3775,1,6
corrupted/saveas/text/open_source_software_contribution_guidelines_multilang(saveas)_stream_zlib.pdf,saveas,16,49103,124664,6,
corrupted/saveas/text/open_source_software_contribution_guidelines_multilang(saveas)_stream_zlib.pdf,saveas,17,493,955,1,6
corrupted/saveas/text/open_source_software_contribution_guidelines_multilang(saveas)_stream_zlib.pdf,saveas,18,17684,84380,2,
corrupted/saveas/text/open_source_software_contribution_guidelines_multilang(saveas)_stream_zlib.pdf,saveas,19,22998,85136,3,
corrupted/saveas/text/open_source_software_contribution_guidelines_multilang(saveas)_stream_zlib.pdf,saveas,20,366,731,1,6
corrupted/saveas/text/open_source_software_contribution_guidelines_multilang(saveas)_stream_zlib.pdf,saveas,21,6744,17832,1,6
corrupted/saveas/text/open_source_software_contribution_guidelines_multilang(saveas)_stream_zlib.pdf,saveas,22,479,1162,1,6
corrupted/saveas/text/open_source_software_contribution_guidelines_multilang(saveas)_stream_zlib.pdf,saveas,23,5868,15400,1,6
corrupted/saveas/text/open_source_software_contribution_guidelines_multilang(saveas)_stream_zlib.pdf,saveas,24,814,2428,1,6
corrupted/saveas/text/open_source_software_contribution_guidelines_multilang(saveas)_stream_zlib.pdf,saveas,25,10060,26952,1,6
corrupted/saveas/text/open_source_software_contribution_guidelines_multilang(saveas)_stream_zlib.pdf,saveas,26,6153,15020,1,
corrupted/saveas/text/open_source_software_contribution_guidelines_multilang(saveas)_stream_zlib.pdf,saveas,27,7715,33184,1,
corrupted/saveas/text/open_source_software_contribution_guidelines_multilang(saveas)_stream_zlib.pdf,saveas,28,11343,28520,2,
corrupted/saveas/text/open_source_software_contribution_guidelines_multilang(saveas)_stream_zlib.pdf,saveas,29,7649,23920,1,
corrupted/saveas/text/open_source_software_contribution_guidelines_multilang(saveas)_stream_zlib.pdf,saveas,30,6517,14040,1,
corrupted/saveas/text/open_source_software_contribution_guidelines_multilang(saveas)_stream_zlib.pdf,saveas,31,328,640,1,6
corrupted/saveas/text/open_source_software_contribution_guidelines_multilang(saveas)_stream_zlib.pdf,saveas,32,6398,12320,1,6
corrupted/saveas/text/open_source_software_contribution_guidelines_multilang(saveas)_stream_zlib.pdf,saveas,33,366,727,1,6
corrupted/saveas/text/open_source_software_contribution_guidelines_multilang(saveas)_stream_zlib.pdf,saveas,34,14200,33828,2,
corrupted/saveas/text/open_source_software_contribution_guidelines_multilang(saveas)_stream_zlib.pdf,saveas,35,514,1404,1,6
corrupted/saveas/text/open_source_software_contribution_guidelines_multilang(saveas)_stream_zlib.pdf,saveas,36,10692,34120,2,
corrupted/saveas/text/open_source_software_contribution_guidelines_multilang(saveas)_stream_zlib.pdf,saveas,37,690,2080,1,6
corrupted/saveas/text/open_source_software_contribution_guidelines_multilang(saveas)_stream_zlib.pdf,saveas,38,15718,35704,2,
corrupted/saveas/text/open_source_software_contribution_guidelines_multilang(saveas)_stream_zlib.pdf,saveas,40,3286,11823,1,
corrupted/saveas/text/personal_finance_cyber_fraud_prevention_guidelines_multilang(saveas)_stream_zlib.pdf,saveas,0,3236,21963,1,6
corrupted/saveas/text/personal_finance_cyber_fraud_prevention_guidelines_multilang(saveas)_stream_zlib.pdf,saveas,1,2350,20201,1,6
corrupted/saveas/text/personal_finance_cyber_fraud_prevention_guidelines_multilang(saveas)_stream_zlib.pdf,saveas,2,7533,88501,1,
corrupted/saveas/text/personal_finance_cyber_fraud_prevention_guidelines_multilang(saveas)_stream_zlib.pdf,saveas,3,3315,22712,1,6
corrupted/saveas/text/personal_finance_cyber_fraud_prevention_guidelines_multilang(saveas)_stream_zlib.pdf,saveas,4,3776,24953,1,6
corrupted/saveas/text/personal_finance_cyber_fraud_prevention_guidelines_multilang(saveas)_stream_zlib.pdf,saveas,5,7642,90605,1,6
corrupted/saveas/text/personal_finance_cyber_fraud_prevention_guidelines_multilang(saveas)_stream_zlib.pdf,saveas,6,4731,40288,1,
corrupted/saveas/text/personal_finance_cyber_fraud_prevention_guidelines_multilang(saveas)_stream_zlib.pdf,saveas,7,5750,44315,1,6
corrupted/saveas/text/personal_finance_cyber_fraud_prevention_guidelines_multilang(saveas)_stream_zlib.pdf,saveas,8,4529,40782,1,6
corrupted/saveas/text/personal_finance_cyber_fraud_prevention_guidelines_multilang(saveas)_stream_zlib.pdf,saveas,9,4453,23799,1,
corrupted/saveas/text/personal_finance_cyber_fraud_prevention_guidelines_multilang(saveas)_stream_zlib.pdf,saveas,10,5852,10544,1,6
corrupted/saveas/text/personal_finance_cyber_fraud_prevention_guidelines_multilang(saveas)_stream_zlib.pdf,saveas,11,5742,12820,1,
corrupted/saveas/text/personal_finance_cyber_fraud_prevention_guidelines_multilang(saveas)_stream_zlib.pdf,saveas,12,8927,18812,1,
corrupted/saveas/text/personal_finance_cyber_fraud_prevention_guidelines_multilang(saveas)_stream_zlib.pdf,saveas,13,22998,85136,3,
corrupted/saveas/text/personal_finance_cyber_fraud_prevention_guidelines_multilang(saveas)_stream_zlib.pdf,saveas,14,312,506,1,6
corrupted/saveas/text/personal_finance_cyber_fraud_prevention_guidelines_multilang(saveas)_stream_zlib.pdf,saveas,15,10250,44540,2,
corrupted/saveas/text/personal_finance_cyber_fraud_prevention_guidelines_multilang(saveas)_stream_zlib.pdf,saveas,16,1371,3561,1,6
corrupted/saveas/text/personal_finance_cyber_fraud_prevention_guidelines_multilang(saveas)_stream_zlib.pdf,saveas,17,64855,175268,7,
corrupted/saveas/text/personal_finance_cyber_fraud_prevention_guidelines_multilang(saveas)_stream_zlib.pdf,saveas,18,398,689,1,6
corrupted/saveas/text/personal_finance_cyber_fraud_prevention_guidelines_multilang(saveas)_stream_zlib.pdf,saveas,19,9229,60048,2,
corrupted/saveas/text/personal_finance_cyber_fraud_prevention_guidelines_multilang(saveas)_stream_zlib.pdf,saveas,20,25892,81056,3,
corrupted/saveas/text/personal_finance_cyber_fraud_prevention_guidelines_multilang(saveas)_stream_zlib.pdf,saveas,21,387,805,1,6
corrupted/saveas/text/personal_finance_cyber_fraud_prevention_guidelines_multilang(saveas)_stream_zlib.pdf,saveas,22,8194,20784,1,6
corrupted/saveas/text/personal_finance_cyber_fraud_prevention_guidelines_multilang(saveas)_stream_zlib.pdf,saveas,23,684,1826,1,6
corrupted/saveas/text/personal_finance_cyber_fraud_prevention_guidelines_multilang(saveas)_stream_zlib.pdf,saveas,24,13749,27476,2,
corrupted/saveas/text/personal_finance_cyber_fraud_prevention_guidelines_multilang(saveas)_stream_zlib.pdf,saveas,25,400,790,1,6
corrupted/saveas/text/personal_finance_cyber_fraud_prevention_guidelines_multilang(saveas)_stream_zlib.pdf,saveas,26,4095,12456,1,6
corrupted/saveas/text/personal_finance_cyber_fraud_prevention_guidelines_multilang(saveas)_stream_zlib.pdf,saveas,27,5788,14376,1,
corrupted/saveas/text/personal_finance_cyber_fraud_prevention_guidelines_multilang(saveas)_stream_zlib.pdf,saveas,28,12755,30440,2,
corrupted/saveas/text/personal_finance_cyber_fraud_prevention_guidelines_multilang(saveas)_stream_zlib.pdf,saveas,29,7911,22124,1,
corrupted/saveas/text/personal_finance_cyber_fraud_prevention_guidelines_multilang(saveas)_stream_zlib.pdf,saveas,30,3556,8516,1,6
corrupted/saveas/text/personal_finance_cyber_fraud_prevention_guidelines_multilang(saveas)_stream_zlib.pdf,saveas,31,410,824,1,6
corrupted/saveas/text/personal_finance_cyber_fraud_prevention_guidelines_multilang(saveas)_stream_zlib.pdf,saveas,32,14690,32812,2,
corrupted/saveas/text/personal_finance_cyber_fraud_prevention_guidelines_multilang(saveas)_stream_zlib.pdf,saveas,33,4358,7844,1,
corrupted/saveas/text/personal_finance_cyber_fraud_prevention_guidelines_multilang(saveas)_stream_zlib.pdf,saveas,34,413,954,1,6
corrupted/saveas/text/personal_finance_cyber_fraud_prevention_guidelines_multilang(saveas)_stream_zlib.pdf,saveas,35,8581,21316,1,6
corrupted/saveas/text/personal_finance_cyber_fraud_prevention_guidelines_multilang(saveas)_stream_zlib.pdf,saveas,36,645,1700,1,6
corrupted/saveas/text/personal_finance_cyber_fraud_prevention_guidelines_multilang(saveas)_stream_zlib.pdf,saveas,37,7787,18068,1,
corrupted/saveas/text/personal_finance_cyber_fraud_prevention_guidelines_multilang(saveas)_stream_zlib.pdf,saveas,38,435,1045,1,6
corrupted/saveas/text/personal_finance_cyber_fraud_prevention_guidelines_multilang(saveas)_stream_zlib.pdf,saveas,39,10328,32492,2,
corrupted/saveas/text/personal_finance_cyber_fraud_prevention_guidelines_multilang(saveas)_stream_zlib.pdf,saveas,41,3398,12250,1,6
corrupted/saveas/text/remote_work_home_office_guidelines(saveas)_stream_zlib.pdf,saveas,0,2884,20518,1,6
corrupted/saveas/text/remote_work_home_office_guidelines(saveas)_stream_zlib.pdf,saveas,1,2110,17378,1,6
corrupted/saveas/text/remote_work_home_office_guidelines(saveas)_stream_zlib.pdf,saveas,2,6576,72468,1,6
corrupted/saveas/text/remote_work_home_office_guidelines(saveas)_stream_zlib.pdf,saveas,3,2834,18542,1,6
corrupted/saveas/text/remote_work_home_office_guidelines(saveas)_stream_zlib.pdf,saveas,4,3351,21399,1,
corrupted/saveas/text/remote_work_home_office_guidelines(saveas)_stream_zlib.pdf,saveas,5,6691,72409,1,6
corrupted/saveas/text/remote_work_home_office_guidelines(saveas)_stream_zlib.pdf,saveas,6,4679,40120,1,
corrupted/saveas/text/remote_work_home_office_guidelines(saveas)_stream_zlib.pdf,saveas,7,5719,43996,1,
corrupted/saveas/text/remote_work_home_office_guidelines(saveas)_stream_zlib.pdf,saveas,8,5824,38206,1,
corrupted/saveas/text/remote_work_home_office_guidelines(saveas)_stream_zlib.pdf,saveas,9,6913,12268,1,6
corrupted/saveas/text/remote_work_home_office_guidelines(saveas)_stream_zlib.pdf,saveas,10,25892,81056,3,
corrupted/saveas/text/remote_work_home_office_guidelines(saveas)_stream_zlib.pdf,saveas,11,16889,89132,2,
corrupted/saveas/text/remote_work_home_office_guidelines(saveas)_stream_zlib.pdf,saveas,12,11991,23220,2,
corrupted/saveas/text/remote_work_home_office_guidelines(saveas)_stream_zlib.pdf,saveas,13,292,449,1,6
corrupted/saveas/text/remote_work_home_office_guidelines(saveas)_stream_zlib.pdf,saveas,14,3187,49732,1,6
corrupted/saveas/text/remote_work_home_office_guidelines(saveas)_stream_zlib.pdf,saveas,15,500,989,1,6
corrupted/saveas/text/remote_work_home_office_guidelines(saveas)_stream_zlib.pdf,saveas,16,12960,65832,2,
corrupted/saveas/text/remote_work_home_office_guidelines(saveas)_stream_zlib.pdf,saveas,17,1183,2970,1,6
corrupted/saveas/text/remote_work_home_office_guidelines(saveas)_stream_zlib.pdf,saveas,18,101599,200564,10,
corrupted/saveas/text/remote_work_home_office_guidelines(saveas)_stream_zlib.pdf,saveas,19,328,616,1,6
corrupted/saveas/text/remote_work_home_office_guidelines(saveas)_stream_zlib.pdf,saveas,20,3694,11688,1,6
corrupted/saveas/text/remote_work_home_office_guidelines(saveas)_stream_zlib.pdf,saveas,21,479,1151,1,6
corrupted/saveas/text/remote_work_home_office_guidelines(saveas)_stream_zlib.pdf,saveas,22,6229,16120,1,
corrupted/saveas/text/remote_work_home_office_guidelines(saveas)_stream_zlib.pdf,saveas,23,727,2201,1,6
corrupted/saveas/text/remote_work_home_office_guidelines(saveas)_stream_zlib.pdf,saveas,24,28398,73836,3,
corrupted/saveas/text/remote_work_home_office_guidelines(saveas)_stream_zlib.pdf,saveas,25,8025,22044,1,
corrupted/saveas/text/remote_work_home_office_guidelines(saveas)_stream_zlib.pdf,saveas,26,7953,21152,1,
corrupted/saveas/text/remote_work_home_office_guidelines(saveas)_stream_zlib.pdf,saveas,27,4469,7564,1,6
corrupted/saveas/text/remote_work_home_office_guidelines(saveas)_stream_zlib.pdf,saveas,28,4396,7712,1,
corrupted/saveas/text/remote_work_home_office_guidelines(saveas)_stream_zlib.pdf,saveas,29,8418,24928,1,
corrupted/saveas/text/remote_work_home_office_guidelines(saveas)_stream_zlib.pdf,saveas,30,341,682,1,6
corrupted/saveas/text/remote_work_home_office_guidelines(saveas)_stream_zlib.pdf,saveas,31,6197,12180,1,6
corrupted/saveas/text/remote_work_home_office_guidelines(saveas)_stream_zlib.pdf,saveas,32,370,790,1,6
corrupted/saveas/text/remote_work_home_office_guidelines(saveas)_stream_zlib.pdf,saveas,33,3363,8220,1,
corrupted/saveas/text/remote_work_home_office_guidelines(saveas)_stream_zlib.pdf,saveas,34,531,1438,1,6
corrupted/saveas/text/remote_work_home_office_guidelines(saveas)_stream_zlib.pdf,saveas,35,9125,21596,1,6
corrupted/saveas/text/remote_work_home_office_guidelines(saveas)_stream_zlib.pdf,saveas,36,697,1946,1,6
corrupted/saveas/text/remote_work_home_office_guidelines(saveas)_stream_zlib.pdf,saveas,37,25632,56492,3,
corrupted/saveas/text/remote_work_home_office_guidelines(saveas)_stream_zlib.pdf,saveas,39,2900,10290,1,6
corrupted/saveas/text/smart_city_data_privacy_guidelines_multilang(saveas)_stream_zlib.pdf,saveas,0,3495,23951,1,
corrupted/saveas/text/smart_city_data_privacy_guidelines_multilang(saveas)_stream_zlib.pdf,saveas,1,2394,20112,1,6
corrupted/saveas/text/smart_city_data_privacy_guidelines_multilang(saveas)_stream_zlib.pdf,saveas,2,7511,92468,1,
corrupted/saveas/text/smart_city_data_privacy_guidelines_multilang(saveas)_stream_zlib.pdf,saveas,3,3284,23283,1,
corrupted/saveas/text/smart_city_data_privacy_guidelines_multilang(saveas)_stream_zlib.pdf,saveas,4,3727,24518,1,6
corrupted/saveas/text/smart_city_data_privacy_guidelines_multilang(saveas)_stream_zlib.pdf,saveas,5,7658,89181,1,
corrupted/saveas/text/smart_city_data_privacy_guidelines_multilang(saveas)_stream_zlib.pdf,saveas,6,4745,40173,1,
corrupted/saveas/text/smart_city_data_privacy_guidelines_multilang(saveas)_stream_zlib.pdf,saveas,7,5783,44527,1,6
corrupted/saveas/text/smart_city_data_privacy_guidelines_multilang(saveas)_stream_zlib.pdf,saveas,8,4486,40684,1,6
corrupted/saveas/text/smart_city_data_privacy_guidelines_multilang(saveas)_stream_zlib.pdf,saveas,9,4471,23867,1,
corrupted/saveas/text/smart_city_data_privacy_guidelines_multilang(saveas)_stream_zlib.pdf,saveas,10,16427,110916,2,
corrupted/saveas/text/smart_city_data_privacy_guidelines_multilang(saveas)_stream_zlib.pdf,saveas,11,10237,16624,2,
corrupted/saveas/text/smart_city_data_privacy_guidelines_multilang(saveas)_stream_zlib.pdf,saveas,12,335,632,1,6
corrupted/saveas/text/smart_city_data_privacy_guidelines_multilang(saveas)_stream_zlib.pdf,saveas,13,7608,23976,1,
corrupted/saveas/text/smart_city_data_privacy_guidelines_multilang(saveas)_stream_zlib.pdf,saveas,14,25892,81056,3,
corrupted/saveas/text/smart_city_data_privacy_guidelines_multilang(saveas)_stream_zlib.pdf,saveas,15,294,464,1,6
corrupted/saveas/text/smart_city_data_privacy_guidelines_multilang(saveas)_stream_zlib.pdf,saveas,16,6517,56324,1,6
corrupted/saveas/text/smart_city_data_privacy_guidelines_multilang(saveas)_stream_zlib.pdf,saveas,17,1341,3386,1,6
corrupted/saveas/text/smart_city_data_privacy_guidelines_multilang(saveas)_stream_zlib.pdf,saveas,18,110205,213052,11,
corrupted/saveas/text/smart_city_data_privacy_guidelines_multilang(saveas)_stream_zlib.pdf,saveas,19,344,653,1,6
corrupted/saveas/text/smart_city_data_privacy_guidelines_multilang(saveas)_stream_zlib.pdf,saveas,20,3087,10832,1,6
corrupted/saveas/text/smart_city_data_privacy_guidelines_multilang(saveas)_stream_zlib.pdf,saveas,21,704,2082,1,6
corrupted/saveas/text/smart_city_data_privacy_guidelines_multilang(saveas)_stream_zlib.pdf,saveas,22,22541,53552,3,
corrupted/saveas/text/smart_city_data_privacy_guidelines_multilang(saveas)_stream_zlib.pdf,saveas,23,7619,21404,1,
corrupted/saveas/text/smart_city_data_privacy_guidelines_multilang(saveas)_stream_zlib.pdf,saveas,24,9413,19356,1,
corrupted/saveas/text/smart_city_data_privacy_guidelines_multilang(saveas)_stream_zlib.pdf,saveas,25,6895,19132,1,
corrupted/saveas/text/smart_city_data_privacy_guidelines_multilang(saveas)_stream_zlib.pdf,saveas,26,5879,12388,1,
corrupted/saveas/text/smart_city_data_privacy_guidelines_multilang(saveas)_stream_zlib.pdf,saveas,27,453,974,1,6
corrupted/saveas/text/smart_city_data_privacy_guidelines_multilang(saveas)_stream_zlib.pdf,saveas,28,15207,33468,2,
corrupted/saveas/text/smart_city_data_privacy_guidelines_multilang(saveas)_stream_zlib.pdf,saveas,29,368,849,1,6
corrupted/saveas/text/smart_city_data_privacy_guidelines_multilang(saveas)_stream_zlib.pdf,saveas,30,6225,18420,1,6
corrupted/saveas/text/smart_city_data_privacy_guidelines_multilang(saveas)_stream_zlib.pdf,saveas,31,477,1198,1,6
corrupted/saveas/text/smart_city_data_privacy_guidelines_multilang(saveas)_stream_zlib.pdf,saveas,32,9490,23244,1,
corrupted/saveas/text/smart_city_data_privacy_guidelines_multilang(saveas)_stream_zlib.pdf,saveas,33,649,1700,1,6
corrupted/saveas/text/smart_city_data_privacy_guidelines_multilang(saveas)_stream_zlib.pdf,saveas,34,8001,19252,1,
corrupted/saveas/text/smart_city_data_privacy_guidelines_multilang(saveas)_stream_zlib.pdf,saveas,36,3311,12110,1,
corrupted/saveas/text/smart_factory_robot_malfunction_analysis(saveas)_stream_zlib.pdf,saveas,0,2342,14970,1,6
corrupted/saveas/text/smart_factory_robot_malfunction_analysis(saveas)_stream_zlib.pdf,saveas,1,1997,15994,1,6
corrupted/saveas/text/smart_factory_robot_malfunction_analysis(saveas)_stream_zlib.pdf,saveas,2,4133,41140,1,6
corrupted/saveas/text/smart_factory_robot_malfunction_analysis(saveas)_stream_zlib.pdf,saveas,3,2576,14740,1,6
corrupted/saveas/text/smart_factory_robot_malfunction_analysis(saveas)_stream_zlib.pdf,saveas,4,2678,14631,1,6
corrupted/saveas/text/smart_factory_robot_malfunction_analysis(saveas)_stream_zlib.pdf,saveas,5,4268,43753,1,
corrupted/saveas/text/smart_factory_robot_malfunction_analysis(saveas)_stream_zlib.pdf,saveas,6,5757,40109,1,
corrupted/saveas/text/smart_factory_robot_malfunction_analysis(saveas)_stream_zlib.pdf,saveas,7,7774,46157,1,
corrupted/saveas/text/smart_factory_robot_malfunction_analysis(saveas)_stream_zlib.pdf,saveas,8,225,337,1,6
corrupted/saveas/text/smart_factory_robot_malfunction_analysis(saveas)_stream_zlib.pdf,saveas,9,7480,13020,1,6
corrupted/saveas/text/smart_factory_robot_malfunction_analysis(saveas)_stream_zlib.pdf,saveas,10,227,337,1,6
corrupted/saveas/text/smart_factory_robot_malfunction_analysis(saveas)_stream_zlib.pdf,saveas,11,18576,43716,2,
corrupted/saveas/text/smart_factory_robot_malfunction_analysis(saveas)_stream_zlib.pdf,saveas,12,5944,13092,1,
corrupted/saveas/text/smart_factory_robot_malfunction_analysis(saveas)_stream_zlib.pdf,saveas,13,226,337,1,6
corrupted/saveas/text/smart_factory_robot_malfunction_analysis(saveas)_stream_zlib.pdf,saveas,14,23041,92372,3,
corrupted/saveas/text/smart_factory_robot_malfunction_analysis(saveas)_stream_zlib.pdf,saveas,15,452,810,1,6
corrupted/saveas/text/smart_factory_robot_malfunction_analysis(saveas)_stream_zlib.pdf,saveas,16,26080,61800,3,
corrupted/saveas/text/smart_factory_robot_malfunction_analysis(saveas)_stream_zlib.pdf,saveas,17,877,1993,1,6
corrupted/saveas/text/smart_factory_robot_malfunction_analysis(saveas)_stream_zlib.pdf,saveas,18,40113,127608,4,
corrupted/saveas/text/smart_factory_robot_malfunction_analysis(saveas)_stream_zlib.pdf,saveas,19,488,1063,1,6
corrupted/saveas/text/smart_factory_robot_malfunction_analysis(saveas)_stream_zlib.pdf,saveas,20,13120,32604,2,
corrupted/saveas/text/smart_factory_robot_malfunction_analysis(saveas)_stream_zlib.pdf,saveas,21,671,1772,1,6
corrupted/saveas/text/smart_factory_robot_malfunction_analysis(saveas)_stream_zlib.pdf,saveas,22,10001,27856,1,6
corrupted/saveas/text/smart_factory_robot_malfunction_analysis(saveas)_stream_zlib.pdf,saveas,23,225,337,1,6
corrupted/saveas/text/smart_factory_robot_malfunction_analysis(saveas)_stream_zlib.pdf,saveas,24,8300,22768,1,
corrupted/saveas/text/smart_factory_robot_malfunction_analysis(saveas)_stream_zlib.pdf,saveas,25,346,661,1,6
corrupted/saveas/text/smart_factory_robot_malfunction_analysis(saveas)_stream_zlib.pdf,saveas,26,11825,29148,2,
corrupted/saveas/text/smart_factory_robot_malfunction_analysis(saveas)_stream_zlib.pdf,saveas,27,350,684,1,6
corrupted/saveas/text/smart_factory_robot_malfunction_analysis(saveas)_stream_zlib.pdf,saveas,28,6438,13436,1,
corrupted/saveas/text/smart_factory_robot_malfunction_analysis(saveas)_stream_zlib.pdf,saveas,29,452,976,1,6
corrupted/saveas/text/smart_factory_robot_malfunction_analysis(saveas)_stream_zlib.pdf,saveas,30,14595,33308,2,
corrupted/saveas/text/smart_factory_robot_malfunction_analysis(saveas)_stream_zlib.pdf,saveas,31,19389,81740,2,
corrupted/saveas/text/smart_factory_robot_malfunction_analysis(saveas)_stream_zlib.pdf,saveas,32,498,1293,1,6
corrupted/saveas/text/smart_factory_robot_malfunction_analysis(saveas)_stream_zlib.pdf,saveas,33,11630,37516,2,
corrupted/saveas/text/smart_factory_robot_malfunction_analysis(saveas)_stream_zlib.pdf,saveas,34,651,2021,1,6
corrupted/saveas/text/smart_factory_robot_malfunction_analysis(saveas)_stream_zlib.pdf,saveas,35,14183,32872,2,
corrupted/saveas/text/smart_factory_robot_malfunction_analysis(saveas)_stream_zlib.pdf,saveas,37,2344,8036,1,
corrupted/saveas/text+img/global_agriculture_food_security_climate_impact(saveas)_stream_zlib.pdf,saveas,0,3260,16024,1,6
corrupted/saveas/text+img/global_agriculture_food_security_climate_impact(saveas)_stream_zlib.pdf,saveas,1,2286,13075,1,6
corrupted/saveas/text+img/global_agriculture_food_security_climate_impact(saveas)_stream_zlib.pdf,saveas,2,9622,105887,1,6
corrupted/saveas/text+img/global_agriculture_food_security_climate_impact(saveas)_stream_zlib.pdf,saveas,3,20385,816408,3,
corrupted/saveas/text+img/global_agriculture_food_security_climate_impact(saveas)_stream_zlib.pdf,saveas,4,55,34017,1,6
corrupted/saveas/text+img/global_agriculture_food_security_climate_impact(saveas)_stream_zlib.pdf,saveas,5,3512,17733,1,
corrupted/saveas/text+img/global_agriculture_food_security_climate_impact(saveas)_stream_zlib.pdf,saveas,6,4158,23459,1,
corrupted/saveas/text+img/global_agriculture_food_security_climate_impact(saveas)_stream_zlib.pdf,saveas,7,8821,105810,1,6
corrupted/saveas/text+img/global_agriculture_food_security_climate_impact(saveas)_stream_zlib.pdf,saveas,8,11280,824121,2,
corrupted/saveas/text+img/global_agriculture_food_security_climate_impact(saveas)_stream_zlib.pdf,saveas,9,146,34584,1,6
corrupted/saveas/text+img/global_agriculture_food_security_climate_impact(saveas)_stream_zlib.pdf,saveas,10,4462,39512,1,6
corrupted/saveas/text+img/global_agriculture_food_security_climate_impact(saveas)_stream_zlib.pdf,saveas,11,6070,45288,1,
corrupted/saveas/text+img/global_agriculture_food_security_climate_impact(saveas)_stream_zlib.pdf,saveas,12,4167,39781,1,6
corrupted/saveas/text+img/global_agriculture_food_security_climate_impact(saveas)_stream_zlib.pdf,saveas,13,3971,21134,1,
corrupted/saveas/text+img/global_agriculture_food_security_climate_impact(saveas)_stream_zlib.pdf,saveas,14,8267,24980,1,
corrupted/saveas/text+img/global_agriculture_food_security_climate_impact(saveas)_stream_zlib.pdf,saveas,15,309,584,1,6
corrupted/saveas/text+img/global_agriculture_food_security_climate_impact(saveas)_stream_zlib.pdf,saveas,16,11628,22580,2,
corrupted/saveas/text+img/global_agriculture_food_security_climate_impact(saveas)_stream_zlib.pdf,saveas,17,4464,11240,1,
corrupted/saveas/text+img/global_agriculture_food_security_climate_impact(saveas)_stream_zlib.pdf,saveas,18,39875,112528,5,
corrupted/saveas/text+img/global_agriculture_food_security_climate_impact(saveas)_stream_zlib.pdf,saveas,19,366,618,1,6
corrupted/saveas/text+img/global_agriculture_food_security_climate_impact(saveas)_stream_zlib.pdf,saveas,20,11935,72868,2,
corrupted/saveas/text+img/global_agriculture_food_security_climate_impact(saveas)_stream_zlib.pdf,saveas,21,1678,4455,1,6
corrupted/saveas/text+img/global_agriculture_food_security_climate_impact(saveas)_stream_zlib.pdf,saveas,22,45368,106872,5,
corrupted/saveas/text+img/global_agriculture_food_security_climate_impact(saveas)_stream_zlib.pdf,saveas,23,22998,85136,3,
corrupted/saveas/text+img/global_agriculture_food_security_climate_impact(saveas)_stream_zlib.pdf,saveas,24,476,1174,1,6
corrupted/saveas/text+img/global_agriculture_food_security_climate_impact(saveas)_stream_zlib.pdf,saveas,25,14015,28580,2,
corrupted/saveas/text+img/global_agriculture_food_security_climate_impact(saveas)_stream_zlib.pdf,saveas,26,707,2085,1,6
corrupted/saveas/text+img/global_agriculture_food_security_climate_impact(saveas)_stream_zlib.pdf,saveas,27,10628,23764,2,
corrupted/saveas/text+img/global_agriculture_food_security_climate_impact(saveas)_stream_zlib.pdf,saveas,28,623,1628,1,6
corrupted/saveas/text+img/global_agriculture_food_security_climate_impact(saveas)_stream_zlib.pdf,saveas,29,9693,26652,1,6
corrupted/saveas/text+img/global_agriculture_food_security_climate_impact(saveas)_stream_zlib.pdf,saveas,30,8411,22796,1,
corrupted/saveas/text+img/global_agriculture_food_security_climate_impact(saveas)_stream_zlib.pdf,saveas,31,4138,7316,1,6
corrupted/saveas/text+img/global_agriculture_food_security_climate_impact(saveas)_stream_zlib.pdf,saveas,32,338,711,1,6
corrupted/saveas/text+img/global_agriculture_food_security_climate_impact(saveas)_stream_zlib.pdf,saveas,33,3710,8400,1,6
corrupted/saveas/text+img/global_agriculture_food_security_climate_impact(saveas)_stream_zlib.pdf,saveas,34,482,1190,1,6
corrupted/saveas/text+img/global_agriculture_food_security_climate_impact(saveas)_stream_zlib.pdf,saveas,35,6683,13040,1,6
corrupted/saveas/text+img/global_agriculture_food_security_climate_impact(saveas)_stream_zlib.pdf,saveas,36,426,1016,1,6
corrupted/saveas/text+img/global_agriculture_food_security_climate_impact(saveas)_stream_zlib.pdf,saveas,37,8885,29320,1,
corrupted/saveas/text+img/global_agriculture_food_security_climate_impact(saveas)_stream_zlib.pdf,saveas,38,716,2203,1,6
corrupted/saveas/text+img/global_agriculture_food_security_climate_impact(saveas)_stream_zlib.pdf,saveas,39,14428,33316,2,
corrupted/saveas/text+img/global_agriculture_food_security_climate_impact(saveas)_stream_zlib.pdf,saveas,41,3308,11935,1,6
corrupted/saveas/text+img/global_ai_technology_investment_and_industry_adoption(saveas)_stream_zlib.pdf,saveas,0,3069,15540,1,6
corrupted/saveas/text+img/global_ai_technology_investment_and_industry_adoption(saveas)_stream_zlib.pdf,saveas,1,2200,13730,1,6
corrupted/saveas/text+img/global_ai_technology_investment_and_industry_adoption(saveas)_stream_zlib.pdf,saveas,3,8231,86591,1,
corrupted/saveas/text+img/global_ai_technology_investment_and_industry_adoption(saveas)_stream_zlib.pdf,saveas,4,3125,15616,1,6
corrupted/saveas/text+img/global_ai_technology_investment_and_industry_adoption(saveas)_stream_zlib.pdf,saveas,6,3826,19114,1,
corrupted/saveas/text+img/global_ai_technology_investment_and_industry_adoption(saveas)_stream_zlib.pdf,saveas,7,7361,80524,1,
corrupted/saveas/text+img/global_ai_technology_investment_and_industry_adoption(saveas)_stream_zlib.pdf,saveas,8,4540,39612,1,6
corrupted/saveas/text+img/global_ai_technology_investment_and_industry_adoption(saveas)_stream_zlib.pdf,saveas,9,5780,43921,1,
corrupted/saveas/text+img/global_ai_technology_investment_and_industry_adoption(saveas)_stream_zlib.pdf,saveas,10,5313,34415,1,
corrupted/saveas/text+img/global_ai_technology_investment_and_industry_adoption(saveas)_stream_zlib.pdf,saveas,11,3687,10152,1,
corrupted/saveas/text+img/global_ai_technology_investment_and_industry_adoption(saveas)_stream_zlib.pdf,saveas,12,25892,81056,3,
corrupted/saveas/text+img/global_ai_technology_investment_and_industry_adoption(saveas)_stream_zlib.pdf,saveas,13,226,337,1,6
corrupted/saveas/text+img/global_ai_technology_investment_and_industry_adoption(saveas)_stream_zlib.pdf,saveas,14,11409,18252,2,
corrupted/saveas/text+img/global_ai_technology_investment_and_industry_adoption(saveas)_stream_zlib.pdf,saveas,15,10841,21492,2,
corrupted/saveas/text+img/global_ai_technology_investment_and_industry_adoption(saveas)_stream_zlib.pdf,saveas,16,343,562,1,6
corrupted/saveas/text+img/global_ai_technology_investment_and_industry_adoption(saveas)_stream_zlib.pdf,saveas,17,20860,54284,3,
corrupted/saveas/text+img/global_ai_technology_investment_and_industry_adoption(saveas)_stream_zlib.pdf,saveas,18,1123,2740,1,6
corrupted/saveas/text+img/global_ai_technology_investment_and_industry_adoption(saveas)_stream_zlib.pdf,saveas,19,89315,166840,9,
corrupted/saveas/text+img/global_ai_technology_investment_and_industry_adoption(saveas)_stream_zlib.pdf,saveas,20,934,2201,1,6
corrupted/saveas/text+img/global_ai_technology_investment_and_industry_adoption(saveas)_stream_zlib.pdf,saveas,21,21794,74176,3,
corrupted/saveas/text+img/global_ai_technology_investment_and_industry_adoption(saveas)_stream_zlib.pdf,saveas,22,22998,85136,3,
corrupted/saveas/text+img/global_ai_technology_investment_and_industry_adoption(saveas)_stream_zlib.pdf,saveas,23,445,1005,1,6
corrupted/saveas/text+img/global_ai_technology_investment_and_industry_adoption(saveas)_stream_zlib.pdf,saveas,24,13276,27188,2,
corrupted/saveas/text+img/global_ai_technology_investment_and_industry_adoption(saveas)_stream_zlib.pdf,saveas,25,10082,38036,2,
corrupted/saveas/text+img/global_ai_technology_investment_and_industry_adoption(saveas)_stream_zlib.pdf,saveas,26,644,1674,1,6
corrupted/saveas/text+img/global_ai_technology_investment_and_industry_adoption(saveas)_stream_zlib.pdf,saveas,27,7586,19900,1,6
corrupted/saveas/text+img/global_ai_technology_investment_and_industry_adoption(saveas)_stream_zlib.pdf,saveas,28,740,2316,1,6
corrupted/saveas/text+img/global_ai_technology_investment_and_industry_adoption(saveas)_stream_zlib.pdf,saveas,29,28899,74828,3,
corrupted/saveas/text+img/global_ai_technology_investment_and_industry_adoption(saveas)_stream_zlib.pdf,saveas,30,8327,22844,1,
corrupted/saveas/text+img/global_ai_technology_investment_and_industry_adoption(saveas)_stream_zlib.pdf,saveas,31,224,337,1,6
corrupted/saveas/text+img/global_ai_technology_investment_and_industry_adoption(saveas)_stream_zlib.pdf,saveas,32,4057,7176,1,6
corrupted/saveas/text+img/global_ai_technology_investment_and_industry_adoption(saveas)_stream_zlib.pdf,saveas,33,436,1025,1,6
corrupted/saveas/text+img/global_ai_technology_investment_and_industry_adoption(saveas)_stream_zlib.pdf,saveas,34,6927,13240,1,6
corrupted/saveas/text+img/global_ai_technology_investment_and_industry_adoption(saveas)_stream_zlib.pdf,saveas,35,350,739,1,6
corrupted/saveas/text+img/global_ai_technology_investment_and_industry_adoption(saveas)_stream_zlib.pdf,saveas,36,5579,11280,1,6
corrupted/saveas/text+img/global_ai_technology_investment_and_industry_adoption(saveas)_stream_zlib.pdf,saveas,37,410,948,1,6
corrupted/saveas/text+img/global_ai_technology_investment_and_industry_adoption(saveas)_stream_zlib.pdf,saveas,38,8792,27520,1,
corrupted/saveas/text+img/global_ai_technology_investment_and_industry_adoption(saveas)_stream_zlib.pdf,saveas,39,609,1705,1,6
corrupted/saveas/text+img/global_ai_technology_investment_and_industry_adoption(saveas)_stream_zlib.pdf,saveas,40,6591,15544,1,
corrupted/saveas/text+img/global_ai_technology_investment_and_industry_adoption(saveas)_stream_zlib.pdf,saveas,41,651,1735,1,6
corrupted/saveas/text+img/global_ai_technology_investment_and_industry_adoption(saveas)_stream_zlib.pdf,saveas,42,23934,52708,3,
corrupted/saveas/text+img/global_ai_technology_investment_and_industry_adoption(saveas)_stream_zlib.pdf,saveas,44,2919,10199,1,6
corrupted/saveas/text+img/global_climate_change_indicators_and_ghg_emissions(saveas)_stream_zlib.pdf,saveas,0,3337,15780,1,6
corrupted/saveas/text+img/global_climate_change_indicators_and_ghg_emissions(saveas)_stream_zlib.pdf,saveas,2,1987,10491,1,6
corrupted/saveas/text+img/global_climate_change_indicators_and_ghg_emissions(saveas)_stream_zlib.pdf,saveas,3,8147,88259,1,6
corrupted/saveas/text+img/global_climate_change_indicators_and_ghg_emissions(saveas)_stream_zlib.pdf,saveas,4,3420,16262,1,6
corrupted/saveas/text+img/global_climate_change_indicators_and_ghg_emissions(saveas)_stream_zlib.pdf,saveas,5,3850,18007,1,6
corrupted/saveas/text+img/global_climate_change_indicators_and_ghg_emissions(saveas)_stream_zlib.pdf,saveas,6,7661,88591,1,
corrupted/saveas/text+img/global_climate_change_indicators_and_ghg_emissions(saveas)_stream_zlib.pdf,saveas,8,4460,39431,1,6
corrupted/saveas/text+img/global_climate_change_indicators_and_ghg_emissions(saveas)_stream_zlib.pdf,saveas,9,5810,44325,1,
corrupted/saveas/text+img/global_climate_change_indicators_and_ghg_emissions(saveas)_stream_zlib.pdf,saveas,10,5955,39689,1,6
corrupted/saveas/text+img/global_climate_change_indicators_and_ghg_emissions(saveas)_stream_zlib.pdf,saveas,11,6218,11016,1,6
corrupted/saveas/text+img/global_climate_change_indicators_and_ghg_emissions(saveas)_stream_zlib.pdf,saveas,12,25892,81056,3,
corrupted/saveas/text+img/global_climate_change_indicators_and_ghg_emissions(saveas)_stream_zlib.pdf,saveas,13,386,831,1,6
corrupted/saveas/text+img/global_climate_change_indicators_and_ghg_emissions(saveas)_stream_zlib.pdf,saveas,14,12191,36952,2,
corrupted/saveas/text+img/global_climate_change_indicators_and_ghg_emissions(saveas)_stream_zlib.pdf,saveas,15,225,337,1,6
corrupted/saveas/text+img/global_climate_change_indicators_and_ghg_emissions(saveas)_stream_zlib.pdf,saveas,16,12011,23176,2,
corrupted/saveas/text+img/global_climate_change_indicators_and_ghg_emissions(saveas)_stream_zlib.pdf,saveas,17,236,351,1,6
corrupted/saveas/text+img/global_climate_change_indicators_and_ghg_emissions(saveas)_stream_zlib.pdf,saveas,18,23299,92684,3,
corrupted/saveas/text+img/global_climate_change_indicators_and_ghg_emissions(saveas)_stream_zlib.pdf,saveas,19,330,548,1,6
corrupted/saveas/text+img/global_climate_change_indicators_and_ghg_emissions(saveas)_stream_zlib.pdf,saveas,20,4460,51316,1,
corrupted/saveas/text+img/global_climate_change_indicators_and_ghg_emissions(saveas)_stream_zlib.pdf,saveas,21,1198,3030,1,6
corrupted/saveas/text+img/global_climate_change_indicators_and_ghg_emissions(saveas)_stream_zlib.pdf,saveas,22,74545,131676,9,
corrupted/saveas/text+img/global_climate_change_indicators_and_ghg_emissions(saveas)_stream_zlib.pdf,saveas,23,854,1909,1,6
corrupted/saveas/text+img/global_climate_change_indicators_and_ghg_emissions(saveas)_stream_zlib.pdf,saveas,24,37587,123956,4,
corrupted/saveas/text+img/global_climate_change_indicators_and_ghg_emissions(saveas)_stream_zlib.pdf,saveas,25,415,921,1,6
corrupted/saveas/text+img/global_climate_change_indicators_and_ghg_emissions(saveas)_stream_zlib.pdf,saveas,26,10003,26164,2,
corrupted/saveas/text+img/global_climate_change_indicators_and_ghg_emissions(saveas)_stream_zlib.pdf,saveas,27,628,1678,1,6
corrupted/saveas/text+img/global_climate_change_indicators_and_ghg_emissions(saveas)_stream_zlib.pdf,saveas,28,10384,22924,2,
corrupted/saveas/text+img/global_climate_change_indicators_and_ghg_emissions(saveas)_stream_zlib.pdf,saveas,29,730,2160,1,6
corrupted/saveas/text+img/global_climate_change_indicators_and_ghg_emissions(saveas)_stream_zlib.pdf,saveas,30,9493,25488,1,
corrupted/saveas/text+img/global_climate_change_indicators_and_ghg_emissions(saveas)_stream_zlib.pdf,saveas,31,7127,32340,1,
corrupted/saveas/text+img/global_climate_change_indicators_and_ghg_emissions(saveas)_stream_zlib.pdf,saveas,32,395,826,1,6
corrupted/saveas/text+img/global_climate_change_indicators_and_ghg_emissions(saveas)_stream_zlib.pdf,saveas,33,10760,27608,1,
corrupted/saveas/text+img/global_climate_change_indicators_and_ghg_emissions(saveas)_stream_zlib.pdf,saveas,34,3768,6712,1,6
corrupted/saveas/text+img/global_climate_change_indicators_and_ghg_emissions(saveas)_stream_zlib.pdf,saveas,35,4276,9624,1,6
corrupted/saveas/text+img/global_climate_change_indicators_and_ghg_emissions(saveas)_stream_zlib.pdf,saveas,36,500,1109,1,6
corrupted/saveas/text+img/global_climate_change_indicators_and_ghg_emissions(saveas)_stream_zlib.pdf,saveas,37,14258,32684,2,
corrupted/saveas/text+img/global_climate_change_indicators_and_ghg_emissions(saveas)_stream_zlib.pdf,saveas,38,299,577,1,6
corrupted/saveas/text+img/global_climate_change_indicators_and_ghg_emissions(saveas)_stream_zlib.pdf,saveas,39,6332,11216,1,
corrupted/saveas/text+img/global_climate_change_indicators_and_ghg_emissions(saveas)_stream_zlib.pdf,saveas,40,421,953,1,6
corrupted/saveas/text+img/global_climate_change_indicators_and_ghg_emissions(saveas)_stream_zlib.pdf,saveas,41,13660,31168,2,
corrupted/saveas/text+img/global_climate_change_indicators_and_ghg_emissions(saveas)_stream_zlib.pdf,saveas,42,654,1783,1,6
corrupted/saveas/text+img/global_climate_change_indicators_and_ghg_emissions(saveas)_stream_zlib.pdf,saveas,43,18018,68332,2,
corrupted/saveas/text+img/global_climate_change_indicators_and_ghg_emissions(saveas)_stream_zlib.pdf,saveas,44,654,1691,1,6
corrupted/saveas/text+img/global_climate_change_indicators_and_ghg_emissions(saveas)_stream_zlib.pdf,saveas,45,6867,16804,1,
corrupted/saveas/text+img/global_climate_change_indicators_and_ghg_emissions(saveas)_stream_zlib.pdf,saveas,47,3070,10640,1,
corrupted/saveas/text+img/global_esports_and_gaming_industry_growth(saveas)_stream_zlib.pdf,saveas,0,3326,17793,1,6
corrupted/saveas/text+img/global_esports_and_gaming_industry_growth(saveas)_stream_zlib.pdf,saveas,1,2182,12573,1,6
corrupted/saveas/text+img/global_esports_and_gaming_industry_growth(saveas)_stream_zlib.pdf,saveas,3,8288,87070,1,
corrupted/saveas/text+img/global_esports_and_gaming_industry_growth(saveas)_stream_zlib.pdf,saveas,5,3442,16983,1,6
corrupted/saveas/text+img/global_esports_and_gaming_industry_growth(saveas)_stream_zlib.pdf,saveas,6,4153,20831,1,6
corrupted/saveas/text+img/global_esports_and_gaming_industry_growth(saveas)_stream_zlib.pdf,saveas,7,7689,83967,1,6
corrupted/saveas/text+img/global_esports_and_gaming_industry_growth(saveas)_stream_zlib.pdf,saveas,8,4760,39779,1,6
corrupted/saveas/text+img/global_esports_and_gaming_industry_growth(saveas)_stream_zlib.pdf,saveas,9,6019,44473,1,
corrupted/saveas/text+img/global_esports_and_gaming_industry_growth(saveas)_stream_zlib.pdf,saveas,10,5936,39515,1,6
corrupted/saveas/text+img/global_esports_and_gaming_industry_growth(saveas)_stream_zlib.pdf,saveas,11,16999,112312,2,
corrupted/saveas/text+img/global_esports_and_gaming_industry_growth(saveas)_stream_zlib.pdf,saveas,12,25892,81056,3,
corrupted/saveas/text+img/global_esports_and_gaming_industry_growth(saveas)_stream_zlib.pdf,saveas,13,10186,16600,2,
corrupted/saveas/text+img/global_esports_and_gaming_industry_growth(saveas)_stream_zlib.pdf,saveas,14,226,337,1,6
corrupted/saveas/text+img/global_esports_and_gaming_industry_growth(saveas)_stream_zlib.pdf,saveas,15,23022,92336,3,
corrupted/saveas/text+img/global_esports_and_gaming_industry_growth(saveas)_stream_zlib.pdf,saveas,16,5085,12064,1,
corrupted/saveas/text+img/global_esports_and_gaming_industry_growth(saveas)_stream_zlib.pdf,saveas,17,328,534,1,6
corrupted/saveas/text+img/global_esports_and_gaming_industry_growth(saveas)_stream_zlib.pdf,saveas,18,10395,69804,1,
corrupted/saveas/text+img/global_esports_and_gaming_industry_growth(saveas)_stream_zlib.pdf,saveas,19,1188,2918,1,6
corrupted/saveas/text+img/global_esports_and_gaming_industry_growth(saveas)_stream_zlib.pdf,saveas,20,75214,133072,9,
corrupted/saveas/text+img/global_esports_and_gaming_industry_growth(saveas)_stream_zlib.pdf,saveas,21,924,2153,1,6
corrupted/saveas/text+img/global_esports_and_gaming_industry_growth(saveas)_stream_zlib.pdf,saveas,22,75917,145492,8,
corrupted/saveas/text+img/global_esports_and_gaming_industry_growth(saveas)_stream_zlib.pdf,saveas,23,402,833,1,6
corrupted/saveas/text+img/global_esports_and_gaming_industry_growth(saveas)_stream_zlib.pdf,saveas,24,8104,20224,1,6
corrupted/saveas/text+img/global_esports_and_gaming_industry_growth(saveas)_stream_zlib.pdf,saveas,25,672,1890,1,6
corrupted/saveas/text+img/global_esports_and_gaming_industry_growth(saveas)_stream_zlib.pdf,saveas,26,22725,75960,2,
corrupted/saveas/text+img/global_esports_and_gaming_industry_growth(saveas)_stream_zlib.pdf,saveas,27,697,2129,1,6
corrupted/saveas/text+img/global_esports_and_gaming_industry_growth(saveas)_stream_zlib.pdf,saveas,28,29708,77064,3,
corrupted/saveas/text+img/global_esports_and_gaming_industry_growth(saveas)_stream_zlib.pdf,saveas,29,226,337,1,6
corrupted/saveas/text+img/global_esports_and_gaming_industry_growth(saveas)_stream_zlib.pdf,saveas,30,6850,127608,1,
corrupted/saveas/text+img/global_esports_and_gaming_industry_growth(saveas)_stream_zlib.pdf,saveas,31,6794,15832,1,
corrupted/saveas/text+img/global_esports_and_gaming_industry_growth(saveas)_stream_zlib.pdf,saveas,32,10148,25676,2,
corrupted/saveas/text+img/global_esports_and_gaming_industry_growth(saveas)_stream_zlib.pdf,saveas,33,10518,26812,1,
corrupted/saveas/text+img/global_esports_and_gaming_industry_growth(saveas)_stream_zlib.pdf,saveas,34,324,604,1,6
corrupted/saveas/text+img/global_esports_and_gaming_industry_growth(saveas)_stream_zlib.pdf,saveas,35,3774,8804,1,6
corrupted/saveas/text+img/global_esports_and_gaming_industry_growth(saveas)_stream_zlib.pdf,saveas,36,453,989,1,6
corrupted/saveas/text+img/global_esports_and_gaming_industry_growth(saveas)_stream_zlib.pdf,saveas,37,12294,30316,2,
corrupted/saveas/text+img/global_esports_and_gaming_industry_growth(saveas)_stream_zlib.pdf,saveas,38,352,789,1,6
corrupted/saveas/text+img/global_esports_and_gaming_industry_growth(saveas)_stream_zlib.pdf,saveas,39,5600,11252,1,6
corrupted/saveas/text+img/global_esports_and_gaming_industry_growth(saveas)_stream_zlib.pdf,saveas,40,387,833,1,6
corrupted/saveas/text+img/global_esports_and_gaming_industry_growth(saveas)_stream_zlib.pdf,saveas,41,5965,16532,1,
corrupted/saveas/text+img/global_esports_and_gaming_industry_growth(saveas)_stream_zlib.pdf,saveas,42,620,1733,1,6
corrupted/saveas/text+img/global_esports_and_gaming_industry_growth(saveas)_stream_zlib.pdf,saveas,43,6830,16376,1,
corrupted/saveas/text+img/global_esports_and_gaming_industry_growth(saveas)_stream_zlib.pdf,saveas,44,702,2007,1,6
corrupted/saveas/text+img/global_esports_and_gaming_industry_growth(saveas)_stream_zlib.pdf,saveas,45,26114,56776,3,
corrupted/saveas/text+img/global_esports_and_gaming_industry_growth(saveas)_stream_zlib.pdf,saveas,47,3036,10605,1,
corrupted/saveas/text+img/global_ev_market_growth_statistics(saveas)_stream_zlib.pdf,saveas,0,2832,14065,1,6
corrupted/saveas/text+img/global_ev_market_growth_statistics(saveas)_stream_zlib.pdf,saveas,1,37296,657072,4,
corrupted/saveas/text+img/global_ev_market_growth_statistics(saveas)_stream_zlib.pdf,saveas,2,1859,11290,1,6
corrupted/saveas/text+img/global_ev_market_growth_statistics(saveas)_stream_zlib.pdf,saveas,3,6692,71237,1,
corrupted/saveas/text+img/global_ev_market_growth_statistics(saveas)_stream_zlib.pdf,saveas,4,2342,9881,1,6
corrupted/saveas/text+img/global_ev_market_growth_statistics(saveas)_stream_zlib.pdf,saveas,5,2948,13851,1,6
corrupted/saveas/text+img/global_ev_market_growth_statistics(saveas)_stream_zlib.pdf,saveas,6,6174,67678,1,
corrupted/saveas/text+img/global_ev_market_growth_statistics(saveas)_stream_zlib.pdf,saveas,8,4683,39630,1,6
corrupted/saveas/text+img/global_ev_market_growth_statistics(saveas)_stream_zlib.pdf,saveas,9,5477,42998,1,
corrupted/saveas/text+img/global_ev_market_growth_statistics(saveas)_stream_zlib.pdf,saveas,10,3078,15916,1,6
corrupted/saveas/text+img/global_ev_market_growth_statistics(saveas)_stream_zlib.pdf,saveas,11,9162,17524,1,
corrupted/saveas/text+img/global_ev_market_growth_statistics(saveas)_stream_zlib.pdf,saveas,12,25892,81056,3,
corrupted/saveas/text+img/global_ev_market_growth_statistics(saveas)_stream_zlib.pdf,saveas,13,15201,42484,2,
corrupted/saveas/text+img/global_ev_market_growth_statistics(saveas)_stream_zlib.pdf,saveas,14,5863,13016,1,
corrupted/saveas/text+img/global_ev_market_growth_statistics(saveas)_stream_zlib.pdf,saveas,15,22998,85136,3,
corrupted/saveas/text+img/global_ev_market_growth_statistics(saveas)_stream_zlib.pdf,saveas,16,344,562,1,6
corrupted/saveas/text+img/global_ev_market_growth_statistics(saveas)_stream_zlib.pdf,saveas,17,12373,47552,2,
corrupted/saveas/text+img/global_ev_market_growth_statistics(saveas)_stream_zlib.pdf,saveas,18,985,2327,1,6
corrupted/saveas/text+img/global_ev_market_growth_statistics(saveas)_stream_zlib.pdf,saveas,19,43070,134440,5,
corrupted/saveas/text+img/global_ev_market_growth_statistics(saveas)_stream_zlib.pdf,saveas,20,766,1758,1,6
corrupted/saveas/text+img/global_ev_market_growth_statistics(saveas)_stream_zlib.pdf,saveas,21,23917,84076,3,
corrupted/saveas/text+img/global_ev_market_growth_statistics(saveas)_stream_zlib.pdf,saveas,22,389,823,1,6
corrupted/saveas/text+img/global_ev_market_growth_statistics(saveas)_stream_zlib.pdf,saveas,23,16355,49332,2,
corrupted/saveas/text+img/global_ev_market_growth_statistics(saveas)_stream_zlib.pdf,saveas,24,590,1611,1,6
corrupted/saveas/text+img/global_ev_market_growth_statistics(saveas)_stream_zlib.pdf,saveas,25,21060,50512,3,
corrupted/saveas/text+img/global_ev_market_growth_statistics(saveas)_stream_zlib.pdf,saveas,26,651,1781,1,6
corrupted/saveas/text+img/global_ev_market_growth_statistics(saveas)_stream_zlib.pdf,saveas,27,25785,54516,3,
corrupted/saveas/text+img/global_ev_market_growth_statistics(saveas)_stream_zlib.pdf,saveas,28,3065,5752,1,6
corrupted/saveas/text+img/global_ev_market_growth_statistics(saveas)_stream_zlib.pdf,saveas,29,9344,19352,1,
corrupted/saveas/text+img/global_ev_market_growth_statistics(saveas)_stream_zlib.pdf,saveas,30,9648,37324,2,
corrupted/saveas/text+img/global_ev_market_growth_statistics(saveas)_stream_zlib.pdf,saveas,31,3517,8080,1,
corrupted/saveas/text+img/global_ev_market_growth_statistics(saveas)_stream_zlib.pdf,saveas,32,450,1094,1,6
corrupted/saveas/text+img/global_ev_market_growth_statistics(saveas)_stream_zlib.pdf,saveas,33,8295,16712,1,
corrupted/saveas/text+img/global_ev_market_growth_statistics(saveas)_stream_zlib.pdf,saveas,34,409,884,1,6
corrupted/saveas/text+img/global_ev_market_growth_statistics(saveas)_stream_zlib.pdf,saveas,35,6711,13156,1,6
corrupted/saveas/text+img/global_ev_market_growth_statistics(saveas)_stream_zlib.pdf,saveas,36,410,885,1,6
corrupted/saveas/text+img/global_ev_market_growth_statistics(saveas)_stream_zlib.pdf,saveas,37,15310,35416,2,
corrupted/saveas/text+img/global_ev_market_growth_statistics(saveas)_stream_zlib.pdf,saveas,38,634,1890,1,6
corrupted/saveas/text+img/global_ev_market_growth_statistics(saveas)_stream_zlib.pdf,saveas,39,20885,46060,3,
corrupted/saveas/text+img/global_ev_market_growth_statistics(saveas)_stream_zlib.pdf,saveas,40,605,1816,1,6
corrupted/saveas/text+img/global_ev_market_growth_statistics(saveas)_stream_zlib.pdf,saveas,41,15433,48776,2,
corrupted/saveas/text+img/global_ev_market_growth_statistics(saveas)_stream_zlib.pdf,saveas,43,2533,8687,1,
corrupted/saveas/text+img/global_healthcare_digital_health_patient_data_trends(saveas)_stream_zlib.pdf,saveas,0,3156,17162,1,6
corrupted/saveas/text+img/global_healthcare_digital_health_patient_data_trends(saveas)_stream_zlib.pdf,saveas,1,14702,731490,2,
corrupted/saveas/text+img/global_healthcare_digital_health_patient_data_trends(saveas)_stream_zlib.pdf,saveas,2,134,30710,1,6
corrupted/saveas/text+img/global_healthcare_digital_health_patient_data_trends(saveas)_stream_zlib.pdf,saveas,3,2323,13094,1,6
corrupted/saveas/text+img/global_healthcare_digital_health_patient_data_trends(saveas)_stream_zlib.pdf,saveas,4,9213,98391,1,6
corrupted/saveas/text+img/global_healthcare_digital_health_patient_data_trends(saveas)_stream_zlib.pdf,saveas,5,3404,17480,1,
corrupted/saveas/text+img/global_healthcare_digital_health_patient_data_trends(saveas)_stream_zlib.pdf,saveas,6,18032,711750,2,
corrupted/saveas/text+img/global_healthcare_digital_health_patient_data_trends(saveas)_stream_zlib.pdf,saveas,7,131,29930,1,6
corrupted/saveas/text+img/global_healthcare_digital_health_patient_data_trends(saveas)_stream_zlib.pdf,saveas,8,3851,19114,1,6
corrupted/saveas/text+img/global_healthcare_digital_health_patient_data_trends(saveas)_stream_zlib.pdf,saveas,9,8645,103752,1,6
corrupted/saveas/text+img/global_healthcare_digital_health_patient_data_trends(saveas)_stream_zlib.pdf,saveas,10,4518,39612,1,6
corrupted/saveas/text+img/global_healthcare_digital_health_patient_data_trends(saveas)_stream_zlib.pdf,saveas,11,5993,44925,1,
corrupted/saveas/text+img/global_healthcare_digital_health_patient_data_trends(saveas)_stream_zlib.pdf,saveas,12,7680,55997,1,
corrupted/saveas/text+img/global_healthcare_digital_health_patient_data_trends(saveas)_stream_zlib.pdf,saveas,13,3879,10392,1,
corrupted/saveas/text+img/global_healthcare_digital_health_patient_data_trends(saveas)_stream_zlib.pdf,saveas,14,25892,81056,3,
corrupted/saveas/text+img/global_healthcare_digital_health_patient_data_trends(saveas)_stream_zlib.pdf,saveas,15,226,337,1,6
corrupted/saveas/text+img/global_healthcare_digital_health_patient_data_trends(saveas)_stream_zlib.pdf,saveas,16,19868,117136,2,
corrupted/saveas/text+img/global_healthcare_digital_health_patient_data_trends(saveas)_stream_zlib.pdf,saveas,17,226,337,1,6
corrupted/saveas/text+img/global_healthcare_digital_health_patient_data_trends(saveas)_stream_zlib.pdf,saveas,18,18459,60868,2,
corrupted/saveas/text+img/global_healthcare_digital_health_patient_data_trends(saveas)_stream_zlib.pdf,saveas,19,240,351,1,6
corrupted/saveas/text+img/global_healthcare_digital_health_patient_data_trends(saveas)_stream_zlib.pdf,saveas,20,6432,240404,1,6
corrupted/saveas/text+img/global_healthcare_digital_health_patient_data_trends(saveas)_stream_zlib.pdf,saveas,21,226,337,1,6
corrupted/saveas/text+img/global_healthcare_digital_health_patient_data_trends(saveas)_stream_zlib.pdf,saveas,22,2616600,4300228,292,
corrupted/saveas/text+img/global_healthcare_digital_health_patient_data_trends(saveas)_stream_zlib.pdf,saveas,23,364,604,1,6
corrupted/saveas/text+img/global_healthcare_digital_health_patient_data_trends(saveas)_stream_zlib.pdf,saveas,24,12258,364012,2,
corrupted/saveas/text+img/global_healthcare_digital_health_patient_data_trends(saveas)_stream_zlib.pdf,saveas,25,1242,3100,1,6
corrupted/saveas/text+img/global_healthcare_digital_health_patient_data_trends(saveas)_stream_zlib.pdf,saveas,26,41377,112672,5,
corrupted/saveas/text+img/global_healthcare_digital_health_patient_data_trends(saveas)_stream_zlib.pdf,saveas,27,970,2316,1,6
corrupted/saveas/text+img/global_healthcare_digital_health_patient_data_trends(saveas)_stream_zlib.pdf,saveas,28,42522,131296,5,
corrupted/saveas/text+img/global_healthcare_digital_health_patient_data_trends(saveas)_stream_zlib.pdf,saveas,29,444,1025,1,6
corrupted/saveas/text+img/global_healthcare_digital_health_patient_data_trends(saveas)_stream_zlib.pdf,saveas,30,9886,24772,1,6
corrupted/saveas/text+img/global_healthcare_digital_health_patient_data_trends(saveas)_stream_zlib.pdf,saveas,31,668,1954,1,6
corrupted/saveas/text+img/global_healthcare_digital_health_patient_data_trends(saveas)_stream_zlib.pdf,saveas,32,27795,58704,3,
corrupted/saveas/text+img/global_healthcare_digital_health_patient_data_trends(saveas)_stream_zlib.pdf,saveas,33,623,1673,1,6
corrupted/saveas/text+img/global_healthcare_digital_health_patient_data_trends(saveas)_stream_zlib.pdf,saveas,34,12554,28904,2,
corrupted/saveas/text+img/global_healthcare_digital_health_patient_data_trends(saveas)_stream_zlib.pdf,saveas,35,6726,15696,1,
corrupted/saveas/text+img/global_healthcare_digital_health_patient_data_trends(saveas)_stream_zlib.pdf,saveas,36,11725,28720,2,
corrupted/saveas/text+img/global_healthcare_digital_health_patient_data_trends(saveas)_stream_zlib.pdf,saveas,37,340,711,1,6
corrupted/saveas/text+img/global_healthcare_digital_health_patient_data_trends(saveas)_stream_zlib.pdf,saveas,38,5466,9676,1,
corrupted/saveas/text+img/global_healthcare_digital_health_patient_data_trends(saveas)_stream_zlib.pdf,saveas,39,344,761,1,6
corrupted/saveas/text+img/global_healthcare_digital_health_patient_data_trends(saveas)_stream_zlib.pdf,saveas,40,6173,12056,1,6
corrupted/saveas/text+img/global_healthcare_digital_health_patient_data_trends(saveas)_stream_zlib.pdf,saveas,41,226,337,1,6
corrupted/saveas/text+img/global_healthcare_digital_health_patient_data_trends(saveas)_stream_zlib.pdf,saveas,42,23041,92372,3,
corrupted/saveas/text+img/global_healthcare_digital_health_patient_data_trends(saveas)_stream_zlib.pdf,saveas,43,416,866,1,6
corrupted/saveas/text+img/global_healthcare_digital_health_patient_data_trends(saveas)_stream_zlib.pdf,saveas,44,14263,33412,2,
corrupted/saveas/text+img/global_healthcare_digital_health_patient_data_trends(saveas)_stream_zlib.pdf,saveas,45,718,2205,1,6
corrupted/saveas/text+img/global_healthcare_digital_health_patient_data_trends(saveas)_stream_zlib.pdf,saveas,46,24786,51296,3,
corrupted/saveas/text+img/global_healthcare_digital_health_patient_data_trends(saveas)_stream_zlib.pdf,saveas,48,3340,11774,1,
corrupted/saveas/text+img/global_renewable_energy_generation_and_carbon_reduction_analysis(saveas)_stream_zlib.pdf,saveas,0,2895,13075,1,6
corrupted/saveas/text+img/global_renewable_energy_generation_and_carbon_reduction_analysis(saveas)_stream_zlib.pdf,saveas,1,1867,10054,1,6
corrupted/saveas/text+img/global_renewable_energy_generation_and_carbon_reduction_analysis(saveas)_stream_zlib.pdf,saveas,2,7619,81136,1,6
corrupted/saveas/text+img/global_renewable_energy_generation_and_carbon_reduction_analysis(saveas)_stream_zlib.pdf,saveas,4,2996,12656,1,6
corrupted/saveas/text+img/global_renewable_energy_generation_and_carbon_reduction_analysis(saveas)_stream_zlib.pdf,saveas,5,3674,16925,1,6
corrupted/saveas/text+img/global_renewable_energy_generation_and_carbon_reduction_analysis(saveas)_stream_zlib.pdf,saveas,7,7306,81628,1,
corrupted/saveas/text+img/global_renewable_energy_generation_and_carbon_reduction_analysis(saveas)_stream_zlib.pdf,saveas,8,4376,39341,1,6
corrupted/saveas/text+img/global_renewable_energy_generation_and_carbon_reduction_analysis(saveas)_stream_zlib.pdf,saveas,9,5864,43974,1,
corrupted/saveas/text+img/global_renewable_energy_generation_and_carbon_reduction_analysis(saveas)_stream_zlib.pdf,saveas,10,4404,27100,1,6
corrupted/saveas/text+img/global_renewable_energy_generation_and_carbon_reduction_analysis(saveas)_stream_zlib.pdf,saveas,11,6432,11280,1,6
corrupted/saveas/text+img/global_renewable_energy_generation_and_carbon_reduction_analysis(saveas)_stream_zlib.pdf,saveas,12,19058,93436,2,
corrupted/saveas/text+img/global_renewable_energy_generation_and_carbon_reduction_analysis(saveas)_stream_zlib.pdf,saveas,13,5362,12388,1,
corrupted/saveas/text+img/global_renewable_energy_generation_and_carbon_reduction_analysis(saveas)_stream_zlib.pdf,saveas,14,227,337,1,6
corrupted/saveas/text+img/global_renewable_energy_generation_and_carbon_reduction_analysis(saveas)_stream_zlib.pdf,saveas,15,23266,85484,3,
corrupted/saveas/text+img/global_renewable_energy_generation_and_carbon_reduction_analysis(saveas)_stream_zlib.pdf,saveas,16,350,590,1,6
corrupted/saveas/text+img/global_renewable_energy_generation_and_carbon_reduction_analysis(saveas)_stream_zlib.pdf,saveas,17,5101,52068,1,6
corrupted/saveas/text+img/global_renewable_energy_generation_and_carbon_reduction_analysis(saveas)_stream_zlib.pdf,saveas,18,947,2196,1,6
corrupted/saveas/text+img/global_renewable_energy_generation_and_carbon_reduction_analysis(saveas)_stream_zlib.pdf,saveas,19,31075,94884,4,
corrupted/saveas/text+img/global_renewable_energy_generation_and_carbon_reduction_analysis(saveas)_stream_zlib.pdf,saveas,20,884,1975,1,6
corrupted/saveas/text+img/global_renewable_energy_generation_and_carbon_reduction_analysis(saveas)_stream_zlib.pdf,saveas,21,57063,106728,7,
corrupted/saveas/text+img/global_renewable_energy_generation_and_carbon_reduction_analysis(saveas)_stream_zlib.pdf,saveas,22,25892,81056,3,
corrupted/saveas/text+img/global_renewable_energy_generation_and_carbon_reduction_analysis(saveas)_stream_zlib.pdf,saveas,23,373,748,1,6
corrupted/saveas/text+img/global_renewable_energy_generation_and_carbon_reduction_analysis(saveas)_stream_zlib.pdf,saveas,24,4701,14204,1,
corrupted/saveas/text+img/global_renewable_energy_generation_and_carbon_reduction_analysis(saveas)_stream_zlib.pdf,saveas,25,620,1695,1,6
corrupted/saveas/text+img/global_renewable_energy_generation_and_carbon_reduction_analysis(saveas)_stream_zlib.pdf,saveas,26,9231,21276,1,6
corrupted/saveas/text+img/global_renewable_energy_generation_and_carbon_reduction_analysis(saveas)_stream_zlib.pdf,saveas,27,659,1814,1,6
corrupted/saveas/text+img/global_renewable_energy_generation_and_carbon_reduction_analysis(saveas)_stream_zlib.pdf,saveas,28,23523,54812,3,
corrupted/saveas/text+img/global_renewable_energy_generation_and_carbon_reduction_analysis(saveas)_stream_zlib.pdf,saveas,29,8492,23004,1,
corrupted/saveas/text+img/global_renewable_energy_generation_and_carbon_reduction_analysis(saveas)_stream_zlib.pdf,saveas,30,11112,27516,2,
corrupted/saveas/text+img/global_renewable_energy_generation_and_carbon_reduction_analysis(saveas)_stream_zlib.pdf,saveas,31,315,598,1,6
corrupted/saveas/text+img/global_renewable_energy_generation_and_carbon_reduction_analysis(saveas)_stream_zlib.pdf,saveas,32,10487,38632,2,
corrupted/saveas/text+img/global_renewable_energy_generation_and_carbon_reduction_analysis(saveas)_stream_zlib.pdf,saveas,33,335,675,1,6
corrupted/saveas/text+img/global_renewable_energy_generation_and_carbon_reduction_analysis(saveas)_stream_zlib.pdf,saveas,34,5042,8944,1,
corrupted/saveas/text+img/global_renewable_energy_generation_and_carbon_reduction_analysis(saveas)_stream_zlib.pdf,saveas,35,451,1003,1,6
corrupted/saveas/text+img/global_renewable_energy_generation_and_carbon_reduction_analysis(saveas)_stream_zlib.pdf,saveas,36,14097,32584,2,
corrupted/saveas/text+img/global_renewable_energy_generation_and_carbon_reduction_analysis(saveas)_stream_zlib.pdf,saveas,37,473,1245,1,6
corrupted/saveas/text+img/global_renewable_energy_generation_and_carbon_reduction_analysis(saveas)_stream_zlib.pdf,saveas,38,6855,13424,1,6
corrupted/saveas/text+img/global_renewable_energy_generation_and_carbon_reduction_analysis(saveas)_stream_zlib.pdf,saveas,39,439,993,1,6
corrupted/saveas/text+img/global_renewable_energy_generation_and_carbon_reduction_analysis(saveas)_stream_zlib.pdf,saveas,40,4052,9492,1,
corrupted/saveas/text+img/global_renewable_energy_generation_and_carbon_reduction_analysis(saveas)_stream_zlib.pdf,saveas,41,678,2104,1,6
corrupted/saveas/text+img/global_renewable_energy_generation_and_carbon_reduction_analysis(saveas)_stream_zlib.pdf,saveas,42,14265,33132,2,
corrupted/saveas/text+img/global_renewable_energy_generation_and_carbon_reduction_analysis(saveas)_stream_zlib.pdf,saveas,43,660,2061,1,6
corrupted/saveas/text+img/global_renewable_energy_generation_and_carbon_reduction_analysis(saveas)_stream_zlib.pdf,saveas,44,16513,52996,2,
corrupted/saveas/text+img/global_renewable_energy_generation_and_carbon_reduction_analysis(saveas)_stream_zlib.pdf,saveas,46,2790,9660,1,
corrupted/saveas/text+img/international_tourism_trends_country_spending_patterns_multilang(saveas)_stream_zlib.pdf,saveas,0,3142,16673,1,6
corrupted/saveas/text+img/international_tourism_trends_country_spending_patterns_multilang(saveas)_stream_zlib.pdf,saveas,1,2137,12026,1,6
corrupted/saveas/text+img/international_tourism_trends_country_spending_patterns_multilang(saveas)_stream_zlib.pdf,saveas,3,8364,90758,1,
corrupted/saveas/text+img/international_tourism_trends_country_spending_patterns_multilang(saveas)_stream_zlib.pdf,saveas,4,3100,14044,1,6
corrupted/saveas/text+img/international_tourism_trends_country_spending_patterns_multilang(saveas)_stream_zlib.pdf,saveas,5,4011,20987,1,
corrupted/saveas/text+img/international_tourism_trends_country_spending_patterns_multilang(saveas)_stream_zlib.pdf,saveas,7,8062,89150,1,
corrupted/saveas/text+img/international_tourism_trends_country_spending_patterns_multilang(saveas)_stream_zlib.pdf,saveas,8,4680,39698,1,6
corrupted/saveas/text+img/international_tourism_trends_country_spending_patterns_multilang(saveas)_stream_zlib.pdf,saveas,9,6037,44436,1,
corrupted/saveas/text+img/international_tourism_trends_country_spending_patterns_multilang(saveas)_stream_zlib.pdf,saveas,10,6296,42437,1,6
corrupted/saveas/text+img/international_tourism_trends_country_spending_patterns_multilang(saveas)_stream_zlib.pdf,saveas,11,8359,25388,1,
corrupted/saveas/text+img/international_tourism_trends_country_spending_patterns_multilang(saveas)_stream_zlib.pdf,saveas,12,25892,81056,3,
corrupted/saveas/text+img/international_tourism_trends_country_spending_patterns_multilang(saveas)_stream_zlib.pdf,saveas,13,5857,12988,1,
corrupted/saveas/text+img/international_tourism_trends_country_spending_patterns_multilang(saveas)_stream_zlib.pdf,saveas,14,8929,15004,1,6
corrupted/saveas/text+img/international_tourism_trends_country_spending_patterns_multilang(saveas)_stream_zlib.pdf,saveas,15,324,520,1,6
corrupted/saveas/text+img/international_tourism_trends_country_spending_patterns_multilang(saveas)_stream_zlib.pdf,saveas,16,20661,53964,2,
corrupted/saveas/text+img/international_tourism_trends_country_spending_patterns_multilang(saveas)_stream_zlib.pdf,saveas,17,1317,3389,1,6
corrupted/saveas/text+img/international_tourism_trends_country_spending_patterns_multilang(saveas)_stream_zlib.pdf,saveas,18,43768,115292,5,
corrupted/saveas/text+img/international_tourism_trends_country_spending_patterns_multilang(saveas)_stream_zlib.pdf,saveas,19,695,1499,1,6
corrupted/saveas/text+img/international_tourism_trends_country_spending_patterns_multilang(saveas)_stream_zlib.pdf,saveas,20,15181,65452,2,
corrupted/saveas/text+img/international_tourism_trends_country_spending_patterns_multilang(saveas)_stream_zlib.pdf,saveas,21,379,769,1,6
corrupted/saveas/text+img/international_tourism_trends_country_spending_patterns_multilang(saveas)_stream_zlib.pdf,saveas,22,4753,13724,1,6
corrupted/saveas/text+img/international_tourism_trends_country_spending_patterns_multilang(saveas)_stream_zlib.pdf,saveas,23,773,2194,1,6
corrupted/saveas/text+img/international_tourism_trends_country_spending_patterns_multilang(saveas)_stream_zlib.pdf,saveas,24,10841,29268,1,
corrupted/saveas/text+img/international_tourism_trends_country_spending_patterns_multilang(saveas)_stream_zlib.pdf,saveas,25,685,2045,1,6
corrupted/saveas/text+img/international_tourism_trends_country_spending_patterns_multilang(saveas)_stream_zlib.pdf,saveas,26,27297,71940,3,
corrupted/saveas/text+img/international_tourism_trends_country_spending_patterns_multilang(saveas)_stream_zlib.pdf,saveas,27,7124,19672,1,
corrupted/saveas/text+img/international_tourism_trends_country_spending_patterns_multilang(saveas)_stream_zlib.pdf,saveas,28,9360,19304,1,
corrupted/saveas/text+img/international_tourism_trends_country_spending_patterns_multilang(saveas)_stream_zlib.pdf,saveas,29,10162,38312,2,
corrupted/saveas/text+img/international_tourism_trends_country_spending_patterns_multilang(saveas)_stream_zlib.pdf,saveas,30,3204,7668,1,6
corrupted/saveas/text+img/international_tourism_trends_country_spending_patterns_multilang(saveas)_stream_zlib.pdf,saveas,31,488,1280,1,6
corrupted/saveas/text+img/international_tourism_trends_country_spending_patterns_multilang(saveas)_stream_zlib.pdf,saveas,32,7312,14196,1,6
corrupted/saveas/text+img/international_tourism_trends_country_spending_patterns_multilang(saveas)_stream_zlib.pdf,saveas,33,438,961,1,6
corrupted/saveas/text+img/international_tourism_trends_country_spending_patterns_multilang(saveas)_stream_zlib.pdf,saveas,34,12171,30248,2,
corrupted/saveas/text+img/international_tourism_trends_country_spending_patterns_multilang(saveas)_stream_zlib.pdf,saveas,35,365,746,1,6
corrupted/saveas/text+img/international_tourism_trends_country_spending_patterns_multilang(saveas)_stream_zlib.pdf,saveas,36,6426,16816,1,6
corrupted/saveas/text+img/international_tourism_trends_country_spending_patterns_multilang(saveas)_stream_zlib.pdf,saveas,37,606,1573,1,6
corrupted/saveas/text+img/international_tourism_trends_country_spending_patterns_multilang(saveas)_stream_zlib.pdf,saveas,38,7270,17096,1,
corrupted/saveas/text+img/international_tourism_trends_country_spending_patterns_multilang(saveas)_stream_zlib.pdf,saveas,39,675,1843,1,6
corrupted/saveas/text+img/international_tourism_trends_country_spending_patterns_multilang(saveas)_stream_zlib.pdf,saveas,40,23273,51288,3,
corrupted/saveas/text+img/international_tourism_trends_country_spending_patterns_multilang(saveas)_stream_zlib.pdf,saveas,42,3037,10682,1,6
corrupted/saveas/text+img/mobile_payment_and_fintech_service_expansion(saveas)_stream_zlib.pdf,saveas,0,3217,16511,1,6
corrupted/saveas/text+img/mobile_payment_and_fintech_service_expansion(saveas)_stream_zlib.pdf,saveas,1,2177,12359,1,6
corrupted/saveas/text+img/mobile_payment_and_fintech_service_expansion(saveas)_stream_zlib.pdf,saveas,2,8737,92683,1,
corrupted/saveas/text+img/mobile_payment_and_fintech_service_expansion(saveas)_stream_zlib.pdf,saveas,3,3327,16831,1,
corrupted/saveas/text+img/mobile_payment_and_fintech_service_expansion(saveas)_stream_zlib.pdf,saveas,4,3857,19296,1,6
corrupted/saveas/text+img/mobile_payment_and_fintech_service_expansion(saveas)_stream_zlib.pdf,saveas,6,8346,94814,1,
corrupted/saveas/text+img/mobile_payment_and_fintech_service_expansion(saveas)_stream_zlib.pdf,saveas,8,4502,39574,1,6
corrupted/saveas/text+img/mobile_payment_and_fintech_service_expansion(saveas)_stream_zlib.pdf,saveas,9,6108,44663,1,
corrupted/saveas/text+img/mobile_payment_and_fintech_service_expansion(saveas)_stream_zlib.pdf,saveas,10,7002,48002,1,
corrupted/saveas/text+img/mobile_payment_and_fintech_service_expansion(saveas)_stream_zlib.pdf,saveas,11,3544,9988,1,
corrupted/saveas/text+img/mobile_payment_and_fintech_service_expansion(saveas)_stream_zlib.pdf,saveas,12,25892,81056,3,
corrupted/saveas/text+img/mobile_payment_and_fintech_service_expansion(saveas)_stream_zlib.pdf,saveas,13,19396,116372,2,
corrupted/saveas/text+img/mobile_payment_and_fintech_service_expansion(saveas)_stream_zlib.pdf,saveas,14,11927,36144,2,
corrupted/saveas/text+img/mobile_payment_and_fintech_service_expansion(saveas)_stream_zlib.pdf,saveas,15,326,534,1,6
corrupted/saveas/text+img/mobile_payment_and_fintech_service_expansion(saveas)_stream_zlib.pdf,saveas,16,20826,54216,3,
corrupted/saveas/text+img/mobile_payment_and_fintech_service_expansion(saveas)_stream_zlib.pdf,saveas,17,986,2274,1,6
corrupted/saveas/text+img/mobile_payment_and_fintech_service_expansion(saveas)_stream_zlib.pdf,saveas,18,32363,96736,4,
corrupted/saveas/text+img/mobile_payment_and_fintech_service_expansion(saveas)_stream_zlib.pdf,saveas,19,1087,2707,1,6
corrupted/saveas/text+img/mobile_payment_and_fintech_service_expansion(saveas)_stream_zlib.pdf,saveas,20,86630,161660,9,
corrupted/saveas/text+img/mobile_payment_and_fintech_service_expansion(saveas)_stream_zlib.pdf,saveas,21,226,337,1,6
corrupted/saveas/text+img/mobile_payment_and_fintech_service_expansion(saveas)_stream_zlib.pdf,saveas,22,23041,92372,3,
corrupted/saveas/text+img/mobile_payment_and_fintech_service_expansion(saveas)_stream_zlib.pdf,saveas,23,374,746,1,6
corrupted/saveas/text+img/mobile_payment_and_fintech_service_expansion(saveas)_stream_zlib.pdf,saveas,24,14805,46616,2,
corrupted/saveas/text+img/mobile_payment_and_fintech_service_expansion(saveas)_stream_zlib.pdf,saveas,25,693,1924,1,6
corrupted/saveas/text+img/mobile_payment_and_fintech_service_expansion(saveas)_stream_zlib.pdf,saveas,26,10088,22668,2,
corrupted/saveas/text+img/mobile_payment_and_fintech_service_expansion(saveas)_stream_zlib.pdf,saveas,27,676,1959,1,6
corrupted/saveas/text+img/mobile_payment_and_fintech_service_expansion(saveas)_stream_zlib.pdf,saveas,28,10501,29780,1,6
corrupted/saveas/text+img/mobile_payment_and_fintech_service_expansion(saveas)_stream_zlib.pdf,saveas,29,7942,21632,1,
corrupted/saveas/text+img/mobile_payment_and_fintech_service_expansion(saveas)_stream_zlib.pdf,saveas,30,3916,6904,1,6
corrupted/saveas/text+img/mobile_payment_and_fintech_service_expansion(saveas)_stream_zlib.pdf,saveas,31,8179,17648,1,
corrupted/saveas/text+img/mobile_payment_and_fintech_service_expansion(saveas)_stream_zlib.pdf,saveas,32,372,773,1,6
corrupted/saveas/text+img/mobile_payment_and_fintech_service_expansion(saveas)_stream_zlib.pdf,saveas,33,5787,12200,1,
corrupted/saveas/text+img/mobile_payment_and_fintech_service_expansion(saveas)_stream_zlib.pdf,saveas,34,340,636,1,6
corrupted/saveas/text+img/mobile_payment_and_fintech_service_expansion(saveas)_stream_zlib.pdf,saveas,35,7376,13164,1,
corrupted/saveas/text+img/mobile_payment_and_fintech_service_expansion(saveas)_stream_zlib.pdf,saveas,36,304,570,1,6
corrupted/saveas/text+img/mobile_payment_and_fintech_service_expansion(saveas)_stream_zlib.pdf,saveas,37,5074,10512,1,6
corrupted/saveas/text+img/mobile_payment_and_fintech_service_expansion(saveas)_stream_zlib.pdf,saveas,38,396,885,1,6
corrupted/saveas/text+img/mobile_payment_and_fintech_service_expansion(saveas)_stream_zlib.pdf,saveas,39,6401,16832,1,6
corrupted/saveas/text+img/mobile_payment_and_fintech_service_expansion(saveas)_stream_zlib.pdf,saveas,40,661,2056,1,6
corrupted/saveas/text+img/mobile_payment_and_fintech_service_expansion(saveas)_stream_zlib.pdf,saveas,41,13888,32380,2,
corrupted/saveas/text+img/mobile_payment_and_fintech_service_expansion(saveas)_stream_zlib.pdf,saveas,42,648,1694,1,6
corrupted/saveas/text+img/mobile_payment_and_fintech_service_expansion(saveas)_stream_zlib.pdf,saveas,43,7352,17160,1,
corrupted/saveas/text+img/mobile_payment_and_fintech_service_expansion(saveas)_stream_zlib.pdf,saveas,45,3198,11193,1,
corrupted/saveas/text+img/online_education_elearning_market_growth_analysis(saveas)_stream_zlib.pdf,saveas,0,3094,17576,1,6
corrupted/saveas/text+img/online_education_elearning_market_growth_analysis(saveas)_stream_zlib.pdf,saveas,2,1965,11812,1,6
corrupted/saveas/text+img/online_education_elearning_market_growth_analysis(saveas)_stream_zlib.pdf,saveas,4,8673,97366,1,
corrupted/saveas/text+img/online_education_elearning_market_growth_analysis(saveas)_stream_zlib.pdf,saveas,5,3213,17505,1,6
corrupted/saveas/text+img/online_education_elearning_market_growth_analysis(saveas)_stream_zlib.pdf,saveas,6,4138,23453,1,6
corrupted/saveas/text+img/online_education_elearning_market_growth_analysis(saveas)_stream_zlib.pdf,saveas,7,8176,92973,1,6
corrupted/saveas/text+img/online_education_elearning_market_growth_analysis(saveas)_stream_zlib.pdf,saveas,8,4779,39783,1,
corrupted/saveas/text+img/online_education_elearning_market_growth_analysis(saveas)_stream_zlib.pdf,saveas,9,5873,44527,1,
corrupted/saveas/text+img/online_education_elearning_market_growth_analysis(saveas)_stream_zlib.pdf,saveas,10,6952,47517,1,6
corrupted/saveas/text+img/online_education_elearning_market_growth_analysis(saveas)_stream_zlib.pdf,saveas,11,6611,11516,1,6
corrupted/saveas/text+img/online_education_elearning_market_growth_analysis(saveas)_stream_zlib.pdf,saveas,12,334,647,1,6
corrupted/saveas/text+img/online_education_elearning_market_growth_analysis(saveas)_stream_zlib.pdf,saveas,13,14971,42284,2,
corrupted/saveas/text+img/online_education_elearning_market_growth_analysis(saveas)_stream_zlib.pdf,saveas,14,363,604,1,6
corrupted/saveas/text+img/online_education_elearning_market_growth_analysis(saveas)_stream_zlib.pdf,saveas,15,21795,55764,3,
corrupted/saveas/text+img/online_education_elearning_market_growth_analysis(saveas)_stream_zlib.pdf,saveas,16,25892,81056,3,
corrupted/saveas/text+img/online_education_elearning_market_growth_analysis(saveas)_stream_zlib.pdf,saveas,17,1635,4422,1,6
corrupted/saveas/text+img/online_education_elearning_market_growth_analysis(saveas)_stream_zlib.pdf,saveas,18,76921,217824,8,
corrupted/saveas/text+img/online_education_elearning_market_growth_analysis(saveas)_stream_zlib.pdf,saveas,19,22998,85136,3,
corrupted/saveas/text+img/online_education_elearning_market_growth_analysis(saveas)_stream_zlib.pdf,saveas,20,432,951,1,6
corrupted/saveas/text+img/online_education_elearning_market_growth_analysis(saveas)_stream_zlib.pdf,saveas,21,13481,26248,2,
corrupted/saveas/text+img/online_education_elearning_market_growth_analysis(saveas)_stream_zlib.pdf,saveas,22,762,2269,1,6
corrupted/saveas/text+img/online_education_elearning_market_growth_analysis(saveas)_stream_zlib.pdf,saveas,23,30159,77772,3,
corrupted/saveas/text+img/online_education_elearning_market_growth_analysis(saveas)_stream_zlib.pdf,saveas,24,6125,14984,1,
corrupted/saveas/text+img/online_education_elearning_market_growth_analysis(saveas)_stream_zlib.pdf,saveas,25,11433,28180,2,
corrupted/saveas/text+img/online_education_elearning_market_growth_analysis(saveas)_stream_zlib.pdf,saveas,26,381,810,1,6
corrupted/saveas/text+img/online_education_elearning_market_growth_analysis(saveas)_stream_zlib.pdf,saveas,27,5976,12428,1,
corrupted/saveas/text+img/online_education_elearning_market_growth_analysis(saveas)_stream_zlib.pdf,saveas,28,476,1074,1,6
corrupted/saveas/text+img/online_education_elearning_market_growth_analysis(saveas)_stream_zlib.pdf,saveas,29,13819,32136,2,
corrupted/saveas/text+img/online_education_elearning_market_growth_analysis(saveas)_stream_zlib.pdf,saveas,30,382,866,1,6
corrupted/saveas/text+img/online_education_elearning_market_growth_analysis(saveas)_stream_zlib.pdf,saveas,31,6715,17680,1,
corrupted/saveas/text+img/online_education_elearning_market_growth_analysis(saveas)_stream_zlib.pdf,saveas,32,734,2179,1,6
corrupted/saveas/text+img/online_education_elearning_market_growth_analysis(saveas)_stream_zlib.pdf,saveas,33,26885,58516,3,
corrupted/saveas/text+img/online_education_elearning_market_growth_analysis(saveas)_stream_zlib.pdf,saveas,35,3017,10808,1,
