file,mode,kind,stream,comp_len,decomp_len,changed_bytes,first_change,first_change_frac,outcome,zlib_msg,detect_latency,emitted,verbatim,silent_wrong,verbatim_frac,blocks_total,blocks_after
corrupted/print/text/AI_Development_MultiLanguage(print)_stream_zlib.pdf,print,text,0,10295,21080,1,4227,0.4106,check-only,incorrect data check,6068,21084,9398,11686,0.4458,1,0
corrupted/print/text/AI_Development_MultiLanguage(print)_stream_zlib.pdf,print,text,2,29660,75740,1,20295,0.6843,check-only,incorrect data check,9365,75738,58081,17657,0.7668,2,0
corrupted/print/text/AI_Development_MultiLanguage(print)_stream_zlib.pdf,print,text,3,15997,38328,1,4757,0.2974,data-error,invalid distance too far back,11,11784,11772,12,0.3071,1,0
corrupted/print/text/AI_Development_MultiLanguage(print)_stream_zlib.pdf,print,text,4,3522,21953,1,679,0.1928,data-error,invalid distance too far back,4,2410,2409,1,0.1097,1,0
corrupted/print/text/AI_Development_MultiLanguage(print)_stream_zlib.pdf,print,text,9,76358,200708,1,18857,0.247,check-only,incorrect data check,57501,200708,46585,154123,0.2321,3,2
corrupted/print/text/AI_Development_MultiLanguage(print)_stream_zlib.pdf,print,text,10,48373,131580,1,24467,0.5058,check-only,incorrect data check,23906,131591,68749,62842,0.5225,3,1
corrupted/print/text/AI_Development_MultiLanguage(print)_stream_zlib.pdf,print,text,11,48026,128217,1,43392,0.9035,check-only,incorrect data check,4634,128206,114760,13446,0.895,2,0
corrupted/print/text/AI_Development_MultiLanguage(print)_stream_zlib.pdf,print,text,13,26270,56904,1,18272,0.6955,check-only,incorrect data check,7998,56912,41015,15897,0.7208,2,1
corrupted/print/text/AI_Development_MultiLanguage(print)_stream_zlib.pdf,print,text,17,17631,42092,1,11621,0.6591,check-only,incorrect data check,6010,42092,25551,16541,0.607,1,0
corrupted/print/text/AI_Development_MultiLanguage(print)_stream_zlib.pdf,print,text,21,8954,18464,1,3656,0.4083,check-only,incorrect data check,5298,18488,7597,10891,0.4114,1,0
corrupted/print/text/AI_Development_MultiLanguage(print)_stream_zlib.pdf,print,text,22,26993,52672,1,14948,0.5538,check-only,incorrect data check,12045,52674,32544,20130,0.6179,2,1
corrupted/print/text/AI_Development_MultiLanguage(print)_stream_zlib.pdf,print,text,24,25765,57096,1,18880,0.7328,check-only,incorrect data check,6885,57098,40553,16545,0.7103,2,1
corrupted/print/text/AI_Development_MultiLanguage(print)_stream_zlib.pdf,print,text,25,30960,75556,1,28259,0.9128,check-only,incorrect data check,2701,75566,70515,5051,0.9333,2,0
corrupted/print/text/AeroChef_Drone_Delivery_Cooking_Service(print)_stream_zlib.pdf,print,text,2,11673,23900,1,1257,0.1077,data-error,invalid distance too far back,6,2514,2506,8,0.1049,1,0
corrupted/print/text/AeroChef_Drone_Delivery_Cooking_Service(print)_stream_zlib.pdf,print,text,3,67214,347616,1,48127,0.716,check-only,incorrect data check,19087,347616,300176,47440,0.8635,4,1
corrupted/print/text/AeroChef_Drone_Delivery_Cooking_Service(print)_stream_zlib.pdf,print,text,5,111328,268232,1,14723,0.1322,check-only,incorrect data check,96605,268232,62520,205712,0.2331,6,5
corrupted/print/text/AeroChef_Drone_Delivery_Cooking_Service(print)_stream_zlib.pdf,print,text,7,5348,53024,1,2227,0.4164,check-only,incorrect data check,3121,53024,32888,20136,0.6202,1,0
corrupted/print/text/AeroChef_Drone_Delivery_Cooking_Service(print)_stream_zlib.pdf,print,text,10,96384,230284,1,23369,0.2425,check-only,incorrect data check,73015,230296,72903,157393,0.3166,5,3
corrupted/print/text/AeroChef_Drone_Delivery_Cooking_Service(print)_stream_zlib.pdf,print,text,11,1972,10462,1,774,0.3925,data-error,invalid distance too far back,4,2623,2618,5,0.2502,1,0
corrupted/print/text/AeroChef_Drone_Delivery_Cooking_Service(print)_stream_zlib.pdf,print,text,12,11901,27576,1,6874,0.5776,check-only,incorrect data check,5027,27571,17036,10535,0.6178,1,0
corrupted/print/text/AeroChef_Drone_Delivery_Cooking_Service(print)_stream_zlib.pdf,print,text,13,21761,57064,1,6499,0.2987,check-only,incorrect data check,15262,57057,15385,41672,0.2696,1,0
corrupted/print/text/AeroChef_Drone_Delivery_Cooking_Service(print)_stream_zlib.pdf,print,text,14,41502,99888,1,7904,0.1904,check-only,incorrect data check,33598,99888,14303,85585,0.1432,2,1
corrupted/print/text/AeroChef_Drone_Delivery_Cooking_Service(print)_stream_zlib.pdf,print,text,15,6074,56448,1,844,0.139,data-error,invalid distance too far back,17,6240,6100,140,0.1081,1,0
corrupted/print/text/AeroChef_Drone_Delivery_Cooking_Service(print)_stream_zlib.pdf,print,text,16,40784,96708,1,6744,0.1654,check-only,incorrect data check,34040,96721,17961,78760,0.1857,2,1
corrupted/print/text/AeroChef_Drone_Delivery_Cooking_Service(print)_stream_zlib.pdf,print,text,18,7382,12532,1,2517,0.341,check-only,incorrect data check,4865,12525,3890,8635,0.3104,1,0
corrupted/print/text/AeroChef_Drone_Delivery_Cooking_Service(print)_stream_zlib.pdf,print,text,20,10250,28244,1,4197,0.4095,check-only,incorrect data check,6053,28235,9091,19144,0.3219,1,0
corrupted/print/text/AeroChef_Drone_Delivery_Cooking_Service(print)_stream_zlib.pdf,print,text,21,487951,888988,1,331352,0.6791,check-only,incorrect data check,156599,888988,627491,261497,0.7058,22,7
corrupted/print/text/AeroChef_Drone_Delivery_Cooking_Service(print)_stream_zlib.pdf,print,text,26,33595,79944,1,13691,0.4075,check-only,incorrect data check,19904,79948,29715,50233,0.3717,2,1
corrupted/print/text/Aurora_VR_AR_Game_Lineup_Multilingual(print)_stream_zlib.pdf,print,text,0,29922,76304,1,22622,0.756,check-only,incorrect data check,7300,76358,63241,13117,0.8288,2,0
corrupted/print/text/Aurora_VR_AR_Game_Lineup_Multilingual(print)_stream_zlib.pdf,print,text,6,76947,200741,1,29345,0.3814,check-only,incorrect data check,47602,200741,75469,125272,0.376,3,1
corrupted/print/text/Aurora_VR_AR_Game_Lineup_Multilingual(print)_stream_zlib.pdf,print,text,9,77433,200753,1,19559,0.2526,check-only,incorrect data check,57874,200753,49566,151187,0.2469,3,2
corrupted/print/text/Aurora_VR_AR_Game_Lineup_Multilingual(print)_stream_zlib.pdf,print,text,11,76832,200739,1,23695,0.3084,check-only,incorrect data check,53137,200737,60611,140126,0.3019,3,2
corrupted/print/text/Aurora_VR_AR_Game_Lineup_Multilingual(print)_stream_zlib.pdf,print,text,12,77027,200709,1,20214,0.2624,check-only,incorrect data check,56813,200709,51543,149166,0.2568,3,2
corrupted/print/text/Aurora_VR_AR_Game_Lineup_Multilingual(print)_stream_zlib.pdf,print,text,13,76432,200712,1,74718,0.9776,check-only,incorrect data check,1714,200709,196248,4461,0.9778,3,0
corrupted/print/text/Aurora_VR_AR_Game_Lineup_Multilingual(print)_stream_zlib.pdf,print,text,14,76559,200712,1,45170,0.59,check-only,incorrect data check,31389,200705,117720,82985,0.5865,3,1
corrupted/print/text/Aurora_VR_AR_Game_Lineup_Multilingual(print)_stream_zlib.pdf,print,text,16,76548,200758,1,28604,0.3737,check-only,incorrect data check,47944,200758,73968,126790,0.3684,3,1
corrupted/print/text/Aurora_VR_AR_Game_Lineup_Multilingual(print)_stream_zlib.pdf,print,text,17,76868,200768,1,57590,0.7492,check-only,incorrect data check,19278,200762,150032,50730,0.7473,3,0
corrupted/print/text/Aurora_VR_AR_Game_Lineup_Multilingual(print)_stream_zlib.pdf,print,text,18,11894,61516,1,11018,0.9263,check-only,incorrect data check,876,61516,59880,1636,0.9734,1,0
corrupted/print/text/Aurora_VR_AR_Game_Lineup_Multilingual(print)_stream_zlib.pdf,print,text,23,43479,102792,1,10000,0.23,check-only,incorrect data check,33479,102792,24689,78103,0.2402,3,2
corrupted/print/text/Aurora_VR_AR_Game_Lineup_Multilingual(print)_stream_zlib.pdf,print,text,25,4963,38275,1,4437,0.894,check-only,incorrect data check,526,38275,34656,3619,0.9054,1,0
corrupted/print/text/Aurora_VR_AR_Game_Lineup_Multilingual(print)_stream_zlib.pdf,print,text,26,27226,52680,1,2213,0.0813,check-only,incorrect data check,25013,52680,4738,47942,0.0899,2,1
corrupted/print/text/Aurora_VR_AR_Game_Lineup_Multilingual(print)_stream_zlib.pdf,print,text,27,486313,887288,1,350589,0.7209,check-only,incorrect data check,135724,887288,658080,229208,0.7417,22,6
corrupted/print/text/Aurora_VR_AR_Game_Lineup_Multilingual(print)_stream_zlib.pdf,print,text,28,5315,40126,1,5307,0.9985,incomplete,,,40298,40124,174,1.0,1,0
corrupted/print/text/Aurora_VR_AR_Game_Lineup_Multilingual(print)_stream_zlib.pdf,print,text,29,25675,56916,1,688,0.0268,data-error,invalid distance too far back,3026,8963,2116,6847,0.0372,2,1
corrupted/print/text/Autonomous_Vehicle_Accident_Report(print)_stream_zlib.pdf,print,text,1,96384,230284,1,86449,0.8969,check-only,incorrect data check,9935,230284,210605,19679,0.9145,5,0
corrupted/print/text/Autonomous_Vehicle_Accident_Report(print)_stream_zlib.pdf,print,text,3,60498,200742,1,40850,0.6752,check-only,incorrect data check,19648,200742,137389,63353,0.6844,3,1
corrupted/print/text/Autonomous_Vehicle_Accident_Report(print)_stream_zlib.pdf,print,text,6,26260,81156,1,19758,0.7524,check-only,incorrect data check,6502,81151,56394,24757,0.6949,2,0
corrupted/print/text/Autonomous_Vehicle_Accident_Report(print)_stream_zlib.pdf,print,text,8,2185,12993,1,83,0.038,data-error,invalid distance too far back,2,60,60,0,0.0046,1,0
corrupted/print/text/Autonomous_Vehicle_Accident_Report(print)_stream_zlib.pdf,print,text,9,16590,37776,1,1811,0.1092,check-only,incorrect data check,14779,37776,6347,31429,0.168,1,0
corrupted/print/text/Autonomous_Vehicle_Accident_Report(print)_stream_zlib.pdf,print,text,12,111328,268232,1,78696,0.7069,check-only,incorrect data check,32632,268232,196838,71394,0.7338,6,2
corrupted/print/text/Autonomous_Vehicle_Accident_Report(print)_stream_zlib.pdf,print,text,13,4842,42494,1,4780,0.9872,check-only,incorrect data check,62,42494,41897,597,0.986,1,0
corrupted/print/text/Autonomous_Vehicle_Accident_Report(print)_stream_zlib.pdf,print,text,14,50466,130760,1,36271,0.7187,check-only,incorrect data check,14195,130762,103681,27081,0.7929,3,1
corrupted/print/text/Autonomous_Vehicle_Accident_Report(print)_stream_zlib.pdf,print,text,16,18880,43912,1,9510,0.5037,check-only,incorrect data check,9370,43948,19921,24027,0.4537,1,0
corrupted/print/text/Autonomous_Vehicle_Accident_Report(print)_stream_zlib.pdf,print,text,17,9906,19624,1,2934,0.2962,check-only,incorrect data check,6972,19642,6306,13336,0.3213,1,0
corrupted/print/text/Autonomous_Vehicle_Accident_Report(print)_stream_zlib.pdf,print,text,18,3983,27506,1,1314,0.3299,check-only,incorrect data check,2669,27506,7380,20126,0.2683,1,0
corrupted/print/text/Autonomous_Vehicle_Accident_Report(print)_stream_zlib.pdf,print,text,21,35594,80380,1,28639,0.8046,check-only,incorrect data check,6955,80377,66117,14260,0.8226,2,0
corrupted/print/text/Autonomous_Vehicle_Accident_Report(print)_stream_zlib.pdf,print,text,22,29676,65392,1,21104,0.7111,check-only,incorrect data check,8572,65394,46460,18934,0.7105,2,0
corrupted/print/text/Autonomous_Vehicle_Accident_Report(print)_stream_zlib.pdf,print,text,23,9811,20016,1,3554,0.3622,check-only,incorrect data check,6257,20016,7446,12570,0.372,1,0
corrupted/print/text/Autonomous_Vehicle_Accident_Report(print)_stream_zlib.pdf,print,text,24,6473,61667,1,1319,0.2038,data-error,invalid distance too far back,12,11823,11607,216,0.1882,1,0
corrupted/print/text/BioNext_Data_Leak_Report(print)_stream_zlib.pdf,print,text,0,6789,11948,1,4908,0.7229,check-only,incorrect data check,1881,11948,7999,3949,0.6695,1,0
corrupted/print/text/BioNext_Data_Leak_Report(print)_stream_zlib.pdf,print,text,2,17653,40316,1,9270,0.5251,check-only,incorrect data check,8383,40293,21025,19268,0.5215,1,0
corrupted/print/text/BioNext_Data_Leak_Report(print)_stream_zlib.pdf,print,text,3,33607,82676,1,17410,0.518,check-only,incorrect data check,16197,82665,50405,32260,0.6097,2,1
corrupted/print/text/BioNext_Data_Leak_Report(print)_stream_zlib.pdf,print,text,4,4240,28012,1,1941,0.4578,check-only,incorrect data check,2299,28011,11556,16455,0.4125,1,0
corrupted/print/text/BioNext_Data_Leak_Report(print)_stream_zlib.pdf,print,text,8,75400,200759,1,55878,0.7411,check-only,incorrect data check,19522,200743,147524,53219,0.7348,3,0
corrupted/print/text/BioNext_Data_Leak_Report(print)_stream_zlib.pdf,print,text,9,75349,200750,1,27087,0.3595,check-only,incorrect data check,48262,200750,70604,130146,0.3517,3,2
corrupted/print/text/BioNext_Data_Leak_Report(print)_stream_zlib.pdf,print,text,10,75661,200727,1,43687,0.5774,check-only,incorrect data check,31974,200728,115045,85683,0.5731,3,1
corrupted/print/text/BioNext_Data_Leak_Report(print)_stream_zlib.pdf,print,text,12,18941,52668,1,5938,0.3135,check-only,incorrect data check,13003,52670,14681,37989,0.2787,1,0
corrupted/print/text/BioNext_Data_Leak_Report(print)_stream_zlib.pdf,print,text,15,41199,100668,1,21726,0.5273,check-only,incorrect data check,19473,100668,60185,40483,0.5979,2,0
corrupted/print/text/BioNext_Data_Leak_Report(print)_stream_zlib.pdf,print,text,17,6517,11424,1,4471,0.6861,check-only,incorrect data check,2046,11410,7819,3591,0.6844,1,0
corrupted/print/text/BioNext_Data_Leak_Report(print)_stream_zlib.pdf,print,text,20,4007,26855,1,211,0.0527,check-only,incorrect data check,3796,26856,371,26485,0.0138,1,0
corrupted/print/text/BioNext_Data_Leak_Report(print)_stream_zlib.pdf,print,text,21,5497,12908,1,1768,0.3216,check-only,incorrect data check,3729,12908,6543,6365,0.5069,1,0
corrupted/print/text/BioNext_Data_Leak_Report(print)_stream_zlib.pdf,print,text,22,10782,21140,1,5532,0.5131,check-only,incorrect data check,5250,21140,10736,10404,0.5079,1,0
corrupted/print/text/BioNext_Data_Leak_Report(print)_stream_zlib.pdf,print,text,23,2625,49804,1,856,0.3261,check-only,incorrect data check,1769,49805,31244,18561,0.6273,1,0
corrupted/print/text/BioNext_Data_Leak_Report(print)_stream_zlib.pdf,print,text,25,3912,27124,1,3098,0.7919,data-error,invalid distance too far back,6,20819,20806,13,0.7671,1,0
corrupted/print/text/BioNext_Data_Leak_Report(print)_stream_zlib.pdf,print,text,26,35005,81112,1,15400,0.4399,check-only,incorrect data check,19605,81112,41875,39237,0.5163,2,1
corrupted/print/text/BioNext_Data_Leak_Report(print)_stream_zlib.pdf,print,text,28,10621,21676,1,894,0.0842,check-only,incorrect data check,9727,21729,2432,19297,0.1122,1,0
corrupted/print/text/Digital_Minimalism(print)_stream_zlib.pdf,print,text,0,7444,13160,1,5807,0.7801,check-only,incorrect data check,1637,13160,9468,3692,0.7195,1,0
corrupted/print/text/Digital_Minimalism(print)_stream_zlib.pdf,print,text,4,61384,200726,1,54201,0.883,check-only,incorrect data check,7183,200682,176944,23738,0.8815,3,1
corrupted/print/text/Digital_Minimalism(print)_stream_zlib.pdf,print,text,5,61287,200751,1,13712,0.2237,check-only,incorrect data check,47575,200751,44100,156651,0.2197,3,2
corrupted/print/text/Digital_Minimalism(print)_stream_zlib.pdf,print,text,8,33195,77380,1,17548,0.5286,check-only,incorrect data check,15647,77386,29542,47844,0.3818,2,1
corrupted/print/text/Digital_Minimalism(print)_stream_zlib.pdf,print,text,10,52844,138340,1,43540,0.8239,check-only,incorrect data check,9304,138340,114789,23551,0.8298,3,0
corrupted/print/text/Digital_Minimalism(print)_stream_zlib.pdf,print,text,13,15752,42740,1,3564,0.2263,check-only,incorrect data check,12188,42740,9657,33083,0.2259,1,0
corrupted/print/text/Digital_Minimalism(print)_stream_zlib.pdf,print,text,17,11371,30716,1,8661,0.7617,check-only,incorrect data check,2710,30868,24355,6513,0.7929,1,0
corrupted/print/text/Digital_Minimalism(print)_stream_zlib.pdf,print,text,18,42872,101816,1,9547,0.2227,check-only,incorrect data check,33325,101813,24036,77777,0.2361,3,2
corrupted/print/text/Digital_Minimalism(print)_stream_zlib.pdf,print,text,19,51668,132472,1,51570,0.9981,check-only,incorrect data check,98,132475,132205,270,0.998,3,0
corrupted/print/text/Digital_Minimalism(print)_stream_zlib.pdf,print,text,23,27088,52784,1,14750,0.5445,check-only,incorrect data check,12338,52788,31886,20902,0.6041,2,1
corrupted/print/text/Digital_Minimalism(print)_stream_zlib.pdf,print,text,25,7786,15972,1,3608,0.4634,check-only,incorrect data check,4178,15965,8349,7616,0.5227,1,0
corrupted/print/text/Digital_Minimalism(print)_stream_zlib.pdf,print,text,28,6627,79569,1,5851,0.8829,check-only,incorrect data check,776,79518,69293,10225,0.8709,1,0
corrupted/print/text/E-Payment_Service_Outage_Report(print)_stream_zlib.pdf,print,text,0,6958,12196,1,3145,0.452,check-only,incorrect data check,3813,12196,5674,6522,0.4652,1,0
corrupted/print/text/E-Payment_Service_Outage_Report(print)_stream_zlib.pdf,print,text,1,96384,230284,1,79927,0.8293,check-only,incorrect data check,16457,230299,195673,34626,0.8497,5,1
corrupted/print/text/E-Payment_Service_Outage_Report(print)_stream_zlib.pdf,print,text,4,59170,200714,1,2177,0.0368,check-only,incorrect data check,56993,200716,6246,194470,0.0311,3,2
corrupted/print/text/E-Payment_Service_Outage_Report(print)_stream_zlib.pdf,print,text,5,111328,268232,1,52569,0.4722,check-only,incorrect data check,58759,268234,142280,125954,0.5304,6,3
corrupted/print/text/E-Payment_Service_Outage_Report(print)_stream_zlib.pdf,print,text,6,396,1998,1,63,0.1591,data-error,invalid distance too far back,3,16,16,0,0.008,1,0
corrupted/print/text/E-Payment_Service_Outage_Report(print)_stream_zlib.pdf,print,text,7,5015,52636,1,1372,0.2736,check-only,incorrect data check,3643,52646,31804,20842,0.6042,1,0
corrupted/print/text/E-Payment_Service_Outage_Report(print)_stream_zlib.pdf,print,text,8,31845,105380,1,7760,0.2437,check-only,incorrect data check,24085,105388,42390,62998,0.4023,2,1
corrupted/print/text/E-Payment_Service_Outage_Report(print)_stream_zlib.pdf,print,text,10,2156,12122,1,1539,0.7138,check-only,incorrect data check,617,12028,7655,4373,0.6315,1,0
corrupted/print/text/E-Payment_Service_Outage_Report(print)_stream_zlib.pdf,print,text,12,52025,115832,1,38243,0.7351,check-only,incorrect data check,13782,115836,86803,29033,0.7494,3,1
corrupted/print/text/E-Payment_Service_Outage_Report(print)_stream_zlib.pdf,print,text,13,21162,41544,1,10838,0.5121,check-only,incorrect data check,10324,41555,20637,20918,0.4968,2,1
corrupted/print/text/E-Payment_Service_Outage_Report(print)_stream_zlib.pdf,print,text,15,11520,30916,1,10437,0.906,check-only,incorrect data check,1083,30918,28664,2254,0.9272,1,0
corrupted/print/text/E-Payment_Service_Outage_Report(print)_stream_zlib.pdf,print,text,16,54332,137696,1,27973,0.5149,check-only,incorrect data check,26359,137719,68395,69324,0.4967,3,1
corrupted/print/text/E-Payment_Service_Outage_Report(print)_stream_zlib.pdf,print,text,18,4154,28601,1,1060,0.2552,data-error,invalid distance too far back,4,5778,5763,15,0.2015,1,0
corrupted/print/text/E-Payment_Service_Outage_Report(print)_stream_zlib.pdf,print,text,20,30370,57896,1,17844,0.5876,check-only,incorrect data check,12526,57877,36231,21646,0.6258,2,1
corrupted/print/text/E-Payment_Service_Outage_Report(print)_stream_zlib.pdf,print,text,22,4521,31477,1,154,0.0341,data-error,invalid distance too far back,4,173,171,2,0.0054,1,0
corrupted/print/text/E-Payment_Service_Outage_Report(print)_stream_zlib.pdf,print,text,25,28257,62216,1,15470,0.5475,check-only,incorrect data check,12787,62204,33966,28238,0.5459,2,1
corrupted/print/text/E-Payment_Service_Outage_Report(print)_stream_zlib.pdf,print,text,26,6409,64420,1,2283,0.3562,check-only,incorrect data check,4126,64491,21652,42839,0.3361,1,0
corrupted/print/text/EcoWave_Sustainable_Fashion_Collection(print)_stream_zlib.pdf,print,text,0,9162,18008,1,165,0.018,data-error,invalid distance too far back,5,68,65,3,0.0036,1,0
corrupted/print/text/EcoWave_Sustainable_Fashion_Collection(print)_stream_zlib.pdf,print,text,3,11673,23900,1,11100,0.9509,check-only,incorrect data check,573,23906,23127,779,0.9677,1,0
corrupted/print/text/EcoWave_Sustainable_Fashion_Collection(print)_stream_zlib.pdf,print,text,4,67214,347616,1,26424,0.3931,check-only,incorrect data check,40790,347616,232715,114901,0.6695,4,2
corrupted/print/text/EcoWave_Sustainable_Fashion_Collection(print)_stream_zlib.pdf,print,text,6,96384,230284,1,17399,0.1805,check-only,incorrect data check,78985,230284,62905,167379,0.2732,5,4
corrupted/print/text/EcoWave_Sustainable_Fashion_Collection(print)_stream_zlib.pdf,print,text,10,21022,56905,1,3858,0.1835,check-only,incorrect data check,17164,56908,9177,47731,0.1613,1,0
corrupted/print/text/EcoWave_Sustainable_Fashion_Collection(print)_stream_zlib.pdf,print,text,12,53076,111548,1,44403,0.8366,check-only,incorrect data check,8673,111548,93462,18086,0.8379,3,0
corrupted/print/text/EcoWave_Sustainable_Fashion_Collection(print)_stream_zlib.pdf,print,text,15,7513,12796,1,5886,0.7834,check-only,incorrect data check,1627,12795,9899,2896,0.7736,1,0
corrupted/print/text/EcoWave_Sustainable_Fashion_Collection(print)_stream_zlib.pdf,print,text,16,53049,136132,1,46234,0.8715,check-only,incorrect data check,6815,136134,123884,12250,0.91,3,0
corrupted/print/text/EcoWave_Sustainable_Fashion_Collection(print)_stream_zlib.pdf,print,text,18,9567,27160,1,1734,0.1812,data-error,invalid distance too far back,15,4041,4024,17,0.1482,1,0
corrupted/print/text/EcoWave_Sustainable_Fashion_Collection(print)_stream_zlib.pdf,print,text,21,2951,19195,1,1145,0.388,data-error,invalid distance too far back,39,6414,6164,250,0.3211,1,0
corrupted/print/text/EcoWave_Sustainable_Fashion_Collection(print)_stream_zlib.pdf,print,text,23,11403,23516,1,8110,0.7112,check-only,incorrect data check,3293,23516,17672,5844,0.7515,1,0
corrupted/print/text/EduBot_AI_Learning_Robot_Series(print)_stream_zlib.pdf,print,text,0,29629,75428,1,15605,0.5267,check-only,incorrect data check,14024,75461,48473,26988,0.6426,2,1
corrupted/print/text/EduBot_AI_Learning_Robot_Series(print)_stream_zlib.pdf,print,text,3,16774,39216,1,7619,0.4542,check-only,incorrect data check,9155,39208,18370,20838,0.4684,1,0
corrupted/print/text/EduBot_AI_Learning_Robot_Series(print)_stream_zlib.pdf,print,text,4,96384,230284,1,72699,0.7543,check-only,incorrect data check,23685,230310,177847,52463,0.7723,5,1
corrupted/print/text/EduBot_AI_Learning_Robot_Series(print)_stream_zlib.pdf,print,text,7,16623,67884,1,11565,0.6957,check-only,incorrect data check,5058,67884,45341,22543,0.6679,1,0
corrupted/print/text/EduBot_AI_Learning_Robot_Series(print)_stream_zlib.pdf,print,text,12,43133,103432,1,40718,0.944,check-only,incorrect data check,2415,103422,98387,5035,0.9512,3,1
corrupted/print/text/EduBot_AI_Learning_Robot_Series(print)_stream_zlib.pdf,print,text,17,3125,20745,1,2771,0.8867,check-only,incorrect data check,354,20745,17908,2837,0.8632,1,0
corrupted/print/text/EduBot_AI_Learning_Robot_Series(print)_stream_zlib.pdf,print,text,18,7425,15236,1,5739,0.7729,check-only,incorrect data check,1686,15242,11993,3249,0.7871,1,0
corrupted/print/text/EduBot_AI_Learning_Robot_Series(print)_stream_zlib.pdf,print,text,19,486125,887088,1,263595,0.5422,check-only,incorrect data check,222530,887088,497170,389918,0.5605,22,10
corrupted/print/text/EduBot_AI_Learning_Robot_Series(print)_stream_zlib.pdf,print,text,21,2861,21426,1,2747,0.9602,check-only,incorrect data check,114,21200,20567,633,0.9599,1,0
corrupted/print/text/EduBot_AI_Learning_Robot_Series(print)_stream_zlib.pdf,print,text,23,26352,58344,1,6086,0.231,check-only,incorrect data check,20266,58345,13235,45110,0.2268,2,1
corrupted/print/text/EduBot_AI_Learning_Robot_Series(print)_stream_zlib.pdf,print,text,25,6022,62447,1,721,0.1197,data-error,invalid distance too far back,24,5421,5254,167,0.0841,1,0
corrupted/print/text/Evolution_Biodegradable_Plastics(print)_stream_zlib.pdf,print,text,0,96384,230284,1,52989,0.5498,check-only,incorrect data check,43395,230285,139288,90997,0.6049,5,2
corrupted/print/text/Evolution_Biodegradable_Plastics(print)_stream_zlib.pdf,print,text,2,15857,38156,1,12947,0.8165,check-only,incorrect data check,2910,38166,32433,5733,0.85,1,0
corrupted/print/text/Evolution_Biodegradable_Plastics(print)_stream_zlib.pdf,print,text,4,18955,84216,1,16614,0.8765,check-only,incorrect data check,2341,84216,80110,4106,0.9512,1,0
corrupted/print/text/Evolution_Biodegradable_Plastics(print)_stream_zlib.pdf,print,text,5,23529,77168,1,9889,0.4203,check-only,incorrect data check,13640,77168,42763,34405,0.5542,2,1
corrupted/print/text/Evolution_Biodegradable_Plastics(print)_stream_zlib.pdf,print,text,6,97737,170380,1,51701,0.529,check-only,incorrect data check,46036,170381,81246,89135,0.4769,6,3
corrupted/print/text/Evolution_Biodegradable_Plastics(print)_stream_zlib.pdf,print,text,8,12813,29156,1,1000,0.078,check-only,incorrect data check,11813,29160,5115,24045,0.1754,1,0
corrupted/print/text/Evolution_Biodegradable_Plastics(print)_stream_zlib.pdf,print,text,9,17506,46472,1,16872,0.9638,check-only,incorrect data check,634,46472,44793,1679,0.9639,1,0
corrupted/print/text/Evolution_Biodegradable_Plastics(print)_stream_zlib.pdf,print,text,11,8198,90198,1,3909,0.4768,check-only,incorrect data check,4289,90104,41832,48272,0.4638,1,0
corrupted/print/text/Evolution_Biodegradable_Plastics(print)_stream_zlib.pdf,print,text,12,40847,96320,1,12073,0.2956,check-only,incorrect data check,28774,96324,33720,62604,0.3501,2,1
corrupted/print/text/Evolution_Biodegradable_Plastics(print)_stream_zlib.pdf,print,text,14,51742,132544,1,14691,0.2839,check-only,incorrect data check,37051,132569,44160,88409,0.3332,3,2
corrupted/print/text/Evolution_Biodegradable_Plastics(print)_stream_zlib.pdf,print,text,15,3951,28314,1,1818,0.4601,check-only,incorrect data check,2133,28314,11130,17184,0.3931,1,0
corrupted/print/text/Evolution_Biodegradable_Plastics(print)_stream_zlib.pdf,print,text,18,6468,14588,1,3093,0.4782,check-only,incorrect data check,3375,14628,8175,6453,0.5604,1,0
corrupted/print/text/Evolution_Biodegradable_Plastics(print)_stream_zlib.pdf,print,text,20,7729,15912,1,1528,0.1977,check-only,incorrect data check,6201,15912,3612,12300,0.227,1,0
corrupted/print/text/Evolution_Biodegradable_Plastics(print)_stream_zlib.pdf,print,text,21,25490,56368,1,10005,0.3925,check-only,incorrect data check,15485,56327,21815,34512,0.387,2,1
corrupted/print/text/Evolution_Biodegradable_Plastics(print)_stream_zlib.pdf,print,text,23,7835,95925,1,1870,0.2387,data-error,invalid distance too far back,32,18080,17638,442,0.1839,1,0
corrupted/print/text/Evolution_Food_Culture_Alternative_Foods(print)_stream_zlib.pdf,print,text,1,96384,230284,1,23149,0.2402,check-only,incorrect data check,73235,230282,72575,157707,0.3152,5,3
corrupted/print/text/Evolution_Food_Culture_Alternative_Foods(print)_stream_zlib.pdf,print,text,3,58875,200759,1,8256,0.1402,check-only,incorrect data check,50619,200783,33971,166812,0.1692,3,2
corrupted/print/text/Evolution_Food_Culture_Alternative_Foods(print)_stream_zlib.pdf,print,text,5,36649,119917,1,14422,0.3935,check-only,incorrect data check,22227,119917,44670,75247,0.3725,2,1
corrupted/print/text/Evolution_Food_Culture_Alternative_Foods(print)_stream_zlib.pdf,print,text,9,17074,38712,1,6802,0.3984,check-only,incorrect data check,10272,38725,15426,23299,0.3985,1,0
corrupted/print/text/Evolution_Food_Culture_Alternative_Foods(print)_stream_zlib.pdf,print,text,12,6890,75545,1,363,0.0527,data-error,invalid distance too far back,6,2052,2049,3,0.0271,1,0
corrupted/print/text/Evolution_Food_Culture_Alternative_Foods(print)_stream_zlib.pdf,print,text,14,51865,132852,1,26577,0.5124,check-only,incorrect data check,25288,132855,65799,67056,0.4953,3,1
corrupted/print/text/Evolution_Food_Culture_Alternative_Foods(print)_stream_zlib.pdf,print,text,16,3822,26166,1,287,0.0751,data-error,invalid distance too far back,6,848,824,24,0.0315,1,0
corrupted/print/text/Evolution_Food_Culture_Alternative_Foods(print)_stream_zlib.pdf,print,text,17,7698,15932,1,2264,0.2941,check-only,incorrect data check,5434,15929,5294,10635,0.3323,1,0
corrupted/print/text/Evolution_Food_Culture_Alternative_Foods(print)_stream_zlib.pdf,print,text,19,486129,887136,1,75849,0.156,check-only,incorrect data check,410280,887134,154094,733040,0.1737,22,18
corrupted/print/text/Evolution_Food_Culture_Alternative_Foods(print)_stream_zlib.pdf,print,text,22,41656,106160,1,13675,0.3283,check-only,incorrect data check,27981,106160,47677,58483,0.4491,2,1
corrupted/print/text/Evolution_Food_Culture_Alternative_Foods(print)_stream_zlib.pdf,print,text,24,7174,90678,1,4066,0.5668,check-only,incorrect data check,3108,90634,48329,42305,0.533,1,0
corrupted/print/text/International_Logistics_Fire_Report(print)_stream_zlib.pdf,print,text,0,14769,36708,1,7524,0.5094,check-only,incorrect data check,7245,36746,23247,13499,0.6333,1,0
corrupted/print/text/International_Logistics_Fire_Report(print)_stream_zlib.pdf,print,text,1,96384,230284,1,27021,0.2803,check-only,incorrect data check,69363,230280,79286,150994,0.3443,5,3
corrupted/print/text/International_Logistics_Fire_Report(print)_stream_zlib.pdf,print,text,3,63704,200729,1,56604,0.8885,check-only,incorrect data check,7100,200729,178833,21896,0.8909,3,0
corrupted/print/text/International_Logistics_Fire_Report(print)_stream_zlib.pdf,print,text,4,11232,18332,1,1730,0.154,check-only,incorrect data check,9502,18335,3633,14702,0.1982,1,0
corrupted/print/text/International_Logistics_Fire_Report(print)_stream_zlib.pdf,print,text,13,49807,129724,1,23527,0.4724,check-only,incorrect data check,26280,129724,60705,69019,0.468,3,1
corrupted/print/text/International_Logistics_Fire_Report(print)_stream_zlib.pdf,print,text,14,44568,105828,1,11358,0.2548,check-only,incorrect data check,33210,105825,27975,77850,0.2643,3,2
corrupted/print/text/International_Logistics_Fire_Report(print)_stream_zlib.pdf,print,text,15,15279,37808,1,13669,0.8946,check-only,incorrect data check,1610,37807,34605,3202,0.9153,1,0
corrupted/print/text/International_Logistics_Fire_Report(print)_stream_zlib.pdf,print,text,20,3861,26773,1,3328,0.862,check-only,incorrect data check,533,26775,22301,4474,0.833,1,0
corrupted/print/text/International_Logistics_Fire_Report(print)_stream_zlib.pdf,print,text,21,34483,80480,1,2690,0.078,check-only,incorrect data check,31793,80480,7700,72780,0.0957,2,1
corrupted/print/text/International_Logistics_Fire_Report(print)_stream_zlib.pdf,print,text,23,10833,22340,1,8707,0.8037,check-only,incorrect data check,2126,22347,18447,3900,0.8257,1,0
corrupted/print/text/Lumina_Interior_Lighting_Designbook(print)_stream_zlib.pdf,print,text,0,9390,19844,1,3659,0.3897,check-only,incorrect data check,5731,19844,8598,11246,0.4333,1,0
corrupted/print/text/Lumina_Interior_Lighting_Designbook(print)_stream_zlib.pdf,print,text,1,15776,38024,1,15489,0.9818,check-only,incorrect data check,287,38021,37535,486,0.9871,1,0
corrupted/print/text/Lumina_Interior_Lighting_Designbook(print)_stream_zlib.pdf,print,text,3,11673,23900,1,9966,0.8538,check-only,incorrect data check,1707,23900,21449,2451,0.8974,1,0
corrupted/print/text/Lumina_Interior_Lighting_Designbook(print)_stream_zlib.pdf,print,text,4,67214,347616,1,44113,0.6563,check-only,incorrect data check,23101,347612,277743,69869,0.799,4,1
corrupted/print/text/Lumina_Interior_Lighting_Designbook(print)_stream_zlib.pdf,print,text,7,7362,40104,1,874,0.1187,data-error,invalid distance too far back,12,1751,1741,10,0.0434,1,0
corrupted/print/text/Lumina_Interior_Lighting_Designbook(print)_stream_zlib.pdf,print,text,9,21839,74936,1,14932,0.6837,check-only,incorrect data check,6907,74941,49872,25069,0.6655,2,1
corrupted/print/text/Lumina_Interior_Lighting_Designbook(print)_stream_zlib.pdf,print,text,10,96384,230284,1,76646,0.7952,check-only,incorrect data check,19738,229583,188346,41237,0.8179,5,1
corrupted/print/text/Lumina_Interior_Lighting_Designbook(print)_stream_zlib.pdf,print,text,14,42950,102548,1,9385,0.2185,check-only,incorrect data check,33565,102539,32026,70513,0.3123,3,2
corrupted/print/text/Lumina_Interior_Lighting_Designbook(print)_stream_zlib.pdf,print,text,17,13028,33744,1,6482,0.4975,check-only,incorrect data check,6546,33745,14414,19331,0.4272,1,0
corrupted/print/text/Lumina_Interior_Lighting_Designbook(print)_stream_zlib.pdf,print,text,19,3431,23210,1,1961,0.5716,check-only,incorrect data check,1470,23222,12299,10923,0.5299,1,0
corrupted/print/text/Lumina_Interior_Lighting_Designbook(print)_stream_zlib.pdf,print,text,26,12208,24688,1,10998,0.9009,check-only,incorrect data check,1210,24685,22469,2216,0.9101,1,0
corrupted/print/text/Lumina_Interior_Lighting_Designbook(print)_stream_zlib.pdf,print,text,27,6894,65224,1,3340,0.4845,check-only,incorrect data check,3554,65212,35603,29609,0.5459,1,0
corrupted/print/text/NeoHome_Smart_Appliances_Catalog_v5(print)_stream_zlib.pdf,print,text,0,25510,63012,1,16236,0.6365,check-only,incorrect data check,9274,63012,45701,17311,0.7253,2,1
corrupted/print/text/NeoHome_Smart_Appliances_Catalog_v5(print)_stream_zlib.pdf,print,text,6,3993,28334,1,1905,0.4771,check-only,incorrect data check,2088,28202,11724,16478,0.4138,1,0
corrupted/print/text/NeoHome_Smart_Appliances_Catalog_v5(print)_stream_zlib.pdf,print,text,11,75787,200755,1,24489,0.3231,check-only,incorrect data check,51298,200755,63303,137452,0.3153,3,2
corrupted/print/text/NeoHome_Smart_Appliances_Catalog_v5(print)_stream_zlib.pdf,print,text,12,76915,200714,1,73669,0.9578,check-only,incorrect data check,3246,200700,192504,8196,0.9591,3,0
corrupted/print/text/NeoHome_Smart_Appliances_Catalog_v5(print)_stream_zlib.pdf,print,text,17,54332,142835,1,35248,0.6488,check-only,incorrect data check,19084,142838,91626,51212,0.6415,2,0
corrupted/print/text/NeoHome_Smart_Appliances_Catalog_v5(print)_stream_zlib.pdf,print,text,18,38222,85044,1,34134,0.893,check-only,incorrect data check,4088,85044,76910,8134,0.9044,2,0
corrupted/print/text/NeoHome_Smart_Appliances_Catalog_v5(print)_stream_zlib.pdf,print,text,20,6902,67521,1,1457,0.2111,check-only,incorrect data check,5445,67521,11185,56336,0.1657,1,0
corrupted/print/text/NeoHome_Smart_Appliances_Catalog_v5(print)_stream_zlib.pdf,print,text,21,15525,39324,1,4503,0.29,data-error,invalid distance too far back,4030,19125,11096,8029,0.2822,1,0
corrupted/print/text/NeoHome_Smart_Appliances_Catalog_v5(print)_stream_zlib.pdf,print,text,25,29831,56992,1,5215,0.1748,data-error,invalid distance too far back,10,9429,9416,13,0.1652,2,1
corrupted/print/text/NeoHome_Smart_Appliances_Catalog_v5(print)_stream_zlib.pdf,print,text,26,3758,26321,1,248,0.066,data-error,invalid distance too far back,4,547,461,86,0.0175,1,0
corrupted/print/text/NeoHome_Smart_Appliances_Catalog_v5(print)_stream_zlib.pdf,print,text,28,45691,125756,1,4518,0.0989,check-only,incorrect data check,41173,125808,10080,115728,0.0802,3,2
corrupted/print/text/New_Care_Models_Aging_Society(print)_stream_zlib.pdf,print,text,0,96384,230284,1,52374,0.5434,check-only,incorrect data check,44010,230285,138049,92236,0.5995,5,2
corrupted/print/text/New_Care_Models_Aging_Society(print)_stream_zlib.pdf,print,text,1,11541,22940,1,6193,0.5366,check-only,incorrect data check,5348,22940,12195,10745,0.5316,1,0
corrupted/print/text/New_Care_Models_Aging_Society(print)_stream_zlib.pdf,print,text,2,29013,110759,1,28797,0.9926,check-only,incorrect data check,216,110662,108443,2219,0.9791,2,0
corrupted/print/text/New_Care_Models_Aging_Society(print)_stream_zlib.pdf,print,text,7,77026,200736,1,33509,0.435,check-only,incorrect data check,43517,200718,85865,114853,0.4278,3,1
corrupted/print/text/New_Care_Models_Aging_Society(print)_stream_zlib.pdf,print,text,13,76631,200768,1,71459,0.9325,check-only,incorrect data check,5172,200768,187249,13519,0.9327,3,0
corrupted/print/text/New_Care_Models_Aging_Society(print)_stream_zlib.pdf,print,text,15,76942,200723,1,34495,0.4483,check-only,incorrect data check,42447,200723,89031,111692,0.4436,3,1
corrupted/print/text/New_Care_Models_Aging_Society(print)_stream_zlib.pdf,print,text,16,34870,91799,1,24041,0.6894,check-only,incorrect data check,10829,91798,62656,29142,0.6825,2,1
corrupted/print/text/New_Care_Models_Aging_Society(print)_stream_zlib.pdf,print,text,17,34470,87352,1,20235,0.587,check-only,incorrect data check,14235,87359,57195,30164,0.6548,2,1
corrupted/print/text/New_Care_Models_Aging_Society(print)_stream_zlib.pdf,print,text,18,26630,59264,1,20743,0.7789,data-error,invalid literal/lengths set,82,46987,46987,0,0.7928,2,0
corrupted/print/text/New_Care_Models_Aging_Society(print)_stream_zlib.pdf,print,text,21,17721,42316,1,16978,0.9581,check-only,incorrect data check,743,42430,40363,2067,0.9538,1,0
corrupted/print/text/New_Care_Models_Aging_Society(print)_stream_zlib.pdf,print,text,27,33944,78852,1,12573,0.3704,check-only,incorrect data check,21371,78852,25657,53195,0.3254,2,1
corrupted/print/text/New_Care_Models_Aging_Society(print)_stream_zlib.pdf,print,text,28,7843,99702,1,3509,0.4474,check-only,incorrect data check,4334,99613,39533,60080,0.3965,1,0
corrupted/print/text/Next_Decade_Space_Exploration(print)_stream_zlib.pdf,print,text,0,7846,13856,1,816,0.104,check-only,incorrect data check,7030,13856,2244,11612,0.162,1,0
corrupted/print/text/Next_Decade_Space_Exploration(print)_stream_zlib.pdf,print,text,2,16419,38840,1,9787,0.5961,check-only,incorrect data check,6632,38841,26201,12640,0.6746,1,0
corrupted/print/text/Next_Decade_Space_Exploration(print)_stream_zlib.pdf,print,text,3,11117,22320,1,6122,0.5507,check-only,incorrect data check,4995,22313,13813,8500,0.6189,1,0
corrupted/print/text/Next_Decade_Space_Exploration(print)_stream_zlib.pdf,print,text,7,82646,156640,1,4466,0.054,check-only,incorrect data check,78180,156637,21503,135134,0.1373,4,3
corrupted/print/text/Next_Decade_Space_Exploration(print)_stream_zlib.pdf,print,text,9,30871,65376,1,11023,0.3571,check-only,incorrect data check,19848,65358,22308,43050,0.3412,2,1
corrupted/print/text/Next_Decade_Space_Exploration(print)_stream_zlib.pdf,print,text,10,18940,49544,1,10358,0.5469,check-only,incorrect data check,8582,49534,29936,19598,0.6042,1,0
corrupted/print/text/Next_Decade_Space_Exploration(print)_stream_zlib.pdf,print,text,11,55438,119020,1,40127,0.7238,check-only,incorrect data check,15311,119017,87221,31796,0.7328,3,1
corrupted/print/text/Next_Decade_Space_Exploration(print)_stream_zlib.pdf,print,text,16,9845,27576,1,167,0.017,check-only,incorrect data check,9678,27579,59,27520,0.0021,1,0
corrupted/print/text/Next_Decade_Space_Exploration(print)_stream_zlib.pdf,print,text,20,29148,63952,1,28616,0.9817,check-only,incorrect data check,532,63954,62801,1153,0.982,2,0
corrupted/print/text/Next_Decade_Space_Exploration(print)_stream_zlib.pdf,print,text,23,6380,67078,1,2230,0.3495,data-error,invalid distance too far back,24,23093,22874,219,0.341,1,0
corrupted/print/text/OceanQuest_Modular_Water_Leisure_Equipment_Guide(print)_stream_zlib.pdf,print,text,0,10809,21884,1,6452,0.5969,check-only,incorrect data check,4357,21884,14535,7349,0.6642,1,0
corrupted/print/text/OceanQuest_Modular_Water_Leisure_Equipment_Guide(print)_stream_zlib.pdf,print,text,2,96384,230284,1,978,0.0101,check-only,incorrect data check,95406,230285,18147,212138,0.0788,5,4
corrupted/print/text/OceanQuest_Modular_Water_Leisure_Equipment_Guide(print)_stream_zlib.pdf,print,text,5,76002,200750,1,25534,0.336,check-only,incorrect data check,50468,200745,66200,134545,0.3298,3,2
corrupted/print/text/OceanQuest_Modular_Water_Leisure_Equipment_Guide(print)_stream_zlib.pdf,print,text,6,76581,200763,1,22946,0.2996,check-only,incorrect data check,53635,200763,58547,142216,0.2916,3,2
corrupted/print/text/OceanQuest_Modular_Water_Leisure_Equipment_Guide(print)_stream_zlib.pdf,print,text,7,75953,200709,1,75094,0.9887,check-only,incorrect data check,859,200721,198413,2308,0.9886,3,0
corrupted/print/text/OceanQuest_Modular_Water_Leisure_Equipment_Guide(print)_stream_zlib.pdf,print,text,8,76620,200753,1,45156,0.5894,check-only,incorrect data check,31464,200761,118326,82435,0.5894,3,1
corrupted/print/text/OceanQuest_Modular_Water_Leisure_Equipment_Guide(print)_stream_zlib.pdf,print,text,11,76905,200738,1,20133,0.2618,check-only,incorrect data check,56772,200745,50638,150107,0.2523,3,2
corrupted/print/text/OceanQuest_Modular_Water_Leisure_Equipment_Guide(print)_stream_zlib.pdf,print,text,15,75844,200709,1,51884,0.6841,check-only,incorrect data check,23960,200709,136097,64612,0.6781,3,1
corrupted/print/text/OceanQuest_Modular_Water_Leisure_Equipment_Guide(print)_stream_zlib.pdf,print,text,18,42027,101780,1,25294,0.6019,check-only,incorrect data check,16733,101780,66160,35620,0.65,2,0
corrupted/print/text/OceanQuest_Modular_Water_Leisure_Equipment_Guide(print)_stream_zlib.pdf,print,text,21,7303,12544,1,4424,0.6058,check-only,incorrect data check,2879,12544,7443,5101,0.5934,1,0
corrupted/print/text/OceanQuest_Modular_Water_Leisure_Equipment_Guide(print)_stream_zlib.pdf,print,text,25,486166,887196,1,477212,0.9816,check-only,incorrect data check,8954,887193,870027,17166,0.9806,22,0
corrupted/print/text/OceanQuest_Modular_Water_Leisure_Equipment_Guide(print)_stream_zlib.pdf,print,text,29,7493,92606,1,4455,0.5946,check-only,incorrect data check,3038,92611,57194,35417,0.6176,1,0
corrupted/print/text/PetPal_Smart_PetCare_Products(print)_stream_zlib.pdf,print,text,1,11673,23900,1,10616,0.9094,check-only,incorrect data check,1057,23900,22388,1512,0.9367,1,0
corrupted/print/text/PetPal_Smart_PetCare_Products(print)_stream_zlib.pdf,print,text,2,67214,347616,1,32002,0.4761,check-only,incorrect data check,35212,347634,242566,105068,0.6978,4,2
corrupted/print/text/PetPal_Smart_PetCare_Products(print)_stream_zlib.pdf,print,text,4,111452,268468,1,76452,0.686,check-only,incorrect data check,35000,268468,189919,78549,0.7074,6,2
corrupted/print/text/PetPal_Smart_PetCare_Products(print)_stream_zlib.pdf,print,text,7,29154,71896,1,20387,0.6993,check-only,incorrect data check,8767,71896,53673,18223,0.7465,2,1
corrupted/print/text/PetPal_Smart_PetCare_Products(print)_stream_zlib.pdf,print,text,9,75634,200713,1,63336,0.8374,check-only,incorrect data check,12298,200713,169086,31627,0.8424,3,0
corrupted/print/text/PetPal_Smart_PetCare_Products(print)_stream_zlib.pdf,print,text,10,75422,200709,1,48509,0.6432,check-only,incorrect data check,26913,200709,129261,71448,0.644,3,1
corrupted/print/text/PetPal_Smart_PetCare_Products(print)_stream_zlib.pdf,print,text,11,76508,200745,1,28342,0.3704,check-only,incorrect data check,48166,200745,73179,127566,0.3645,3,1
corrupted/print/text/PetPal_Smart_PetCare_Products(print)_stream_zlib.pdf,print,text,12,76111,200725,1,74610,0.9803,check-only,incorrect data check,1501,200725,196976,3749,0.9813,3,0
corrupted/print/text/PetPal_Smart_PetCare_Products(print)_stream_zlib.pdf,print,text,13,76572,200761,1,41155,0.5375,check-only,incorrect data check,35417,200761,106837,93924,0.5322,3,1
corrupted/print/text/PetPal_Smart_PetCare_Products(print)_stream_zlib.pdf,print,text,15,5186,15840,1,4810,0.9275,check-only,incorrect data check,376,15840,13320,2520,0.8409,1,0
corrupted/print/text/PetPal_Smart_PetCare_Products(print)_stream_zlib.pdf,print,text,21,13293,33972,1,8368,0.6295,check-only,incorrect data check,4925,33973,20493,13480,0.6032,1,0
corrupted/print/text/PetPal_Smart_PetCare_Products(print)_stream_zlib.pdf,print,text,22,52141,133436,1,5758,0.1104,check-only,incorrect data check,46383,133435,22138,111297,0.1659,3,2
corrupted/print/text/PetPal_Smart_PetCare_Products(print)_stream_zlib.pdf,print,text,23,3181,21652,1,2590,0.8142,check-only,incorrect data check,591,21648,17115,4533,0.7905,1,0
corrupted/print/text/PetPal_Smart_PetCare_Products(print)_stream_zlib.pdf,print,text,24,6841,14224,1,4249,0.6211,check-only,incorrect data check,2592,14227,8440,5787,0.5934,1,0
corrupted/print/text/PetPal_Smart_PetCare_Products(print)_stream_zlib.pdf,print,text,26,487080,888068,1,149797,0.3075,check-only,incorrect data check,337283,888071,293016,595055,0.3299,22,15
corrupted/print/text/PetPal_Smart_PetCare_Products(print)_stream_zlib.pdf,print,text,27,3735,25998,1,2695,0.7216,check-only,incorrect data check,1040,26008,17654,8354,0.6791,1,0
corrupted/print/text/PetPal_Smart_PetCare_Products(print)_stream_zlib.pdf,print,text,28,23957,64252,1,3601,0.1503,check-only,incorrect data check,20356,64252,13199,51053,0.2054,2,1
corrupted/print/text/PetPal_Smart_PetCare_Products(print)_stream_zlib.pdf,print,text,29,42534,107324,1,28468,0.6693,check-only,incorrect data check,14066,107305,79708,27597,0.7427,3,1
corrupted/print/text/Quantum_Computing_Race(print)_stream_zlib.pdf,print,text,2,30376,77588,1,996,0.0328,check-only,incorrect data check,29380,77587,7927,69660,0.1022,2,1
corrupted/print/text/Quantum_Computing_Race(print)_stream_zlib.pdf,print,text,3,11320,22588,1,946,0.0836,check-only,incorrect data check,10374,22581,4564,18017,0.2021,1,0
corrupted/print/text/Quantum_Computing_Race(print)_stream_zlib.pdf,print,text,5,17575,55272,1,716,0.0407,data-error,invalid distance too far back,3,1302,1301,1,0.0235,1,0
corrupted/print/text/Quantum_Computing_Race(print)_stream_zlib.pdf,print,text,8,1861,8473,1,952,0.5116,check-only,incorrect data check,909,8473,3886,4587,0.4586,1,0
corrupted/print/text/Quantum_Computing_Race(print)_stream_zlib.pdf,print,text,10,42371,103824,1,9028,0.2131,check-only,incorrect data check,33343,103824,34520,69304,0.3325,2,1
corrupted/print/text/Quantum_Computing_Race(print)_stream_zlib.pdf,print,text,14,7031,12236,1,1741,0.2476,check-only,incorrect data check,5290,12238,2773,9465,0.2266,1,0
corrupted/print/text/Quantum_Computing_Race(print)_stream_zlib.pdf,print,text,15,52519,133968,1,15214,0.2897,check-only,incorrect data check,37305,133967,44882,89085,0.335,3,2
corrupted/print/text/Quantum_Computing_Race(print)_stream_zlib.pdf,print,text,21,3877,26791,1,160,0.0413,data-error,invalid distance too far back,5,200,190,10,0.0071,1,0
corrupted/print/text/Quantum_Computing_Race(print)_stream_zlib.pdf,print,text,22,36516,85816,1,583,0.016,data-error,invalid distance too far back,18,2580,2563,17,0.0299,2,1
corrupted/print/text/Quantum_Computing_Race(print)_stream_zlib.pdf,print,text,25,7479,85229,1,1609,0.2151,data-error,invalid distance too far back,38,16708,16354,354,0.1919,1,0
corrupted/print/text/Robots_Automation_Future_Work(print)_stream_zlib.pdf,print,text,2,29414,75992,1,6593,0.2241,check-only,incorrect data check,22821,75992,19842,56150,0.2611,2,1
corrupted/print/text/Robots_Automation_Future_Work(print)_stream_zlib.pdf,print,text,5,60055,200711,1,18558,0.309,check-only,incorrect data check,41497,200711,60812,139899,0.303,3,2
corrupted/print/text/Robots_Automation_Future_Work(print)_stream_zlib.pdf,print,text,7,50442,167606,1,39856,0.7901,check-only,incorrect data check,10586,167606,131984,35622,0.7875,2,0
corrupted/print/text/Robots_Automation_Future_Work(print)_stream_zlib.pdf,print,text,8,84430,151752,1,58504,0.6929,check-only,incorrect data check,25926,151752,89978,61774,0.5929,5,1
corrupted/print/text/Robots_Automation_Future_Work(print)_stream_zlib.pdf,print,text,13,57240,123128,1,31762,0.5549,check-only,incorrect data check,25478,123128,67615,55513,0.5491,3,1
corrupted/print/text/Robots_Automation_Future_Work(print)_stream_zlib.pdf,print,text,15,6490,66507,1,2169,0.3342,data-error,invalid distance too far back,29,19395,19043,352,0.2863,1,0
corrupted/print/text/Robots_Automation_Future_Work(print)_stream_zlib.pdf,print,text,16,16552,40756,1,5189,0.3135,check-only,incorrect data check,11363,40756,10890,29866,0.2672,1,0
corrupted/print/text/Robots_Automation_Future_Work(print)_stream_zlib.pdf,print,text,19,3603,24236,1,2262,0.6278,check-only,incorrect data check,1341,24245,13859,10386,0.5718,1,0
corrupted/print/text/Robots_Automation_Future_Work(print)_stream_zlib.pdf,print,text,20,7444,15536,1,3291,0.4421,check-only,incorrect data check,4153,15535,6919,8616,0.4454,1,0
corrupted/print/text/Robots_Automation_Future_Work(print)_stream_zlib.pdf,print,text,24,37593,89272,1,14581,0.3879,check-only,incorrect data check,23012,89272,43613,45659,0.4885,2,1
corrupted/print/text/Robots_Automation_Future_Work(print)_stream_zlib.pdf,print,text,25,25212,56300,1,10283,0.4079,check-only,incorrect data check,14929,56279,23634,32645,0.4198,2,1
corrupted/print/text/Robots_Automation_Future_Work(print)_stream_zlib.pdf,print,text,26,10655,23384,1,7642,0.7172,check-only,incorrect data check,3013,23380,17890,5490,0.7651,1,0
corrupted/print/text/Security_Breach_Investigation_Report(print)_stream_zlib.pdf,print,text,1,96384,230284,1,35076,0.3639,check-only,incorrect data check,61308,230358,93866,136492,0.4076,5,3
corrupted/print/text/Security_Breach_Investigation_Report(print)_stream_zlib.pdf,print,text,4,34550,109745,1,14769,0.4275,check-only,incorrect data check,19781,109745,45592,64153,0.4154,2,1
corrupted/print/text/Security_Breach_Investigation_Report(print)_stream_zlib.pdf,print,text,5,32298,76248,1,16022,0.4961,check-only,incorrect data check,16276,76250,27487,48763,0.3605,2,1
corrupted/print/text/Security_Breach_Investigation_Report(print)_stream_zlib.pdf,print,text,6,29127,85072,1,9539,0.3275,check-only,incorrect data check,19588,85072,42273,42799,0.4969,2,1
corrupted/print/text/Security_Breach_Investigation_Report(print)_stream_zlib.pdf,print,text,9,73333,200760,1,35131,0.4791,check-only,incorrect data check,38202,200760,95052,105708,0.4735,3,1
corrupted/print/text/Security_Breach_Investigation_Report(print)_stream_zlib.pdf,print,text,12,46242,109312,1,23621,0.5108,check-only,incorrect data check,22621,109312,62386,46926,0.5707,3,1
corrupted/print/text/Security_Breach_Investigation_Report(print)_stream_zlib.pdf,print,text,19,7605,15688,1,5769,0.7586,check-only,incorrect data check,1836,15673,12086,3587,0.7704,1,0
corrupted/print/text/Security_Breach_Investigation_Report(print)_stream_zlib.pdf,print,text,22,111328,268232,1,69917,0.628,check-only,incorrect data check,41411,268232,175564,92668,0.6545,6,2
corrupted/print/text/Security_Breach_Investigation_Report(print)_stream_zlib.pdf,print,text,24,26608,58748,1,9827,0.3693,check-only,incorrect data check,16781,58762,17446,41316,0.297,2,1
corrupted/print/text/Security_Breach_Investigation_Report(print)_stream_zlib.pdf,print,text,26,27544,60516,1,6670,0.2422,check-only,incorrect data check,20874,60516,13942,46574,0.2304,2,1
corrupted/print/text/SkyGarden_Indoor_Vertical_Garden_Solutions(print)_stream_zlib.pdf,print,text,1,97394,242092,1,64878,0.6661,check-only,incorrect data check,32516,242092,172132,69960,0.711,5,1
corrupted/print/text/SkyGarden_Indoor_Vertical_Garden_Solutions(print)_stream_zlib.pdf,print,text,2,62365,200705,1,36959,0.5926,check-only,incorrect data check,25406,200698,116376,84322,0.5798,3,1
corrupted/print/text/SkyGarden_Indoor_Vertical_Garden_Solutions(print)_stream_zlib.pdf,print,text,3,111469,268508,1,75128,0.674,check-only,incorrect data check,36341,268508,185822,82686,0.6921,6,2
corrupted/print/text/SkyGarden_Indoor_Vertical_Garden_Solutions(print)_stream_zlib.pdf,print,text,4,61623,200755,1,46182,0.7494,check-only,incorrect data check,15441,200754,148642,52112,0.7404,3,1
corrupted/print/text/SkyGarden_Indoor_Vertical_Garden_Solutions(print)_stream_zlib.pdf,print,text,8,9527,15948,1,6214,0.6523,check-only,incorrect data check,3313,15953,9798,6155,0.6144,1,0
corrupted/print/text/SkyGarden_Indoor_Vertical_Garden_Solutions(print)_stream_zlib.pdf,print,text,9,41707,137716,1,9335,0.2238,check-only,incorrect data check,32372,137723,28104,109619,0.2041,2,1
corrupted/print/text/SkyGarden_Indoor_Vertical_Garden_Solutions(print)_stream_zlib.pdf,print,text,15,46052,111496,1,39604,0.86,check-only,incorrect data check,6448,111496,98546,12950,0.8839,3,1
corrupted/print/text/SkyGarden_Indoor_Vertical_Garden_Solutions(print)_stream_zlib.pdf,print,text,18,15572,39288,1,3071,0.1972,check-only,incorrect data check,12501,39288,7764,31524,0.1976,1,0
corrupted/print/text/SkyGarden_Indoor_Vertical_Garden_Solutions(print)_stream_zlib.pdf,print,text,19,52595,134212,1,23122,0.4396,check-only,incorrect data check,29473,134212,58910,75302,0.4389,3,1
corrupted/print/text/Sustainable_Fashion_Innovation(print)_stream_zlib.pdf,print,text,0,9100,15532,1,6040,0.6637,check-only,incorrect data check,3060,15533,9600,5933,0.6181,1,0
corrupted/print/text/Sustainable_Fashion_Innovation(print)_stream_zlib.pdf,print,text,11,6660,11652,1,3988,0.5988,check-only,incorrect data check,2672,11652,6914,4738,0.5934,1,0
corrupted/print/text/Sustainable_Fashion_Innovation(print)_stream_zlib.pdf,print,text,12,43832,103968,1,7559,0.1725,check-only,incorrect data check,36273,103989,18823,85166,0.181,3,2
corrupted/print/text/Sustainable_Fashion_Innovation(print)_stream_zlib.pdf,print,text,13,12599,32724,1,138,0.011,data-error,invalid distance too far back,4,16,14,2,0.0004,1,0
corrupted/print/text/Sustainable_Fashion_Innovation(print)_stream_zlib.pdf,print,text,14,3781,25654,1,2980,0.7882,check-only,incorrect data check,801,25823,20642,5181,0.8046,1,0
corrupted/print/text/Sustainable_Fashion_Innovation(print)_stream_zlib.pdf,print,text,19,21569,49020,1,19829,0.9193,check-only,incorrect data check,1740,49018,44603,4415,0.9099,2,1
corrupted/print/text/Sustainable_Fashion_Innovation(print)_stream_zlib.pdf,print,text,21,42342,107996,1,7054,0.1666,check-only,incorrect data check,35288,108000,14722,93278,0.1363,3,2
corrupted/print/text/UrbanRide_Electric_Bike_Scooter_Series(print)_stream_zlib.pdf,print,text,1,11037,22172,1,2824,0.2559,check-only,incorrect data check,8213,22173,7468,14705,0.3368,1,0
corrupted/print/text/UrbanRide_Electric_Bike_Scooter_Series(print)_stream_zlib.pdf,print,text,4,67214,347616,1,37458,0.5573,check-only,incorrect data check,29756,347614,254499,93115,0.7321,4,2
corrupted/print/text/UrbanRide_Electric_Bike_Scooter_Series(print)_stream_zlib.pdf,print,text,5,60286,200750,1,17154,0.2845,check-only,incorrect data check,43132,200750,58821,141929,0.293,3,2
corrupted/print/text/UrbanRide_Electric_Bike_Scooter_Series(print)_stream_zlib.pdf,print,text,9,37457,113788,1,4829,0.1289,check-only,incorrect data check,32628,113790,37099,76691,0.326,2,1
corrupted/print/text/UrbanRide_Electric_Bike_Scooter_Series(print)_stream_zlib.pdf,print,text,10,19419,71688,1,17044,0.8777,check-only,incorrect data check,2375,71690,52942,18748,0.7385,2,1
corrupted/print/text/UrbanRide_Electric_Bike_Scooter_Series(print)_stream_zlib.pdf,print,text,11,26143,72332,1,8356,0.3196,check-only,incorrect data check,17787,72331,20468,51863,0.283,1,0
corrupted/print/text/UrbanRide_Electric_Bike_Scooter_Series(print)_stream_zlib.pdf,print,text,13,21450,42768,1,14075,0.6562,check-only,incorrect data check,7375,42768,28129,14639,0.6577,2,1
corrupted/print/text/UrbanRide_Electric_Bike_Scooter_Series(print)_stream_zlib.pdf,print,text,14,16780,44144,1,366,0.0218,data-error,invalid distance too far back,5,297,295,2,0.0067,1,0
corrupted/print/text/UrbanRide_Electric_Bike_Scooter_Series(print)_stream_zlib.pdf,print,text,16,5093,48321,1,1940,0.3809,data-error,invalid distance too far back,5,16759,16756,3,0.3468,1,0
corrupted/print/text/UrbanRide_Electric_Bike_Scooter_Series(print)_stream_zlib.pdf,print,text,18,7262,12620,1,3507,0.4829,check-only,incorrect data check,3755,12621,6288,6333,0.4983,1,0
corrupted/print/text/UrbanRide_Electric_Bike_Scooter_Series(print)_stream_zlib.pdf,print,text,19,19500,44616,1,9093,0.4663,check-only,incorrect data check,10407,44619,18710,25909,0.4194,1,0
corrupted/print/text/UrbanRide_Electric_Bike_Scooter_Series(print)_stream_zlib.pdf,print,text,21,9978,20056,1,8985,0.9005,check-only,incorrect data check,993,20057,17951,2106,0.895,1,0
corrupted/print/text/UrbanRide_Electric_Bike_Scooter_Series(print)_stream_zlib.pdf,print,text,22,489962,891764,1,169166,0.3453,check-only,incorrect data check,320796,891760,328343,563417,0.3682,22,14
corrupted/print/text/UrbanRide_Electric_Bike_Scooter_Series(print)_stream_zlib.pdf,print,text,23,3702,28248,1,1169,0.3158,check-only,incorrect data check,2533,28232,7592,20640,0.2688,1,0
corrupted/print/text/UrbanRide_Electric_Bike_Scooter_Series(print)_stream_zlib.pdf,print,text,24,20346,46296,1,3389,0.1666,check-only,incorrect data check,16957,46299,8747,37552,0.1889,1,0
corrupted/print/text/UrbanRide_Electric_Bike_Scooter_Series(print)_stream_zlib.pdf,print,text,25,33665,77528,1,15417,0.458,check-only,incorrect data check,18248,77528,29422,48106,0.3795,2,1
corrupted/print/text/UrbanRide_Electric_Bike_Scooter_Series(print)_stream_zlib.pdf,print,text,27,6402,65784,1,2454,0.3833,data-error,invalid distance too far back,249,28582,26185,2397,0.398,1,0
corrupted/print/text/Urban_Fine_Particulate_Matter(print)_stream_zlib.pdf,print,text,0,96384,230284,1,9898,0.1027,check-only,incorrect data check,86486,230217,49513,180704,0.215,5,4
corrupted/print/text/Urban_Fine_Particulate_Matter(print)_stream_zlib.pdf,print,text,1,10148,16900,1,1264,0.1246,check-only,incorrect data check,8884,16898,3061,13837,0.1811,1,0
corrupted/print/text/Urban_Fine_Particulate_Matter(print)_stream_zlib.pdf,print,text,2,10727,21696,1,1075,0.1002,check-only,incorrect data check,9652,21702,4775,16927,0.2201,1,0
corrupted/print/text/Urban_Fine_Particulate_Matter(print)_stream_zlib.pdf,print,text,4,15377,52088,1,2608,0.1696,check-only,incorrect data check,12769,52091,18374,33717,0.3527,1,0
corrupted/print/text/Urban_Fine_Particulate_Matter(print)_stream_zlib.pdf,print,text,8,39650,87388,1,6489,0.1637,check-only,incorrect data check,33161,87388,15059,72329,0.1723,2,1
corrupted/print/text/Urban_Fine_Particulate_Matter(print)_stream_zlib.pdf,print,text,15,7393,12748,1,6180,0.8359,check-only,incorrect data check,1213,12744,10548,2196,0.8274,1,0
corrupted/print/text/Urban_Fine_Particulate_Matter(print)_stream_zlib.pdf,print,text,17,7553,15848,1,3996,0.5291,check-only,incorrect data check,3557,15849,8250,7599,0.5206,1,0
corrupted/print/text/Urban_Fine_Particulate_Matter(print)_stream_zlib.pdf,print,text,19,6109,13996,1,410,0.0671,check-only,incorrect data check,5699,14005,388,13617,0.0277,1,0
corrupted/print/text/Urban_Fine_Particulate_Matter(print)_stream_zlib.pdf,print,text,22,26738,59816,1,1022,0.0382,data-error,invalid distance too far back,2621,8853,4633,4220,0.0775,2,1
corrupted/print/text/Urban_Fine_Particulate_Matter(print)_stream_zlib.pdf,print,text,24,7874,97253,1,381,0.0484,check-only,incorrect data check,7493,97253,2035,95218,0.0209,1,0
corrupted/print/text/ai_ethics_responsible_use_guidelines_multilang(print)_stream_zlib.pdf,print,text,3,96384,230284,1,94434,0.9798,check-only,incorrect data check,1950,230284,224679,5605,0.9757,5,0
corrupted/print/text/ai_ethics_responsible_use_guidelines_multilang(print)_stream_zlib.pdf,print,text,6,10799,60216,1,10370,0.9603,check-only,incorrect data check,429,60204,59402,802,0.9865,1,0
corrupted/print/text/ai_ethics_responsible_use_guidelines_multilang(print)_stream_zlib.pdf,print,text,9,38885,86340,1,1712,0.044,check-only,incorrect data check,37173,86338,7646,78692,0.0886,2,1
corrupted/print/text/ai_ethics_responsible_use_guidelines_multilang(print)_stream_zlib.pdf,print,text,10,15761,41944,1,6202,0.3935,check-only,incorrect data check,9559,41935,18686,23249,0.4455,1,0
corrupted/print/text/ai_ethics_responsible_use_guidelines_multilang(print)_stream_zlib.pdf,print,text,11,42452,103116,1,21200,0.4994,data-error,invalid literal/lengths set,50,58873,58873,0,0.5709,3,1
corrupted/print/text/ai_ethics_responsible_use_guidelines_multilang(print)_stream_zlib.pdf,print,text,14,12077,31796,1,7498,0.6208,check-only,incorrect data check,4579,31763,19768,11995,0.6217,1,0
corrupted/print/text/ai_ethics_responsible_use_guidelines_multilang(print)_stream_zlib.pdf,print,text,19,12932,31940,1,49,0.0038,data-error,invalid literal/lengths set,72,0,0,0,0.0,1,0
corrupted/print/text/ai_ethics_responsible_use_guidelines_multilang(print)_stream_zlib.pdf,print,text,20,111328,268232,1,27596,0.2479,check-only,incorrect data check,83732,268232,84175,184057,0.3138,6,4
corrupted/print/text/ai_ethics_responsible_use_guidelines_multilang(print)_stream_zlib.pdf,print,text,21,3068,21735,1,535,0.1744,data-error,invalid distance too far back,13,2054,1999,55,0.092,1,0
corrupted/print/text/ai_ethics_responsible_use_guidelines_multilang(print)_stream_zlib.pdf,print,text,22,37008,88996,1,12988,0.351,check-only,incorrect data check,24020,89008,40441,48567,0.4544,2,1
corrupted/print/text/ai_ethics_responsible_use_guidelines_multilang(print)_stream_zlib.pdf,print,text,25,6676,81553,1,2318,0.3472,check-only,incorrect data check,4358,81485,22108,59377,0.2711,1,0
corrupted/print/text/climate_crisis_preparedness_community_action_guidelines_multilang(print)_stream_zlib.pdf,print,text,2,58201,200726,1,45447,0.7809,check-only,incorrect data check,12754,200756,159299,41457,0.7936,3,1
corrupted/print/text/climate_crisis_preparedness_community_action_guidelines_multilang(print)_stream_zlib.pdf,print,text,4,9185,27133,1,1387,0.151,data-error,invalid distance too far back,2,3308,3308,0,0.1219,1,0
corrupted/print/text/climate_crisis_preparedness_community_action_guidelines_multilang(print)_stream_zlib.pdf,print,text,5,15855,79380,1,8814,0.5559,check-only,incorrect data check,7041,79361,62064,17297,0.7819,1,0
corrupted/print/text/climate_crisis_preparedness_community_action_guidelines_multilang(print)_stream_zlib.pdf,print,text,6,11456,60932,1,3317,0.2895,check-only,incorrect data check,8139,60932,34069,26863,0.5591,1,0
corrupted/print/text/climate_crisis_preparedness_community_action_guidelines_multilang(print)_stream_zlib.pdf,print,text,9,76600,200759,1,8647,0.1129,data-error,invalid distance too far back,24,20872,20817,55,0.1037,3,2
corrupted/print/text/climate_crisis_preparedness_community_action_guidelines_multilang(print)_stream_zlib.pdf,print,text,10,75918,200724,1,52717,0.6944,check-only,incorrect data check,23201,200715,138663,62052,0.6908,3,1
corrupted/print/text/climate_crisis_preparedness_community_action_guidelines_multilang(print)_stream_zlib.pdf,print,text,11,76747,200750,1,34438,0.4487,check-only,incorrect data check,42309,200744,88612,112132,0.4414,3,1
corrupted/print/text/climate_crisis_preparedness_community_action_guidelines_multilang(print)_stream_zlib.pdf,print,text,15,76928,200768,1,57954,0.7534,check-only,incorrect data check,18974,200765,150429,50336,0.7493,3,0
corrupted/print/text/climate_crisis_preparedness_community_action_guidelines_multilang(print)_stream_zlib.pdf,print,text,17,16621,37364,1,10731,0.6456,check-only,incorrect data check,5890,37364,25171,12193,0.6737,1,0
corrupted/print/text/climate_crisis_preparedness_community_action_guidelines_multilang(print)_stream_zlib.pdf,print,text,19,19904,38588,1,3564,0.1791,data-error,invalid distance too far back,17,6312,6296,16,0.1632,1,0
corrupted/print/text/climate_crisis_preparedness_community_action_guidelines_multilang(print)_stream_zlib.pdf,print,text,20,7653,84268,1,1141,0.1491,data-error,invalid distance too far back,9,8313,8286,27,0.0983,1,0
corrupted/print/text/climate_crisis_preparedness_community_action_guidelines_multilang(print)_stream_zlib.pdf,print,text,21,40490,95792,1,22351,0.552,check-only,incorrect data check,18139,95790,59942,35848,0.6258,2,0
corrupted/print/text/climate_crisis_preparedness_community_action_guidelines_multilang(print)_stream_zlib.pdf,print,text,25,9916,27560,1,8923,0.8999,check-only,incorrect data check,993,27545,24676,2869,0.8954,1,0
corrupted/print/text/climate_crisis_preparedness_community_action_guidelines_multilang(print)_stream_zlib.pdf,print,text,26,485005,885720,1,473017,0.9753,check-only,incorrect data check,11988,885714,864139,21575,0.9756,22,1
corrupted/print/text/climate_crisis_preparedness_community_action_guidelines_multilang(print)_stream_zlib.pdf,print,text,27,10902,21436,1,10816,0.9921,check-only,incorrect data check,86,21436,21295,141,0.9934,1,0
corrupted/print/text/climate_crisis_preparedness_community_action_guidelines_multilang(print)_stream_zlib.pdf,print,text,28,3734,27957,1,180,0.0482,data-error,invalid distance too far back,4,277,276,1,0.0099,1,0
corrupted/print/text/climate_crisis_preparedness_community_action_guidelines_multilang(print)_stream_zlib.pdf,print,text,29,24492,65196,1,14115,0.5763,check-only,incorrect data check,10377,65182,35860,29322,0.55,2,1
corrupted/print/text/climate_crisis_preparedness_community_action_guidelines_multilang(print)_stream_zlib.pdf,print,text,31,28655,64292,1,6603,0.2304,check-only,incorrect data check,22052,64292,14250,50042,0.2216,2,1
corrupted/print/text/confidential_doc_leak_collusion_investigation(print)_stream_zlib.pdf,print,text,0,15474,37640,1,15177,0.9808,check-only,incorrect data check,297,37639,37125,514,0.9863,1,0
corrupted/print/text/confidential_doc_leak_collusion_investigation(print)_stream_zlib.pdf,print,text,1,32529,80636,1,8331,0.2561,check-only,incorrect data check,24198,80636,23382,57254,0.29,2,1
corrupted/print/text/confidential_doc_leak_collusion_investigation(print)_stream_zlib.pdf,print,text,2,43275,100168,1,24835,0.5739,check-only,incorrect data check,18440,100168,65724,34444,0.6561,3,1
corrupted/print/text/confidential_doc_leak_collusion_investigation(print)_stream_zlib.pdf,print,text,4,178320,537536,1,6882,0.0386,check-only,incorrect data check,171438,537536,41825,495711,0.0778,9,8
corrupted/print/text/confidential_doc_leak_collusion_investigation(print)_stream_zlib.pdf,print,text,6,34161,108284,1,28184,0.825,check-only,incorrect data check,5977,108279,93793,14486,0.8662,2,0
corrupted/print/text/confidential_doc_leak_collusion_investigation(print)_stream_zlib.pdf,print,text,13,42146,99864,1,1773,0.0421,check-only,incorrect data check,40373,99859,6150,93709,0.0616,3,2
corrupted/print/text/confidential_doc_leak_collusion_investigation(print)_stream_zlib.pdf,print,text,15,6873,11648,1,3174,0.4618,check-only,incorrect data check,3699,11650,5387,6263,0.4625,1,0
corrupted/print/text/confidential_doc_leak_collusion_investigation(print)_stream_zlib.pdf,print,text,16,2039,13846,1,135,0.0662,data-error,invalid distance too far back,4,164,162,2,0.0117,1,0
corrupted/print/text/confidential_doc_leak_collusion_investigation(print)_stream_zlib.pdf,print,text,17,7971,16348,1,2505,0.3143,check-only,incorrect data check,5466,16344,5778,10566,0.3534,1,0
corrupted/print/text/confidential_doc_leak_collusion_investigation(print)_stream_zlib.pdf,print,text,20,3122,21953,1,2355,0.7543,check-only,incorrect data check,767,21942,16611,5331,0.7567,1,0
corrupted/print/text/confidential_doc_leak_collusion_investigation(print)_stream_zlib.pdf,print,text,23,24777,54724,1,10408,0.4201,check-only,incorrect data check,14369,54692,23818,30874,0.4352,2,1
corrupted/print/text/confidential_doc_leak_collusion_investigation(print)_stream_zlib.pdf,print,text,24,4753,52368,1,3053,0.6423,check-only,incorrect data check,1700,52424,31909,20515,0.6093,1,0
corrupted/print/text/digital_data_security_guidelines(print)_stream_zlib.pdf,print,text,1,96384,230284,1,58676,0.6088,check-only,incorrect data check,37708,230287,150347,79940,0.6529,5,2
corrupted/print/text/digital_data_security_guidelines(print)_stream_zlib.pdf,print,text,4,3211,21644,1,338,0.1053,data-error,invalid distance too far back,4,933,931,2,0.043,1,0
corrupted/print/text/digital_data_security_guidelines(print)_stream_zlib.pdf,print,text,8,66243,172809,1,54000,0.8152,check-only,incorrect data check,12243,172821,139591,33230,0.8078,3,1
corrupted/print/text/digital_data_security_guidelines(print)_stream_zlib.pdf,print,text,9,27394,58380,1,21452,0.7831,check-only,incorrect data check,5942,58389,46002,12387,0.788,2,0
corrupted/print/text/digital_data_security_guidelines(print)_stream_zlib.pdf,print,text,10,20196,44548,1,5071,0.2511,check-only,incorrect data check,15125,44534,12023,32511,0.2699,1,0
corrupted/print/text/digital_data_security_guidelines(print)_stream_zlib.pdf,print,text,12,12453,211148,1,593,0.0476,check-only,incorrect data check,11860,211017,803,210214,0.0038,1,0
corrupted/print/text/digital_data_security_guidelines(print)_stream_zlib.pdf,print,text,13,6781,76879,1,3710,0.5471,check-only,incorrect data check,3071,77142,38843,38299,0.5052,1,0
corrupted/print/text/digital_data_security_guidelines(print)_stream_zlib.pdf,print,text,14,6388,11156,1,5438,0.8513,check-only,incorrect data check,950,11156,9427,1729,0.845,1,0
corrupted/print/text/digital_data_security_guidelines(print)_stream_zlib.pdf,print,text,19,7946,16552,1,1467,0.1846,check-only,incorrect data check,6479,16552,3336,13216,0.2015,1,0
corrupted/print/text/digital_data_security_guidelines(print)_stream_zlib.pdf,print,text,22,25533,57544,1,21379,0.8373,check-only,incorrect data check,4154,57551,45273,12278,0.7868,2,0
corrupted/print/text/digital_data_security_guidelines(print)_stream_zlib.pdf,print,text,23,27957,70568,1,23254,0.8318,check-only,incorrect data check,4703,70560,59879,10681,0.8485,2,0
corrupted/print/text/educational_technology_elearning_safety_guidelines_multilang(print)_stream_zlib.pdf,print,text,3,20047,85692,1,9386,0.4682,check-only,incorrect data check,10661,85695,44565,41130,0.5201,1,0
corrupted/print/text/educational_technology_elearning_safety_guidelines_multilang(print)_stream_zlib.pdf,print,text,4,117616,224752,1,65639,0.5581,check-only,incorrect data check,51977,224749,115530,109219,0.514,6,2
corrupted/print/text/educational_technology_elearning_safety_guidelines_multilang(print)_stream_zlib.pdf,print,text,5,96384,230284,1,84034,0.8719,data-error,invalid literal/lengths set,85,206184,206184,0,0.8953,5,0
corrupted/print/text/educational_technology_elearning_safety_guidelines_multilang(print)_stream_zlib.pdf,print,text,7,39877,88068,1,39230,0.9838,check-only,incorrect data check,647,88070,86946,1124,0.9873,2,0
corrupted/print/text/educational_technology_elearning_safety_guidelines_multilang(print)_stream_zlib.pdf,print,text,10,7300,83098,1,2377,0.3256,check-only,incorrect data check,4923,83192,21693,61499,0.2611,1,0
corrupted/print/text/educational_technology_elearning_safety_guidelines_multilang(print)_stream_zlib.pdf,print,text,13,46222,108616,1,22690,0.4909,check-only,incorrect data check,23532,108623,62272,46351,0.5733,3,1
corrupted/print/text/educational_technology_elearning_safety_guidelines_multilang(print)_stream_zlib.pdf,print,text,16,26759,52104,1,15513,0.5797,check-only,incorrect data check,11246,52105,34017,18088,0.6529,2,1
corrupted/print/text/educational_technology_elearning_safety_guidelines_multilang(print)_stream_zlib.pdf,print,text,17,9323,19080,1,7560,0.8109,check-only,incorrect data check,1763,19100,15548,3552,0.8149,1,0
corrupted/print/text/educational_technology_elearning_safety_guidelines_multilang(print)_stream_zlib.pdf,print,text,18,3116,21939,1,580,0.1861,data-error,invalid distance too far back,2,2278,2278,0,0.1038,1,0
corrupted/print/text/educational_technology_elearning_safety_guidelines_multilang(print)_stream_zlib.pdf,print,text,20,37730,89000,1,14692,0.3894,check-only,incorrect data check,23038,89001,43329,45672,0.4868,2,1
corrupted/print/text/educational_technology_elearning_safety_guidelines_multilang(print)_stream_zlib.pdf,print,text,22,5884,67645,1,4088,0.6948,check-only,incorrect data check,1796,67479,43772,23707,0.6471,1,0
corrupted/print/text/global_cloud_datacenter_cooling_failure_report(print)_stream_zlib.pdf,print,text,1,30777,77688,1,30324,0.9853,check-only,incorrect data check,453,77686,76952,734,0.9905,2,0
corrupted/print/text/global_cloud_datacenter_cooling_failure_report(print)_stream_zlib.pdf,print,text,5,111378,275468,1,76449,0.6864,check-only,incorrect data check,34929,275468,197110,78358,0.7155,6,2
corrupted/print/text/global_cloud_datacenter_cooling_failure_report(print)_stream_zlib.pdf,print,text,6,178320,537536,1,10331,0.0579,check-only,incorrect data check,167989,537521,61276,476245,0.114,9,8
corrupted/print/text/global_cloud_datacenter_cooling_failure_report(print)_stream_zlib.pdf,print,text,9,78839,200742,1,19662,0.2494,check-only,incorrect data check,59177,200733,48403,152330,0.2411,3,2
corrupted/print/text/global_cloud_datacenter_cooling_failure_report(print)_stream_zlib.pdf,print,text,12,55606,141263,1,7865,0.1414,data-error,invalid distance too far back,8,18702,18693,9,0.1323,3,2
corrupted/print/text/global_cloud_datacenter_cooling_failure_report(print)_stream_zlib.pdf,print,text,15,45103,99772,1,8659,0.192,check-only,incorrect data check,36444,99772,18393,81379,0.1844,3,2
corrupted/print/text/global_cloud_datacenter_cooling_failure_report(print)_stream_zlib.pdf,print,text,17,6832,11792,1,4908,0.7184,check-only,incorrect data check,1924,11792,8401,3391,0.7124,1,0
corrupted/print/text/global_cloud_datacenter_cooling_failure_report(print)_stream_zlib.pdf,print,text,18,17637,42140,1,6690,0.3793,check-only,incorrect data check,10947,42134,14785,27349,0.3509,1,0
corrupted/print/text/global_cloud_datacenter_cooling_failure_report(print)_stream_zlib.pdf,print,text,19,52903,135324,1,43183,0.8163,check-only,incorrect data check,9720,135327,115669,19658,0.8548,3,0
corrupted/print/text/global_cloud_datacenter_cooling_failure_report(print)_stream_zlib.pdf,print,text,21,10865,28956,1,2958,0.2723,check-only,incorrect data check,7907,28953,5637,23316,0.1947,1,0
corrupted/print/text/global_cloud_datacenter_cooling_failure_report(print)_stream_zlib.pdf,print,text,22,9236,18632,1,795,0.0861,check-only,incorrect data check,8441,18632,2210,16422,0.1186,1,0
corrupted/print/text/global_cloud_datacenter_cooling_failure_report(print)_stream_zlib.pdf,print,text,25,26455,58280,1,8926,0.3374,check-only,incorrect data check,17529,58273,15445,42828,0.265,2,1
corrupted/print/text/global_cloud_datacenter_cooling_failure_report(print)_stream_zlib.pdf,print,text,26,29603,72908,1,26454,0.8936,check-only,incorrect data check,3149,72922,66895,6027,0.9175,2,0
corrupted/print/text/global_cloud_datacenter_cooling_failure_report(print)_stream_zlib.pdf,print,text,27,41119,105824,1,40798,0.9922,check-only,incorrect data check,321,105826,105312,514,0.9952,2,0
corrupted/print/text/global_cloud_datacenter_cooling_failure_report(print)_stream_zlib.pdf,print,text,28,3741,37308,1,3469,0.9273,check-only,incorrect data check,272,37308,34873,2435,0.9347,1,0
corrupted/print/text/green_energy_sustainable_living_guidelines_multilang(print)_stream_zlib.pdf,print,text,0,25936,63532,1,15832,0.6104,check-only,incorrect data check,10104,63532,45057,18475,0.7092,2,1
corrupted/print/text/green_energy_sustainable_living_guidelines_multilang(print)_stream_zlib.pdf,print,text,2,96384,230284,1,42498,0.4409,check-only,incorrect data check,53886,230410,118700,111710,0.5155,5,2
corrupted/print/text/green_energy_sustainable_living_guidelines_multilang(print)_stream_zlib.pdf,print,text,3,62779,200706,1,1772,0.0282,data-error,invalid distance too far back,6,5009,4999,10,0.0249,3,2
corrupted/print/text/green_energy_sustainable_living_guidelines_multilang(print)_stream_zlib.pdf,print,text,4,62417,200721,1,56040,0.8978,check-only,incorrect data check,6377,200745,180079,20666,0.8972,3,1
corrupted/print/text/green_energy_sustainable_living_guidelines_multilang(print)_stream_zlib.pdf,print,text,5,62293,200734,1,19098,0.3066,check-only,incorrect data check,43195,200744,60604,140140,0.3019,3,2
corrupted/print/text/green_energy_sustainable_living_guidelines_multilang(print)_stream_zlib.pdf,print,text,6,62790,200724,1,16217,0.2583,check-only,incorrect data check,46573,200724,49316,151408,0.2457,3,2
corrupted/print/text/green_energy_sustainable_living_guidelines_multilang(print)_stream_zlib.pdf,print,text,7,26015,82392,1,1275,0.049,data-error,invalid distance too far back,3,2769,2764,5,0.0335,1,0
corrupted/print/text/green_energy_sustainable_living_guidelines_multilang(print)_stream_zlib.pdf,print,text,8,44057,92376,1,6158,0.1398,check-only,incorrect data check,37899,92376,10552,81824,0.1142,3,2
corrupted/print/text/green_energy_sustainable_living_guidelines_multilang(print)_stream_zlib.pdf,print,text,15,15830,39584,1,6467,0.4085,check-only,incorrect data check,9363,39676,15558,24118,0.393,1,0
corrupted/print/text/green_energy_sustainable_living_guidelines_multilang(print)_stream_zlib.pdf,print,text,18,2725,18365,1,2698,0.9901,check-only,incorrect data check,27,18356,18212,144,0.9917,1,0
corrupted/print/text/green_energy_sustainable_living_guidelines_multilang(print)_stream_zlib.pdf,print,text,19,7001,14476,1,5326,0.7607,check-only,incorrect data check,1675,14471,11238,3233,0.7763,1,0
corrupted/print/text/green_energy_sustainable_living_guidelines_multilang(print)_stream_zlib.pdf,print,text,22,3110,22991,1,1317,0.4235,data-error,invalid distance too far back,3,7190,7190,0,0.3127,1,0
corrupted/print/text/green_energy_sustainable_living_guidelines_multilang(print)_stream_zlib.pdf,print,text,24,39433,99916,1,12280,0.3114,check-only,incorrect data check,27153,99914,43375,56539,0.4341,2,1
corrupted/print/text/health_wellbeing_digital_age_guidelines_multilang(print)_stream_zlib.pdf,print,text,0,25792,63296,1,21019,0.8149,check-only,incorrect data check,4773,63290,54247,9043,0.857,2,0
corrupted/print/text/health_wellbeing_digital_age_guidelines_multilang(print)_stream_zlib.pdf,print,text,2,96384,230284,1,59721,0.6196,check-only,incorrect data check,36663,230278,152165,78113,0.6608,5,2
corrupted/print/text/health_wellbeing_digital_age_guidelines_multilang(print)_stream_zlib.pdf,print,text,3,29563,109960,1,19865,0.672,check-only,incorrect data check,9698,109967,65829,44138,0.5987,2,1
corrupted/print/text/health_wellbeing_digital_age_guidelines_multilang(print)_stream_zlib.pdf,print,text,5,37592,97304,1,22539,0.5996,check-only,incorrect data check,15053,97332,60137,37195,0.618,3,1
corrupted/print/text/health_wellbeing_digital_age_guidelines_multilang(print)_stream_zlib.pdf,print,text,6,1531,8480,1,108,0.0705,data-error,invalid distance too far back,4,118,115,3,0.0136,1,0
corrupted/print/text/health_wellbeing_digital_age_guidelines_multilang(print)_stream_zlib.pdf,print,text,10,11272,30240,1,8566,0.7599,check-only,incorrect data check,2706,30502,23880,6622,0.7897,1,0
corrupted/print/text/health_wellbeing_digital_age_guidelines_multilang(print)_stream_zlib.pdf,print,text,12,2865,20264,1,1359,0.4743,check-only,incorrect data check,1506,20250,7773,12477,0.3836,1,0
corrupted/print/text/health_wellbeing_digital_age_guidelines_multilang(print)_stream_zlib.pdf,print,text,13,7643,15648,1,5159,0.675,check-only,incorrect data check,2484,15631,10082,5549,0.6443,1,0
corrupted/print/text/health_wellbeing_digital_age_guidelines_multilang(print)_stream_zlib.pdf,print,text,14,30484,57844,1,4519,0.1482,check-only,incorrect data check,25965,57853,7919,49934,0.1369,2,1
corrupted/print/text/health_wellbeing_digital_age_guidelines_multilang(print)_stream_zlib.pdf,print,text,15,2984,20754,1,2189,0.7336,check-only,incorrect data check,795,20712,14008,6704,0.675,1,0
corrupted/print/text/health_wellbeing_digital_age_guidelines_multilang(print)_stream_zlib.pdf,print,text,16,35272,82232,1,8684,0.2462,check-only,incorrect data check,26588,82232,26513,55719,0.3224,2,1
corrupted/print/text/health_wellbeing_digital_age_guidelines_multilang(print)_stream_zlib.pdf,print,text,17,11684,24904,1,5859,0.5015,check-only,incorrect data check,5825,24904,13303,11601,0.5342,1,0
corrupted/print/text/health_wellbeing_digital_age_guidelines_multilang(print)_stream_zlib.pdf,print,text,18,5160,54115,1,2434,0.4717,check-only,incorrect data check,2726,54116,23235,30881,0.4294,1,0
corrupted/print/text/illegal_item_trading_money_laundering_in_games(print)_stream_zlib.pdf,print,text,0,29032,74404,1,20533,0.7073,check-only,incorrect data check,8499,74391,58189,16202,0.7821,2,0
corrupted/print/text/illegal_item_trading_money_laundering_in_games(print)_stream_zlib.pdf,print,text,1,43275,100168,1,23334,0.5392,check-only,incorrect data check,19941,100170,62387,37783,0.6228,3,1
corrupted/print/text/illegal_item_trading_money_laundering_in_games(print)_stream_zlib.pdf,print,text,4,178320,537536,1,58544,0.3283,check-only,incorrect data check,119776,537536,228028,309508,0.4242,9,6
corrupted/print/text/illegal_item_trading_money_laundering_in_games(print)_stream_zlib.pdf,print,text,5,45588,142300,1,37206,0.8161,check-only,incorrect data check,8382,142329,113930,28399,0.8006,2,0
corrupted/print/text/illegal_item_trading_money_laundering_in_games(print)_stream_zlib.pdf,print,text,8,64549,168126,1,13984,0.2166,check-only,incorrect data check,50565,168132,33251,134881,0.1978,3,2
corrupted/print/text/illegal_item_trading_money_laundering_in_games(print)_stream_zlib.pdf,print,text,12,3594,32450,1,3445,0.9585,check-only,incorrect data check,149,32274,30932,1342,0.9532,1,0
corrupted/print/text/illegal_item_trading_money_laundering_in_games(print)_stream_zlib.pdf,print,text,13,16608,40636,1,15424,0.9287,check-only,incorrect data check,1184,40636,37911,2725,0.9329,1,0
corrupted/print/text/illegal_item_trading_money_laundering_in_games(print)_stream_zlib.pdf,print,text,14,52676,133964,1,27277,0.5178,check-only,incorrect data check,25399,133964,66498,67466,0.4964,3,1
corrupted/print/text/illegal_item_trading_money_laundering_in_games(print)_stream_zlib.pdf,print,text,15,45186,106952,1,24947,0.5521,check-only,incorrect data check,20239,106950,66961,39989,0.6261,3,1
corrupted/print/text/illegal_item_trading_money_laundering_in_games(print)_stream_zlib.pdf,print,text,19,28143,53980,1,14370,0.5106,check-only,incorrect data check,13773,53974,29555,24419,0.5475,2,1
corrupted/print/text/illegal_item_trading_money_laundering_in_games(print)_stream_zlib.pdf,print,text,21,2973,19784,1,449,0.151,check-only,incorrect data check,2524,19784,1930,17854,0.0976,1,0
corrupted/print/text/illegal_item_trading_money_laundering_in_games(print)_stream_zlib.pdf,print,text,22,28249,71144,1,13101,0.4638,check-only,incorrect data check,15148,71148,28324,42824,0.3981,2,1
corrupted/print/text/messenger_app_data_misuse_investigation(print)_stream_zlib.pdf,print,text,1,11673,23900,1,3343,0.2864,check-only,incorrect data check,8330,23900,10371,13529,0.4339,1,0
corrupted/print/text/messenger_app_data_misuse_investigation(print)_stream_zlib.pdf,print,text,2,67214,347616,1,44697,0.665,check-only,incorrect data check,22517,347638,278938,68700,0.8024,4,1
corrupted/print/text/messenger_app_data_misuse_investigation(print)_stream_zlib.pdf,print,text,3,62723,200765,1,51655,0.8235,check-only,incorrect data check,11068,200765,164391,36374,0.8188,3,1
corrupted/print/text/messenger_app_data_misuse_investigation(print)_stream_zlib.pdf,print,text,6,52406,160968,1,44353,0.8463,check-only,incorrect data check,8053,160989,136416,24573,0.8475,2,0
corrupted/print/text/messenger_app_data_misuse_investigation(print)_stream_zlib.pdf,print,text,7,7854,56192,1,2036,0.2592,check-only,incorrect data check,5818,56192,32554,23638,0.5793,1,0
corrupted/print/text/messenger_app_data_misuse_investigation(print)_stream_zlib.pdf,print,text,9,111378,275468,1,34059,0.3058,check-only,incorrect data check,77319,275467,102915,172552,0.3736,6,4
corrupted/print/text/messenger_app_data_misuse_investigation(print)_stream_zlib.pdf,print,text,11,1122,6243,1,983,0.8761,check-only,incorrect data check,139,6214,5362,852,0.8589,1,0
corrupted/print/text/messenger_app_data_misuse_investigation(print)_stream_zlib.pdf,print,text,14,3150,31720,1,1640,0.5206,check-only,incorrect data check,1510,31761,15841,15920,0.4994,1,0
corrupted/print/text/messenger_app_data_misuse_investigation(print)_stream_zlib.pdf,print,text,16,46447,108636,1,40695,0.8762,check-only,incorrect data check,5752,108636,98004,10632,0.9021,3,1
corrupted/print/text/messenger_app_data_misuse_investigation(print)_stream_zlib.pdf,print,text,19,2646,18124,1,49,0.0185,data-error,invalid literal/lengths set,12,0,0,0,0.0,1,0
corrupted/print/text/messenger_app_data_misuse_investigation(print)_stream_zlib.pdf,print,text,22,3539,39381,1,1622,0.4583,data-error,invalid distance too far back,61,16986,16071,915,0.4081,1,0
corrupted/print/text/open_source_software_contribution_guidelines_multilang(print)_stream_zlib.pdf,print,text,0,7529,13296,1,6850,0.9098,check-only,incorrect data check,679,13296,11947,1349,0.8985,1,0
corrupted/print/text/open_source_software_contribution_guidelines_multilang(print)_stream_zlib.pdf,print,text,2,96384,230284,1,7966,0.0826,check-only,incorrect data check,88418,230286,30600,199686,0.1329,5,4
corrupted/print/text/open_source_software_contribution_guidelines_multilang(print)_stream_zlib.pdf,print,text,3,34890,85904,1,22860,0.6552,check-only,incorrect data check,12030,85871,62511,23360,0.7277,2,0
corrupted/print/text/open_source_software_contribution_guidelines_multilang(print)_stream_zlib.pdf,print,text,5,58598,148232,1,2735,0.0467,check-only,incorrect data check,55863,148229,33133,115096,0.2235,3,2
corrupted/print/text/open_source_software_contribution_guidelines_multilang(print)_stream_zlib.pdf,print,text,6,74413,200723,1,73490,0.9876,check-only,incorrect data check,923,200715,198115,2600,0.987,3,0
corrupted/print/text/open_source_software_contribution_guidelines_multilang(print)_stream_zlib.pdf,print,text,8,15912,40922,1,11097,0.6974,check-only,incorrect data check,4815,40922,28289,12633,0.6913,1,0
corrupted/print/text/open_source_software_contribution_guidelines_multilang(print)_stream_zlib.pdf,print,text,11,20513,53872,1,15623,0.7616,check-only,incorrect data check,4890,53876,40748,13128,0.7564,1,0
corrupted/print/text/open_source_software_contribution_guidelines_multilang(print)_stream_zlib.pdf,print,text,14,50899,131220,1,13969,0.2744,check-only,incorrect data check,36930,131220,42979,88241,0.3275,3,2
corrupted/print/text/open_source_software_contribution_guidelines_multilang(print)_stream_zlib.pdf,print,text,15,15209,37772,1,14706,0.9669,check-only,incorrect data check,503,37769,36696,1073,0.9715,1,0
corrupted/print/text/open_source_software_contribution_guidelines_multilang(print)_stream_zlib.pdf,print,text,20,3321,23912,1,1287,0.3875,check-only,incorrect data check,2034,23912,6736,17176,0.2817,1,0
corrupted/print/text/open_source_software_contribution_guidelines_multilang(print)_stream_zlib.pdf,print,text,21,27121,60164,1,15887,0.5858,check-only,incorrect data check,11234,60178,36126,24052,0.6005,2,1
corrupted/print/text/open_source_software_contribution_guidelines_multilang(print)_stream_zlib.pdf,print,text,22,37987,90760,1,23134,0.609,check-only,incorrect data check,14853,90760,61516,29244,0.6778,2,0
corrupted/print/text/open_source_software_contribution_guidelines_multilang(print)_stream_zlib.pdf,print,text,24,6781,82847,1,2471,0.3644,data-error,invalid distance too far back,567,32556,25200,7356,0.3042,1,0
corrupted/print/text/personal_finance_cyber_fraud_prevention_guidelines_multilang(print)_stream_zlib.pdf,print,text,0,6425,11532,1,1520,0.2366,check-only,incorrect data check,4905,11533,3627,7906,0.3145,1,0
corrupted/print/text/personal_finance_cyber_fraud_prevention_guidelines_multilang(print)_stream_zlib.pdf,print,text,2,9634,20212,1,9161,0.9509,check-only,incorrect data check,473,20217,19317,900,0.9557,1,0
corrupted/print/text/personal_finance_cyber_fraud_prevention_guidelines_multilang(print)_stream_zlib.pdf,print,text,4,3326,22374,1,1367,0.411,check-only,incorrect data check,1959,22374,7476,14898,0.3341,1,0
corrupted/print/text/personal_finance_cyber_fraud_prevention_guidelines_multilang(print)_stream_zlib.pdf,print,text,5,10234,44492,1,5840,0.5706,check-only,incorrect data check,4394,44500,23170,21330,0.5208,1,0
corrupted/print/text/personal_finance_cyber_fraud_prevention_guidelines_multilang(print)_stream_zlib.pdf,print,text,6,76610,200758,1,48959,0.6391,check-only,incorrect data check,27651,200770,127908,72862,0.6371,3,1
corrupted/print/text/personal_finance_cyber_fraud_prevention_guidelines_multilang(print)_stream_zlib.pdf,print,text,12,76936,200747,1,4680,0.0608,check-only,incorrect data check,72256,200746,11469,189277,0.0571,3,2
corrupted/print/text/personal_finance_cyber_fraud_prevention_guidelines_multilang(print)_stream_zlib.pdf,print,text,15,96384,230284,1,46881,0.4864,check-only,incorrect data check,49503,230198,127670,102528,0.5544,5,2
corrupted/print/text/personal_finance_cyber_fraud_prevention_guidelines_multilang(print)_stream_zlib.pdf,print,text,16,63488,164322,1,10694,0.1684,check-only,incorrect data check,52794,164333,27056,137277,0.1647,3,2
corrupted/print/text/personal_finance_cyber_fraud_prevention_guidelines_multilang(print)_stream_zlib.pdf,print,text,17,39819,87496,1,22509,0.5653,check-only,incorrect data check,17310,87496,49963,37533,0.571,2,0
corrupted/print/text/personal_finance_cyber_fraud_prevention_guidelines_multilang(print)_stream_zlib.pdf,print,text,18,21332,42336,1,432,0.0203,data-error,invalid distance too far back,3,432,431,1,0.0102,2,1
corrupted/print/text/personal_finance_cyber_fraud_prevention_guidelines_multilang(print)_stream_zlib.pdf,print,text,20,6353,73933,1,4558,0.7175,check-only,incorrect data check,1795,73928,52436,21492,0.7092,1,0
corrupted/print/text/personal_finance_cyber_fraud_prevention_guidelines_multilang(print)_stream_zlib.pdf,print,text,24,3359,24655,1,1413,0.4207,data-error,invalid distance too far back,8,8516,8400,116,0.3407,1,0
corrupted/print/text/personal_finance_cyber_fraud_prevention_guidelines_multilang(print)_stream_zlib.pdf,print,text,29,22089,49772,1,11796,0.534,check-only,incorrect data check,10293,49772,27505,22267,0.5526,2,1
corrupted/print/text/personal_finance_cyber_fraud_prevention_guidelines_multilang(print)_stream_zlib.pdf,print,text,32,6262,65984,1,5205,0.8312,check-only,incorrect data check,1057,66352,54130,12222,0.8204,1,0
corrupted/print/text/remote_work_home_office_guidelines(print)_stream_zlib.pdf,print,text,1,96384,230284,1,50657,0.5256,check-only,incorrect data check,45727,230302,135468,94834,0.5883,5,2
corrupted/print/text/remote_work_home_office_guidelines(print)_stream_zlib.pdf,print,text,9,14086,38608,1,9947,0.7062,check-only,incorrect data check,4139,38505,27579,10926,0.7143,1,0
corrupted/print/text/remote_work_home_office_guidelines(print)_stream_zlib.pdf,print,text,12,5570,59669,1,2388,0.4287,check-only,incorrect data check,3182,59677,22053,37624,0.3696,1,0
corrupted/print/text/remote_work_home_office_guidelines(print)_stream_zlib.pdf,print,text,13,11850,31296,1,4507,0.3803,check-only,incorrect data check,7343,31296,9757,21539,0.3118,1,0
corrupted/print/text/remote_work_home_office_guidelines(print)_stream_zlib.pdf,print,text,16,2788,18731,1,1050,0.3766,check-only,incorrect data check,1738,18776,5057,13719,0.27,1,0
corrupted/print/text/remote_work_home_office_guidelines(print)_stream_zlib.pdf,print,text,17,4891,11912,1,2963,0.6058,check-only,incorrect data check,1928,11923,8156,3767,0.6847,1,0
corrupted/print/text/remote_work_home_office_guidelines(print)_stream_zlib.pdf,print,text,18,484826,885548,1,453682,0.9358,check-only,incorrect data check,31144,885548,829695,55853,0.9369,22,2
corrupted/print/text/remote_work_home_office_guidelines(print)_stream_zlib.pdf,print,text,21,7198,14960,1,3413,0.4742,check-only,incorrect data check,3785,14958,8205,6753,0.5485,1,0
corrupted/print/text/remote_work_home_office_guidelines(print)_stream_zlib.pdf,print,text,23,38472,82824,1,13727,0.3568,check-only,incorrect data check,24745,82822,25336,57486,0.3059,2,1
corrupted/print/text/smart_city_data_privacy_guidelines_multilang(print)_stream_zlib.pdf,print,text,2,96384,230284,1,66255,0.6874,check-only,incorrect data check,30129,230284,165200,65084,0.7174,5,1
corrupted/print/text/smart_city_data_privacy_guidelines_multilang(print)_stream_zlib.pdf,print,text,3,13761,57948,1,10672,0.7755,check-only,incorrect data check,3089,57702,31733,25969,0.5476,1,0
corrupted/print/text/smart_city_data_privacy_guidelines_multilang(print)_stream_zlib.pdf,print,text,4,15981,79888,1,3187,0.1994,check-only,incorrect data check,12794,80425,35329,45096,0.4422,1,0
corrupted/print/text/smart_city_data_privacy_guidelines_multilang(print)_stream_zlib.pdf,print,text,8,30420,69380,1,25485,0.8378,check-only,incorrect data check,4935,69380,58967,10413,0.8499,2,0
corrupted/print/text/smart_city_data_privacy_guidelines_multilang(print)_stream_zlib.pdf,print,text,9,6104,74005,1,3135,0.5136,check-only,incorrect data check,2969,74013,35060,38953,0.4738,1,0
corrupted/print/text/smart_city_data_privacy_guidelines_multilang(print)_stream_zlib.pdf,print,text,11,19562,44724,1,19180,0.9805,check-only,incorrect data check,382,44724,44117,607,0.9864,1,0
corrupted/print/text/smart_city_data_privacy_guidelines_multilang(print)_stream_zlib.pdf,print,text,13,3375,28341,1,1878,0.5564,check-only,incorrect data check,1497,28260,14501,13759,0.5117,1,0
corrupted/print/text/smart_city_data_privacy_guidelines_multilang(print)_stream_zlib.pdf,print,text,14,7525,15492,1,798,0.106,check-only,incorrect data check,6727,15495,2246,13249,0.145,1,0
corrupted/print/text/smart_city_data_privacy_guidelines_multilang(print)_stream_zlib.pdf,print,text,15,492397,894092,1,55077,0.1119,check-only,incorrect data check,437320,894053,108705,785348,0.1216,22,19
corrupted/print/text/smart_city_data_privacy_guidelines_multilang(print)_stream_zlib.pdf,print,text,16,3500,28978,1,2495,0.7129,check-only,incorrect data check,1005,28979,19079,9900,0.6584,1,0
corrupted/print/text/smart_city_data_privacy_guidelines_multilang(print)_stream_zlib.pdf,print,text,19,11922,25992,1,5523,0.4633,check-only,incorrect data check,6399,25992,12523,13469,0.4818,1,0
corrupted/print/text/smart_factory_robot_malfunction_analysis(print)_stream_zlib.pdf,print,text,2,17425,40044,1,7342,0.4213,check-only,incorrect data check,10083,40029,17095,22934,0.4269,1,0
corrupted/print/text/smart_factory_robot_malfunction_analysis(print)_stream_zlib.pdf,print,text,6,77791,200744,1,26709,0.3433,check-only,incorrect data check,51082,200751,66987,133764,0.3337,3,2
corrupted/print/text/smart_factory_robot_malfunction_analysis(print)_stream_zlib.pdf,print,text,9,76662,200718,1,51975,0.678,check-only,incorrect data check,24687,200707,136585,64122,0.6805,3,1
corrupted/print/text/smart_factory_robot_malfunction_analysis(print)_stream_zlib.pdf,print,text,10,51186,129002,1,42443,0.8292,check-only,incorrect data check,8743,129002,106241,22761,0.8236,2,0
corrupted/print/text/smart_factory_robot_malfunction_analysis(print)_stream_zlib.pdf,print,text,11,44600,99316,1,42502,0.953,check-only,incorrect data check,2098,99315,94702,4613,0.9535,3,0
corrupted/print/text/smart_factory_robot_malfunction_analysis(print)_stream_zlib.pdf,print,text,12,20469,54776,1,5601,0.2736,check-only,incorrect data check,14868,54884,13418,41466,0.245,1,0
corrupted/print/text/smart_factory_robot_malfunction_analysis(print)_stream_zlib.pdf,print,text,16,2916,19773,1,21,0.0072,data-error,invalid code -- missing end-of-block,40,0,0,0,0.0,1,0
corrupted/print/text/smart_factory_robot_malfunction_analysis(print)_stream_zlib.pdf,print,text,17,8082,16544,1,892,0.1104,check-only,incorrect data check,7190,16537,2392,14145,0.1446,1,0
corrupted/print/text/smart_factory_robot_malfunction_analysis(print)_stream_zlib.pdf,print,text,18,491767,893928,1,38387,0.0781,check-only,incorrect data check,453380,893930,78572,815358,0.0879,22,20
corrupted/print/text/smart_factory_robot_malfunction_analysis(print)_stream_zlib.pdf,print,text,20,2938,21365,1,2068,0.7039,check-only,incorrect data check,870,21442,14039,7403,0.6571,1,0
corrupted/print/text/smart_factory_robot_malfunction_analysis(print)_stream_zlib.pdf,print,text,21,38933,94156,1,11690,0.3003,check-only,incorrect data check,27243,94167,37276,56891,0.3959,2,1
corrupted/print/text+img/global_agriculture_food_security_climate_impact(print)_stream_zlib.pdf,print,text+img,0,27097,65800,1,23897,0.8819,check-only,incorrect data check,3200,65805,59727,6078,0.9077,2,0
corrupted/print/text+img/global_agriculture_food_security_climate_impact(print)_stream_zlib.pdf,print,text+img,2,15884,38196,1,14410,0.9072,check-only,incorrect data check,1474,38196,35338,2858,0.9252,1,0
corrupted/print/text+img/global_agriculture_food_security_climate_impact(print)_stream_zlib.pdf,print,text+img,4,4214,33114,1,2753,0.6533,check-only,incorrect data check,1461,33114,21933,11181,0.6623,1,0
corrupted/print/text+img/global_agriculture_food_security_climate_impact(print)_stream_zlib.pdf,print,text+img,9,18284,38628,1,13657,0.7469,check-only,incorrect data check,4627,38628,29267,9361,0.7577,1,0
corrupted/print/text+img/global_agriculture_food_security_climate_impact(print)_stream_zlib.pdf,print,text+img,10,20152,53568,1,13949,0.6922,check-only,incorrect data check,6203,53570,38401,15169,0.7169,1,0
corrupted/print/text+img/global_agriculture_food_security_climate_impact(print)_stream_zlib.pdf,print,text+img,16,10422,28312,1,9764,0.9369,check-only,incorrect data check,658,28312,26427,1885,0.9334,1,0
corrupted/print/text+img/global_agriculture_food_security_climate_impact(print)_stream_zlib.pdf,print,text+img,22,10268,176532,1,921,0.0897,data-error,invalid distance too far back,2,9171,9171,0,0.052,1,0
corrupted/print/text+img/global_ai_technology_investment_and_industry_adoption(print)_stream_zlib.pdf,print,text+img,0,15067,37100,1,402,0.0267,data-error,invalid distance too far back,4,368,367,1,0.0099,1,0
corrupted/print/text+img/global_ai_technology_investment_and_industry_adoption(print)_stream_zlib.pdf,print,text+img,1,96384,230284,1,95548,0.9913,check-only,incorrect data check,836,230281,227234,3047,0.9868,5,0
corrupted/print/text+img/global_ai_technology_investment_and_industry_adoption(print)_stream_zlib.pdf,print,text+img,7,22844,76144,1,13265,0.5807,check-only,incorrect data check,9579,76144,47401,28743,0.6225,2,1
corrupted/print/text+img/global_ai_technology_investment_and_industry_adoption(print)_stream_zlib.pdf,print,text+img,8,111328,268232,1,109576,0.9843,check-only,incorrect data check,1752,268234,264754,3480,0.987,6,0
corrupted/print/text+img/global_ai_technology_investment_and_industry_adoption(print)_stream_zlib.pdf,print,text+img,10,1867,8659,1,614,0.3289,data-error,invalid distance too far back,2,2221,2221,0,0.2565,1,0
corrupted/print/text+img/global_ai_technology_investment_and_industry_adoption(print)_stream_zlib.pdf,print,text+img,12,53123,136072,1,11366,0.214,check-only,incorrect data check,41757,136081,40249,95832,0.2958,3,2
corrupted/print/text+img/global_ai_technology_investment_and_industry_adoption(print)_stream_zlib.pdf,print,text+img,14,44315,107084,1,42928,0.9687,check-only,incorrect data check,1387,107084,104052,3032,0.9717,3,0
corrupted/print/text+img/global_ai_technology_investment_and_industry_adoption(print)_stream_zlib.pdf,print,text+img,16,12154,32096,1,4539,0.3735,check-only,incorrect data check,7615,32100,9909,22191,0.3087,1,0
corrupted/print/text+img/global_ai_technology_investment_and_industry_adoption(print)_stream_zlib.pdf,print,text+img,17,8005,13588,1,5582,0.6973,check-only,incorrect data check,2423,13557,9361,4196,0.6889,1,0
corrupted/print/text+img/global_ai_technology_investment_and_industry_adoption(print)_stream_zlib.pdf,print,text+img,19,3467,23590,1,2203,0.6354,check-only,incorrect data check,1264,23330,14393,8937,0.6101,1,0
corrupted/print/text+img/global_ai_technology_investment_and_industry_adoption(print)_stream_zlib.pdf,print,text+img,22,3547,24706,1,440,0.124,data-error,invalid distance too far back,4,1458,1457,1,0.059,1,0
corrupted/print/text+img/global_ai_technology_investment_and_industry_adoption(print)_stream_zlib.pdf,print,text+img,25,36817,79044,1,5303,0.144,check-only,incorrect data check,31514,79046,10092,68954,0.1277,2,1
corrupted/print/text+img/global_ai_technology_investment_and_industry_adoption(print)_stream_zlib.pdf,print,text+img,26,7209,83660,1,6147,0.8527,check-only,incorrect data check,1062,83660,69184,14476,0.827,1,0
corrupted/print/text+img/global_climate_change_indicators_and_ghg_emissions(print)_stream_zlib.pdf,print,text+img,1,96384,230284,1,90934,0.9435,check-only,incorrect data check,5450,230301,218676,11625,0.9496,5,0
corrupted/print/text+img/global_climate_change_indicators_and_ghg_emissions(print)_stream_zlib.pdf,print,text+img,2,31012,77768,1,6189,0.1996,check-only,incorrect data check,24823,77781,16671,61110,0.2144,2,1
corrupted/print/text+img/global_climate_change_indicators_and_ghg_emissions(print)_stream_zlib.pdf,print,text+img,7,5595,53360,1,4157,0.743,check-only,incorrect data check,1438,53360,50806,2554,0.9521,1,0
corrupted/print/text+img/global_climate_change_indicators_and_ghg_emissions(print)_stream_zlib.pdf,print,text+img,9,76114,200745,1,1422,0.0187,data-error,invalid distance too far back,10,5720,5686,34,0.0283,3,2
corrupted/print/text+img/global_climate_change_indicators_and_ghg_emissions(print)_stream_zlib.pdf,print,text+img,11,77540,200735,1,7379,0.0952,check-only,incorrect data check,70161,200735,17330,183405,0.0863,3,2
corrupted/print/text+img/global_climate_change_indicators_and_ghg_emissions(print)_stream_zlib.pdf,print,text+img,13,41563,92876,1,18716,0.4503,check-only,incorrect data check,22847,92878,45841,47037,0.4936,3,2
corrupted/print/text+img/global_climate_change_indicators_and_ghg_emissions(print)_stream_zlib.pdf,print,text+img,15,19951,52408,1,12682,0.6357,check-only,incorrect data check,7269,52411,35450,16961,0.6764,1,0
corrupted/print/text+img/global_climate_change_indicators_and_ghg_emissions(print)_stream_zlib.pdf,print,text+img,16,6841,71754,1,2300,0.3362,data-error,invalid distance too far back,3,20076,20076,0,0.2798,1,0
corrupted/print/text+img/global_climate_change_indicators_and_ghg_emissions(print)_stream_zlib.pdf,print,text+img,19,7722,13124,1,4452,0.5765,check-only,incorrect data check,3270,13123,7411,5712,0.5647,1,0
corrupted/print/text+img/global_climate_change_indicators_and_ghg_emissions(print)_stream_zlib.pdf,print,text+img,26,45112,124968,1,43692,0.9685,check-only,incorrect data check,1420,124956,121977,2979,0.9761,3,0
corrupted/print/text+img/global_climate_change_indicators_and_ghg_emissions(print)_stream_zlib.pdf,print,text+img,29,7320,82214,1,266,0.0363,check-only,incorrect data check,7054,82214,1169,81045,0.0142,1,0
corrupted/print/text+img/global_esports_and_gaming_industry_growth(print)_stream_zlib.pdf,print,text+img,0,96384,230284,1,94803,0.9836,check-only,incorrect data check,1581,230290,226192,4098,0.9822,5,0
corrupted/print/text+img/global_esports_and_gaming_industry_growth(print)_stream_zlib.pdf,print,text+img,4,18852,72962,1,12514,0.6638,check-only,incorrect data check,6338,72956,37127,35829,0.5089,1,0
corrupted/print/text+img/global_esports_and_gaming_industry_growth(print)_stream_zlib.pdf,print,text+img,6,75838,145440,1,45880,0.605,check-only,incorrect data check,29958,145442,85052,60390,0.5848,4,1
corrupted/print/text+img/global_esports_and_gaming_industry_growth(print)_stream_zlib.pdf,print,text+img,9,16078,36052,1,7123,0.443,check-only,incorrect data check,8955,36040,16116,19924,0.447,1,0
corrupted/print/text+img/global_esports_and_gaming_industry_growth(print)_stream_zlib.pdf,print,text+img,11,45129,109324,1,40786,0.9038,check-only,incorrect data check,4343,109312,99797,9515,0.9129,3,1
corrupted/print/text+img/global_esports_and_gaming_industry_growth(print)_stream_zlib.pdf,print,text+img,12,12453,211148,1,3712,0.2981,check-only,incorrect data check,8741,211141,119864,91277,0.5677,1,0
corrupted/print/text+img/global_esports_and_gaming_industry_growth(print)_stream_zlib.pdf,print,text+img,14,7146,75846,1,6964,0.9745,check-only,incorrect data check,182,75846,74639,1207,0.9841,1,0
corrupted/print/text+img/global_esports_and_gaming_industry_growth(print)_stream_zlib.pdf,print,text+img,15,16913,41196,1,6848,0.4049,check-only,incorrect data check,10065,41201,15766,25435,0.3827,1,0
corrupted/print/text+img/global_esports_and_gaming_industry_growth(print)_stream_zlib.pdf,print,text+img,20,489099,890936,1,331569,0.6779,check-only,incorrect data check,157530,890936,627972,262964,0.7048,22,7
corrupted/print/text+img/global_esports_and_gaming_industry_growth(print)_stream_zlib.pdf,print,text+img,22,3890,27143,1,3848,0.9892,check-only,incorrect data check,42,27143,26925,218,0.992,1,0
corrupted/print/text+img/global_esports_and_gaming_industry_growth(print)_stream_zlib.pdf,print,text+img,24,10723,23116,1,10177,0.9491,check-only,incorrect data check,546,23151,22187,964,0.9598,1,0
corrupted/print/text+img/global_esports_and_gaming_industry_growth(print)_stream_zlib.pdf,print,text+img,25,38958,83108,1,5871,0.1507,check-only,incorrect data check,33087,83135,10767,72368,0.1296,2,1
corrupted/print/text+img/global_ev_market_growth_statistics(print)_stream_zlib.pdf,print,text+img,0,9917,19020,1,452,0.0456,check-only,incorrect data check,9465,19020,435,18585,0.0229,1,0
corrupted/print/text+img/global_ev_market_growth_statistics(print)_stream_zlib.pdf,print,text+img,3,17327,39964,1,14862,0.8577,check-only,incorrect data check,2465,39964,35388,4576,0.8855,1,0
corrupted/print/text+img/global_ev_market_growth_statistics(print)_stream_zlib.pdf,print,text+img,4,111328,268232,1,53772,0.483,check-only,incorrect data check,57556,268221,144553,123668,0.5389,6,3
corrupted/print/text+img/global_ev_market_growth_statistics(print)_stream_zlib.pdf,print,text+img,8,75799,200715,1,3375,0.0445,data-error,invalid distance too far back,3,7610,7609,1,0.0379,3,2
corrupted/print/text+img/global_ev_market_growth_statistics(print)_stream_zlib.pdf,print,text+img,10,75712,200767,1,51053,0.6743,check-only,incorrect data check,24659,200764,135676,65088,0.6758,3,1
corrupted/print/text+img/global_ev_market_growth_statistics(print)_stream_zlib.pdf,print,text+img,12,76175,200733,1,6508,0.0854,check-only,incorrect data check,69667,200733,15852,184881,0.079,3,2
corrupted/print/text+img/global_ev_market_growth_statistics(print)_stream_zlib.pdf,print,text+img,13,33298,107644,1,33240,0.9983,check-only,incorrect data check,58,107644,107565,79,0.9993,2,0
corrupted/print/text+img/global_ev_market_growth_statistics(print)_stream_zlib.pdf,print,text+img,14,45274,118716,1,20028,0.4424,check-only,incorrect data check,25246,118717,51945,66772,0.4376,2,1
corrupted/print/text+img/global_ev_market_growth_statistics(print)_stream_zlib.pdf,print,text+img,15,31747,81872,1,23593,0.7432,check-only,incorrect data check,8154,81872,65226,16646,0.7967,2,0
corrupted/print/text+img/global_ev_market_growth_statistics(print)_stream_zlib.pdf,print,text+img,16,28930,66340,1,993,0.0343,check-only,incorrect data check,27937,66318,4381,61937,0.066,2,1
corrupted/print/text+img/global_ev_market_growth_statistics(print)_stream_zlib.pdf,print,text+img,21,52685,135360,1,8106,0.1539,check-only,incorrect data check,44579,135353,34213,101140,0.2528,3,2
corrupted/print/text+img/global_ev_market_growth_statistics(print)_stream_zlib.pdf,print,text+img,22,2964,20512,1,880,0.2969,check-only,incorrect data check,2084,20512,4291,16221,0.2092,1,0
corrupted/print/text+img/global_ev_market_growth_statistics(print)_stream_zlib.pdf,print,text+img,24,9946,19812,1,1587,0.1596,check-only,incorrect data check,8359,19809,3470,16339,0.1751,1,0
corrupted/print/text+img/global_ev_market_growth_statistics(print)_stream_zlib.pdf,print,text+img,27,28178,61752,1,27668,0.9819,check-only,incorrect data check,510,61754,60623,1131,0.9817,2,0
corrupted/print/text+img/global_ev_market_growth_statistics(print)_stream_zlib.pdf,print,text+img,28,33730,80724,1,4216,0.125,check-only,incorrect data check,29514,80724,14065,66659,0.1742,2,1
corrupted/print/text+img/global_ev_market_growth_statistics(print)_stream_zlib.pdf,print,text+img,29,42552,105416,1,7625,0.1792,check-only,incorrect data check,34927,105412,14854,90558,0.1409,3,2
corrupted/print/text+img/global_ev_market_growth_statistics(print)_stream_zlib.pdf,print,text+img,31,6219,72567,1,1481,0.2381,data-error,invalid distance too far back,14,11881,11824,57,0.1629,1,0
corrupted/print/text+img/global_healthcare_digital_health_patient_data_trends(print)_stream_zlib.pdf,print,text+img,1,96384,230284,1,66668,0.6917,check-only,incorrect data check,29716,230291,165943,64348,0.7206,5,1
corrupted/print/text+img/global_healthcare_digital_health_patient_data_trends(print)_stream_zlib.pdf,print,text+img,4,50857,200722,1,20945,0.4118,check-only,incorrect data check,29912,200748,82676,118072,0.4119,2,1
corrupted/print/text+img/global_healthcare_digital_health_patient_data_trends(print)_stream_zlib.pdf,print,text+img,6,50841,200708,1,18215,0.3583,data-error,invalid literal/length code,116,71991,71341,650,0.3554,2,1
corrupted/print/text+img/global_healthcare_digital_health_patient_data_trends(print)_stream_zlib.pdf,print,text+img,7,49665,200724,1,7517,0.1514,check-only,incorrect data check,42148,200735,28922,171813,0.1441,2,1
corrupted/print/text+img/global_healthcare_digital_health_patient_data_trends(print)_stream_zlib.pdf,print,text+img,9,49082,200765,1,341,0.0069,data-error,invalid distance too far back,5,788,778,10,0.0039,2,1
corrupted/print/text+img/global_healthcare_digital_health_patient_data_trends(print)_stream_zlib.pdf,print,text+img,13,6591,389344,1,1025,0.1555,check-only,incorrect data check,5566,390131,150101,240030,0.3855,1,0
corrupted/print/text+img/global_healthcare_digital_health_patient_data_trends(print)_stream_zlib.pdf,print,text+img,16,50659,136244,1,33003,0.6515,check-only,incorrect data check,17656,136244,84144,52100,0.6176,3,1
corrupted/print/text+img/global_healthcare_digital_health_patient_data_trends(print)_stream_zlib.pdf,print,text+img,18,76469,200738,1,64798,0.8474,check-only,incorrect data check,11671,200738,169539,31199,0.8446,3,0
corrupted/print/text+img/global_healthcare_digital_health_patient_data_trends(print)_stream_zlib.pdf,print,text+img,19,75670,200712,1,13802,0.1824,check-only,incorrect data check,61868,200731,35572,165159,0.1772,3,2
corrupted/print/text+img/global_healthcare_digital_health_patient_data_trends(print)_stream_zlib.pdf,print,text+img,22,17907,40600,1,8138,0.4545,check-only,incorrect data check,9769,40600,18633,21967,0.4589,1,0
corrupted/print/text+img/global_healthcare_digital_health_patient_data_trends(print)_stream_zlib.pdf,print,text+img,23,59639,125416,1,8240,0.1382,check-only,incorrect data check,51399,125416,14145,111271,0.1128,3,2
corrupted/print/text+img/global_healthcare_digital_health_patient_data_trends(print)_stream_zlib.pdf,print,text+img,26,16852,41064,1,13243,0.7858,check-only,incorrect data check,3609,41035,34118,6917,0.8308,1,0
corrupted/print/text+img/global_healthcare_digital_health_patient_data_trends(print)_stream_zlib.pdf,print,text+img,32,111378,275468,1,74175,0.666,check-only,incorrect data check,37203,275468,191665,83803,0.6958,6,2
corrupted/print/text+img/global_healthcare_digital_health_patient_data_trends(print)_stream_zlib.pdf,print,text+img,33,3841,29283,1,170,0.0443,check-only,incorrect data check,3671,29306,208,29098,0.0071,1,0
corrupted/print/text+img/global_healthcare_digital_health_patient_data_trends(print)_stream_zlib.pdf,print,text+img,34,27186,59748,1,26568,0.9773,check-only,incorrect data check,618,59748,58438,1310,0.9781,2,0
corrupted/print/text+img/global_healthcare_digital_health_patient_data_trends(print)_stream_zlib.pdf,print,text+img,35,37759,85956,1,9679,0.2563,check-only,incorrect data check,28080,85951,20563,65388,0.2392,2,1
corrupted/print/text+img/global_renewable_energy_generation_and_carbon_reduction_analysis(print)_stream_zlib.pdf,print,text+img,0,7020,12300,1,3617,0.5152,check-only,incorrect data check,3403,12298,6331,5967,0.5147,1,0
corrupted/print/text+img/global_renewable_energy_generation_and_carbon_reduction_analysis(print)_stream_zlib.pdf,print,text+img,10,67434,127144,1,44503,0.6599,check-only,incorrect data check,22931,127142,69041,58101,0.543,4,1
corrupted/print/text+img/global_renewable_energy_generation_and_carbon_reduction_analysis(print)_stream_zlib.pdf,print,text+img,11,96384,230284,1,14631,0.1518,check-only,incorrect data check,81753,230285,58930,171355,0.2559,5,4
corrupted/print/text+img/global_renewable_energy_generation_and_carbon_reduction_analysis(print)_stream_zlib.pdf,print,text+img,14,16866,36140,1,305,0.0181,check-only,incorrect data check,16561,36141,226,35915,0.0063,1,0
corrupted/print/text+img/global_renewable_energy_generation_and_carbon_reduction_analysis(print)_stream_zlib.pdf,print,text+img,18,12317,32252,1,1703,0.1383,check-only,incorrect data check,10614,32240,4855,27385,0.1505,1,0
corrupted/print/text+img/global_renewable_energy_generation_and_carbon_reduction_analysis(print)_stream_zlib.pdf,print,text+img,19,44954,106048,1,43412,0.9657,check-only,incorrect data check,1542,106041,101986,4055,0.9617,3,0
corrupted/print/text+img/global_renewable_energy_generation_and_carbon_reduction_analysis(print)_stream_zlib.pdf,print,text+img,26,3875,26964,1,917,0.2366,check-only,incorrect data check,2958,26991,4550,22441,0.1687,1,0
corrupted/print/text+img/global_renewable_energy_generation_and_carbon_reduction_analysis(print)_stream_zlib.pdf,print,text+img,27,7890,16232,1,2495,0.3162,check-only,incorrect data check,5395,16245,5554,10691,0.3422,1,0
corrupted/print/text+img/global_renewable_energy_generation_and_carbon_reduction_analysis(print)_stream_zlib.pdf,print,text+img,30,7084,86072,1,3195,0.451,check-only,incorrect data check,3889,86074,35521,50553,0.4127,1,0
corrupted/print/text+img/international_tourism_trends_country_spending_patterns_multilang(print)_stream_zlib.pdf,print,text+img,1,96384,230284,1,25485,0.2644,check-only,incorrect data check,70899,230280,76604,153676,0.3327,5,3
corrupted/print/text+img/international_tourism_trends_country_spending_patterns_multilang(print)_stream_zlib.pdf,print,text+img,4,3729,24866,1,1935,0.5189,check-only,incorrect data check,1794,24868,11614,13254,0.4671,1,0
corrupted/print/text+img/international_tourism_trends_country_spending_patterns_multilang(print)_stream_zlib.pdf,print,text+img,6,53148,138860,1,35641,0.6706,check-only,incorrect data check,17507,138860,86865,51995,0.6256,3,1
corrupted/print/text+img/international_tourism_trends_country_spending_patterns_multilang(print)_stream_zlib.pdf,print,text+img,11,21329,56192,1,5770,0.2705,check-only,incorrect data check,15559,56199,13815,42384,0.2459,1,0
corrupted/print/text+img/international_tourism_trends_country_spending_patterns_multilang(print)_stream_zlib.pdf,print,text+img,14,41214,98208,1,2569,0.0623,check-only,incorrect data check,38645,98208,7705,90503,0.0785,2,1
corrupted/print/text+img/international_tourism_trends_country_spending_patterns_multilang(print)_stream_zlib.pdf,print,text+img,15,19501,44672,1,10655,0.5464,check-only,incorrect data check,8846,44672,21370,23302,0.4784,1,0
corrupted/print/text+img/international_tourism_trends_country_spending_patterns_multilang(print)_stream_zlib.pdf,print,text+img,17,3832,28670,1,820,0.214,data-error,invalid distance too far back,5,3932,3930,2,0.1371,1,0
corrupted/print/text+img/international_tourism_trends_country_spending_patterns_multilang(print)_stream_zlib.pdf,print,text+img,19,29974,57088,1,21532,0.7184,check-only,incorrect data check,8442,57084,42649,14435,0.7471,2,1
corrupted/print/text+img/international_tourism_trends_country_spending_patterns_multilang(print)_stream_zlib.pdf,print,text+img,22,4206,30588,1,718,0.1707,check-only,incorrect data check,3488,30563,3136,27427,0.1025,1,0
corrupted/print/text+img/international_tourism_trends_country_spending_patterns_multilang(print)_stream_zlib.pdf,print,text+img,26,7703,87468,1,713,0.0926,data-error,invalid distance too far back,5,5234,5229,5,0.0598,1,0
corrupted/print/text+img/mobile_payment_and_fintech_service_expansion(print)_stream_zlib.pdf,print,text+img,7,47329,157621,1,46821,0.9893,check-only,incorrect data check,508,157607,154209,3398,0.9784,2,0
corrupted/print/text+img/mobile_payment_and_fintech_service_expansion(print)_stream_zlib.pdf,print,text+img,8,31275,74632,1,15387,0.492,check-only,incorrect data check,15888,74630,26263,48367,0.3519,2,1
corrupted/print/text+img/mobile_payment_and_fintech_service_expansion(print)_stream_zlib.pdf,print,text+img,9,41864,120308,1,11649,0.2783,check-only,incorrect data check,30215,120308,47827,72481,0.3975,3,2
corrupted/print/text+img/mobile_payment_and_fintech_service_expansion(print)_stream_zlib.pdf,print,text+img,10,86428,161608,1,81710,0.9454,check-only,incorrect data check,4718,161606,140604,21002,0.87,5,1
corrupted/print/text+img/mobile_payment_and_fintech_service_expansion(print)_stream_zlib.pdf,print,text+img,12,1869,9476,1,1642,0.8785,check-only,incorrect data check,227,9438,8334,1104,0.8795,1,0
corrupted/print/text+img/mobile_payment_and_fintech_service_expansion(print)_stream_zlib.pdf,print,text+img,16,7174,75400,1,2463,0.3433,check-only,incorrect data check,4711,75242,22153,53089,0.2938,1,0
corrupted/print/text+img/mobile_payment_and_fintech_service_expansion(print)_stream_zlib.pdf,print,text+img,18,7865,13316,1,4637,0.5896,check-only,incorrect data check,3228,13316,7762,5554,0.5829,1,0
corrupted/print/text+img/mobile_payment_and_fintech_service_expansion(print)_stream_zlib.pdf,print,text+img,20,3895,28615,1,744,0.191,data-error,invalid distance too far back,11,3349,3275,74,0.1145,1,0
corrupted/print/text+img/mobile_payment_and_fintech_service_expansion(print)_stream_zlib.pdf,print,text+img,21,7437,15308,1,5316,0.7148,check-only,incorrect data check,2121,15264,10710,4554,0.6996,1,0
corrupted/print/text+img/mobile_payment_and_fintech_service_expansion(print)_stream_zlib.pdf,print,text+img,22,8174,17376,1,3681,0.4503,check-only,incorrect data check,4493,17376,8829,8547,0.5081,1,0
corrupted/print/text+img/mobile_payment_and_fintech_service_expansion(print)_stream_zlib.pdf,print,text+img,23,11837,30424,1,4267,0.3605,check-only,incorrect data check,7570,30424,7996,22428,0.2628,1,0
corrupted/print/text+img/mobile_payment_and_fintech_service_expansion(print)_stream_zlib.pdf,print,text+img,26,33787,73468,1,11727,0.3471,check-only,incorrect data check,22060,73474,29975,43499,0.408,2,1
corrupted/print/text+img/mobile_payment_and_fintech_service_expansion(print)_stream_zlib.pdf,print,text+img,27,27320,60836,1,19547,0.7155,check-only,incorrect data check,7773,60792,44116,16676,0.7252,2,1
corrupted/print/text+img/online_education_elearning_market_growth_analysis(print)_stream_zlib.pdf,print,text+img,0,7202,12536,1,2244,0.3116,check-only,incorrect data check,4958,12539,4499,8040,0.3589,1,0
corrupted/print/text+img/online_education_elearning_market_growth_analysis(print)_stream_zlib.pdf,print,text+img,3,3325,22376,1,2013,0.6054,check-only,incorrect data check,1312,22376,12027,10349,0.5375,1,0
corrupted/print/text+img/online_education_elearning_market_growth_analysis(print)_stream_zlib.pdf,print,text+img,4,32473,76180,1,29356,0.904,check-only,incorrect data check,3117,76179,69587,6592,0.9135,2,0
corrupted/print/text+img/online_education_elearning_market_growth_analysis(print)_stream_zlib.pdf,print,text+img,6,77488,200755,1,27390,0.3535,check-only,incorrect data check,50098,200755,68603,132152,0.3417,3,1
corrupted/print/text+img/online_education_elearning_market_growth_analysis(print)_stream_zlib.pdf,print,text+img,7,76259,200751,1,64625,0.8474,check-only,incorrect data check,11634,200750,170060,30690,0.8471,3,0
corrupted/print/text+img/online_education_elearning_market_growth_analysis(print)_stream_zlib.pdf,print,text+img,8,76807,200759,1,49897,0.6496,check-only,incorrect data check,26910,200742,130461,70281,0.6498,3,1
corrupted/print/text+img/online_education_elearning_market_growth_analysis(print)_stream_zlib.pdf,print,text+img,9,77083,200732,1,64146,0.8322,check-only,incorrect data check,12937,200737,166876,33861,0.8313,3,0
corrupted/print/text+img/online_education_elearning_market_growth_analysis(print)_stream_zlib.pdf,print,text+img,10,77521,200719,1,6555,0.0846,data-error,invalid distance too far back,7,15695,15675,20,0.0781,3,2
corrupted/print/text+img/online_education_elearning_market_growth_analysis(print)_stream_zlib.pdf,print,text+img,13,77271,200721,1,5955,0.0771,data-error,invalid distance too far back,6624,31175,14293,16882,0.0712,3,2
corrupted/print/text+img/online_education_elearning_market_growth_analysis(print)_stream_zlib.pdf,print,text+img,14,76975,200764,1,76534,0.9943,check-only,incorrect data check,441,200797,199599,1198,0.9942,3,0
corrupted/print/text+img/online_education_elearning_market_growth_analysis(print)_stream_zlib.pdf,print,text+img,16,77806,200729,1,44301,0.5694,check-only,incorrect data check,33505,200729,113204,87525,0.564,3,1
corrupted/print/text+img/online_education_elearning_market_growth_analysis(print)_stream_zlib.pdf,print,text+img,17,111328,268232,1,37647,0.3382,check-only,incorrect data check,73681,268235,102564,165671,0.3824,6,4
corrupted/print/text+img/online_education_elearning_market_growth_analysis(print)_stream_zlib.pdf,print,text+img,19,25392,63885,1,678,0.0267,data-error,invalid distance too far back,3,1242,1239,3,0.0194,1,0
corrupted/print/text+img/online_education_elearning_market_growth_analysis(print)_stream_zlib.pdf,print,text+img,21,45788,110312,1,29059,0.6346,check-only,incorrect data check,16729,110328,74909,35419,0.6791,3,1
corrupted/print/text+img/online_education_elearning_market_growth_analysis(print)_stream_zlib.pdf,print,text+img,22,8326,91730,1,5534,0.6647,check-only,incorrect data check,2792,91729,60514,31215,0.6597,1,0
corrupted/print/text+img/online_education_elearning_market_growth_analysis(print)_stream_zlib.pdf,print,text+img,26,7607,15532,1,3871,0.5089,check-only,incorrect data check,3736,15519,7897,7622,0.5084,1,0
corrupted/print/text+img/online_education_elearning_market_growth_analysis(print)_stream_zlib.pdf,print,text+img,28,4085,33465,1,2080,0.5092,data-error,invalid distance too far back,5,13966,13937,29,0.4165,1,0
corrupted/print/text+img/online_education_elearning_market_growth_analysis(print)_stream_zlib.pdf,print,text+img,29,20175,46136,1,10039,0.4976,check-only,incorrect data check,10136,46135,24033,22102,0.5209,1,0
corrupted/print/text+img/online_education_elearning_market_growth_analysis(print)_stream_zlib.pdf,print,text+img,30,39742,84848,1,22106,0.5562,check-only,incorrect data check,17636,84849,42506,42343,0.501,2,0
corrupted/saveas/text/AI_Development_MultiLanguage(saveas)_stream_zlib.pdf,saveas,text,0,2874,11519,1,450,0.1566,check-only,incorrect data check,2424,11519,1044,10475,0.0906,1,0
corrupted/saveas/text/AI_Development_MultiLanguage(saveas)_stream_zlib.pdf,saveas,text,2,7959,86076,1,5410,0.6797,check-only,incorrect data check,2549,86115,57154,28961,0.664,1,0
corrupted/saveas/text/AI_Development_MultiLanguage(saveas)_stream_zlib.pdf,saveas,text,7,5632,43841,1,4567,0.8109,check-only,incorrect data check,1065,43841,25574,18267,0.5833,1,0
corrupted/saveas/text/AI_Development_MultiLanguage(saveas)_stream_zlib.pdf,saveas,text,12,343,675,1,244,0.7114,check-only,incorrect data check,99,669,399,270,0.5911,1,0
corrupted/saveas/text/AI_Development_MultiLanguage(saveas)_stream_zlib.pdf,saveas,text,16,11137,45628,1,933,0.0838,data-error,invalid distance too far back,5,1867,1865,2,0.0409,2,1
corrupted/saveas/text/AI_Development_MultiLanguage(saveas)_stream_zlib.pdf,saveas,text,18,41324,130152,1,25769,0.6236,check-only,incorrect data check,15555,130152,77064,53088,0.5921,4,1
corrupted/saveas/text/AI_Development_MultiLanguage(saveas)_stream_zlib.pdf,saveas,text,20,39150,108008,1,26280,0.6713,check-only,incorrect data check,12870,108008,71780,36228,0.6646,5,2
corrupted/saveas/text/AI_Development_MultiLanguage(saveas)_stream_zlib.pdf,saveas,text,21,1902,110100,1,92,0.0484,data-error,invalid bit length repeat,26,0,0,0,0.0,1,0
corrupted/saveas/text/AI_Development_MultiLanguage(saveas)_stream_zlib.pdf,saveas,text,22,381,771,1,179,0.4698,data-error,invalid distance too far back,3,206,204,2,0.2646,1,0
corrupted/saveas/text/AI_Development_MultiLanguage(saveas)_stream_zlib.pdf,saveas,text,23,14355,45868,1,4756,0.3313,check-only,incorrect data check,9599,45868,9564,36304,0.2085,2,1
corrupted/saveas/text/AI_Development_MultiLanguage(saveas)_stream_zlib.pdf,saveas,text,25,18325,41076,1,13588,0.7415,check-only,incorrect data check,4737,41074,28727,12347,0.6994,2,0
corrupted/saveas/text/AI_Development_MultiLanguage(saveas)_stream_zlib.pdf,saveas,text,27,25233,53100,1,24528,0.9721,check-only,incorrect data check,705,52970,51699,1271,0.9736,3,0
corrupted/saveas/text/AI_Development_MultiLanguage(saveas)_stream_zlib.pdf,saveas,text,30,9130,35544,1,2658,0.2911,check-only,incorrect data check,6472,35544,16851,18693,0.4741,1,0
corrupted/saveas/text/AI_Development_MultiLanguage(saveas)_stream_zlib.pdf,saveas,text,33,430,973,1,40,0.093,data-error,invalid bit length repeat,25,0,0,0,0.0,1,0
corrupted/saveas/text/AI_Development_MultiLanguage(saveas)_stream_zlib.pdf,saveas,text,35,443,1082,1,124,0.2799,check-only,incorrect data check,319,1082,98,984,0.0906,1,0
corrupted/saveas/text/AI_Development_MultiLanguage(saveas)_stream_zlib.pdf,saveas,text,38,12730,30764,1,3018,0.2371,check-only,incorrect data check,9712,30764,6385,24379,0.2075,2,1
corrupted/saveas/text/AI_Development_MultiLanguage(saveas)_stream_zlib.pdf,saveas,text,40,18190,40892,1,11323,0.6225,check-only,incorrect data check,6867,40892,25509,15383,0.6238,2,0
corrupted/saveas/text/AI_Development_MultiLanguage(saveas)_stream_zlib.pdf,saveas,text,44,2839,9912,1,371,0.1307,data-error,invalid distance too far back,2,732,732,0,0.0738,1,0
corrupted/saveas/text/AeroChef_Drone_Delivery_Cooking_Service(saveas)_stream_zlib.pdf,saveas,text,6,6082,40616,1,4469,0.7348,check-only,incorrect data check,1613,40512,21561,18951,0.5308,1,0
corrupted/saveas/text/AeroChef_Drone_Delivery_Cooking_Service(saveas)_stream_zlib.pdf,saveas,text,7,5963,39765,1,4869,0.8165,check-only,incorrect data check,1094,39732,26024,13708,0.6544,1,0
corrupted/saveas/text/AeroChef_Drone_Delivery_Cooking_Service(saveas)_stream_zlib.pdf,saveas,text,11,226,337,1,80,0.354,check-only,incorrect data check,146,335,44,291,0.1306,1,0
corrupted/saveas/text/AeroChef_Drone_Delivery_Cooking_Service(saveas)_stream_zlib.pdf,saveas,text,16,308,492,1,24,0.0779,data-error,invalid code -- missing end-of-block,28,0,0,0,0.0,1,0
corrupted/saveas/text/AeroChef_Drone_Delivery_Cooking_Service(saveas)_stream_zlib.pdf,saveas,text,21,16672,73260,1,14306,0.8581,check-only,incorrect data check,2366,73260,54246,19014,0.7405,2,0
corrupted/saveas/text/AeroChef_Drone_Delivery_Cooking_Service(saveas)_stream_zlib.pdf,saveas,text,23,361,719,1,135,0.374,check-only,incorrect data check,226,729,123,606,0.1711,1,0
corrupted/saveas/text/AeroChef_Drone_Delivery_Cooking_Service(saveas)_stream_zlib.pdf,saveas,text,25,738,1947,1,562,0.7615,check-only,incorrect data check,176,1951,1366,585,0.7016,1,0
corrupted/saveas/text/AeroChef_Drone_Delivery_Cooking_Service(saveas)_stream_zlib.pdf,saveas,text,26,11305,30144,1,5677,0.5022,check-only,incorrect data check,5628,30148,13569,16579,0.4501,2,1
corrupted/saveas/text/AeroChef_Drone_Delivery_Cooking_Service(saveas)_stream_zlib.pdf,saveas,text,28,26070,67528,1,4966,0.1905,check-only,incorrect data check,21104,67528,9679,57849,0.1433,3,2
corrupted/saveas/text/AeroChef_Drone_Delivery_Cooking_Service(saveas)_stream_zlib.pdf,saveas,text,30,9380,35680,1,4092,0.4362,check-only,incorrect data check,5288,35682,19048,16634,0.5339,1,0
corrupted/saveas/text/AeroChef_Drone_Delivery_Cooking_Service(saveas)_stream_zlib.pdf,saveas,text,31,3433,6120,1,291,0.0848,check-only,incorrect data check,3142,6124,225,5899,0.0368,1,0
corrupted/saveas/text/AeroChef_Drone_Delivery_Cooking_Service(saveas)_stream_zlib.pdf,saveas,text,33,430,904,1,72,0.1674,data-error,invalid distance too far back,2,20,20,0,0.0221,1,0
corrupted/saveas/text/AeroChef_Drone_Delivery_Cooking_Service(saveas)_stream_zlib.pdf,saveas,text,34,11241,28368,1,10825,0.963,check-only,incorrect data check,416,28375,27748,627,0.9781,2,0
corrupted/saveas/text/AeroChef_Drone_Delivery_Cooking_Service(saveas)_stream_zlib.pdf,saveas,text,36,4955,10408,1,1527,0.3082,data-error,invalid distance too far back,7,3897,3889,8,0.3737,1,0
corrupted/saveas/text/AeroChef_Drone_Delivery_Cooking_Service(saveas)_stream_zlib.pdf,saveas,text,37,383,860,1,156,0.4073,check-only,incorrect data check,227,860,153,707,0.1779,1,0
corrupted/saveas/text/AeroChef_Drone_Delivery_Cooking_Service(saveas)_stream_zlib.pdf,saveas,text,38,7795,19656,1,7141,0.9161,check-only,incorrect data check,654,19668,18427,1241,0.9375,1,0
corrupted/saveas/text/AeroChef_Drone_Delivery_Cooking_Service(saveas)_stream_zlib.pdf,saveas,text,42,20787,45284,1,17188,0.8269,check-only,incorrect data check,3599,45284,35029,10255,0.7735,3,1
corrupted/saveas/text/Aurora_VR_AR_Game_Lineup_Multilingual(saveas)_stream_zlib.pdf,saveas,text,0,3415,22914,1,972,0.2846,check-only,incorrect data check,2443,22976,3111,19865,0.1358,1,0
corrupted/saveas/text/Aurora_VR_AR_Game_Lineup_Multilingual(saveas)_stream_zlib.pdf,saveas,text,3,3790,21099,1,2232,0.5889,check-only,incorrect data check,1558,21097,10417,10680,0.4937,1,0
corrupted/saveas/text/Aurora_VR_AR_Game_Lineup_Multilingual(saveas)_stream_zlib.pdf,saveas,text,7,5924,44545,1,1949,0.329,check-only,incorrect data check,3975,44546,3760,40786,0.0844,1,0
corrupted/saveas/text/Aurora_VR_AR_Game_Lineup_Multilingual(saveas)_stream_zlib.pdf,saveas,text,8,5155,40373,1,1094,0.2122,check-only,incorrect data check,4061,40371,2215,38156,0.0549,1,0
corrupted/saveas/text/Aurora_VR_AR_Game_Lineup_Multilingual(saveas)_stream_zlib.pdf,saveas,text,9,7569,45184,1,1588,0.2098,data-error,invalid distance too far back,2,2902,2902,0,0.0642,1,0
corrupted/saveas/text/Aurora_VR_AR_Game_Lineup_Multilingual(saveas)_stream_zlib.pdf,saveas,text,11,17847,113644,1,10762,0.603,check-only,incorrect data check,7085,113645,92760,20885,0.8162,2,0
corrupted/saveas/text/Aurora_VR_AR_Game_Lineup_Multilingual(saveas)_stream_zlib.pdf,saveas,text,12,25892,81056,1,2530,0.0977,check-only,incorrect data check,23362,81059,21003,60056,0.2591,3,2
corrupted/saveas/text/Aurora_VR_AR_Game_Lineup_Multilingual(saveas)_stream_zlib.pdf,saveas,text,13,740,1615,1,584,0.7892,check-only,incorrect data check,156,1600,1253,347,0.7759,1,0
corrupted/saveas/text/Aurora_VR_AR_Game_Lineup_Multilingual(saveas)_stream_zlib.pdf,saveas,text,16,10802,59548,1,2987,0.2765,check-only,incorrect data check,7815,59548,33636,25912,0.5649,2,1
corrupted/saveas/text/Aurora_VR_AR_Game_Lineup_Multilingual(saveas)_stream_zlib.pdf,saveas,text,20,22475,61472,1,19898,0.8853,check-only,incorrect data check,2577,61471,56305,5166,0.9159,3,1
corrupted/saveas/text/Aurora_VR_AR_Game_Lineup_Multilingual(saveas)_stream_zlib.pdf,saveas,text,21,9461,24256,1,9404,0.994,check-only,incorrect data check,57,24279,24179,100,0.9968,1,0
corrupted/saveas/text/Aurora_VR_AR_Game_Lineup_Multilingual(saveas)_stream_zlib.pdf,saveas,text,24,9806,26664,1,1178,0.1201,check-only,incorrect data check,8628,26659,9852,16807,0.3695,2,1
corrupted/saveas/text/Aurora_VR_AR_Game_Lineup_Multilingual(saveas)_stream_zlib.pdf,saveas,text,26,12144,28456,1,10624,0.8748,check-only,incorrect data check,1520,28401,24159,4242,0.849,2,0
corrupted/saveas/text/Aurora_VR_AR_Game_Lineup_Multilingual(saveas)_stream_zlib.pdf,saveas,text,28,19807,44104,1,16537,0.8349,check-only,incorrect data check,3270,44249,32354,11895,0.7336,2,0
corrupted/saveas/text/Autonomous_Vehicle_Accident_Report(saveas)_stream_zlib.pdf,saveas,text,0,3405,22396,1,2375,0.6975,check-only,incorrect data check,1030,22471,14470,8001,0.6461,1,0
corrupted/saveas/text/Autonomous_Vehicle_Accident_Report(saveas)_stream_zlib.pdf,saveas,text,1,3047,23065,1,329,0.108,data-error,invalid distance too far back,4,854,852,2,0.0369,1,0
corrupted/saveas/text/Autonomous_Vehicle_Accident_Report(saveas)_stream_zlib.pdf,saveas,text,3,3245,20906,1,3025,0.9322,check-only,incorrect data check,220,20758,19152,1606,0.9161,1,0
corrupted/saveas/text/Autonomous_Vehicle_Accident_Report(saveas)_stream_zlib.pdf,saveas,text,4,3663,23098,1,3162,0.8632,check-only,incorrect data check,501,23098,18928,4170,0.8195,1,0
corrupted/saveas/text/Autonomous_Vehicle_Accident_Report(saveas)_stream_zlib.pdf,saveas,text,6,5367,39214,1,2743,0.5111,data-error,invalid distance too far back,39,8396,8109,287,0.2068,1,0
corrupted/saveas/text/Autonomous_Vehicle_Accident_Report(saveas)_stream_zlib.pdf,saveas,text,7,6410,41631,1,5810,0.9064,check-only,incorrect data check,600,41632,35159,6473,0.8445,1,0
corrupted/saveas/text/Autonomous_Vehicle_Accident_Report(saveas)_stream_zlib.pdf,saveas,text,8,6113,36609,1,2604,0.426,check-only,incorrect data check,3509,36731,17847,18884,0.4875,1,0
corrupted/saveas/text/Autonomous_Vehicle_Accident_Report(saveas)_stream_zlib.pdf,saveas,text,10,7829,24528,1,4071,0.52,check-only,incorrect data check,3758,24529,13358,11171,0.5446,1,0
corrupted/saveas/text/Autonomous_Vehicle_Accident_Report(saveas)_stream_zlib.pdf,saveas,text,12,6019,13172,1,4394,0.73,check-only,incorrect data check,1625,13187,9013,4174,0.6843,1,0
corrupted/saveas/text/Autonomous_Vehicle_Accident_Report(saveas)_stream_zlib.pdf,saveas,text,13,19128,116072,1,4171,0.2181,check-only,incorrect data check,14957,116072,55519,60553,0.4783,2,1
corrupted/saveas/text/Autonomous_Vehicle_Accident_Report(saveas)_stream_zlib.pdf,saveas,text,15,22446,56632,1,594,0.0265,data-error,invalid distance too far back,3,638,637,1,0.0112,3,2
corrupted/saveas/text/Autonomous_Vehicle_Accident_Report(saveas)_stream_zlib.pdf,saveas,text,17,25154,79184,1,1285,0.0511,check-only,incorrect data check,23869,79440,30893,48547,0.3901,3,2
corrupted/saveas/text/Autonomous_Vehicle_Accident_Report(saveas)_stream_zlib.pdf,saveas,text,25,5719,16160,1,3855,0.6741,check-only,incorrect data check,1864,16160,10328,5832,0.6391,1,0
corrupted/saveas/text/Autonomous_Vehicle_Accident_Report(saveas)_stream_zlib.pdf,saveas,text,27,223,337,1,80,0.3587,data-error,invalid distance too far back,3,53,51,2,0.1513,1,0
corrupted/saveas/text/Autonomous_Vehicle_Accident_Report(saveas)_stream_zlib.pdf,saveas,text,28,7333,32724,1,6131,0.8361,check-only,incorrect data check,1202,32724,30516,2208,0.9325,1,0
corrupted/saveas/text/Autonomous_Vehicle_Accident_Report(saveas)_stream_zlib.pdf,saveas,text,30,8742,18548,1,135,0.0154,data-error,invalid distance too far back,5,32,30,2,0.0016,1,0
corrupted/saveas/text/Autonomous_Vehicle_Accident_Report(saveas)_stream_zlib.pdf,saveas,text,31,370,783,1,80,0.2162,check-only,incorrect data check,290,783,36,747,0.046,1,0
corrupted/saveas/text/Autonomous_Vehicle_Accident_Report(saveas)_stream_zlib.pdf,saveas,text,32,8262,16520,1,5324,0.6444,check-only,incorrect data check,2938,16516,10342,6174,0.626,1,0
corrupted/saveas/text/Autonomous_Vehicle_Accident_Report(saveas)_stream_zlib.pdf,saveas,text,34,14793,33552,1,10779,0.7287,check-only,incorrect data check,4014,33552,22930,10622,0.6834,2,0
corrupted/saveas/text/Autonomous_Vehicle_Accident_Report(saveas)_stream_zlib.pdf,saveas,text,37,662,2136,1,410,0.6193,check-only,incorrect data check,252,2132,1077,1055,0.5042,1,0
corrupted/saveas/text/Autonomous_Vehicle_Accident_Report(saveas)_stream_zlib.pdf,saveas,text,38,16365,36932,1,8235,0.5032,check-only,incorrect data check,8130,36932,16816,20116,0.4553,2,1
corrupted/saveas/text/Autonomous_Vehicle_Accident_Report(saveas)_stream_zlib.pdf,saveas,text,40,5913,13276,1,369,0.0624,check-only,incorrect data check,5544,13307,325,12982,0.0245,1,0
corrupted/saveas/text/Autonomous_Vehicle_Accident_Report(saveas)_stream_zlib.pdf,saveas,text,42,3035,10626,1,1400,0.4613,check-only,incorrect data check,1635,10635,4710,5925,0.4433,1,0
corrupted/saveas/text/BioNext_Data_Leak_Report(saveas)_stream_zlib.pdf,saveas,text,3,3612,22382,1,1894,0.5244,check-only,incorrect data check,1718,22315,10009,12306,0.4472,1,0
corrupted/saveas/text/BioNext_Data_Leak_Report(saveas)_stream_zlib.pdf,saveas,text,6,5320,39094,1,3589,0.6746,check-only,incorrect data check,1731,39094,14782,24312,0.3781,1,0
corrupted/saveas/text/BioNext_Data_Leak_Report(saveas)_stream_zlib.pdf,saveas,text,8,6566,39888,1,4278,0.6515,check-only,incorrect data check,2288,39888,30172,9716,0.7564,1,0
corrupted/saveas/text/BioNext_Data_Leak_Report(saveas)_stream_zlib.pdf,saveas,text,10,25892,81056,1,9073,0.3504,check-only,incorrect data check,16819,81054,47475,33579,0.5857,3,2
corrupted/saveas/text/BioNext_Data_Leak_Report(saveas)_stream_zlib.pdf,saveas,text,12,14868,41852,1,9750,0.6558,check-only,incorrect data check,5118,42387,29063,13324,0.6944,2,0
corrupted/saveas/text/BioNext_Data_Leak_Report(saveas)_stream_zlib.pdf,saveas,text,13,365,628,1,269,0.737,check-only,incorrect data check,96,625,420,205,0.6688,1,0
corrupted/saveas/text/BioNext_Data_Leak_Report(saveas)_stream_zlib.pdf,saveas,text,16,45032,137672,1,15779,0.3504,check-only,incorrect data check,29253,137679,57256,80423,0.4159,5,3
corrupted/saveas/text/BioNext_Data_Leak_Report(saveas)_stream_zlib.pdf,saveas,text,24,25644,68124,1,20214,0.7883,check-only,incorrect data check,5430,68049,57305,10744,0.8412,3,1
corrupted/saveas/text/BioNext_Data_Leak_Report(saveas)_stream_zlib.pdf,saveas,text,27,13603,32712,1,8135,0.598,check-only,incorrect data check,5468,32712,20844,11868,0.6372,2,1
corrupted/saveas/text/BioNext_Data_Leak_Report(saveas)_stream_zlib.pdf,saveas,text,28,10641,27428,1,4553,0.4279,check-only,incorrect data check,6088,27426,9655,17771,0.352,1,0
corrupted/saveas/text/BioNext_Data_Leak_Report(saveas)_stream_zlib.pdf,saveas,text,30,4946,8736,1,64,0.0129,data-error,invalid literal/lengths set,47,0,0,0,0.0,1,0
corrupted/saveas/text/BioNext_Data_Leak_Report(saveas)_stream_zlib.pdf,saveas,text,35,342,715,1,78,0.2281,check-only,incorrect data check,264,715,35,680,0.049,1,0
corrupted/saveas/text/BioNext_Data_Leak_Report(saveas)_stream_zlib.pdf,saveas,text,42,3112,10843,1,645,0.2073,check-only,incorrect data check,2467,10843,1833,9010,0.169,1,0
corrupted/saveas/text/Digital_Minimalism(saveas)_stream_zlib.pdf,saveas,text,3,2762,11518,1,2070,0.7495,check-only,incorrect data check,10,8031,7963,68,0.6914,1,0
corrupted/saveas/text/Digital_Minimalism(saveas)_stream_zlib.pdf,saveas,text,5,6882,77258,1,3831,0.5567,check-only,incorrect data check,3051,77257,41969,35288,0.5432,1,0
corrupted/saveas/text/Digital_Minimalism(saveas)_stream_zlib.pdf,saveas,text,6,4358,39338,1,3443,0.79,check-only,incorrect data check,915,39097,20348,18749,0.5173,1,0
corrupted/saveas/text/Digital_Minimalism(saveas)_stream_zlib.pdf,saveas,text,7,5823,44331,1,5528,0.9493,check-only,incorrect data check,295,42703,38408,4295,0.8664,1,0
corrupted/saveas/text/Digital_Minimalism(saveas)_stream_zlib.pdf,saveas,text,8,5126,33117,1,3771,0.7357,check-only,incorrect data check,1355,33117,24565,8552,0.7418,1,0
corrupted/saveas/text/Digital_Minimalism(saveas)_stream_zlib.pdf,saveas,text,14,380,656,1,232,0.6105,check-only,incorrect data check,148,660,327,333,0.4985,1,0
corrupted/saveas/text/Digital_Minimalism(saveas)_stream_zlib.pdf,saveas,text,15,22490,56964,1,12578,0.5593,check-only,incorrect data check,9912,56963,21934,35029,0.3851,3,1
corrupted/saveas/text/Digital_Minimalism(saveas)_stream_zlib.pdf,saveas,text,20,25967,80464,1,10088,0.3885,check-only,incorrect data check,15879,80465,42612,37853,0.5296,3,1
corrupted/saveas/text/Digital_Minimalism(saveas)_stream_zlib.pdf,saveas,text,24,9874,23104,1,8171,0.8275,check-only,incorrect data check,1703,23103,18576,4527,0.804,1,0
corrupted/saveas/text/Digital_Minimalism(saveas)_stream_zlib.pdf,saveas,text,27,7537,21464,1,1143,0.1517,check-only,incorrect data check,6394,21467,3933,17534,0.1832,1,0
corrupted/saveas/text/Digital_Minimalism(saveas)_stream_zlib.pdf,saveas,text,28,8799,23280,1,2111,0.2399,check-only,incorrect data check,6688,23280,6686,16594,0.2872,1,0
corrupted/saveas/text/Digital_Minimalism(saveas)_stream_zlib.pdf,saveas,text,29,8482,34436,1,1248,0.1471,check-only,incorrect data check,7234,34438,14722,19716,0.4275,1,0
corrupted/saveas/text/Digital_Minimalism(saveas)_stream_zlib.pdf,saveas,text,32,9846,26716,1,5301,0.5384,check-only,incorrect data check,4545,26717,15130,11587,0.5663,2,1
corrupted/saveas/text/Digital_Minimalism(saveas)_stream_zlib.pdf,saveas,text,34,4402,9888,1,905,0.2056,check-only,incorrect data check,3497,10107,3154,6953,0.319,1,0
corrupted/saveas/text/Digital_Minimalism(saveas)_stream_zlib.pdf,saveas,text,36,3928,9232,1,2253,0.5736,check-only,incorrect data check,1675,9246,5233,4013,0.5668,1,0
corrupted/saveas/text/Digital_Minimalism(saveas)_stream_zlib.pdf,saveas,text,37,682,2051,1,125,0.1833,data-error,invalid distance too far back,5,96,93,3,0.0453,1,0
corrupted/saveas/text/Digital_Minimalism(saveas)_stream_zlib.pdf,saveas,text,38,12538,29760,1,11396,0.9089,check-only,incorrect data check,1142,29761,26961,2800,0.9059,2,0
corrupted/saveas/text/Digital_Minimalism(saveas)_stream_zlib.pdf,saveas,text,42,2854,10024,1,1819,0.6374,check-only,incorrect data check,1035,10025,6453,3572,0.6438,1,0
corrupted/saveas/text/E-Payment_Service_Outage_Report(saveas)_stream_zlib.pdf,saveas,text,0,3496,21576,1,1892,0.5412,check-only,incorrect data check,1604,21576,9660,11916,0.4477,1,0
corrupted/saveas/text/E-Payment_Service_Outage_Report(saveas)_stream_zlib.pdf,saveas,text,2,5981,54414,1,587,0.0981,data-error,invalid distance too far back,10,3423,3395,28,0.0624,1,0
corrupted/saveas/text/E-Payment_Service_Outage_Report(saveas)_stream_zlib.pdf,saveas,text,6,5325,39135,1,2699,0.5069,data-error,invalid distance too far back,63,8247,7251,996,0.1853,1,0
corrupted/saveas/text/E-Payment_Service_Outage_Report(saveas)_stream_zlib.pdf,saveas,text,7,6461,41698,1,3812,0.59,check-only,incorrect data check,2649,41698,14870,26828,0.3566,1,0
corrupted/saveas/text/E-Payment_Service_Outage_Report(saveas)_stream_zlib.pdf,saveas,text,9,6384,11208,1,6314,0.989,check-only,incorrect data check,70,11205,10981,224,0.9797,1,0
corrupted/saveas/text/E-Payment_Service_Outage_Report(saveas)_stream_zlib.pdf,saveas,text,11,19565,116828,1,18998,0.971,check-only,incorrect data check,567,116828,115259,1569,0.9866,2,0
corrupted/saveas/text/E-Payment_Service_Outage_Report(saveas)_stream_zlib.pdf,saveas,text,13,22998,85136,1,15963,0.6941,check-only,incorrect data check,7035,85151,65553,19598,0.77,3,1
corrupted/saveas/text/E-Payment_Service_Outage_Report(saveas)_stream_zlib.pdf,saveas,text,18,976,2296,1,545,0.5584,check-only,incorrect data check,431,2293,1064,1229,0.4634,1,0
corrupted/saveas/text/E-Payment_Service_Outage_Report(saveas)_stream_zlib.pdf,saveas,text,21,4056,12624,1,257,0.0634,check-only,incorrect data check,3799,12624,159,12465,0.0126,1,0
corrupted/saveas/text/E-Payment_Service_Outage_Report(saveas)_stream_zlib.pdf,saveas,text,25,13594,26680,1,12784,0.9404,check-only,incorrect data check,810,26696,24441,2255,0.9161,2,0
corrupted/saveas/text/E-Payment_Service_Outage_Report(saveas)_stream_zlib.pdf,saveas,text,26,7681,21664,1,6759,0.88,check-only,incorrect data check,922,21661,18397,3264,0.8492,1,0
corrupted/saveas/text/E-Payment_Service_Outage_Report(saveas)_stream_zlib.pdf,saveas,text,27,11340,39660,1,1068,0.0942,check-only,incorrect data check,10272,39660,15303,24357,0.3859,2,1
corrupted/saveas/text/E-Payment_Service_Outage_Report(saveas)_stream_zlib.pdf,saveas,text,28,12187,30040,1,7678,0.63,check-only,incorrect data check,4509,30039,19617,10422,0.653,2,1
corrupted/saveas/text/E-Payment_Service_Outage_Report(saveas)_stream_zlib.pdf,saveas,text,30,4586,8204,1,1607,0.3504,check-only,incorrect data check,2979,8213,2755,5458,0.3358,1,0
corrupted/saveas/text/E-Payment_Service_Outage_Report(saveas)_stream_zlib.pdf,saveas,text,32,7689,15000,1,1113,0.1448,check-only,incorrect data check,6576,15001,3224,11777,0.2149,1,0
corrupted/saveas/text/E-Payment_Service_Outage_Report(saveas)_stream_zlib.pdf,saveas,text,34,15234,34180,1,10542,0.692,check-only,incorrect data check,4692,34204,22010,12194,0.6439,2,0
corrupted/saveas/text/EcoWave_Sustainable_Fashion_Collection(saveas)_stream_zlib.pdf,saveas,text,3,3000,15969,1,1146,0.382,data-error,invalid distance too far back,6,3857,3852,5,0.2412,1,0
corrupted/saveas/text/EcoWave_Sustainable_Fashion_Collection(saveas)_stream_zlib.pdf,saveas,text,6,6014,40590,1,4513,0.7504,check-only,incorrect data check,1501,40587,22292,18295,0.5492,1,0
corrupted/saveas/text/EcoWave_Sustainable_Fashion_Collection(saveas)_stream_zlib.pdf,saveas,text,11,235,351,1,71,0.3021,check-only,incorrect data check,164,351,29,322,0.0826,1,0
corrupted/saveas/text/EcoWave_Sustainable_Fashion_Collection(saveas)_stream_zlib.pdf,saveas,text,15,18204,58484,1,2911,0.1599,check-only,incorrect data check,15293,58732,20652,38080,0.3531,2,1
corrupted/saveas/text/EcoWave_Sustainable_Fashion_Collection(saveas)_stream_zlib.pdf,saveas,text,17,13256,38772,1,9157,0.6908,check-only,incorrect data check,4099,38787,25249,13538,0.6512,2,1
corrupted/saveas/text/EcoWave_Sustainable_Fashion_Collection(saveas)_stream_zlib.pdf,saveas,text,19,274,421,1,135,0.4927,check-only,incorrect data check,139,423,132,291,0.3135,1,0
corrupted/saveas/text/EcoWave_Sustainable_Fashion_Collection(saveas)_stream_zlib.pdf,saveas,text,22,22779,75544,1,7074,0.3105,check-only,incorrect data check,15705,75917,38892,37025,0.5148,3,2
corrupted/saveas/text/EcoWave_Sustainable_Fashion_Collection(saveas)_stream_zlib.pdf,saveas,text,26,7570,20252,1,3411,0.4506,check-only,incorrect data check,4159,20251,8974,11277,0.4431,1,0
corrupted/saveas/text/EcoWave_Sustainable_Fashion_Collection(saveas)_stream_zlib.pdf,saveas,text,27,631,1673,1,178,0.2821,data-error,invalid distance too far back,6,183,178,5,0.1064,1,0
corrupted/saveas/text/EcoWave_Sustainable_Fashion_Collection(saveas)_stream_zlib.pdf,saveas,text,28,21585,44836,1,523,0.0242,check-only,incorrect data check,21062,44836,532,44304,0.0119,3,2
corrupted/saveas/text/EcoWave_Sustainable_Fashion_Collection(saveas)_stream_zlib.pdf,saveas,text,29,7318,21000,1,5780,0.7898,check-only,incorrect data check,1538,20995,15271,5724,0.7272,1,0
corrupted/saveas/text/EcoWave_Sustainable_Fashion_Collection(saveas)_stream_zlib.pdf,saveas,text,31,324,676,1,241,0.7438,check-only,incorrect data check,83,676,409,267,0.605,1,0
corrupted/saveas/text/EcoWave_Sustainable_Fashion_Collection(saveas)_stream_zlib.pdf,saveas,text,34,428,1033,1,72,0.1682,check-only,incorrect data check,356,1033,19,1014,0.0184,1,0
corrupted/saveas/text/EcoWave_Sustainable_Fashion_Collection(saveas)_stream_zlib.pdf,saveas,text,41,7489,16776,1,1963,0.2621,check-only,incorrect data check,5526,16776,3897,12879,0.2323,1,0
corrupted/saveas/text/EcoWave_Sustainable_Fashion_Collection(saveas)_stream_zlib.pdf,saveas,text,43,21975,47620,1,5203,0.2368,check-only,incorrect data check,16772,47622,9795,37827,0.2057,3,2
corrupted/saveas/text/EduBot_AI_Learning_Robot_Series(saveas)_stream_zlib.pdf,saveas,text,1,2482,16001,1,808,0.3255,check-only,incorrect data check,1674,16010,2804,13206,0.1752,1,0
corrupted/saveas/text/EduBot_AI_Learning_Robot_Series(saveas)_stream_zlib.pdf,saveas,text,3,2982,16561,1,2978,0.9987,check-only,incorrect data check,4,16561,16561,0,1.0,1,0
corrupted/saveas/text/EduBot_AI_Learning_Robot_Series(saveas)_stream_zlib.pdf,saveas,text,8,4846,26024,1,1094,0.2258,check-only,incorrect data check,3752,25862,2136,23726,0.0821,1,0
corrupted/saveas/text/EduBot_AI_Learning_Robot_Series(saveas)_stream_zlib.pdf,saveas,text,11,226,337,1,36,0.1593,data-error,invalid code -- missing end-of-block,11,0,0,0,0.0,1,0
corrupted/saveas/text/EduBot_AI_Learning_Robot_Series(saveas)_stream_zlib.pdf,saveas,text,13,18204,58484,1,12321,0.6768,check-only,incorrect data check,5883,58483,46418,12065,0.7937,2,0
corrupted/saveas/text/EduBot_AI_Learning_Robot_Series(saveas)_stream_zlib.pdf,saveas,text,14,225,337,1,206,0.9156,check-only,incorrect data check,19,338,300,38,0.8902,1,0
corrupted/saveas/text/EduBot_AI_Learning_Robot_Series(saveas)_stream_zlib.pdf,saveas,text,17,298,464,1,27,0.0906,data-error,invalid literal/lengths set,26,0,0,0,0.0,1,0
corrupted/saveas/text/EduBot_AI_Learning_Robot_Series(saveas)_stream_zlib.pdf,saveas,text,20,26204,87116,1,15931,0.608,check-only,incorrect data check,10273,87116,55175,31941,0.6334,3,1
corrupted/saveas/text/EduBot_AI_Learning_Robot_Series(saveas)_stream_zlib.pdf,saveas,text,22,15544,65916,1,7735,0.4976,check-only,incorrect data check,7809,65916,39927,25989,0.6057,2,1
corrupted/saveas/text/EduBot_AI_Learning_Robot_Series(saveas)_stream_zlib.pdf,saveas,text,26,16484,37088,1,5042,0.3059,check-only,incorrect data check,11442,37076,11656,25420,0.3143,2,1
corrupted/saveas/text/EduBot_AI_Learning_Robot_Series(saveas)_stream_zlib.pdf,saveas,text,30,27659,71076,1,10500,0.3796,check-only,incorrect data check,17159,71080,36896,34184,0.5191,3,1
corrupted/saveas/text/EduBot_AI_Learning_Robot_Series(saveas)_stream_zlib.pdf,saveas,text,33,223,337,1,49,0.2197,data-error,invalid distances set,2,0,0,0,0.0,1,0
corrupted/saveas/text/EduBot_AI_Learning_Robot_Series(saveas)_stream_zlib.pdf,saveas,text,42,11623,30152,1,5024,0.4322,check-only,incorrect data check,6599,30153,15401,14752,0.5108,2,1
corrupted/saveas/text/EduBot_AI_Learning_Robot_Series(saveas)_stream_zlib.pdf,saveas,text,43,639,1900,1,632,0.989,data-error,invalid distance too far back,3,1896,1896,0,0.9979,1,0
corrupted/saveas/text/EduBot_AI_Learning_Robot_Series(saveas)_stream_zlib.pdf,saveas,text,44,12864,29884,1,5561,0.4323,check-only,incorrect data check,7303,29886,12341,17545,0.413,2,1
corrupted/saveas/text/EduBot_AI_Learning_Robot_Series(saveas)_stream_zlib.pdf,saveas,text,48,2940,9968,1,263,0.0895,data-error,invalid distance too far back,3,460,459,1,0.046,1,0
corrupted/saveas/text/Evolution_Biodegradable_Plastics(saveas)_stream_zlib.pdf,saveas,text,0,3029,13525,1,886,0.2925,check-only,incorrect data check,2143,13529,3139,10390,0.2321,1,0
corrupted/saveas/text/Evolution_Biodegradable_Plastics(saveas)_stream_zlib.pdf,saveas,text,3,3169,14021,1,2658,0.8388,check-only,incorrect data check,511,13996,11082,2914,0.7904,1,0
corrupted/saveas/text/Evolution_Biodegradable_Plastics(saveas)_stream_zlib.pdf,saveas,text,4,3329,14142,1,1184,0.3557,data-error,invalid distance too far back,5,4067,4052,15,0.2865,1,0
corrupted/saveas/text/Evolution_Biodegradable_Plastics(saveas)_stream_zlib.pdf,saveas,text,7,5930,44677,1,4956,0.8358,check-only,incorrect data check,974,44554,29499,15055,0.6603,1,0
corrupted/saveas/text/Evolution_Biodegradable_Plastics(saveas)_stream_zlib.pdf,saveas,text,9,17209,112484,1,16534,0.9608,check-only,incorrect data check,675,112453,110542,1911,0.9827,2,0
corrupted/saveas/text/Evolution_Biodegradable_Plastics(saveas)_stream_zlib.pdf,saveas,text,11,7814,13432,1,1564,0.2002,check-only,incorrect data check,6250,13432,3543,9889,0.2638,1,0
corrupted/saveas/text/Evolution_Biodegradable_Plastics(saveas)_stream_zlib.pdf,saveas,text,12,4447,11208,1,3103,0.6978,check-only,incorrect data check,1344,11203,7335,3868,0.6544,1,0
corrupted/saveas/text/Evolution_Biodegradable_Plastics(saveas)_stream_zlib.pdf,saveas,text,14,9412,60652,1,1896,0.2014,check-only,incorrect data check,7516,60652,33160,27492,0.5467,2,1
corrupted/saveas/text/Evolution_Biodegradable_Plastics(saveas)_stream_zlib.pdf,saveas,text,15,948,2235,1,818,0.8629,check-only,incorrect data check,130,2259,1893,366,0.847,1,0
corrupted/saveas/text/Evolution_Biodegradable_Plastics(saveas)_stream_zlib.pdf,saveas,text,16,22411,75124,1,1254,0.056,check-only,incorrect data check,21157,75125,30961,44164,0.4121,3,2
corrupted/saveas/text/Evolution_Biodegradable_Plastics(saveas)_stream_zlib.pdf,saveas,text,20,5235,14296,1,2088,0.3989,check-only,incorrect data check,3147,14296,6936,7360,0.4852,1,0
corrupted/saveas/text/Evolution_Biodegradable_Plastics(saveas)_stream_zlib.pdf,saveas,text,25,6750,17784,1,2414,0.3576,data-error,invalid distance too far back,16,7528,7505,23,0.422,1,0
corrupted/saveas/text/Evolution_Biodegradable_Plastics(saveas)_stream_zlib.pdf,saveas,text,28,379,790,1,292,0.7704,data-error,invalid distance too far back,77,739,540,199,0.6835,1,0
corrupted/saveas/text/Evolution_Biodegradable_Plastics(saveas)_stream_zlib.pdf,saveas,text,31,9793,26780,1,8277,0.8452,check-only,incorrect data check,1516,26780,23762,3018,0.8873,2,1
corrupted/saveas/text/Evolution_Biodegradable_Plastics(saveas)_stream_zlib.pdf,saveas,text,33,5821,10388,1,5179,0.8897,check-only,incorrect data check,642,10376,8802,1574,0.8473,1,0
corrupted/saveas/text/Evolution_Biodegradable_Plastics(saveas)_stream_zlib.pdf,saveas,text,36,645,1905,1,557,0.8636,data-error,invalid distance too far back,19,1758,1671,87,0.8772,1,0
corrupted/saveas/text/Evolution_Food_Culture_Alternative_Foods(saveas)_stream_zlib.pdf,saveas,text,7,5782,44091,1,500,0.0865,check-only,incorrect data check,5282,44094,878,43216,0.0199,1,0
corrupted/saveas/text/Evolution_Food_Culture_Alternative_Foods(saveas)_stream_zlib.pdf,saveas,text,8,5218,34071,1,3509,0.6725,check-only,incorrect data check,1709,34150,23781,10369,0.698,1,0
corrupted/saveas/text/Evolution_Food_Culture_Alternative_Foods(saveas)_stream_zlib.pdf,saveas,text,11,4643,11436,1,1956,0.4213,check-only,incorrect data check,2687,11440,5537,5903,0.4842,1,0
corrupted/saveas/text/Evolution_Food_Culture_Alternative_Foods(saveas)_stream_zlib.pdf,saveas,text,12,17320,112976,1,14925,0.8617,check-only,incorrect data check,2395,112956,106557,6399,0.9432,2,0
corrupted/saveas/text/Evolution_Food_Culture_Alternative_Foods(saveas)_stream_zlib.pdf,saveas,text,13,366,618,1,144,0.3934,check-only,incorrect data check,222,620,138,482,0.2233,1,0
corrupted/saveas/text/Evolution_Food_Culture_Alternative_Foods(saveas)_stream_zlib.pdf,saveas,text,15,1036,2430,1,858,0.8282,check-only,incorrect data check,178,2430,2020,410,0.8313,1,0
corrupted/saveas/text/Evolution_Food_Culture_Alternative_Foods(saveas)_stream_zlib.pdf,saveas,text,26,8691,34816,1,6716,0.7728,check-only,incorrect data check,1975,34816,23993,10823,0.6891,1,0
corrupted/saveas/text/Evolution_Food_Culture_Alternative_Foods(saveas)_stream_zlib.pdf,saveas,text,27,8184,22096,1,5074,0.62,check-only,incorrect data check,3110,22094,14126,7968,0.6393,1,0
corrupted/saveas/text/Evolution_Food_Culture_Alternative_Foods(saveas)_stream_zlib.pdf,saveas,text,31,4486,9884,1,2278,0.5078,check-only,incorrect data check,2208,9884,5159,4725,0.522,1,0
corrupted/saveas/text/Evolution_Food_Culture_Alternative_Foods(saveas)_stream_zlib.pdf,saveas,text,33,9654,26516,1,6334,0.6561,check-only,incorrect data check,3320,26510,16641,9869,0.6276,2,1
corrupted/saveas/text/Evolution_Food_Culture_Alternative_Foods(saveas)_stream_zlib.pdf,saveas,text,35,13710,31236,1,3538,0.2581,check-only,incorrect data check,10172,31245,9976,21269,0.3194,2,1
corrupted/saveas/text/Evolution_Food_Culture_Alternative_Foods(saveas)_stream_zlib.pdf,saveas,text,37,14548,49524,1,4204,0.289,check-only,incorrect data check,10344,49572,10110,39462,0.2041,2,1
corrupted/saveas/text/Evolution_Food_Culture_Alternative_Foods(saveas)_stream_zlib.pdf,saveas,text,41,2823,10038,1,501,0.1775,data-error,invalid distance too far back,2,1231,1231,0,0.1226,1,0
corrupted/saveas/text/International_Logistics_Fire_Report(saveas)_stream_zlib.pdf,saveas,text,0,3725,23622,1,1322,0.3549,check-only,incorrect data check,2403,23762,7004,16758,0.2965,1,0
corrupted/saveas/text/International_Logistics_Fire_Report(saveas)_stream_zlib.pdf,saveas,text,1,3134,22983,1,565,0.1803,data-error,invalid distance too far back,6,2500,2497,3,0.1086,1,0
corrupted/saveas/text/International_Logistics_Fire_Report(saveas)_stream_zlib.pdf,saveas,text,6,5340,39234,1,1428,0.2674,check-only,incorrect data check,3912,39234,2696,36538,0.0687,1,0
corrupted/saveas/text/International_Logistics_Fire_Report(saveas)_stream_zlib.pdf,saveas,text,7,6443,41886,1,4223,0.6554,check-only,incorrect data check,2220,41927,19746,22181,0.4714,1,0
corrupted/saveas/text/International_Logistics_Fire_Report(saveas)_stream_zlib.pdf,saveas,text,8,7147,43846,1,3364,0.4707,check-only,incorrect data check,3783,43821,23285,20536,0.5311,1,0
corrupted/saveas/text/International_Logistics_Fire_Report(saveas)_stream_zlib.pdf,saveas,text,10,25892,81056,1,8460,0.3267,check-only,incorrect data check,17432,81064,31320,49744,0.3864,3,2
corrupted/saveas/text/International_Logistics_Fire_Report(saveas)_stream_zlib.pdf,saveas,text,11,19170,116252,1,9809,0.5117,check-only,incorrect data check,9361,116251,90575,25676,0.7791,2,1
corrupted/saveas/text/International_Logistics_Fire_Report(saveas)_stream_zlib.pdf,saveas,text,20,10962,28980,1,4317,0.3938,check-only,incorrect data check,6645,28982,11708,17274,0.404,2,1
corrupted/saveas/text/International_Logistics_Fire_Report(saveas)_stream_zlib.pdf,saveas,text,22,9665,21384,1,115,0.0119,data-error,invalid distances set,2,0,0,0,0.0,1,0
corrupted/saveas/text/International_Logistics_Fire_Report(saveas)_stream_zlib.pdf,saveas,text,26,10630,27296,1,8499,0.7995,check-only,incorrect data check,2131,27291,20937,6354,0.767,2,1
corrupted/saveas/text/International_Logistics_Fire_Report(saveas)_stream_zlib.pdf,saveas,text,31,14017,32400,1,5793,0.4133,check-only,incorrect data check,8224,32400,15479,16921,0.4777,2,1
corrupted/saveas/text/International_Logistics_Fire_Report(saveas)_stream_zlib.pdf,saveas,text,34,365,796,1,6,0.0164,data-error,invalid code lengths set,4,0,0,0,0.0,1,0
corrupted/saveas/text/International_Logistics_Fire_Report(saveas)_stream_zlib.pdf,saveas,text,35,7110,23844,1,2700,0.3797,check-only,incorrect data check,4410,23864,7808,16056,0.3275,1,0
corrupted/saveas/text/International_Logistics_Fire_Report(saveas)_stream_zlib.pdf,saveas,text,37,14618,31984,1,523,0.0358,data-error,invalid distance too far back,7,1155,1119,36,0.035,2,1
corrupted/saveas/text/International_Logistics_Fire_Report(saveas)_stream_zlib.pdf,saveas,text,39,6923,15600,1,3199,0.4621,check-only,incorrect data check,3724,15578,5973,9605,0.3829,1,0
corrupted/saveas/text/Lumina_Interior_Lighting_Designbook(saveas)_stream_zlib.pdf,saveas,text,0,3178,18718,1,3119,0.9814,check-only,incorrect data check,59,18670,18222,448,0.9735,1,0
corrupted/saveas/text/Lumina_Interior_Lighting_Designbook(saveas)_stream_zlib.pdf,saveas,text,1,2903,19968,1,1941,0.6686,check-only,incorrect data check,962,19926,11647,8279,0.5833,1,0
corrupted/saveas/text/Lumina_Interior_Lighting_Designbook(saveas)_stream_zlib.pdf,saveas,text,5,6335,62778,1,5746,0.907,check-only,incorrect data check,589,62861,57848,5013,0.9215,1,0
corrupted/saveas/text/Lumina_Interior_Lighting_Designbook(saveas)_stream_zlib.pdf,saveas,text,6,6081,40631,1,1472,0.2421,data-error,invalid distance too far back,9,2730,2696,34,0.0664,1,0
corrupted/saveas/text/Lumina_Interior_Lighting_Designbook(saveas)_stream_zlib.pdf,saveas,text,9,8764,18580,1,5887,0.6717,check-only,incorrect data check,2877,18580,13915,4665,0.7489,1,0
corrupted/saveas/text/Lumina_Interior_Lighting_Designbook(saveas)_stream_zlib.pdf,saveas,text,14,6033,11088,1,2526,0.4187,check-only,incorrect data check,3507,11090,4454,6636,0.4017,1,0
corrupted/saveas/text/Lumina_Interior_Lighting_Designbook(saveas)_stream_zlib.pdf,saveas,text,21,61013,112516,1,14229,0.2332,check-only,incorrect data check,46784,112514,24981,87533,0.222,7,5
corrupted/saveas/text/Lumina_Interior_Lighting_Designbook(saveas)_stream_zlib.pdf,saveas,text,22,845,1940,1,259,0.3065,check-only,incorrect data check,586,1933,326,1607,0.168,1,0
corrupted/saveas/text/Lumina_Interior_Lighting_Designbook(saveas)_stream_zlib.pdf,saveas,text,23,20811,72964,1,4573,0.2197,check-only,incorrect data check,16238,72964,35655,37309,0.4887,3,2
corrupted/saveas/text/Lumina_Interior_Lighting_Designbook(saveas)_stream_zlib.pdf,saveas,text,24,25892,81056,1,22186,0.8569,check-only,incorrect data check,3706,81056,73063,7993,0.9014,3,0
corrupted/saveas/text/Lumina_Interior_Lighting_Designbook(saveas)_stream_zlib.pdf,saveas,text,25,335,632,1,99,0.2955,check-only,incorrect data check,236,632,74,558,0.1171,1,0
corrupted/saveas/text/Lumina_Interior_Lighting_Designbook(saveas)_stream_zlib.pdf,saveas,text,28,33813,72952,1,13542,0.4005,check-only,incorrect data check,20271,73001,23083,49918,0.3164,4,2
corrupted/saveas/text/Lumina_Interior_Lighting_Designbook(saveas)_stream_zlib.pdf,saveas,text,32,9199,24496,1,1474,0.1602,check-only,incorrect data check,7725,24495,4339,20156,0.1771,1,0
corrupted/saveas/text/Lumina_Interior_Lighting_Designbook(saveas)_stream_zlib.pdf,saveas,text,34,11524,40396,1,545,0.0473,data-error,invalid distance too far back,4,641,630,11,0.0156,2,1
corrupted/saveas/text/Lumina_Interior_Lighting_Designbook(saveas)_stream_zlib.pdf,saveas,text,38,4868,10328,1,2694,0.5534,check-only,incorrect data check,2174,10348,5342,5006,0.5172,1,0
corrupted/saveas/text/Lumina_Interior_Lighting_Designbook(saveas)_stream_zlib.pdf,saveas,text,39,319,636,1,59,0.185,check-only,incorrect data check,260,636,4,632,0.0063,1,0
corrupted/saveas/text/Lumina_Interior_Lighting_Designbook(saveas)_stream_zlib.pdf,saveas,text,46,8298,17948,1,916,0.1104,check-only,incorrect data check,7382,17948,2337,15611,0.1302,1,0
corrupted/saveas/text/NeoHome_Smart_Appliances_Catalog_v5(saveas)_stream_zlib.pdf,saveas,text,0,3241,19250,1,1805,0.5569,check-only,incorrect data check,1436,19740,9012,10728,0.4682,1,0
corrupted/saveas/text/NeoHome_Smart_Appliances_Catalog_v5(saveas)_stream_zlib.pdf,saveas,text,8,6433,43373,1,2042,0.3174,check-only,incorrect data check,4391,43378,4067,39311,0.0938,1,0
corrupted/saveas/text/NeoHome_Smart_Appliances_Catalog_v5(saveas)_stream_zlib.pdf,saveas,text,9,2841,10495,1,1614,0.5681,check-only,incorrect data check,1227,10497,5774,4723,0.5502,1,0
corrupted/saveas/text/NeoHome_Smart_Appliances_Catalog_v5(saveas)_stream_zlib.pdf,saveas,text,11,6066,13316,1,3565,0.5877,check-only,incorrect data check,2501,13316,7873,5443,0.5912,1,0
corrupted/saveas/text/NeoHome_Smart_Appliances_Catalog_v5(saveas)_stream_zlib.pdf,saveas,text,12,226,337,1,121,0.5354,check-only,incorrect data check,105,338,115,223,0.3412,1,0
corrupted/saveas/text/NeoHome_Smart_Appliances_Catalog_v5(saveas)_stream_zlib.pdf,saveas,text,14,226,337,1,180,0.7965,check-only,incorrect data check,46,334,238,96,0.7062,1,0
corrupted/saveas/text/NeoHome_Smart_Appliances_Catalog_v5(saveas)_stream_zlib.pdf,saveas,text,15,6033,11088,1,4026,0.6673,check-only,incorrect data check,2007,11087,6247,4840,0.5634,1,0
corrupted/saveas/text/NeoHome_Smart_Appliances_Catalog_v5(saveas)_stream_zlib.pdf,saveas,text,17,25892,81056,1,22241,0.859,check-only,incorrect data check,3651,81035,73161,7874,0.9026,3,0
corrupted/saveas/text/NeoHome_Smart_Appliances_Catalog_v5(saveas)_stream_zlib.pdf,saveas,text,21,70564,187224,1,36298,0.5144,check-only,incorrect data check,34266,187217,99059,88158,0.5291,7,3
corrupted/saveas/text/NeoHome_Smart_Appliances_Catalog_v5(saveas)_stream_zlib.pdf,saveas,text,24,722,2195,1,150,0.2078,data-error,invalid distance too far back,3,128,127,1,0.0579,1,0
corrupted/saveas/text/NeoHome_Smart_Appliances_Catalog_v5(saveas)_stream_zlib.pdf,saveas,text,25,20746,45900,1,8811,0.4247,check-only,incorrect data check,11935,45900,18573,27327,0.4046,3,2
corrupted/saveas/text/NeoHome_Smart_Appliances_Catalog_v5(saveas)_stream_zlib.pdf,saveas,text,30,5634,12000,1,5102,0.9056,check-only,incorrect data check,532,11949,10441,1508,0.8701,1,0
corrupted/saveas/text/NeoHome_Smart_Appliances_Catalog_v5(saveas)_stream_zlib.pdf,saveas,text,31,464,1138,1,443,0.9547,data-error,invalid distance too far back,1,1101,1101,0,0.9675,1,0
corrupted/saveas/text/NeoHome_Smart_Appliances_Catalog_v5(saveas)_stream_zlib.pdf,saveas,text,32,7164,14100,1,3535,0.4934,check-only,incorrect data check,3629,14092,6920,7172,0.4908,1,0
corrupted/saveas/text/NeoHome_Smart_Appliances_Catalog_v5(saveas)_stream_zlib.pdf,saveas,text,34,10634,29136,1,9447,0.8884,data-error,invalid literal/lengths set,69,26407,26407,0,0.9063,2,0
corrupted/saveas/text/NeoHome_Smart_Appliances_Catalog_v5(saveas)_stream_zlib.pdf,saveas,text,35,657,1806,1,463,0.7047,check-only,incorrect data check,194,1788,1191,597,0.6595,1,0
corrupted/saveas/text/New_Care_Models_Aging_Society(saveas)_stream_zlib.pdf,saveas,text,0,3267,16048,1,2235,0.6841,check-only,incorrect data check,1032,16047,9926,6121,0.6185,1,0
corrupted/saveas/text/New_Care_Models_Aging_Society(saveas)_stream_zlib.pdf,saveas,text,1,1877,8109,1,1834,0.9771,check-only,incorrect data check,43,8109,7647,462,0.943,1,0
corrupted/saveas/text/New_Care_Models_Aging_Society(saveas)_stream_zlib.pdf,saveas,text,3,2610,11034,1,752,0.2881,data-error,invalid distance too far back,8,2139,2128,11,0.1929,1,0
corrupted/saveas/text/New_Care_Models_Aging_Society(saveas)_stream_zlib.pdf,saveas,text,8,6451,43918,1,3861,0.5985,check-only,incorrect data check,2590,43502,30692,12810,0.6988,1,0
corrupted/saveas/text/New_Care_Models_Aging_Society(saveas)_stream_zlib.pdf,saveas,text,9,17125,89424,1,5163,0.3015,check-only,incorrect data check,11962,89429,34264,55165,0.3832,2,1
corrupted/saveas/text/New_Care_Models_Aging_Society(saveas)_stream_zlib.pdf,saveas,text,10,25892,81056,1,5629,0.2174,check-only,incorrect data check,20263,81056,26341,54715,0.325,3,2
corrupted/saveas/text/New_Care_Models_Aging_Society(saveas)_stream_zlib.pdf,saveas,text,13,15451,52340,1,13562,0.8777,check-only,incorrect data check,1889,52340,34921,17419,0.6672,2,0
corrupted/saveas/text/New_Care_Models_Aging_Society(saveas)_stream_zlib.pdf,saveas,text,14,1746,4726,1,1711,0.98,check-only,incorrect data check,35,4729,4673,56,0.9888,1,0
corrupted/saveas/text/New_Care_Models_Aging_Society(saveas)_stream_zlib.pdf,saveas,text,17,19085,54808,1,12928,0.6774,check-only,incorrect data check,6157,54810,41857,12953,0.7637,2,0
corrupted/saveas/text/New_Care_Models_Aging_Society(saveas)_stream_zlib.pdf,saveas,text,21,7601,16948,1,651,0.0856,check-only,incorrect data check,6950,16858,2543,14315,0.15,1,0
corrupted/saveas/text/New_Care_Models_Aging_Society(saveas)_stream_zlib.pdf,saveas,text,26,15701,36572,1,9380,0.5974,check-only,incorrect data check,6321,36578,17064,19514,0.4666,2,1
corrupted/saveas/text/New_Care_Models_Aging_Society(saveas)_stream_zlib.pdf,saveas,text,27,704,2134,1,67,0.0952,check-only,incorrect data check,637,2134,12,2122,0.0056,1,0
corrupted/saveas/text/New_Care_Models_Aging_Society(saveas)_stream_zlib.pdf,saveas,text,28,21003,44192,1,5522,0.2629,check-only,incorrect data check,15481,44204,14028,30176,0.3174,3,2
corrupted/saveas/text/Next_Decade_Space_Exploration(saveas)_stream_zlib.pdf,saveas,text,0,3287,13726,1,1306,0.3973,check-only,incorrect data check,1981,13735,4455,9280,0.3246,1,0
corrupted/saveas/text/Next_Decade_Space_Exploration(saveas)_stream_zlib.pdf,saveas,text,4,3411,14523,1,1353,0.3967,check-only,incorrect data check,2058,14523,4745,9778,0.3267,1,0
corrupted/saveas/text/Next_Decade_Space_Exploration(saveas)_stream_zlib.pdf,saveas,text,5,6922,75045,1,3460,0.4999,check-only,incorrect data check,3462,74952,36099,38853,0.481,1,0
corrupted/saveas/text/Next_Decade_Space_Exploration(saveas)_stream_zlib.pdf,saveas,text,7,5643,43651,1,1162,0.2059,check-only,incorrect data check,4481,43651,2216,41435,0.0508,1,0
corrupted/saveas/text/Next_Decade_Space_Exploration(saveas)_stream_zlib.pdf,saveas,text,9,7235,12764,1,5634,0.7787,check-only,incorrect data check,1601,12763,9216,3547,0.722,1,0
corrupted/saveas/text/Next_Decade_Space_Exploration(saveas)_stream_zlib.pdf,saveas,text,10,25892,81056,1,22012,0.8501,check-only,incorrect data check,3880,81062,72774,8288,0.8978,3,0
corrupted/saveas/text/Next_Decade_Space_Exploration(saveas)_stream_zlib.pdf,saveas,text,11,363,730,1,214,0.5895,check-only,incorrect data check,149,719,293,426,0.4014,1,0
corrupted/saveas/text/Next_Decade_Space_Exploration(saveas)_stream_zlib.pdf,saveas,text,14,10187,20464,1,5556,0.5454,check-only,incorrect data check,4631,20465,11231,9234,0.5488,2,1
corrupted/saveas/text/Next_Decade_Space_Exploration(saveas)_stream_zlib.pdf,saveas,text,17,1214,3034,1,986,0.8122,check-only,incorrect data check,228,3034,2410,624,0.7943,1,0
corrupted/saveas/text/Next_Decade_Space_Exploration(saveas)_stream_zlib.pdf,saveas,text,19,1097,2759,1,56,0.051,data-error,invalid bit length repeat,1,0,0,0,0.0,1,0
corrupted/saveas/text/Next_Decade_Space_Exploration(saveas)_stream_zlib.pdf,saveas,text,20,82777,156692,1,79773,0.9637,check-only,incorrect data check,3004,156692,138262,18430,0.8824,8,0
corrupted/saveas/text/Next_Decade_Space_Exploration(saveas)_stream_zlib.pdf,saveas,text,23,638,1641,1,375,0.5878,data-error,invalid distance too far back,9,800,779,21,0.4747,1,0
corrupted/saveas/text/Next_Decade_Space_Exploration(saveas)_stream_zlib.pdf,saveas,text,24,8494,22620,1,6755,0.7953,check-only,incorrect data check,1739,22620,17639,4981,0.7798,1,0
corrupted/saveas/text/Next_Decade_Space_Exploration(saveas)_stream_zlib.pdf,saveas,text,27,9017,24072,1,1794,0.199,check-only,incorrect data check,7223,24072,5055,19017,0.21,1,0
corrupted/saveas/text/Next_Decade_Space_Exploration(saveas)_stream_zlib.pdf,saveas,text,29,323,619,1,134,0.4149,check-only,incorrect data check,189,623,125,498,0.2019,1,0
corrupted/saveas/text/Next_Decade_Space_Exploration(saveas)_stream_zlib.pdf,saveas,text,32,4846,10416,1,2974,0.6137,check-only,incorrect data check,1872,10418,6152,4266,0.5906,1,0
corrupted/saveas/text/Next_Decade_Space_Exploration(saveas)_stream_zlib.pdf,saveas,text,38,15551,48116,1,9259,0.5954,data-error,invalid literal/lengths set,24,17814,17814,0,0.3702,2,0
corrupted/saveas/text/Next_Decade_Space_Exploration(saveas)_stream_zlib.pdf,saveas,text,40,7462,17364,1,1553,0.2081,check-only,incorrect data check,5909,17395,3378,14017,0.1945,1,0
corrupted/saveas/text/Next_Decade_Space_Exploration(saveas)_stream_zlib.pdf,saveas,text,42,2668,9268,1,351,0.1316,data-error,invalid distance too far back,2,697,697,0,0.0752,1,0
corrupted/saveas/text/OceanQuest_Modular_Water_Leisure_Equipment_Guide(saveas)_stream_zlib.pdf,saveas,text,2,8198,113505,1,2514,0.3067,check-only,incorrect data check,5684,113508,26197,87311,0.2308,1,0
corrupted/saveas/text/OceanQuest_Modular_Water_Leisure_Equipment_Guide(saveas)_stream_zlib.pdf,saveas,text,3,2742,16610,1,1236,0.4508,check-only,incorrect data check,1506,16625,3986,12639,0.24,1,0
corrupted/saveas/text/OceanQuest_Modular_Water_Leisure_Equipment_Guide(saveas)_stream_zlib.pdf,saveas,text,8,4623,39955,1,1974,0.427,check-only,incorrect data check,2649,39955,4108,35847,0.1028,1,0
corrupted/saveas/text/OceanQuest_Modular_Water_Leisure_Equipment_Guide(saveas)_stream_zlib.pdf,saveas,text,9,4764,23422,1,1844,0.3871,check-only,incorrect data check,2920,23386,7520,15866,0.3211,1,0
corrupted/saveas/text/OceanQuest_Modular_Water_Leisure_Equipment_Guide(saveas)_stream_zlib.pdf,saveas,text,12,25892,81056,1,11510,0.4445,check-only,incorrect data check,14382,81048,52990,28058,0.6537,3,1
corrupted/saveas/text/OceanQuest_Modular_Water_Leisure_Equipment_Guide(saveas)_stream_zlib.pdf,saveas,text,16,10047,58792,1,6743,0.6711,check-only,incorrect data check,3304,58792,38793,19999,0.6598,2,1
corrupted/saveas/text/OceanQuest_Modular_Water_Leisure_Equipment_Guide(saveas)_stream_zlib.pdf,saveas,text,21,3371,6132,1,2259,0.6701,check-only,incorrect data check,1112,6132,3752,2380,0.6119,1,0
corrupted/saveas/text/OceanQuest_Modular_Water_Leisure_Equipment_Guide(saveas)_stream_zlib.pdf,saveas,text,23,4445,9644,1,1453,0.3269,check-only,incorrect data check,2992,9644,3841,5803,0.3983,1,0
corrupted/saveas/text/OceanQuest_Modular_Water_Leisure_Equipment_Guide(saveas)_stream_zlib.pdf,saveas,text,26,12594,28388,1,7741,0.6147,check-only,incorrect data check,4853,28388,15693,12695,0.5528,2,1
corrupted/saveas/text/OceanQuest_Modular_Water_Leisure_Equipment_Guide(saveas)_stream_zlib.pdf,saveas,text,27,526,1305,1,175,0.3327,data-error,invalid distance too far back,7,186,177,9,0.1356,1,0
corrupted/saveas/text/OceanQuest_Modular_Water_Leisure_Equipment_Guide(saveas)_stream_zlib.pdf,saveas,text,28,5304,12220,1,1139,0.2147,check-only,incorrect data check,4165,12220,2902,9318,0.2375,1,0
corrupted/saveas/text/OceanQuest_Modular_Water_Leisure_Equipment_Guide(saveas)_stream_zlib.pdf,saveas,text,30,3267,12012,1,2316,0.7089,data-error,invalid distance too far back,11,8567,8539,28,0.7109,1,0
corrupted/saveas/text/PetPal_Smart_PetCare_Products(saveas)_stream_zlib.pdf,saveas,text,0,3187,18508,1,1719,0.5394,check-only,incorrect data check,1468,18508,7513,10995,0.4059,1,0
corrupted/saveas/text/PetPal_Smart_PetCare_Products(saveas)_stream_zlib.pdf,saveas,text,8,6006,35329,1,128,0.0213,data-error,invalid distance too far back,3,110,110,0,0.0031,1,0
corrupted/saveas/text/PetPal_Smart_PetCare_Products(saveas)_stream_zlib.pdf,saveas,text,9,15968,86992,1,10863,0.6803,check-only,incorrect data check,5105,86988,70600,16388,0.8116,2,0
corrupted/saveas/text/PetPal_Smart_PetCare_Products(saveas)_stream_zlib.pdf,saveas,text,12,226,337,1,153,0.677,check-only,incorrect data check,73,337,175,162,0.5193,1,0
corrupted/saveas/text/PetPal_Smart_PetCare_Products(saveas)_stream_zlib.pdf,saveas,text,14,18204,58484,1,8401,0.4615,check-only,incorrect data check,9803,58484,28573,29911,0.4886,2,1
corrupted/saveas/text/PetPal_Smart_PetCare_Products(saveas)_stream_zlib.pdf,saveas,text,16,226,337,1,32,0.1416,data-error,invalid code -- missing end-of-block,19,0,0,0,0.0,1,0
corrupted/saveas/text/PetPal_Smart_PetCare_Products(saveas)_stream_zlib.pdf,saveas,text,18,25892,81056,1,2072,0.08,check-only,incorrect data check,23820,81312,20238,61074,0.2497,3,2
corrupted/saveas/text/PetPal_Smart_PetCare_Products(saveas)_stream_zlib.pdf,saveas,text,21,1121,2821,1,849,0.7574,check-only,incorrect data check,272,2819,2071,748,0.7341,1,0
corrupted/saveas/text/PetPal_Smart_PetCare_Products(saveas)_stream_zlib.pdf,saveas,text,22,51765,151248,1,500,0.0097,check-only,incorrect data check,51265,151247,2132,149115,0.0141,5,4
corrupted/saveas/text/PetPal_Smart_PetCare_Products(saveas)_stream_zlib.pdf,saveas,text,23,456,842,1,263,0.5768,check-only,incorrect data check,193,840,390,450,0.4632,1,0
corrupted/saveas/text/PetPal_Smart_PetCare_Products(saveas)_stream_zlib.pdf,saveas,text,26,6151,15976,1,2660,0.4325,check-only,incorrect data check,3491,15976,8384,7592,0.5248,1,0
corrupted/saveas/text/PetPal_Smart_PetCare_Products(saveas)_stream_zlib.pdf,saveas,text,28,9292,21464,1,7034,0.757,check-only,incorrect data check,2258,21464,16048,5416,0.7477,1,0
corrupted/saveas/text/PetPal_Smart_PetCare_Products(saveas)_stream_zlib.pdf,saveas,text,32,9466,24728,1,8168,0.8629,check-only,incorrect data check,1298,24766,19967,4799,0.8075,1,0
corrupted/saveas/text/PetPal_Smart_PetCare_Products(saveas)_stream_zlib.pdf,saveas,text,41,10926,29592,1,5731,0.5245,check-only,incorrect data check,5195,29593,16697,12896,0.5642,2,1
corrupted/saveas/text/PetPal_Smart_PetCare_Products(saveas)_stream_zlib.pdf,saveas,text,42,657,1989,1,57,0.0868,data-error,invalid distances set,2,0,0,0,0.0,1,0
corrupted/saveas/text/PetPal_Smart_PetCare_Products(saveas)_stream_zlib.pdf,saveas,text,45,7515,16576,1,4870,0.648,check-only,incorrect data check,2645,16571,9490,7081,0.5725,1,0
corrupted/saveas/text/PetPal_Smart_PetCare_Products(saveas)_stream_zlib.pdf,saveas,text,47,3107,10619,1,584,0.188,data-error,invalid distance too far back,2,1442,1441,1,0.1357,1,0
corrupted/saveas/text/Quantum_Computing_Race(saveas)_stream_zlib.pdf,saveas,text,0,3037,13522,1,2375,0.782,check-only,incorrect data check,662,13559,10306,3253,0.7622,1,0
corrupted/saveas/text/Quantum_Computing_Race(saveas)_stream_zlib.pdf,saveas,text,3,3101,12418,1,617,0.199,data-error,invalid distance too far back,5,1632,1623,9,0.1307,1,0
corrupted/saveas/text/Quantum_Computing_Race(saveas)_stream_zlib.pdf,saveas,text,5,8064,92305,1,3821,0.4738,check-only,incorrect data check,4243,92263,42603,49660,0.4615,1,0
corrupted/saveas/text/Quantum_Computing_Race(saveas)_stream_zlib.pdf,saveas,text,10,25892,81056,1,18574,0.7174,check-only,incorrect data check,7318,81042,65361,15681,0.8064,3,1
corrupted/saveas/text/Quantum_Computing_Race(saveas)_stream_zlib.pdf,saveas,text,12,11497,36764,1,8686,0.7555,check-only,incorrect data check,2811,36764,26825,9939,0.7297,2,1
corrupted/saveas/text/Quantum_Computing_Race(saveas)_stream_zlib.pdf,saveas,text,13,10377,20736,1,3353,0.3231,check-only,incorrect data check,7024,20735,8150,12585,0.393,2,1
corrupted/saveas/text/Quantum_Computing_Race(saveas)_stream_zlib.pdf,saveas,text,14,425,754,1,246,0.5788,check-only,incorrect data check,179,748,335,413,0.4443,1,0
corrupted/saveas/text/Quantum_Computing_Race(saveas)_stream_zlib.pdf,saveas,text,18,1091,2653,1,285,0.2612,check-only,incorrect data check,806,2652,409,2243,0.1542,1,0
corrupted/saveas/text/Quantum_Computing_Race(saveas)_stream_zlib.pdf,saveas,text,19,26774,81252,1,26394,0.9858,check-only,incorrect data check,380,81252,80664,588,0.9928,3,0
corrupted/saveas/text/Quantum_Computing_Race(saveas)_stream_zlib.pdf,saveas,text,20,421,936,1,58,0.1378,check-only,incorrect data check,363,936,6,930,0.0064,1,0
corrupted/saveas/text/Quantum_Computing_Race(saveas)_stream_zlib.pdf,saveas,text,21,8069,20224,1,1397,0.1731,check-only,incorrect data check,6672,20243,5526,14717,0.2732,1,0
corrupted/saveas/text/Quantum_Computing_Race(saveas)_stream_zlib.pdf,saveas,text,26,8213,22656,1,8017,0.9761,check-only,incorrect data check,196,22659,22122,537,0.9764,1,0
corrupted/saveas/text/Quantum_Computing_Race(saveas)_stream_zlib.pdf,saveas,text,27,3108,5824,1,2346,0.7548,check-only,incorrect data check,762,5857,3877,1980,0.6657,1,0
corrupted/saveas/text/Quantum_Computing_Race(saveas)_stream_zlib.pdf,saveas,text,28,9431,35932,1,1802,0.1911,check-only,incorrect data check,7629,35962,15528,20434,0.4321,1,0
corrupted/saveas/text/Quantum_Computing_Race(saveas)_stream_zlib.pdf,saveas,text,29,373,736,1,66,0.1769,data-error,invalid distance too far back,15,40,14,26,0.019,1,0
corrupted/saveas/text/Quantum_Computing_Race(saveas)_stream_zlib.pdf,saveas,text,35,22998,85136,1,20633,0.8972,check-only,incorrect data check,2365,85120,80871,4249,0.9499,3,1
corrupted/saveas/text/Quantum_Computing_Race(saveas)_stream_zlib.pdf,saveas,text,37,9211,29180,1,8183,0.8884,check-only,incorrect data check,1028,29180,27282,1898,0.935,1,0
corrupted/saveas/text/Quantum_Computing_Race(saveas)_stream_zlib.pdf,saveas,text,40,648,1796,1,211,0.3256,data-error,invalid distance too far back,4,249,248,1,0.1381,1,0
corrupted/saveas/text/Quantum_Computing_Race(saveas)_stream_zlib.pdf,saveas,text,43,2994,10521,1,2418,0.8076,check-only,incorrect data check,576,10522,8679,1843,0.8249,1,0
corrupted/saveas/text/Robots_Automation_Future_Work(saveas)_stream_zlib.pdf,saveas,text,0,2715,11707,1,2138,0.7875,check-only,incorrect data check,577,11717,8645,3072,0.7384,1,0
corrupted/saveas/text/Robots_Automation_Future_Work(saveas)_stream_zlib.pdf,saveas,text,7,5708,43773,1,5106,0.8945,check-only,incorrect data check,602,42352,31521,10831,0.7201,1,0
corrupted/saveas/text/Robots_Automation_Future_Work(saveas)_stream_zlib.pdf,saveas,text,14,346,590,1,332,0.9595,check-only,incorrect data check,14,589,568,21,0.9627,1,0
corrupted/saveas/text/Robots_Automation_Future_Work(saveas)_stream_zlib.pdf,saveas,text,16,1170,2794,1,506,0.4325,check-only,incorrect data check,664,2787,1053,1734,0.3769,1,0
corrupted/saveas/text/Robots_Automation_Future_Work(saveas)_stream_zlib.pdf,saveas,text,24,25379,56416,1,5644,0.2224,check-only,incorrect data check,19735,56420,10446,45974,0.1852,3,2
corrupted/saveas/text/Robots_Automation_Future_Work(saveas)_stream_zlib.pdf,saveas,text,26,8284,23036,1,2984,0.3602,check-only,incorrect data check,5300,23036,8291,14745,0.3599,1,0
corrupted/saveas/text/Robots_Automation_Future_Work(saveas)_stream_zlib.pdf,saveas,text,30,5805,12436,1,256,0.0441,data-error,invalid distance too far back,2,150,150,0,0.0121,1,0
corrupted/saveas/text/Robots_Automation_Future_Work(saveas)_stream_zlib.pdf,saveas,text,32,4405,9884,1,3995,0.9069,check-only,incorrect data check,410,9887,9093,794,0.92,1,0
corrupted/saveas/text/Robots_Automation_Future_Work(saveas)_stream_zlib.pdf,saveas,text,38,11701,27840,1,8135,0.6952,check-only,incorrect data check,3566,27814,18762,9052,0.6739,2,1
corrupted/saveas/text/Robots_Automation_Future_Work(saveas)_stream_zlib.pdf,saveas,text,39,627,1578,1,310,0.4944,check-only,incorrect data check,317,1580,544,1036,0.3447,1,0
corrupted/saveas/text/Robots_Automation_Future_Work(saveas)_stream_zlib.pdf,saveas,text,42,2740,9597,1,2666,0.973,check-only,incorrect data check,74,9630,9466,164,0.9863,1,0
corrupted/saveas/text/Security_Breach_Investigation_Report(saveas)_stream_zlib.pdf,saveas,text,0,3931,25796,1,496,0.1262,check-only,incorrect data check,3435,25792,1575,24217,0.0611,1,0
corrupted/saveas/text/Security_Breach_Investigation_Report(saveas)_stream_zlib.pdf,saveas,text,3,3673,23045,1,1652,0.4498,check-only,incorrect data check,2021,23032,8627,14405,0.3744,1,0
corrupted/saveas/text/Security_Breach_Investigation_Report(saveas)_stream_zlib.pdf,saveas,text,7,6365,42354,1,1095,0.172,check-only,incorrect data check,5270,42354,2027,40327,0.0479,1,0
corrupted/saveas/text/Security_Breach_Investigation_Report(saveas)_stream_zlib.pdf,saveas,text,9,225,337,1,193,0.8578,data-error,invalid distance too far back,10,283,264,19,0.7834,1,0
corrupted/saveas/text/Security_Breach_Investigation_Report(saveas)_stream_zlib.pdf,saveas,text,11,25892,81056,1,10174,0.3929,check-only,incorrect data check,15718,80967,50201,30766,0.6193,3,1
corrupted/saveas/text/Security_Breach_Investigation_Report(saveas)_stream_zlib.pdf,saveas,text,12,11003,17576,1,5425,0.493,check-only,incorrect data check,5578,17573,8596,8977,0.4891,2,1
corrupted/saveas/text/Security_Breach_Investigation_Report(saveas)_stream_zlib.pdf,saveas,text,14,19382,116376,1,4341,0.224,check-only,incorrect data check,15041,116627,55743,60884,0.479,2,1
corrupted/saveas/text/Security_Breach_Investigation_Report(saveas)_stream_zlib.pdf,saveas,text,20,28886,103436,1,9014,0.3121,check-only,incorrect data check,19872,103436,43976,59460,0.4252,3,2
corrupted/saveas/text/Security_Breach_Investigation_Report(saveas)_stream_zlib.pdf,saveas,text,22,18601,43752,1,15589,0.8381,check-only,incorrect data check,3012,43752,39469,4283,0.9021,2,0
corrupted/saveas/text/Security_Breach_Investigation_Report(saveas)_stream_zlib.pdf,saveas,text,23,393,865,1,44,0.112,data-error,invalid literal/lengths set,11,0,0,0,0.0,1,0
corrupted/saveas/text/Security_Breach_Investigation_Report(saveas)_stream_zlib.pdf,saveas,text,25,592,1621,1,49,0.0828,data-error,invalid distances set,7,0,0,0,0.0,1,0
corrupted/saveas/text/Security_Breach_Investigation_Report(saveas)_stream_zlib.pdf,saveas,text,28,21238,45308,1,1023,0.0482,data-error,invalid distance too far back,2172,5871,1418,4453,0.0313,3,2
corrupted/saveas/text/Security_Breach_Investigation_Report(saveas)_stream_zlib.pdf,saveas,text,29,225,337,1,90,0.4,check-only,incorrect data check,6,71,70,1,0.2077,1,0
corrupted/saveas/text/Security_Breach_Investigation_Report(saveas)_stream_zlib.pdf,saveas,text,30,7929,21948,1,492,0.0621,data-error,invalid distance too far back,35,925,847,78,0.0386,1,0
corrupted/saveas/text/Security_Breach_Investigation_Report(saveas)_stream_zlib.pdf,saveas,text,31,10325,20612,1,754,0.073,check-only,incorrect data check,9571,20516,3166,17350,0.1536,2,1
corrupted/saveas/text/Security_Breach_Investigation_Report(saveas)_stream_zlib.pdf,saveas,text,33,10439,38596,1,3155,0.3022,check-only,incorrect data check,7284,38596,18858,19738,0.4886,2,1
corrupted/saveas/text/Security_Breach_Investigation_Report(saveas)_stream_zlib.pdf,saveas,text,39,5713,11292,1,5547,0.9709,check-only,incorrect data check,166,11299,10906,393,0.9658,1,0
corrupted/saveas/text/Security_Breach_Investigation_Report(saveas)_stream_zlib.pdf,saveas,text,40,22998,85136,1,1960,0.0852,check-only,incorrect data check,21038,85123,24049,61074,0.2825,3,2
corrupted/saveas/text/Security_Breach_Investigation_Report(saveas)_stream_zlib.pdf,saveas,text,42,13634,32412,1,1059,0.0777,data-error,invalid distance too far back,1543,5782,1512,4270,0.0466,2,1
corrupted/saveas/text/Security_Breach_Investigation_Report(saveas)_stream_zlib.pdf,saveas,text,44,19761,58588,1,14205,0.7188,check-only,incorrect data check,5556,58433,44818,13615,0.765,2,0
corrupted/saveas/text/Security_Breach_Investigation_Report(saveas)_stream_zlib.pdf,saveas,text,46,14114,32056,1,3243,0.2298,check-only,incorrect data check,10871,32056,8028,24028,0.2504,2,1
corrupted/saveas/text/SkyGarden_Indoor_Vertical_Garden_Solutions(saveas)_stream_zlib.pdf,saveas,text,0,2928,16302,1,1755,0.5994,check-only,incorrect data check,1173,16283,8765,7518,0.5377,1,0
corrupted/saveas/text/SkyGarden_Indoor_Vertical_Garden_Solutions(saveas)_stream_zlib.pdf,saveas,text,4,3056,15926,1,1288,0.4215,check-only,incorrect data check,1768,16028,4171,11857,0.2619,1,0
corrupted/saveas/text/SkyGarden_Indoor_Vertical_Garden_Solutions(saveas)_stream_zlib.pdf,saveas,text,5,5611,55523,1,2110,0.376,check-only,incorrect data check,3501,55442,19752,35690,0.3557,1,0
corrupted/saveas/text/SkyGarden_Indoor_Vertical_Garden_Solutions(saveas)_stream_zlib.pdf,saveas,text,7,6187,40797,1,4067,0.6573,data-error,invalid distance too far back,9,17950,17936,14,0.4396,1,0
corrupted/saveas/text/SkyGarden_Indoor_Vertical_Garden_Solutions(saveas)_stream_zlib.pdf,saveas,text,11,27098,92836,1,11154,0.4116,check-only,incorrect data check,15944,92834,61469,31365,0.6621,3,1
corrupted/saveas/text/SkyGarden_Indoor_Vertical_Garden_Solutions(saveas)_stream_zlib.pdf,saveas,text,12,226,337,1,99,0.4381,check-only,incorrect data check,127,336,81,255,0.2404,1,0
corrupted/saveas/text/SkyGarden_Indoor_Vertical_Garden_Solutions(saveas)_stream_zlib.pdf,saveas,text,14,226,337,1,17,0.0752,data-error,invalid literal/lengths set,36,0,0,0,0.0,1,0
corrupted/saveas/text/SkyGarden_Indoor_Vertical_Garden_Solutions(saveas)_stream_zlib.pdf,saveas,text,15,6033,11088,1,4935,0.818,check-only,incorrect data check,1098,11088,8153,2935,0.7353,1,0
corrupted/saveas/text/SkyGarden_Indoor_Vertical_Garden_Solutions(saveas)_stream_zlib.pdf,saveas,text,16,18204,58484,1,5333,0.293,check-only,incorrect data check,12871,58484,24223,34261,0.4142,2,1
corrupted/saveas/text/SkyGarden_Indoor_Vertical_Garden_Solutions(saveas)_stream_zlib.pdf,saveas,text,21,34593,102120,1,24753,0.7155,check-only,incorrect data check,9840,102120,70742,31378,0.6927,4,1
corrupted/saveas/text/SkyGarden_Indoor_Vertical_Garden_Solutions(saveas)_stream_zlib.pdf,saveas,text,23,28574,72096,1,14828,0.5189,check-only,incorrect data check,13746,72106,36671,35435,0.5086,3,1
corrupted/saveas/text/SkyGarden_Indoor_Vertical_Garden_Solutions(saveas)_stream_zlib.pdf,saveas,text,25,8953,23416,1,3556,0.3972,check-only,incorrect data check,5397,23408,10796,12612,0.4611,1,0
corrupted/saveas/text/SkyGarden_Indoor_Vertical_Garden_Solutions(saveas)_stream_zlib.pdf,saveas,text,26,657,1815,1,233,0.3546,data-error,invalid distance too far back,21,354,299,55,0.1647,1,0
corrupted/saveas/text/SkyGarden_Indoor_Vertical_Garden_Solutions(saveas)_stream_zlib.pdf,saveas,text,29,23867,63912,1,10951,0.4588,check-only,incorrect data check,12916,63908,37169,26739,0.5816,3,1
corrupted/saveas/text/SkyGarden_Indoor_Vertical_Garden_Solutions(saveas)_stream_zlib.pdf,saveas,text,30,5474,13920,1,2003,0.3659,check-only,incorrect data check,3471,13978,6318,7660,0.4539,1,0
corrupted/saveas/text/SkyGarden_Indoor_Vertical_Garden_Solutions(saveas)_stream_zlib.pdf,saveas,text,31,9520,36176,1,9139,0.96,check-only,incorrect data check,381,36181,35665,516,0.9859,1,0
corrupted/saveas/text/SkyGarden_Indoor_Vertical_Garden_Solutions(saveas)_stream_zlib.pdf,saveas,text,36,10624,27724,1,369,0.0347,check-only,incorrect data check,10255,27711,328,27383,0.0118,2,1
corrupted/saveas/text/SkyGarden_Indoor_Vertical_Garden_Solutions(saveas)_stream_zlib.pdf,saveas,text,37,4987,10508,1,754,0.1512,data-error,invalid distance too far back,9,2462,2453,9,0.2334,1,0
corrupted/saveas/text/SkyGarden_Indoor_Vertical_Garden_Solutions(saveas)_stream_zlib.pdf,saveas,text,39,3142,7204,1,2996,0.9535,check-only,incorrect data check,146,7196,6895,301,0.9571,1,0
corrupted/saveas/text/SkyGarden_Indoor_Vertical_Garden_Solutions(saveas)_stream_zlib.pdf,saveas,text,41,23360,51080,1,7019,0.3005,check-only,incorrect data check,16341,51085,12800,38285,0.2506,3,2
corrupted/saveas/text/SkyGarden_Indoor_Vertical_Garden_Solutions(saveas)_stream_zlib.pdf,saveas,text,42,519,1470,1,186,0.3584,check-only,incorrect data check,333,1495,197,1298,0.134,1,0
corrupted/saveas/text/SkyGarden_Indoor_Vertical_Garden_Solutions(saveas)_stream_zlib.pdf,saveas,text,45,2778,9450,1,884,0.3182,check-only,incorrect data check,1894,9455,2771,6684,0.2932,1,0
corrupted/saveas/text/Sustainable_Fashion_Innovation(saveas)_stream_zlib.pdf,saveas,text,4,3757,15854,1,3252,0.8656,check-only,incorrect data check,505,15755,13119,2636,0.8275,1,0
corrupted/saveas/text/Sustainable_Fashion_Innovation(saveas)_stream_zlib.pdf,saveas,text,6,4395,39353,1,485,0.1104,check-only,incorrect data check,3910,39353,824,38529,0.0209,1,0
corrupted/saveas/text/Sustainable_Fashion_Innovation(saveas)_stream_zlib.pdf,saveas,text,7,5891,44850,1,5269,0.8944,check-only,incorrect data check,622,44848,34208,10640,0.7627,1,0
corrupted/saveas/text/Sustainable_Fashion_Innovation(saveas)_stream_zlib.pdf,saveas,text,8,6690,46058,1,1606,0.2401,data-error,invalid distance too far back,7,3125,3112,13,0.0676,1,0
corrupted/saveas/text/Sustainable_Fashion_Innovation(saveas)_stream_zlib.pdf,saveas,text,9,17237,112584,1,3990,0.2315,check-only,incorrect data check,13247,112584,55342,57242,0.4916,2,1
corrupted/saveas/text/Sustainable_Fashion_Innovation(saveas)_stream_zlib.pdf,saveas,text,10,310,567,1,112,0.3613,check-only,incorrect data check,198,567,95,472,0.1675,1,0
corrupted/saveas/text/Sustainable_Fashion_Innovation(saveas)_stream_zlib.pdf,saveas,text,15,15376,52228,1,15355,0.9986,check-only,incorrect data check,21,52226,52198,28,0.9994,2,0
corrupted/saveas/text/Sustainable_Fashion_Innovation(saveas)_stream_zlib.pdf,saveas,text,17,28618,83828,1,27844,0.973,check-only,incorrect data check,774,83374,73512,9862,0.8769,4,0
corrupted/saveas/text/Sustainable_Fashion_Innovation(saveas)_stream_zlib.pdf,saveas,text,19,39575,109112,1,1687,0.0426,check-only,incorrect data check,37888,109219,31510,77709,0.2888,5,4
corrupted/saveas/text/Sustainable_Fashion_Innovation(saveas)_stream_zlib.pdf,saveas,text,28,3901,8988,1,27,0.0069,data-error,invalid literal/lengths set,102,0,0,0,0.0,1,0
corrupted/saveas/text/Sustainable_Fashion_Innovation(saveas)_stream_zlib.pdf,saveas,text,33,450,1044,1,243,0.54,check-only,incorrect data check,207,1039,353,686,0.3381,1,0
corrupted/saveas/text/Sustainable_Fashion_Innovation(saveas)_stream_zlib.pdf,saveas,text,34,8067,20560,1,484,0.06,data-error,invalid distance too far back,4,1481,1480,1,0.072,1,0
corrupted/saveas/text/Sustainable_Fashion_Innovation(saveas)_stream_zlib.pdf,saveas,text,38,15174,51356,1,7081,0.4667,check-only,incorrect data check,8093,51355,14959,36396,0.2913,2,1
corrupted/saveas/text/Sustainable_Fashion_Innovation(saveas)_stream_zlib.pdf,saveas,text,40,3075,10927,1,1020,0.3317,check-only,incorrect data check,2055,10927,3324,7603,0.3042,1,0
corrupted/saveas/text/UrbanRide_Electric_Bike_Scooter_Series(saveas)_stream_zlib.pdf,saveas,text,0,3326,19482,1,394,0.1185,check-only,incorrect data check,2932,19482,985,18497,0.0506,1,0
corrupted/saveas/text/UrbanRide_Electric_Bike_Scooter_Series(saveas)_stream_zlib.pdf,saveas,text,4,3424,18390,1,3260,0.9521,check-only,incorrect data check,164,18394,17141,1253,0.9321,1,0
corrupted/saveas/text/UrbanRide_Electric_Bike_Scooter_Series(saveas)_stream_zlib.pdf,saveas,text,8,6328,37467,1,678,0.1071,data-error,invalid distance too far back,5,1279,1274,5,0.034,1,0
corrupted/saveas/text/UrbanRide_Electric_Bike_Scooter_Series(saveas)_stream_zlib.pdf,saveas,text,9,3498,9872,1,3161,0.9037,check-only,incorrect data check,337,9919,9333,586,0.9454,1,0
corrupted/saveas/text/UrbanRide_Electric_Bike_Scooter_Series(saveas)_stream_zlib.pdf,saveas,text,12,23202,92648,1,7863,0.3389,check-only,incorrect data check,15339,92650,41985,50665,0.4532,3,2
corrupted/saveas/text/UrbanRide_Electric_Bike_Scooter_Series(saveas)_stream_zlib.pdf,saveas,text,14,6033,11088,1,2461,0.4079,check-only,incorrect data check,3572,11091,4381,6710,0.3951,1,0
corrupted/saveas/text/UrbanRide_Electric_Bike_Scooter_Series(saveas)_stream_zlib.pdf,saveas,text,15,18204,58484,1,3274,0.1799,check-only,incorrect data check,14930,58481,21195,37286,0.3624,2,1
corrupted/saveas/text/UrbanRide_Electric_Bike_Scooter_Series(saveas)_stream_zlib.pdf,saveas,text,21,9690,66804,1,1627,0.1679,check-only,incorrect data check,8063,66814,30631,36183,0.4585,1,0
corrupted/saveas/text/UrbanRide_Electric_Bike_Scooter_Series(saveas)_stream_zlib.pdf,saveas,text,23,28001,90216,1,20786,0.7423,check-only,incorrect data check,7215,90215,63383,26832,0.7026,3,0
corrupted/saveas/text/UrbanRide_Electric_Bike_Scooter_Series(saveas)_stream_zlib.pdf,saveas,text,25,18318,69640,1,7560,0.4127,check-only,incorrect data check,10758,69640,39604,30036,0.5687,2,1
corrupted/saveas/text/UrbanRide_Electric_Bike_Scooter_Series(saveas)_stream_zlib.pdf,saveas,text,31,6375,17228,1,4880,0.7655,check-only,incorrect data check,1495,17228,12570,4658,0.7296,1,0
corrupted/saveas/text/UrbanRide_Electric_Bike_Scooter_Series(saveas)_stream_zlib.pdf,saveas,text,35,9349,19248,1,8278,0.8854,check-only,incorrect data check,1071,19220,16478,2742,0.8561,1,0
corrupted/saveas/text/UrbanRide_Electric_Bike_Scooter_Series(saveas)_stream_zlib.pdf,saveas,text,37,8342,16952,1,1357,0.1627,check-only,incorrect data check,6985,16951,3010,13941,0.1776,1,0
corrupted/saveas/text/UrbanRide_Electric_Bike_Scooter_Series(saveas)_stream_zlib.pdf,saveas,text,38,433,896,1,1,0.0023,data-error,incorrect header check,1,0,0,0,0.0,1,0
corrupted/saveas/text/UrbanRide_Electric_Bike_Scooter_Series(saveas)_stream_zlib.pdf,saveas,text,39,13068,31140,1,1570,0.1201,check-only,incorrect data check,11498,31135,10108,21027,0.3246,2,1
corrupted/saveas/text/UrbanRide_Electric_Bike_Scooter_Series(saveas)_stream_zlib.pdf,saveas,text,41,6903,17840,1,3550,0.5143,check-only,incorrect data check,3353,17840,9194,8646,0.5154,1,0
corrupted/saveas/text/UrbanRide_Electric_Bike_Scooter_Series(saveas)_stream_zlib.pdf,saveas,text,44,612,1677,1,510,0.8333,check-only,incorrect data check,102,1680,1341,339,0.7996,1,0
corrupted/saveas/text/UrbanRide_Electric_Bike_Scooter_Series(saveas)_stream_zlib.pdf,saveas,text,47,3152,10801,1,360,0.1142,data-error,invalid distance too far back,3,717,711,6,0.0658,1,0
corrupted/saveas/text/Urban_Fine_Particulate_Matter(saveas)_stream_zlib.pdf,saveas,text,7,5697,43852,1,1632,0.2865,data-error,invalid distance too far back,2,3129,3129,0,0.0714,1,0
corrupted/saveas/text/Urban_Fine_Particulate_Matter(saveas)_stream_zlib.pdf,saveas,text,8,5080,33154,1,235,0.0463,check-only,incorrect data check,4845,33152,319,32833,0.0096,1,0
corrupted/saveas/text/Urban_Fine_Particulate_Matter(saveas)_stream_zlib.pdf,saveas,text,9,16884,112128,1,8621,0.5106,check-only,incorrect data check,8263,112128,89096,23032,0.7946,2,1
corrupted/saveas/text/Urban_Fine_Particulate_Matter(saveas)_stream_zlib.pdf,saveas,text,10,25892,81056,1,1976,0.0763,check-only,incorrect data check,23916,81056,20003,61053,0.2468,3,2
corrupted/saveas/text/Urban_Fine_Particulate_Matter(saveas)_stream_zlib.pdf,saveas,text,14,368,618,1,213,0.5788,data-error,invalid distance too far back,10,287,275,12,0.445,1,0
corrupted/saveas/text/Urban_Fine_Particulate_Matter(saveas)_stream_zlib.pdf,saveas,text,15,15423,52136,1,475,0.0308,data-error,invalid distance too far back,10,577,565,12,0.0108,2,1
corrupted/saveas/text/Urban_Fine_Particulate_Matter(saveas)_stream_zlib.pdf,saveas,text,17,80977,141072,1,61011,0.7534,check-only,incorrect data check,19966,141085,94048,47037,0.6667,9,2
corrupted/saveas/text/Urban_Fine_Particulate_Matter(saveas)_stream_zlib.pdf,saveas,text,21,8050,20676,1,148,0.0184,data-error,invalid distance too far back,5,29,27,2,0.0013,1,0
corrupted/saveas/text/Urban_Fine_Particulate_Matter(saveas)_stream_zlib.pdf,saveas,text,22,643,1740,1,506,0.7869,data-error,invalid distance too far back,4,1306,1304,2,0.7494,1,0
corrupted/saveas/text/Urban_Fine_Particulate_Matter(saveas)_stream_zlib.pdf,saveas,text,23,10871,25208,1,10573,0.9726,check-only,incorrect data check,298,25227,24551,676,0.9739,2,0
corrupted/saveas/text/Urban_Fine_Particulate_Matter(saveas)_stream_zlib.pdf,saveas,text,24,597,1674,1,152,0.2546,data-error,invalid distance too far back,4,137,133,4,0.0795,1,0
corrupted/saveas/text/Urban_Fine_Particulate_Matter(saveas)_stream_zlib.pdf,saveas,text,28,5607,14280,1,1805,0.3219,check-only,incorrect data check,3802,14280,6061,8219,0.4244,1,0
corrupted/saveas/text/Urban_Fine_Particulate_Matter(saveas)_stream_zlib.pdf,saveas,text,29,9682,36296,1,3718,0.384,check-only,incorrect data check,5964,36552,18603,17949,0.5125,2,1
corrupted/saveas/text/Urban_Fine_Particulate_Matter(saveas)_stream_zlib.pdf,saveas,text,30,3450,6336,1,1895,0.5493,check-only,incorrect data check,1555,6333,3053,3280,0.4818,1,0
corrupted/saveas/text/Urban_Fine_Particulate_Matter(saveas)_stream_zlib.pdf,saveas,text,39,13301,31360,1,8513,0.64,check-only,incorrect data check,4788,31361,19863,11498,0.6334,2,1
corrupted/saveas/text/Urban_Fine_Particulate_Matter(saveas)_stream_zlib.pdf,saveas,text,43,2858,10038,1,2631,0.9206,check-only,incorrect data check,227,10038,9608,430,0.9572,1,0
corrupted/saveas/text/ai_ethics_responsible_use_guidelines_multilang(saveas)_stream_zlib.pdf,saveas,text,4,3565,22259,1,1330,0.3731,check-only,incorrect data check,2235,22180,5792,16388,0.2602,1,0
corrupted/saveas/text/ai_ethics_responsible_use_guidelines_multilang(saveas)_stream_zlib.pdf,saveas,text,8,6270,41577,1,5710,0.9107,check-only,incorrect data check,560,41572,36275,5297,0.8725,1,0
corrupted/saveas/text/ai_ethics_responsible_use_guidelines_multilang(saveas)_stream_zlib.pdf,saveas,text,10,7503,13000,1,395,0.0526,check-only,incorrect data check,7108,12997,338,12659,0.026,1,0
corrupted/saveas/text/ai_ethics_responsible_use_guidelines_multilang(saveas)_stream_zlib.pdf,saveas,text,12,25892,81056,1,3800,0.1468,check-only,incorrect data check,22092,81055,23498,57557,0.2899,3,2
corrupted/saveas/text/ai_ethics_responsible_use_guidelines_multilang(saveas)_stream_zlib.pdf,saveas,text,13,342,572,1,223,0.652,check-only,incorrect data check,119,572,316,256,0.5524,1,0
corrupted/saveas/text/ai_ethics_responsible_use_guidelines_multilang(saveas)_stream_zlib.pdf,saveas,text,14,19928,52884,1,12781,0.6414,check-only,incorrect data check,7147,52881,22267,30614,0.4211,2,0
corrupted/saveas/text/ai_ethics_responsible_use_guidelines_multilang(saveas)_stream_zlib.pdf,saveas,text,15,516,1025,1,196,0.3798,check-only,incorrect data check,320,1032,211,821,0.2059,1,0
corrupted/saveas/text/ai_ethics_responsible_use_guidelines_multilang(saveas)_stream_zlib.pdf,saveas,text,22,5353,15020,1,1529,0.2856,check-only,incorrect data check,3824,15019,5463,9556,0.3637,1,0
corrupted/saveas/text/ai_ethics_responsible_use_guidelines_multilang(saveas)_stream_zlib.pdf,saveas,text,24,26858,70572,1,14481,0.5392,check-only,incorrect data check,12377,70595,45490,25105,0.6446,3,1
corrupted/saveas/text/ai_ethics_responsible_use_guidelines_multilang(saveas)_stream_zlib.pdf,saveas,text,26,8243,22548,1,4166,0.5054,check-only,incorrect data check,4077,22537,9244,13293,0.41,1,0
corrupted/saveas/text/ai_ethics_responsible_use_guidelines_multilang(saveas)_stream_zlib.pdf,saveas,text,27,4376,7452,1,1341,0.3064,check-only,incorrect data check,3035,7454,2254,5200,0.3025,1,0
corrupted/saveas/text/ai_ethics_responsible_use_guidelines_multilang(saveas)_stream_zlib.pdf,saveas,text,28,335,632,1,25,0.0746,data-error,invalid code -- missing end-of-block,31,0,0,0,0.0,1,0
corrupted/saveas/text/ai_ethics_responsible_use_guidelines_multilang(saveas)_stream_zlib.pdf,saveas,text,33,6149,12028,1,4034,0.656,check-only,incorrect data check,2115,12028,7091,4937,0.5895,1,0
corrupted/saveas/text/ai_ethics_responsible_use_guidelines_multilang(saveas)_stream_zlib.pdf,saveas,text,34,22998,85136,1,9285,0.4037,check-only,incorrect data check,13713,85137,36621,48516,0.4301,3,2
corrupted/saveas/text/ai_ethics_responsible_use_guidelines_multilang(saveas)_stream_zlib.pdf,saveas,text,35,433,1015,1,265,0.612,check-only,incorrect data check,168,1011,431,580,0.4246,1,0
corrupted/saveas/text/ai_ethics_responsible_use_guidelines_multilang(saveas)_stream_zlib.pdf,saveas,text,36,9743,32360,1,2941,0.3019,check-only,incorrect data check,6802,32361,7999,24362,0.2472,1,0
corrupted/saveas/text/climate_crisis_preparedness_community_action_guidelines_multilang(saveas)_stream_zlib.pdf,saveas,text,0,3090,21276,1,939,0.3039,check-only,incorrect data check,2151,21278,4178,17100,0.1964,1,0
corrupted/saveas/text/climate_crisis_preparedness_community_action_guidelines_multilang(saveas)_stream_zlib.pdf,saveas,text,3,3259,20491,1,111,0.0341,data-error,invalid distance too far back,3,35,35,0,0.0017,1,0
corrupted/saveas/text/climate_crisis_preparedness_community_action_guidelines_multilang(saveas)_stream_zlib.pdf,saveas,text,4,4187,26561,1,226,0.054,data-error,invalid distance too far back,4,213,210,3,0.0079,1,0
corrupted/saveas/text/climate_crisis_preparedness_community_action_guidelines_multilang(saveas)_stream_zlib.pdf,saveas,text,5,7885,88162,1,1126,0.1428,data-error,invalid distance too far back,13,7974,7939,35,0.0901,1,0
corrupted/saveas/text/climate_crisis_preparedness_community_action_guidelines_multilang(saveas)_stream_zlib.pdf,saveas,text,9,4610,24508,1,3895,0.8449,check-only,incorrect data check,715,24508,17951,6557,0.7325,1,0
corrupted/saveas/text/climate_crisis_preparedness_community_action_guidelines_multilang(saveas)_stream_zlib.pdf,saveas,text,11,16835,89084,1,13225,0.7856,check-only,incorrect data check,3610,89084,77539,11545,0.8704,2,0
corrupted/saveas/text/climate_crisis_preparedness_community_action_guidelines_multilang(saveas)_stream_zlib.pdf,saveas,text,12,12199,23544,1,2687,0.2203,check-only,incorrect data check,9512,23544,7148,16396,0.3036,2,1
corrupted/saveas/text/climate_crisis_preparedness_community_action_guidelines_multilang(saveas)_stream_zlib.pdf,saveas,text,13,25892,81056,1,2218,0.0857,check-only,incorrect data check,23674,81058,20465,60593,0.2525,3,2
corrupted/saveas/text/climate_crisis_preparedness_community_action_guidelines_multilang(saveas)_stream_zlib.pdf,saveas,text,14,316,506,1,239,0.7563,check-only,incorrect data check,77,504,348,156,0.6877,1,0
corrupted/saveas/text/climate_crisis_preparedness_community_action_guidelines_multilang(saveas)_stream_zlib.pdf,saveas,text,16,555,1081,1,7,0.0126,data-error,invalid code lengths set,4,0,0,0,0.0,1,0
corrupted/saveas/text/climate_crisis_preparedness_community_action_guidelines_multilang(saveas)_stream_zlib.pdf,saveas,text,21,8624,21536,1,1911,0.2216,check-only,incorrect data check,6713,21533,6644,14889,0.3085,1,0
corrupted/saveas/text/climate_crisis_preparedness_community_action_guidelines_multilang(saveas)_stream_zlib.pdf,saveas,text,23,20428,57712,1,10140,0.4964,check-only,incorrect data check,10288,57717,36422,21295,0.6311,2,1
corrupted/saveas/text/climate_crisis_preparedness_community_action_guidelines_multilang(saveas)_stream_zlib.pdf,saveas,text,24,668,1946,1,620,0.9281,check-only,incorrect data check,48,1947,1837,110,0.944,1,0
corrupted/saveas/text/climate_crisis_preparedness_community_action_guidelines_multilang(saveas)_stream_zlib.pdf,saveas,text,25,12281,23728,1,933,0.076,check-only,incorrect data check,11348,23727,1494,22233,0.063,2,1
corrupted/saveas/text/climate_crisis_preparedness_community_action_guidelines_multilang(saveas)_stream_zlib.pdf,saveas,text,27,8081,22200,1,3177,0.3931,check-only,incorrect data check,4904,22200,7692,14508,0.3465,1,0
corrupted/saveas/text/climate_crisis_preparedness_community_action_guidelines_multilang(saveas)_stream_zlib.pdf,saveas,text,29,310,605,1,59,0.1903,data-error,invalid distance too far back,7,13,6,7,0.0099,1,0
corrupted/saveas/text/climate_crisis_preparedness_community_action_guidelines_multilang(saveas)_stream_zlib.pdf,saveas,text,34,9258,18332,1,6905,0.7458,check-only,incorrect data check,2353,18324,13359,4965,0.7287,1,0
corrupted/saveas/text/climate_crisis_preparedness_community_action_guidelines_multilang(saveas)_stream_zlib.pdf,saveas,text,35,385,837,1,74,0.1922,data-error,invalid distance too far back,2,25,25,0,0.0299,1,0
corrupted/saveas/text/climate_crisis_preparedness_community_action_guidelines_multilang(saveas)_stream_zlib.pdf,saveas,text,37,542,1467,1,534,0.9852,incomplete,,,1501,1459,42,0.9945,1,0
corrupted/saveas/text/climate_crisis_preparedness_community_action_guidelines_multilang(saveas)_stream_zlib.pdf,saveas,text,38,9143,24524,1,8843,0.9672,check-only,incorrect data check,300,24524,24064,460,0.9812,1,0
corrupted/saveas/text/climate_crisis_preparedness_community_action_guidelines_multilang(saveas)_stream_zlib.pdf,saveas,text,40,15258,35832,1,6349,0.4161,check-only,incorrect data check,8909,35851,13948,21903,0.3893,2,1
corrupted/saveas/text/confidential_doc_leak_collusion_investigation(saveas)_stream_zlib.pdf,saveas,text,1,2072,15259,1,1727,0.8335,check-only,incorrect data check,345,15218,12524,2694,0.8208,1,0
corrupted/saveas/text/confidential_doc_leak_collusion_investigation(saveas)_stream_zlib.pdf,saveas,text,9,225,337,1,201,0.8933,check-only,incorrect data check,24,335,284,51,0.8427,1,0
corrupted/saveas/text/confidential_doc_leak_collusion_investigation(saveas)_stream_zlib.pdf,saveas,text,12,13743,39812,1,5715,0.4158,check-only,incorrect data check,8028,39813,15649,24164,0.3931,2,1
corrupted/saveas/text/confidential_doc_leak_collusion_investigation(saveas)_stream_zlib.pdf,saveas,text,17,399,702,1,199,0.4987,check-only,incorrect data check,200,703,246,457,0.3504,1,0
corrupted/saveas/text/confidential_doc_leak_collusion_investigation(saveas)_stream_zlib.pdf,saveas,text,19,749,1671,1,323,0.4312,check-only,incorrect data check,426,1665,560,1105,0.3351,1,0
corrupted/saveas/text/confidential_doc_leak_collusion_investigation(saveas)_stream_zlib.pdf,saveas,text,22,27340,63440,1,5432,0.1987,check-only,incorrect data check,21908,63440,9557,53883,0.1506,3,2
corrupted/saveas/text/confidential_doc_leak_collusion_investigation(saveas)_stream_zlib.pdf,saveas,text,23,457,1006,1,427,0.9344,check-only,incorrect data check,30,1010,949,61,0.9433,1,0
corrupted/saveas/text/confidential_doc_leak_collusion_investigation(saveas)_stream_zlib.pdf,saveas,text,25,626,1677,1,297,0.4744,check-only,incorrect data check,329,1658,515,1143,0.3071,1,0
corrupted/saveas/text/confidential_doc_leak_collusion_investigation(saveas)_stream_zlib.pdf,saveas,text,27,467,1053,1,412,0.8822,check-only,incorrect data check,55,1053,918,135,0.8718,1,0
corrupted/saveas/text/confidential_doc_leak_collusion_investigation(saveas)_stream_zlib.pdf,saveas,text,32,10753,37636,1,2439,0.2268,check-only,incorrect data check,8314,37630,16216,21414,0.4309,2,1
corrupted/saveas/text/confidential_doc_leak_collusion_investigation(saveas)_stream_zlib.pdf,saveas,text,34,392,911,1,359,0.9158,check-only,incorrect data check,33,936,850,86,0.933,1,0
corrupted/saveas/text/confidential_doc_leak_collusion_investigation(saveas)_stream_zlib.pdf,saveas,text,35,6332,13244,1,4001,0.6319,check-only,incorrect data check,2331,13249,8229,5020,0.6213,1,0
corrupted/saveas/text/confidential_doc_leak_collusion_investigation(saveas)_stream_zlib.pdf,saveas,text,36,470,1008,1,269,0.5723,check-only,incorrect data check,201,995,433,562,0.4296,1,0
corrupted/saveas/text/confidential_doc_leak_collusion_investigation(saveas)_stream_zlib.pdf,saveas,text,37,13103,30816,1,5338,0.4074,check-only,incorrect data check,7765,30818,14945,15873,0.485,2,1
corrupted/saveas/text/confidential_doc_leak_collusion_investigation(saveas)_stream_zlib.pdf,saveas,text,39,4811,10236,1,1223,0.2542,check-only,incorrect data check,3588,10223,3291,6932,0.3215,1,0
corrupted/saveas/text/confidential_doc_leak_collusion_investigation(saveas)_stream_zlib.pdf,saveas,text,41,12845,32492,1,5044,0.3927,check-only,incorrect data check,7801,32493,15559,16934,0.4789,2,1
corrupted/saveas/text/confidential_doc_leak_collusion_investigation(saveas)_stream_zlib.pdf,saveas,text,42,620,1684,1,68,0.1097,data-error,invalid distance too far back,2,14,13,1,0.0077,1,0
corrupted/saveas/text/confidential_doc_leak_collusion_investigation(saveas)_stream_zlib.pdf,saveas,text,45,11271,26268,1,9110,0.8083,check-only,incorrect data check,2161,26267,20079,6188,0.7644,2,1
corrupted/saveas/text/confidential_doc_leak_collusion_investigation(saveas)_stream_zlib.pdf,saveas,text,47,2537,8540,1,1009,0.3977,data-error,invalid distance too far back,4,3260,3247,13,0.3802,1,0
corrupted/saveas/text/digital_data_security_guidelines(saveas)_stream_zlib.pdf,saveas,text,0,3124,19738,1,847,0.2711,data-error,invalid distance too far back,3,3442,3442,0,0.1744,1,0
corrupted/saveas/text/digital_data_security_guidelines(saveas)_stream_zlib.pdf,saveas,text,2,7835,87078,1,7310,0.933,check-only,incorrect data check,525,87113,81346,5767,0.9342,1,0
corrupted/saveas/text/digital_data_security_guidelines(saveas)_stream_zlib.pdf,saveas,text,3,3085,18887,1,2195,0.7115,check-only,incorrect data check,890,18887,12765,6122,0.6759,1,0
corrupted/saveas/text/digital_data_security_guidelines(saveas)_stream_zlib.pdf,saveas,text,4,3468,21119,1,1337,0.3855,data-error,invalid distance too far back,16,6173,6024,149,0.2852,1,0
corrupted/saveas/text/digital_data_security_guidelines(saveas)_stream_zlib.pdf,saveas,text,7,5909,44752,1,4493,0.7604,check-only,incorrect data check,1416,44752,26771,17981,0.5982,1,0
corrupted/saveas/text/digital_data_security_guidelines(saveas)_stream_zlib.pdf,saveas,text,9,8794,18620,1,8685,0.9876,check-only,incorrect data check,109,18635,18522,113,0.9947,1,0
corrupted/saveas/text/digital_data_security_guidelines(saveas)_stream_zlib.pdf,saveas,text,14,8571,41932,1,3724,0.4345,check-only,incorrect data check,4847,41934,20049,21885,0.4781,1,0
corrupted/saveas/text/digital_data_security_guidelines(saveas)_stream_zlib.pdf,saveas,text,17,1335,3515,1,159,0.1191,check-only,incorrect data check,1176,3515,121,3394,0.0344,1,0
corrupted/saveas/text/digital_data_security_guidelines(saveas)_stream_zlib.pdf,saveas,text,20,12030,25836,1,8391,0.6975,check-only,incorrect data check,3639,25832,17555,8277,0.6795,2,1
corrupted/saveas/text/digital_data_security_guidelines(saveas)_stream_zlib.pdf,saveas,text,24,27120,64304,1,3064,0.113,check-only,incorrect data check,24056,64304,9729,54575,0.1513,3,2
corrupted/saveas/text/digital_data_security_guidelines(saveas)_stream_zlib.pdf,saveas,text,30,3045,7440,1,409,0.1343,data-error,invalid distance too far back,6,436,422,14,0.0567,1,0
corrupted/saveas/text/digital_data_security_guidelines(saveas)_stream_zlib.pdf,saveas,text,32,6306,13448,1,404,0.0641,check-only,incorrect data check,5902,13464,362,13102,0.0269,1,0
corrupted/saveas/text/digital_data_security_guidelines(saveas)_stream_zlib.pdf,saveas,text,36,12555,31212,1,3319,0.2644,check-only,incorrect data check,9236,31210,6922,24288,0.2218,2,1
corrupted/saveas/text/digital_data_security_guidelines(saveas)_stream_zlib.pdf,saveas,text,37,547,1635,1,168,0.3071,data-error,invalid distance too far back,3,159,159,0,0.0972,1,0
corrupted/saveas/text/digital_data_security_guidelines(saveas)_stream_zlib.pdf,saveas,text,38,15125,35904,1,13718,0.907,check-only,incorrect data check,1407,35845,32906,2939,0.9165,2,0
corrupted/saveas/text/digital_data_security_guidelines(saveas)_stream_zlib.pdf,saveas,text,40,16680,53988,1,16633,0.9972,check-only,incorrect data check,47,53988,53931,57,0.9989,2,0
corrupted/saveas/text/educational_technology_elearning_safety_guidelines_multilang(saveas)_stream_zlib.pdf,saveas,text,0,3346,22517,1,1197,0.3577,check-only,incorrect data check,2149,22519,5706,16813,0.2534,1,0
corrupted/saveas/text/educational_technology_elearning_safety_guidelines_multilang(saveas)_stream_zlib.pdf,saveas,text,7,5726,44040,1,5533,0.9663,check-only,incorrect data check,193,44144,40362,3782,0.9165,1,0
corrupted/saveas/text/educational_technology_elearning_safety_guidelines_multilang(saveas)_stream_zlib.pdf,saveas,text,8,4518,40755,1,2977,0.6589,check-only,incorrect data check,1541,40887,10370,30517,0.2544,1,0
corrupted/saveas/text/educational_technology_elearning_safety_guidelines_multilang(saveas)_stream_zlib.pdf,saveas,text,9,3700,17580,1,120,0.0324,data-error,invalid distance too far back,2,73,73,0,0.0042,1,0
corrupted/saveas/text/educational_technology_elearning_safety_guidelines_multilang(saveas)_stream_zlib.pdf,saveas,text,11,9256,31216,1,6103,0.6594,data-error,invalid distance too far back,4,18755,18754,1,0.6008,1,0
corrupted/saveas/text/educational_technology_elearning_safety_guidelines_multilang(saveas)_stream_zlib.pdf,saveas,text,13,317,506,1,219,0.6909,check-only,incorrect data check,98,506,293,213,0.5791,1,0
corrupted/saveas/text/educational_technology_elearning_safety_guidelines_multilang(saveas)_stream_zlib.pdf,saveas,text,17,1356,3501,1,290,0.2139,data-error,invalid distance too far back,8,403,386,17,0.1103,1,0
corrupted/saveas/text/educational_technology_elearning_safety_guidelines_multilang(saveas)_stream_zlib.pdf,saveas,text,23,5641,15064,1,3877,0.6873,check-only,incorrect data check,1764,15049,9813,5236,0.6514,1,0
corrupted/saveas/text/educational_technology_elearning_safety_guidelines_multilang(saveas)_stream_zlib.pdf,saveas,text,30,3749,8452,1,3265,0.8709,check-only,incorrect data check,484,8452,7362,1090,0.871,1,0
corrupted/saveas/text/educational_technology_elearning_safety_guidelines_multilang(saveas)_stream_zlib.pdf,saveas,text,32,4086,9208,1,2579,0.6312,check-only,incorrect data check,1507,9211,5432,3779,0.5899,1,0
corrupted/saveas/text/educational_technology_elearning_safety_guidelines_multilang(saveas)_stream_zlib.pdf,saveas,text,39,707,2240,1,261,0.3692,data-error,invalid distance too far back,2,379,379,0,0.1692,1,0
corrupted/saveas/text/educational_technology_elearning_safety_guidelines_multilang(saveas)_stream_zlib.pdf,saveas,text,40,24276,49676,1,14312,0.5896,check-only,incorrect data check,9964,49675,28109,21566,0.5658,3,1
corrupted/saveas/text/global_cloud_datacenter_cooling_failure_report(saveas)_stream_zlib.pdf,saveas,text,11,6033,11088,1,1897,0.3144,check-only,incorrect data check,4136,11081,3646,7435,0.3288,1,0
corrupted/saveas/text/global_cloud_datacenter_cooling_failure_report(saveas)_stream_zlib.pdf,saveas,text,15,23041,92372,1,3510,0.1523,check-only,incorrect data check,19531,92357,34236,58121,0.3706,3,2
corrupted/saveas/text/global_cloud_datacenter_cooling_failure_report(saveas)_stream_zlib.pdf,saveas,text,19,717,1516,1,684,0.954,check-only,incorrect data check,33,1510,1459,51,0.9624,1,0
corrupted/saveas/text/global_cloud_datacenter_cooling_failure_report(saveas)_stream_zlib.pdf,saveas,text,22,26072,61708,1,17871,0.6854,check-only,incorrect data check,8201,61709,30323,31386,0.4914,3,1
corrupted/saveas/text/global_cloud_datacenter_cooling_failure_report(saveas)_stream_zlib.pdf,saveas,text,28,13717,33060,1,7539,0.5496,check-only,incorrect data check,6178,33066,16752,16314,0.5067,2,1
corrupted/saveas/text/global_cloud_datacenter_cooling_failure_report(saveas)_stream_zlib.pdf,saveas,text,29,2907,5380,1,1929,0.6636,check-only,incorrect data check,978,5380,3176,2204,0.5903,1,0
corrupted/saveas/text/global_cloud_datacenter_cooling_failure_report(saveas)_stream_zlib.pdf,saveas,text,33,314,698,1,149,0.4745,check-only,incorrect data check,165,727,150,577,0.2149,1,0
corrupted/saveas/text/global_cloud_datacenter_cooling_failure_report(saveas)_stream_zlib.pdf,saveas,text,40,13487,31944,1,5456,0.4045,check-only,incorrect data check,8031,31944,10136,21808,0.3173,2,1
corrupted/saveas/text/global_cloud_datacenter_cooling_failure_report(saveas)_stream_zlib.pdf,saveas,text,42,16783,38244,1,8952,0.5334,check-only,incorrect data check,7831,38244,21711,16533,0.5677,2,1
corrupted/saveas/text/global_cloud_datacenter_cooling_failure_report(saveas)_stream_zlib.pdf,saveas,text,44,13999,49184,1,5837,0.417,check-only,incorrect data check,8162,49184,12195,36989,0.2479,2,1
corrupted/saveas/text/global_cloud_datacenter_cooling_failure_report(saveas)_stream_zlib.pdf,saveas,text,46,2312,7651,1,71,0.0307,data-error,invalid distance too far back,4,8,5,3,0.0007,1,0
corrupted/saveas/text/green_energy_sustainable_living_guidelines_multilang(saveas)_stream_zlib.pdf,saveas,text,4,3394,20417,1,2942,0.8668,check-only,incorrect data check,452,20381,17253,3128,0.845,1,0
corrupted/saveas/text/green_energy_sustainable_living_guidelines_multilang(saveas)_stream_zlib.pdf,saveas,text,6,4642,40054,1,4456,0.9599,check-only,incorrect data check,186,39805,36296,3509,0.9062,1,0
corrupted/saveas/text/green_energy_sustainable_living_guidelines_multilang(saveas)_stream_zlib.pdf,saveas,text,7,5760,44047,1,902,0.1566,data-error,invalid distance too far back,2,1672,1672,0,0.038,1,0
corrupted/saveas/text/green_energy_sustainable_living_guidelines_multilang(saveas)_stream_zlib.pdf,saveas,text,8,5819,37984,1,2127,0.3655,check-only,incorrect data check,3692,37990,12170,25820,0.3204,1,0
corrupted/saveas/text/green_energy_sustainable_living_guidelines_multilang(saveas)_stream_zlib.pdf,saveas,text,12,19698,116864,1,8745,0.444,check-only,incorrect data check,10953,116864,64521,52343,0.5521,2,1
corrupted/saveas/text/green_energy_sustainable_living_guidelines_multilang(saveas)_stream_zlib.pdf,saveas,text,13,307,492,1,98,0.3192,check-only,incorrect data check,209,494,75,419,0.1524,1,0
corrupted/saveas/text/green_energy_sustainable_living_guidelines_multilang(saveas)_stream_zlib.pdf,saveas,text,14,10020,66248,1,6722,0.6709,check-only,incorrect data check,3298,66231,53715,12516,0.8108,1,0
corrupted/saveas/text/green_energy_sustainable_living_guidelines_multilang(saveas)_stream_zlib.pdf,saveas,text,18,40086,109432,1,36110,0.9008,check-only,incorrect data check,3976,109432,87838,21594,0.8027,5,1
corrupted/saveas/text/green_energy_sustainable_living_guidelines_multilang(saveas)_stream_zlib.pdf,saveas,text,20,6954,18452,1,2977,0.4281,check-only,incorrect data check,3977,18460,8808,9652,0.4773,1,0
corrupted/saveas/text/green_energy_sustainable_living_guidelines_multilang(saveas)_stream_zlib.pdf,saveas,text,22,14354,29096,1,7160,0.4988,check-only,incorrect data check,7194,29104,12838,16266,0.4412,2,1
corrupted/saveas/text/green_energy_sustainable_living_guidelines_multilang(saveas)_stream_zlib.pdf,saveas,text,23,630,1697,1,33,0.0524,data-error,invalid literal/lengths set,25,0,0,0,0.0,1,0
corrupted/saveas/text/green_energy_sustainable_living_guidelines_multilang(saveas)_stream_zlib.pdf,saveas,text,24,13614,27328,1,11430,0.8396,check-only,incorrect data check,2184,27331,22256,5075,0.8144,2,0
corrupted/saveas/text/green_energy_sustainable_living_guidelines_multilang(saveas)_stream_zlib.pdf,saveas,text,28,321,590,1,267,0.8318,check-only,incorrect data check,54,590,467,123,0.7915,1,0
corrupted/saveas/text/green_energy_sustainable_living_guidelines_multilang(saveas)_stream_zlib.pdf,saveas,text,31,4188,9552,1,1564,0.3734,check-only,incorrect data check,2624,9586,4119,5467,0.4312,1,0
corrupted/saveas/text/green_energy_sustainable_living_guidelines_multilang(saveas)_stream_zlib.pdf,saveas,text,33,13837,31780,1,5188,0.3749,check-only,incorrect data check,8649,31797,14677,17120,0.4618,2,1
corrupted/saveas/text/green_energy_sustainable_living_guidelines_multilang(saveas)_stream_zlib.pdf,saveas,text,34,390,824,1,387,0.9923,check-only,incorrect data check,3,824,824,0,1.0,1,0
corrupted/saveas/text/green_energy_sustainable_living_guidelines_multilang(saveas)_stream_zlib.pdf,saveas,text,35,11532,30144,1,9307,0.8071,check-only,incorrect data check,2225,30145,22026,8119,0.7307,2,1
corrupted/saveas/text/green_energy_sustainable_living_guidelines_multilang(saveas)_stream_zlib.pdf,saveas,text,37,12104,43280,1,5492,0.4537,check-only,incorrect data check,6612,43280,11951,31329,0.2761,2,1
corrupted/saveas/text/health_wellbeing_digital_age_guidelines_multilang(saveas)_stream_zlib.pdf,saveas,text,2,6844,79765,1,1928,0.2817,check-only,incorrect data check,4916,79715,18374,61341,0.2304,1,0
corrupted/saveas/text/health_wellbeing_digital_age_guidelines_multilang(saveas)_stream_zlib.pdf,saveas,text,10,16549,88548,1,3485,0.2106,check-only,incorrect data check,13064,88548,31681,56867,0.3578,2,1
corrupted/saveas/text/health_wellbeing_digital_age_guidelines_multilang(saveas)_stream_zlib.pdf,saveas,text,14,6699,56548,1,4937,0.737,check-only,incorrect data check,1762,56555,38125,18430,0.6742,1,0
corrupted/saveas/text/health_wellbeing_digital_age_guidelines_multilang(saveas)_stream_zlib.pdf,saveas,text,15,1411,3599,1,520,0.3685,check-only,incorrect data check,891,3603,1090,2513,0.3029,1,0
corrupted/saveas/text/health_wellbeing_digital_age_guidelines_multilang(saveas)_stream_zlib.pdf,saveas,text,18,4158,12436,1,2711,0.652,check-only,incorrect data check,1447,12399,7925,4474,0.6373,1,0
corrupted/saveas/text/health_wellbeing_digital_age_guidelines_multilang(saveas)_stream_zlib.pdf,saveas,text,19,647,1820,1,311,0.4807,data-error,invalid distance too far back,3,553,552,1,0.3033,1,0
corrupted/saveas/text/health_wellbeing_digital_age_guidelines_multilang(saveas)_stream_zlib.pdf,saveas,text,20,23719,58640,1,18517,0.7807,check-only,incorrect data check,5202,58644,44429,14215,0.7577,3,1
corrupted/saveas/text/health_wellbeing_digital_age_guidelines_multilang(saveas)_stream_zlib.pdf,saveas,text,22,337,628,1,116,0.3442,check-only,incorrect data check,221,629,95,534,0.1513,1,0
corrupted/saveas/text/health_wellbeing_digital_age_guidelines_multilang(saveas)_stream_zlib.pdf,saveas,text,30,7770,18164,1,5867,0.7551,check-only,incorrect data check,1903,18167,13437,4730,0.7398,1,0
corrupted/saveas/text/health_wellbeing_digital_age_guidelines_multilang(saveas)_stream_zlib.pdf,saveas,text,32,3010,10864,1,1313,0.4362,check-only,incorrect data check,1697,10869,4522,6347,0.4162,1,0
corrupted/saveas/text/illegal_item_trading_money_laundering_in_games(saveas)_stream_zlib.pdf,saveas,text,0,2504,15505,1,957,0.3822,data-error,invalid distance too far back,676,8931,4391,4540,0.2832,1,0
corrupted/saveas/text/illegal_item_trading_money_laundering_in_games(saveas)_stream_zlib.pdf,saveas,text,3,2568,14702,1,2180,0.8489,check-only,incorrect data check,388,14702,12183,2519,0.8287,1,0
corrupted/saveas/text/illegal_item_trading_money_laundering_in_games(saveas)_stream_zlib.pdf,saveas,text,7,5858,40963,1,1591,0.2716,check-only,incorrect data check,4267,41207,2945,38262,0.0719,1,0
corrupted/saveas/text/illegal_item_trading_money_laundering_in_games(saveas)_stream_zlib.pdf,saveas,text,9,227,337,1,66,0.2907,data-error,invalid distance too far back,3,23,20,3,0.0593,1,0
corrupted/saveas/text/illegal_item_trading_money_laundering_in_games(saveas)_stream_zlib.pdf,saveas,text,10,10172,33584,1,8746,0.8598,check-only,incorrect data check,1426,33576,30632,2944,0.9121,2,1
corrupted/saveas/text/illegal_item_trading_money_laundering_in_games(saveas)_stream_zlib.pdf,saveas,text,12,18576,43716,1,6767,0.3643,check-only,incorrect data check,11809,43720,12779,30941,0.2923,2,1
corrupted/saveas/text/illegal_item_trading_money_laundering_in_games(saveas)_stream_zlib.pdf,saveas,text,15,19727,117092,1,8835,0.4479,check-only,incorrect data check,10892,117130,64941,52189,0.5546,2,1
corrupted/saveas/text/illegal_item_trading_money_laundering_in_games(saveas)_stream_zlib.pdf,saveas,text,18,14499,77472,1,10442,0.7202,check-only,incorrect data check,4057,77361,62180,15181,0.8026,2,0
corrupted/saveas/text/illegal_item_trading_money_laundering_in_games(saveas)_stream_zlib.pdf,saveas,text,20,38557,79712,1,3717,0.0964,check-only,incorrect data check,34840,79711,6591,73120,0.0827,4,3
corrupted/saveas/text/illegal_item_trading_money_laundering_in_games(saveas)_stream_zlib.pdf,saveas,text,22,23086,82464,1,12741,0.5519,check-only,incorrect data check,10345,82464,49876,32588,0.6048,3,1
corrupted/saveas/text/illegal_item_trading_money_laundering_in_games(saveas)_stream_zlib.pdf,saveas,text,24,13479,34856,1,7067,0.5243,check-only,incorrect data check,6412,34868,15736,19132,0.4515,2,1
corrupted/saveas/text/illegal_item_trading_money_laundering_in_games(saveas)_stream_zlib.pdf,saveas,text,33,11418,28420,1,4852,0.4249,check-only,incorrect data check,6566,28420,11834,16586,0.4164,2,1
corrupted/saveas/text/illegal_item_trading_money_laundering_in_games(saveas)_stream_zlib.pdf,saveas,text,35,23022,92336,1,19067,0.8282,check-only,incorrect data check,3955,92381,81861,10520,0.8866,3,1
corrupted/saveas/text/illegal_item_trading_money_laundering_in_games(saveas)_stream_zlib.pdf,saveas,text,41,14889,33400,1,6964,0.4677,check-only,incorrect data check,7925,33402,16983,16419,0.5085,2,1
corrupted/saveas/text/illegal_item_trading_money_laundering_in_games(saveas)_stream_zlib.pdf,saveas,text,42,519,1393,1,325,0.6262,check-only,incorrect data check,194,1406,675,731,0.4846,1,0
corrupted/saveas/text/illegal_item_trading_money_laundering_in_games(saveas)_stream_zlib.pdf,saveas,text,43,15431,36484,1,14654,0.9496,check-only,incorrect data check,777,36448,34573,1875,0.9476,2,0
corrupted/saveas/text/illegal_item_trading_money_laundering_in_games(saveas)_stream_zlib.pdf,saveas,text,45,13306,42404,1,5249,0.3945,check-only,incorrect data check,8057,42404,11631,30773,0.2743,2,1
corrupted/saveas/text/messenger_app_data_misuse_investigation(saveas)_stream_zlib.pdf,saveas,text,2,3783,36232,1,764,0.202,check-only,incorrect data check,3019,36309,6018,30291,0.1661,1,0
corrupted/saveas/text/messenger_app_data_misuse_investigation(saveas)_stream_zlib.pdf,saveas,text,3,2118,12188,1,963,0.4547,check-only,incorrect data check,1155,12164,4208,7956,0.3453,1,0
corrupted/saveas/text/messenger_app_data_misuse_investigation(saveas)_stream_zlib.pdf,saveas,text,5,3940,40440,1,1124,0.2853,check-only,incorrect data check,2816,40526,9555,30971,0.2363,1,0
corrupted/saveas/text/messenger_app_data_misuse_investigation(saveas)_stream_zlib.pdf,saveas,text,7,6546,38032,1,2413,0.3686,check-only,incorrect data check,4133,38055,7260,30795,0.1909,1,0
corrupted/saveas/text/messenger_app_data_misuse_investigation(saveas)_stream_zlib.pdf,saveas,text,9,5599,10152,1,5318,0.9498,check-only,incorrect data check,281,10152,9468,684,0.9326,1,0
corrupted/saveas/text/messenger_app_data_misuse_investigation(saveas)_stream_zlib.pdf,saveas,text,10,20425,118240,1,431,0.0211,data-error,invalid distance too far back,2,399,399,0,0.0034,2,1
corrupted/saveas/text/messenger_app_data_misuse_investigation(saveas)_stream_zlib.pdf,saveas,text,15,415,730,1,331,0.7976,check-only,incorrect data check,84,730,558,172,0.7644,1,0
corrupted/saveas/text/messenger_app_data_misuse_investigation(saveas)_stream_zlib.pdf,saveas,text,16,6708,54148,1,6647,0.9909,check-only,incorrect data check,61,54149,54058,91,0.9983,1,0
corrupted/saveas/text/messenger_app_data_misuse_investigation(saveas)_stream_zlib.pdf,saveas,text,23,4488,13280,1,999,0.2226,check-only,incorrect data check,3489,13280,4828,8452,0.3636,1,0
corrupted/saveas/text/messenger_app_data_misuse_investigation(saveas)_stream_zlib.pdf,saveas,text,27,7990,22120,1,1544,0.1932,check-only,incorrect data check,6446,22124,4606,17518,0.2082,1,0
corrupted/saveas/text/messenger_app_data_misuse_investigation(saveas)_stream_zlib.pdf,saveas,text,37,2207,7441,1,1838,0.8328,check-only,incorrect data check,369,7446,6424,1022,0.8633,1,0
corrupted/saveas/text/open_source_software_contribution_guidelines_multilang(saveas)_stream_zlib.pdf,saveas,text,0,3723,24169,1,890,0.2391,check-only,incorrect data check,2833,24295,3633,20662,0.1503,1,0
corrupted/saveas/text/open_source_software_contribution_guidelines_multilang(saveas)_stream_zlib.pdf,saveas,text,9,3740,18004,1,1151,0.3078,check-only,incorrect data check,2589,17935,4661,13274,0.2589,1,0
corrupted/saveas/text/open_source_software_contribution_guidelines_multilang(saveas)_stream_zlib.pdf,saveas,text,11,4174,10900,1,2979,0.7137,check-only,incorrect data check,1195,10900,7211,3689,0.6616,1,0
corrupted/saveas/text/open_source_software_contribution_guidelines_multilang(saveas)_stream_zlib.pdf,saveas,text,12,25892,81056,1,13173,0.5088,check-only,incorrect data check,12719,81087,57284,23803,0.7067,3,1
corrupted/saveas/text/open_source_software_contribution_guidelines_multilang(saveas)_stream_zlib.pdf,saveas,text,13,402,887,1,356,0.8856,check-only,incorrect data check,17,808,786,22,0.8861,1,0
corrupted/saveas/text/open_source_software_contribution_guidelines_multilang(saveas)_stream_zlib.pdf,saveas,text,14,16224,45080,1,9834,0.6061,check-only,incorrect data check,6390,45133,26686,18447,0.592,2,0
corrupted/saveas/text/open_source_software_contribution_guidelines_multilang(saveas)_stream_zlib.pdf,saveas,text,19,22998,85136,1,16536,0.719,check-only,incorrect data check,6462,85145,66370,18775,0.7796,3,1
corrupted/saveas/text/open_source_software_contribution_guidelines_multilang(saveas)_stream_zlib.pdf,saveas,text,23,5868,15400,1,1544,0.2631,check-only,incorrect data check,4324,15422,6081,9341,0.3949,1,0
corrupted/saveas/text/open_source_software_contribution_guidelines_multilang(saveas)_stream_zlib.pdf,saveas,text,25,10060,26952,1,3704,0.3682,check-only,incorrect data check,6356,26987,9612,17375,0.3566,1,0
corrupted/saveas/text/open_source_software_contribution_guidelines_multilang(saveas)_stream_zlib.pdf,saveas,text,27,7715,33184,1,730,0.0946,check-only,incorrect data check,6985,33171,9144,24027,0.2756,1,0
corrupted/saveas/text/open_source_software_contribution_guidelines_multilang(saveas)_stream_zlib.pdf,saveas,text,29,7649,23920,1,4141,0.5414,check-only,incorrect data check,3508,23988,13677,10311,0.5718,1,0
corrupted/saveas/text/open_source_software_contribution_guidelines_multilang(saveas)_stream_zlib.pdf,saveas,text,30,6517,14040,1,3897,0.598,check-only,incorrect data check,2620,14043,8288,5755,0.5903,1,0
corrupted/saveas/text/open_source_software_contribution_guidelines_multilang(saveas)_stream_zlib.pdf,saveas,text,31,328,640,1,221,0.6738,check-only,incorrect data check,107,640,313,327,0.4891,1,0
corrupted/saveas/text/open_source_software_contribution_guidelines_multilang(saveas)_stream_zlib.pdf,saveas,text,32,6398,12320,1,755,0.118,check-only,incorrect data check,5643,12325,2171,10154,0.1762,1,0
corrupted/saveas/text/open_source_software_contribution_guidelines_multilang(saveas)_stream_zlib.pdf,saveas,text,34,14200,33828,1,3164,0.2228,check-only,incorrect data check,11036,33829,6600,27229,0.1951,2,1
corrupted/saveas/text/open_source_software_contribution_guidelines_multilang(saveas)_stream_zlib.pdf,saveas,text,40,3286,11823,1,2859,0.8701,check-only,incorrect data check,427,11823,10604,1219,0.8969,1,0
corrupted/saveas/text/personal_finance_cyber_fraud_prevention_guidelines_multilang(saveas)_stream_zlib.pdf,saveas,text,0,3236,21963,1,222,0.0686,data-error,invalid distance too far back,3,203,202,1,0.0092,1,0
corrupted/saveas/text/personal_finance_cyber_fraud_prevention_guidelines_multilang(saveas)_stream_zlib.pdf,saveas,text,2,7533,88501,1,2593,0.3442,check-only,incorrect data check,4940,88483,26220,62263,0.2963,1,0
corrupted/saveas/text/personal_finance_cyber_fraud_prevention_guidelines_multilang(saveas)_stream_zlib.pdf,saveas,text,3,3315,22712,1,2989,0.9017,check-only,incorrect data check,326,22675,20778,1897,0.9148,1,0
corrupted/saveas/text/personal_finance_cyber_fraud_prevention_guidelines_multilang(saveas)_stream_zlib.pdf,saveas,text,5,7642,90605,1,7256,0.9495,check-only,incorrect data check,386,90537,86882,3655,0.9589,1,0
corrupted/saveas/text/personal_finance_cyber_fraud_prevention_guidelines_multilang(saveas)_stream_zlib.pdf,saveas,text,8,4529,40782,1,1105,0.244,check-only,incorrect data check,3424,40855,2303,38552,0.0565,1,0
corrupted/saveas/text/personal_finance_cyber_fraud_prevention_guidelines_multilang(saveas)_stream_zlib.pdf,saveas,text,9,4453,23799,1,3746,0.8412,check-only,incorrect data check,707,23799,17061,6738,0.7169,1,0
corrupted/saveas/text/personal_finance_cyber_fraud_prevention_guidelines_multilang(saveas)_stream_zlib.pdf,saveas,text,10,5852,10544,1,2974,0.5082,check-only,incorrect data check,2878,10544,5514,5030,0.523,1,0
corrupted/saveas/text/personal_finance_cyber_fraud_prevention_guidelines_multilang(saveas)_stream_zlib.pdf,saveas,text,12,8927,18812,1,255,0.0286,check-only,incorrect data check,8672,18812,176,18636,0.0094,1,0
corrupted/saveas/text/personal_finance_cyber_fraud_prevention_guidelines_multilang(saveas)_stream_zlib.pdf,saveas,text,14,312,506,1,281,0.9006,check-only,incorrect data check,31,508,438,70,0.8656,1,0
corrupted/saveas/text/personal_finance_cyber_fraud_prevention_guidelines_multilang(saveas)_stream_zlib.pdf,saveas,text,15,10250,44540,1,5559,0.5423,check-only,incorrect data check,4691,44540,22784,21756,0.5115,2,1
corrupted/saveas/text/personal_finance_cyber_fraud_prevention_guidelines_multilang(saveas)_stream_zlib.pdf,saveas,text,19,9229,60048,1,1981,0.2146,check-only,incorrect data check,7248,60048,33260,26788,0.5539,2,1
corrupted/saveas/text/personal_finance_cyber_fraud_prevention_guidelines_multilang(saveas)_stream_zlib.pdf,saveas,text,23,684,1826,1,147,0.2149,check-only,incorrect data check,537,1832,123,1709,0.0674,1,0
corrupted/saveas/text/personal_finance_cyber_fraud_prevention_guidelines_multilang(saveas)_stream_zlib.pdf,saveas,text,26,4095,12456,1,1190,0.2906,check-only,incorrect data check,2905,12458,5143,7315,0.4129,1,0
corrupted/saveas/text/personal_finance_cyber_fraud_prevention_guidelines_multilang(saveas)_stream_zlib.pdf,saveas,text,29,7911,22124,1,3492,0.4414,check-only,incorrect data check,4419,22124,8244,13880,0.3726,1,0
corrupted/saveas/text/personal_finance_cyber_fraud_prevention_guidelines_multilang(saveas)_stream_zlib.pdf,saveas,text,31,410,824,1,61,0.1488,data-error,invalid distance too far back,4,10,8,2,0.0097,1,0
corrupted/saveas/text/personal_finance_cyber_fraud_prevention_guidelines_multilang(saveas)_stream_zlib.pdf,saveas,text,33,4358,7844,1,2831,0.6496,check-only,incorrect data check,1527,7846,4615,3231,0.5883,1,0
corrupted/saveas/text/personal_finance_cyber_fraud_prevention_guidelines_multilang(saveas)_stream_zlib.pdf,saveas,text,35,8581,21316,1,6608,0.7701,check-only,incorrect data check,1973,21333,15239,6094,0.7149,1,0
corrupted/saveas/text/personal_finance_cyber_fraud_prevention_guidelines_multilang(saveas)_stream_zlib.pdf,saveas,text,37,7787,18068,1,7364,0.9457,check-only,incorrect data check,423,18067,17154,913,0.9494,1,0
corrupted/saveas/text/personal_finance_cyber_fraud_prevention_guidelines_multilang(saveas)_stream_zlib.pdf,saveas,text,39,10328,32492,1,7908,0.7657,data-error,invalid distance too far back,2213,31629,22464,9165,0.6914,2,1
corrupted/saveas/text/personal_finance_cyber_fraud_prevention_guidelines_multilang(saveas)_stream_zlib.pdf,saveas,text,41,3398,12250,1,179,0.0527,data-error,invalid distance too far back,2,257,256,1,0.0209,1,0
corrupted/saveas/text/remote_work_home_office_guidelines(saveas)_stream_zlib.pdf,saveas,text,2,6576,72468,1,1832,0.2786,data-error,invalid distance too far back,6,16050,15973,77,0.2204,1,0
corrupted/saveas/text/remote_work_home_office_guidelines(saveas)_stream_zlib.pdf,saveas,text,10,25892,81056,1,14189,0.548,check-only,incorrect data check,11703,81057,58714,22343,0.7244,3,1
corrupted/saveas/text/remote_work_home_office_guidelines(saveas)_stream_zlib.pdf,saveas,text,11,16889,89132,1,6324,0.3744,check-only,incorrect data check,10565,89111,37547,51564,0.4213,2,1
corrupted/saveas/text/remote_work_home_office_guidelines(saveas)_stream_zlib.pdf,saveas,text,12,11991,23220,1,9082,0.7574,check-only,incorrect data check,2909,23220,18540,4680,0.7984,2,1
corrupted/saveas/text/remote_work_home_office_guidelines(saveas)_stream_zlib.pdf,saveas,text,13,292,449,1,265,0.9075,check-only,incorrect data check,27,441,392,49,0.8731,1,0
corrupted/saveas/text/remote_work_home_office_guidelines(saveas)_stream_zlib.pdf,saveas,text,16,12960,65832,1,10115,0.7805,check-only,incorrect data check,2845,65833,45676,20157,0.6938,2,0
corrupted/saveas/text/remote_work_home_office_guidelines(saveas)_stream_zlib.pdf,saveas,text,18,101599,200564,1,64579,0.6356,check-only,incorrect data check,37020,200566,113660,86906,0.5667,10,3
corrupted/saveas/text/remote_work_home_office_guidelines(saveas)_stream_zlib.pdf,saveas,text,19,328,616,1,74,0.2256,data-error,invalid distance too far back,2,31,31,0,0.0503,1,0
corrupted/saveas/text/remote_work_home_office_guidelines(saveas)_stream_zlib.pdf,saveas,text,20,3694,11688,1,146,0.0395,data-error,invalid distance too far back,5,32,28,4,0.0024,1,0
corrupted/saveas/text/remote_work_home_office_guidelines(saveas)_stream_zlib.pdf,saveas,text,23,727,2201,1,388,0.5337,data-error,invalid distance too far back,328,2151,902,1249,0.4098,1,0
corrupted/saveas/text/remote_work_home_office_guidelines(saveas)_stream_zlib.pdf,saveas,text,25,8025,22044,1,2580,0.3215,check-only,incorrect data check,5445,22044,6814,15230,0.3091,1,0
corrupted/saveas/text/remote_work_home_office_guidelines(saveas)_stream_zlib.pdf,saveas,text,26,7953,21152,1,3393,0.4266,check-only,incorrect data check,4560,21175,9027,12148,0.4268,1,0
corrupted/saveas/text/remote_work_home_office_guidelines(saveas)_stream_zlib.pdf,saveas,text,27,4469,7564,1,3983,0.8913,check-only,incorrect data check,486,7569,6215,1354,0.8217,1,0
corrupted/saveas/text/remote_work_home_office_guidelines(saveas)_stream_zlib.pdf,saveas,text,30,341,682,1,103,0.3021,check-only,incorrect data check,238,684,81,603,0.1188,1,0
corrupted/saveas/text/remote_work_home_office_guidelines(saveas)_stream_zlib.pdf,saveas,text,33,3363,8220,1,1545,0.4594,check-only,incorrect data check,1818,8215,3695,4520,0.4495,1,0
corrupted/saveas/text/remote_work_home_office_guidelines(saveas)_stream_zlib.pdf,saveas,text,35,9125,21596,1,493,0.054,check-only,incorrect data check,8632,21589,1503,20086,0.0696,1,0
corrupted/saveas/text/remote_work_home_office_guidelines(saveas)_stream_zlib.pdf,saveas,text,36,697,1946,1,596,0.8551,check-only,incorrect data check,101,1944,1630,314,0.8376,1,0
corrupted/saveas/text/remote_work_home_office_guidelines(saveas)_stream_zlib.pdf,saveas,text,39,2900,10290,1,2607,0.899,check-only,incorrect data check,293,10282,9593,689,0.9323,1,0
corrupted/saveas/text/smart_city_data_privacy_guidelines_multilang(saveas)_stream_zlib.pdf,saveas,text,4,3727,24518,1,3,0.0008,data-error,invalid code lengths set,8,0,0,0,0.0,1,0
corrupted/saveas/text/smart_city_data_privacy_guidelines_multilang(saveas)_stream_zlib.pdf,saveas,text,5,7658,89181,1,1922,0.251,check-only,incorrect data check,5736,89075,18843,70232,0.2113,1,0
corrupted/saveas/text/smart_city_data_privacy_guidelines_multilang(saveas)_stream_zlib.pdf,saveas,text,7,5783,44527,1,4328,0.7484,check-only,incorrect data check,1455,43669,30801,12868,0.6917,1,0
corrupted/saveas/text/smart_city_data_privacy_guidelines_multilang(saveas)_stream_zlib.pdf,saveas,text,11,10237,16624,1,6919,0.6759,check-only,incorrect data check,3318,16626,10686,5940,0.6428,2,1
corrupted/saveas/text/smart_city_data_privacy_guidelines_multilang(saveas)_stream_zlib.pdf,saveas,text,12,335,632,1,36,0.1075,data-error,invalid literal/lengths set,17,0,0,0,0.0,1,0
corrupted/saveas/text/smart_city_data_privacy_guidelines_multilang(saveas)_stream_zlib.pdf,saveas,text,13,7608,23976,1,1166,0.1533,check-only,incorrect data check,6442,23976,8391,15585,0.35,1,0
corrupted/saveas/text/smart_city_data_privacy_guidelines_multilang(saveas)_stream_zlib.pdf,saveas,text,15,294,464,1,158,0.5374,check-only,incorrect data check,136,464,175,289,0.3772,1,0
corrupted/saveas/text/smart_city_data_privacy_guidelines_multilang(saveas)_stream_zlib.pdf,saveas,text,17,1341,3386,1,173,0.129,check-only,incorrect data check,1168,3386,136,3250,0.0402,1,0
corrupted/saveas/text/smart_city_data_privacy_guidelines_multilang(saveas)_stream_zlib.pdf,saveas,text,18,110205,213052,1,73503,0.667,check-only,incorrect data check,36702,213052,127204,85848,0.5971,11,3
corrupted/saveas/text/smart_city_data_privacy_guidelines_multilang(saveas)_stream_zlib.pdf,saveas,text,19,344,653,1,81,0.2355,check-only,incorrect data check,263,653,39,614,0.0597,1,0
corrupted/saveas/text/smart_city_data_privacy_guidelines_multilang(saveas)_stream_zlib.pdf,saveas,text,20,3087,10832,1,483,0.1565,check-only,incorrect data check,2604,10792,2805,7987,0.259,1,0
corrupted/saveas/text/smart_city_data_privacy_guidelines_multilang(saveas)_stream_zlib.pdf,saveas,text,21,704,2082,1,682,0.9688,check-only,incorrect data check,22,2082,2045,37,0.9822,1,0
corrupted/saveas/text/smart_city_data_privacy_guidelines_multilang(saveas)_stream_zlib.pdf,saveas,text,22,22541,53552,1,10817,0.4799,check-only,incorrect data check,11724,53552,22334,31218,0.4171,3,1
corrupted/saveas/text/smart_city_data_privacy_guidelines_multilang(saveas)_stream_zlib.pdf,saveas,text,24,9413,19356,1,4739,0.5035,check-only,incorrect data check,4674,19443,10178,9265,0.5258,1,0
corrupted/saveas/text/smart_city_data_privacy_guidelines_multilang(saveas)_stream_zlib.pdf,saveas,text,26,5879,12388,1,5799,0.9864,check-only,incorrect data check,80,12388,12258,130,0.9895,1,0
corrupted/saveas/text/smart_city_data_privacy_guidelines_multilang(saveas)_stream_zlib.pdf,saveas,text,28,15207,33468,1,9498,0.6246,check-only,incorrect data check,5709,33468,20287,13181,0.6062,2,0
corrupted/saveas/text/smart_city_data_privacy_guidelines_multilang(saveas)_stream_zlib.pdf,saveas,text,30,6225,18420,1,4610,0.7406,check-only,incorrect data check,1615,18427,13477,4950,0.7317,1,0
corrupted/saveas/text/smart_city_data_privacy_guidelines_multilang(saveas)_stream_zlib.pdf,saveas,text,31,477,1198,1,160,0.3354,data-error,invalid distance too far back,6,165,150,15,0.1252,1,0
corrupted/saveas/text/smart_factory_robot_malfunction_analysis(saveas)_stream_zlib.pdf,saveas,text,0,2342,14970,1,1565,0.6682,check-only,incorrect data check,777,15006,8407,6599,0.5616,1,0
corrupted/saveas/text/smart_factory_robot_malfunction_analysis(saveas)_stream_zlib.pdf,saveas,text,2,4133,41140,1,2124,0.5139,data-error,invalid distance too far back,23,20374,20130,244,0.4893,1,0
corrupted/saveas/text/smart_factory_robot_malfunction_analysis(saveas)_stream_zlib.pdf,saveas,text,3,2576,14740,1,2534,0.9837,check-only,incorrect data check,42,14580,14317,263,0.9713,1,0
corrupted/saveas/text/smart_factory_robot_malfunction_analysis(saveas)_stream_zlib.pdf,saveas,text,7,7774,46157,1,6818,0.877,check-only,incorrect data check,956,46252,41247,5005,0.8936,1,0
corrupted/saveas/text/smart_factory_robot_malfunction_analysis(saveas)_stream_zlib.pdf,saveas,text,14,23041,92372,1,8460,0.3672,check-only,incorrect data check,14581,92359,42769,49590,0.463,3,2
corrupted/saveas/text/smart_factory_robot_malfunction_analysis(saveas)_stream_zlib.pdf,saveas,text,16,26080,61800,1,18132,0.6952,check-only,incorrect data check,7948,61801,30690,31111,0.4966,3,1
corrupted/saveas/text/smart_factory_robot_malfunction_analysis(saveas)_stream_zlib.pdf,saveas,text,20,13120,32604,1,9571,0.7295,check-only,incorrect data check,3549,32604,20868,11736,0.64,2,0
corrupted/saveas/text/smart_factory_robot_malfunction_analysis(saveas)_stream_zlib.pdf,saveas,text,22,10001,27856,1,8450,0.8449,check-only,incorrect data check,1551,27832,23632,4200,0.8484,1,0
corrupted/saveas/text/smart_factory_robot_malfunction_analysis(saveas)_stream_zlib.pdf,saveas,text,24,8300,22768,1,917,0.1105,check-only,incorrect data check,7383,22765,3508,19257,0.1541,1,0
corrupted/saveas/text/smart_factory_robot_malfunction_analysis(saveas)_stream_zlib.pdf,saveas,text,26,11825,29148,1,4350,0.3679,check-only,incorrect data check,7475,29148,10638,18510,0.365,2,1
corrupted/saveas/text/smart_factory_robot_malfunction_analysis(saveas)_stream_zlib.pdf,saveas,text,29,452,976,1,136,0.3009,data-error,invalid distance too far back,2,116,116,0,0.1189,1,0
corrupted/saveas/text/smart_factory_robot_malfunction_analysis(saveas)_stream_zlib.pdf,saveas,text,30,14595,33308,1,9311,0.638,incomplete,,,31720,20366,11354,0.6114,2,1
corrupted/saveas/text/smart_factory_robot_malfunction_analysis(saveas)_stream_zlib.pdf,saveas,text,31,19389,81740,1,2223,0.1147,check-only,incorrect data check,17166,81739,30565,51174,0.3739,2,1
corrupted/saveas/text/smart_factory_robot_malfunction_analysis(saveas)_stream_zlib.pdf,saveas,text,32,498,1293,1,44,0.0884,data-error,invalid literal/lengths set,14,0,0,0,0.0,1,0
corrupted/saveas/text+img/global_agriculture_food_security_climate_impact(saveas)_stream_zlib.pdf,saveas,text+img,0,3260,16024,1,167,0.0512,data-error,invalid distance too far back,4,118,117,1,0.0073,1,0
corrupted/saveas/text+img/global_agriculture_food_security_climate_impact(saveas)_stream_zlib.pdf,saveas,text+img,2,9622,105887,1,6701,0.6964,check-only,incorrect data check,2921,105887,74567,31320,0.7042,1,0
corrupted/saveas/text+img/global_agriculture_food_security_climate_impact(saveas)_stream_zlib.pdf,saveas,text+img,3,20385,816408,1,18288,0.8971,check-only,incorrect data check,2097,816663,684339,132324,0.8382,3,1
corrupted/saveas/text+img/global_agriculture_food_security_climate_impact(saveas)_stream_zlib.pdf,saveas,text+img,5,3512,17733,1,945,0.2691,data-error,invalid distance too far back,6,3233,3224,9,0.1818,1,0
corrupted/saveas/text+img/global_agriculture_food_security_climate_impact(saveas)_stream_zlib.pdf,saveas,text+img,11,6070,45288,1,4288,0.7064,check-only,incorrect data check,1782,45288,28601,16687,0.6315,1,0
corrupted/saveas/text+img/global_agriculture_food_security_climate_impact(saveas)_stream_zlib.pdf,saveas,text+img,13,3971,21134,1,3685,0.928,check-only,incorrect data check,286,21141,15405,5736,0.7289,1,0
corrupted/saveas/text+img/global_agriculture_food_security_climate_impact(saveas)_stream_zlib.pdf,saveas,text+img,15,309,584,1,201,0.6505,check-only,incorrect data check,108,581,265,316,0.4538,1,0
corrupted/saveas/text+img/global_agriculture_food_security_climate_impact(saveas)_stream_zlib.pdf,saveas,text+img,22,45368,106872,1,44540,0.9817,check-only,incorrect data check,828,106340,100226,6114,0.9378,5,0
corrupted/saveas/text+img/global_agriculture_food_security_climate_impact(saveas)_stream_zlib.pdf,saveas,text+img,23,22998,85136,1,4579,0.1991,check-only,incorrect data check,18419,85142,28986,56156,0.3405,3,2
corrupted/saveas/text+img/global_agriculture_food_security_climate_impact(saveas)_stream_zlib.pdf,saveas,text+img,24,476,1174,1,325,0.6828,check-only,incorrect data check,151,1178,669,509,0.5698,1,0
corrupted/saveas/text+img/global_agriculture_food_security_climate_impact(saveas)_stream_zlib.pdf,saveas,text+img,25,14015,28580,1,8907,0.6355,check-only,incorrect data check,5108,28615,15286,13329,0.5348,2,1
corrupted/saveas/text+img/global_agriculture_food_security_climate_impact(saveas)_stream_zlib.pdf,saveas,text+img,28,623,1628,1,173,0.2777,data-error,invalid distance too far back,9,181,164,17,0.1007,1,0
corrupted/saveas/text+img/global_agriculture_food_security_climate_impact(saveas)_stream_zlib.pdf,saveas,text+img,29,9693,26652,1,936,0.0966,data-error,invalid distance too far back,741,5245,4102,1143,0.1539,1,0
corrupted/saveas/text+img/global_agriculture_food_security_climate_impact(saveas)_stream_zlib.pdf,saveas,text+img,30,8411,22796,1,6611,0.786,check-only,incorrect data check,1800,22769,16141,6628,0.7081,1,0
corrupted/saveas/text+img/global_agriculture_food_security_climate_impact(saveas)_stream_zlib.pdf,saveas,text+img,31,4138,7316,1,2341,0.5657,check-only,incorrect data check,1797,7319,3696,3623,0.5052,1,0
corrupted/saveas/text+img/global_agriculture_food_security_climate_impact(saveas)_stream_zlib.pdf,saveas,text+img,32,338,711,1,292,0.8639,check-only,incorrect data check,46,709,615,94,0.865,1,0
corrupted/saveas/text+img/global_agriculture_food_security_climate_impact(saveas)_stream_zlib.pdf,saveas,text+img,33,3710,8400,1,2616,0.7051,check-only,incorrect data check,1094,8402,5357,3045,0.6377,1,0
corrupted/saveas/text+img/global_agriculture_food_security_climate_impact(saveas)_stream_zlib.pdf,saveas,text+img,35,6683,13040,1,6593,0.9865,check-only,incorrect data check,90,13046,12923,123,0.991,1,0
corrupted/saveas/text+img/global_ai_technology_investment_and_industry_adoption(saveas)_stream_zlib.pdf,saveas,text+img,7,7361,80524,1,2255,0.3063,check-only,incorrect data check,5106,80379,21614,58765,0.2684,1,0
corrupted/saveas/text+img/global_ai_technology_investment_and_industry_adoption(saveas)_stream_zlib.pdf,saveas,text+img,9,5780,43921,1,3849,0.6659,check-only,incorrect data check,1931,43912,18972,24940,0.432,1,0
corrupted/saveas/text+img/global_ai_technology_investment_and_industry_adoption(saveas)_stream_zlib.pdf,saveas,text+img,10,5313,34415,1,2776,0.5225,check-only,incorrect data check,2537,34446,21594,12852,0.6275,1,0
corrupted/saveas/text+img/global_ai_technology_investment_and_industry_adoption(saveas)_stream_zlib.pdf,saveas,text+img,11,3687,10152,1,1013,0.2747,check-only,incorrect data check,2674,10157,4345,5812,0.428,1,0
corrupted/saveas/text+img/global_ai_technology_investment_and_industry_adoption(saveas)_stream_zlib.pdf,saveas,text+img,12,25892,81056,1,11451,0.4423,check-only,incorrect data check,14441,81059,52924,28135,0.6529,3,1
corrupted/saveas/text+img/global_ai_technology_investment_and_industry_adoption(saveas)_stream_zlib.pdf,saveas,text+img,14,11409,18252,1,8201,0.7188,check-only,incorrect data check,3208,18253,12500,5753,0.6849,2,1
corrupted/saveas/text+img/global_ai_technology_investment_and_industry_adoption(saveas)_stream_zlib.pdf,saveas,text+img,19,89315,166840,1,15271,0.171,check-only,incorrect data check,74044,166833,37804,129029,0.2266,9,7
corrupted/saveas/text+img/global_ai_technology_investment_and_industry_adoption(saveas)_stream_zlib.pdf,saveas,text+img,20,934,2201,1,38,0.0407,data-error,invalid code -- missing end-of-block,22,0,0,0,0.0,1,0
corrupted/saveas/text+img/global_ai_technology_investment_and_industry_adoption(saveas)_stream_zlib.pdf,saveas,text+img,22,22998,85136,1,2222,0.0966,check-only,incorrect data check,20776,85137,24618,60519,0.2892,3,2
corrupted/saveas/text+img/global_ai_technology_investment_and_industry_adoption(saveas)_stream_zlib.pdf,saveas,text+img,24,13276,27188,1,7778,0.5859,check-only,incorrect data check,5498,27188,13557,13631,0.4986,2,1
corrupted/saveas/text+img/global_ai_technology_investment_and_industry_adoption(saveas)_stream_zlib.pdf,saveas,text+img,26,644,1674,1,564,0.8758,check-only,incorrect data check,80,1674,1442,232,0.8614,1,0
corrupted/saveas/text+img/global_ai_technology_investment_and_industry_adoption(saveas)_stream_zlib.pdf,saveas,text+img,28,740,2316,1,571,0.7716,data-error,invalid distance too far back,159,2269,1693,576,0.731,1,0
corrupted/saveas/text+img/global_ai_technology_investment_and_industry_adoption(saveas)_stream_zlib.pdf,saveas,text+img,32,4057,7176,1,3700,0.912,check-only,incorrect data check,357,7175,6296,879,0.8774,1,0
corrupted/saveas/text+img/global_ai_technology_investment_and_industry_adoption(saveas)_stream_zlib.pdf,saveas,text+img,36,5579,11280,1,131,0.0235,check-only,incorrect data check,5448,11280,14,11266,0.0012,1,0
corrupted/saveas/text+img/global_ai_technology_investment_and_industry_adoption(saveas)_stream_zlib.pdf,saveas,text+img,38,8792,27520,1,5400,0.6142,check-only,incorrect data check,3392,27520,13266,14254,0.482,1,0
corrupted/saveas/text+img/global_ai_technology_investment_and_industry_adoption(saveas)_stream_zlib.pdf,saveas,text+img,39,609,1705,1,553,0.908,check-only,incorrect data check,56,1709,1573,136,0.9226,1,0
corrupted/saveas/text+img/global_ai_technology_investment_and_industry_adoption(saveas)_stream_zlib.pdf,saveas,text+img,44,2919,10199,1,8,0.0027,data-error,invalid code lengths set,3,0,0,0,0.0,1,0
corrupted/saveas/text+img/global_climate_change_indicators_and_ghg_emissions(saveas)_stream_zlib.pdf,saveas,text+img,2,1987,10491,1,1452,0.7307,check-only,incorrect data check,535,10447,7459,2988,0.711,1,0
corrupted/saveas/text+img/global_climate_change_indicators_and_ghg_emissions(saveas)_stream_zlib.pdf,saveas,text+img,10,5955,39689,1,2851,0.4788,check-only,incorrect data check,3104,39672,24066,15606,0.6064,1,0
corrupted/saveas/text+img/global_climate_change_indicators_and_ghg_emissions(saveas)_stream_zlib.pdf,saveas,text+img,18,23299,92684,1,571,0.0245,check-only,incorrect data check,22728,92684,1621,91063,0.0175,3,2
corrupted/saveas/text+img/global_climate_change_indicators_and_ghg_emissions(saveas)_stream_zlib.pdf,saveas,text+img,24,37587,123956,1,28304,0.753,data-error,invalid block type,5,83713,83711,2,0.6753,4,1
corrupted/saveas/text+img/global_climate_change_indicators_and_ghg_emissions(saveas)_stream_zlib.pdf,saveas,text+img,30,9493,25488,1,817,0.0861,check-only,incorrect data check,8676,25488,3133,22355,0.1229,1,0
corrupted/saveas/text+img/global_climate_change_indicators_and_ghg_emissions(saveas)_stream_zlib.pdf,saveas,text+img,32,395,826,1,288,0.7291,check-only,incorrect data check,107,804,502,302,0.6077,1,0
corrupted/saveas/text+img/global_climate_change_indicators_and_ghg_emissions(saveas)_stream_zlib.pdf,saveas,text+img,36,500,1109,1,115,0.23,data-error,invalid distance too far back,4,94,85,9,0.0766,1,0
corrupted/saveas/text+img/global_climate_change_indicators_and_ghg_emissions(saveas)_stream_zlib.pdf,saveas,text+img,37,14258,32684,1,14128,0.9909,check-only,incorrect data check,130,32683,32516,167,0.9949,2,0
corrupted/saveas/text+img/global_climate_change_indicators_and_ghg_emissions(saveas)_stream_zlib.pdf,saveas,text+img,40,421,953,1,258,0.6128,check-only,incorrect data check,163,939,413,526,0.4334,1,0
corrupted/saveas/text+img/global_climate_change_indicators_and_ghg_emissions(saveas)_stream_zlib.pdf,saveas,text+img,41,13660,31168,1,7528,0.5511,check-only,incorrect data check,6132,31168,16820,14348,0.5397,2,1
corrupted/saveas/text+img/global_climate_change_indicators_and_ghg_emissions(saveas)_stream_zlib.pdf,saveas,text+img,43,18018,68332,1,6532,0.3625,check-only,incorrect data check,11486,68332,13982,54350,0.2046,2,1
corrupted/saveas/text+img/global_climate_change_indicators_and_ghg_emissions(saveas)_stream_zlib.pdf,saveas,text+img,45,6867,16804,1,1318,0.1919,check-only,incorrect data check,5549,16808,3113,13695,0.1853,1,0
corrupted/saveas/text+img/global_climate_change_indicators_and_ghg_emissions(saveas)_stream_zlib.pdf,saveas,text+img,47,3070,10640,1,426,0.1388,check-only,incorrect data check,2644,10646,899,9747,0.0845,1,0
corrupted/saveas/text+img/global_esports_and_gaming_industry_growth(saveas)_stream_zlib.pdf,saveas,text+img,3,8288,87070,1,2158,0.2604,data-error,invalid distance too far back,1,19755,19755,0,0.2269,1,0
corrupted/saveas/text+img/global_esports_and_gaming_industry_growth(saveas)_stream_zlib.pdf,saveas,text+img,7,7689,83967,1,929,0.1208,data-error,invalid distance too far back,4,6059,6055,4,0.0721,1,0
corrupted/saveas/text+img/global_esports_and_gaming_industry_growth(saveas)_stream_zlib.pdf,saveas,text+img,9,6019,44473,1,3602,0.5984,check-only,incorrect data check,2417,44453,19731,24722,0.4437,1,0
corrupted/saveas/text+img/global_esports_and_gaming_industry_growth(saveas)_stream_zlib.pdf,saveas,text+img,15,23022,92336,1,10957,0.4759,check-only,incorrect data check,12065,92337,61798,30539,0.6693,3,1
corrupted/saveas/text+img/global_esports_and_gaming_industry_growth(saveas)_stream_zlib.pdf,saveas,text+img,19,1188,2918,1,354,0.298,check-only,incorrect data check,834,2918,596,2322,0.2042,1,0
corrupted/saveas/text+img/global_esports_and_gaming_industry_growth(saveas)_stream_zlib.pdf,saveas,text+img,20,75214,133072,1,40670,0.5407,check-only,incorrect data check,34544,133069,65127,67942,0.4894,9,4
corrupted/saveas/text+img/global_esports_and_gaming_industry_growth(saveas)_stream_zlib.pdf,saveas,text+img,28,29708,77064,1,7017,0.2362,check-only,incorrect data check,22691,77003,14207,62796,0.1844,3,2
corrupted/saveas/text+img/global_esports_and_gaming_industry_growth(saveas)_stream_zlib.pdf,saveas,text+img,30,6850,127608,1,6099,0.8904,check-only,incorrect data check,751,127610,126389,1221,0.9904,1,0
corrupted/saveas/text+img/global_esports_and_gaming_industry_growth(saveas)_stream_zlib.pdf,saveas,text+img,36,453,989,1,373,0.8234,check-only,incorrect data check,80,1001,758,243,0.7664,1,0
corrupted/saveas/text+img/global_esports_and_gaming_industry_growth(saveas)_stream_zlib.pdf,saveas,text+img,42,620,1733,1,232,0.3742,check-only,incorrect data check,388,1717,283,1434,0.1633,1,0
corrupted/saveas/text+img/global_esports_and_gaming_industry_growth(saveas)_stream_zlib.pdf,saveas,text+img,43,6830,16376,1,4572,0.6694,check-only,incorrect data check,2258,16381,10557,5824,0.6447,1,0
corrupted/saveas/text+img/global_ev_market_growth_statistics(saveas)_stream_zlib.pdf,saveas,text+img,1,37296,657072,1,34794,0.9329,check-only,incorrect data check,2502,657073,545333,111740,0.8299,4,1
corrupted/saveas/text+img/global_ev_market_growth_statistics(saveas)_stream_zlib.pdf,saveas,text+img,4,2342,9881,1,806,0.3442,check-only,incorrect data check,1536,9913,2764,7149,0.2797,1,0
corrupted/saveas/text+img/global_ev_market_growth_statistics(saveas)_stream_zlib.pdf,saveas,text+img,5,2948,13851,1,345,0.117,data-error,invalid distance too far back,4,477,475,2,0.0343,1,0
corrupted/saveas/text+img/global_ev_market_growth_statistics(saveas)_stream_zlib.pdf,saveas,text+img,8,4683,39630,1,4273,0.9124,check-only,incorrect data check,410,35077,31248,3829,0.7885,1,0
corrupted/saveas/text+img/global_ev_market_growth_statistics(saveas)_stream_zlib.pdf,saveas,text+img,10,3078,15916,1,685,0.2225,check-only,incorrect data check,2393,15916,3946,11970,0.2479,1,0
corrupted/saveas/text+img/global_ev_market_growth_statistics(saveas)_stream_zlib.pdf,saveas,text+img,15,22998,85136,1,22882,0.995,check-only,incorrect data check,116,85128,84824,304,0.9963,3,0
corrupted/saveas/text+img/global_ev_market_growth_statistics(saveas)_stream_zlib.pdf,saveas,text+img,16,344,562,1,29,0.0843,data-error,invalid bit length repeat,10,0,0,0,0.0,1,0
corrupted/saveas/text+img/global_ev_market_growth_statistics(saveas)_stream_zlib.pdf,saveas,text+img,17,12373,47552,1,5982,0.4835,check-only,incorrect data check,6391,47552,23404,24148,0.4922,2,1
corrupted/saveas/text+img/global_ev_market_growth_statistics(saveas)_stream_zlib.pdf,saveas,text+img,21,23917,84076,1,22726,0.9502,check-only,incorrect data check,1191,84079,66850,17229,0.7951,3,0
corrupted/saveas/text+img/global_ev_market_growth_statistics(saveas)_stream_zlib.pdf,saveas,text+img,23,16355,49332,1,6922,0.4232,check-only,incorrect data check,9433,49406,28163,21243,0.5709,2,1
corrupted/saveas/text+img/global_ev_market_growth_statistics(saveas)_stream_zlib.pdf,saveas,text+img,24,590,1611,1,117,0.1983,check-only,incorrect data check,13,105,88,17,0.0546,1,0
corrupted/saveas/text+img/global_ev_market_growth_statistics(saveas)_stream_zlib.pdf,saveas,text+img,29,9344,19352,1,3871,0.4143,check-only,incorrect data check,5473,19350,8720,10630,0.4506,1,0
corrupted/saveas/text+img/global_ev_market_growth_statistics(saveas)_stream_zlib.pdf,saveas,text+img,31,3517,8080,1,3380,0.961,check-only,incorrect data check,137,8068,7748,320,0.9589,1,0
corrupted/saveas/text+img/global_ev_market_growth_statistics(saveas)_stream_zlib.pdf,saveas,text+img,32,450,1094,1,269,0.5978,check-only,incorrect data check,181,1090,431,659,0.394,1,0
corrupted/saveas/text+img/global_ev_market_growth_statistics(saveas)_stream_zlib.pdf,saveas,text+img,33,8295,16712,1,6590,0.7945,check-only,incorrect data check,1705,16703,12837,3866,0.7681,1,0
corrupted/saveas/text+img/global_ev_market_growth_statistics(saveas)_stream_zlib.pdf,saveas,text+img,37,15310,35416,1,9043,0.5907,check-only,incorrect data check,6267,35416,16249,19167,0.4588,2,1
corrupted/saveas/text+img/global_ev_market_growth_statistics(saveas)_stream_zlib.pdf,saveas,text+img,38,634,1890,1,376,0.5931,check-only,incorrect data check,258,1881,865,1016,0.4577,1,0
corrupted/saveas/text+img/global_ev_market_growth_statistics(saveas)_stream_zlib.pdf,saveas,text+img,43,2533,8687,1,476,0.1879,data-error,invalid distance too far back,3,1142,1140,2,0.1312,1,0
corrupted/saveas/text+img/global_healthcare_digital_health_patient_data_trends(saveas)_stream_zlib.pdf,saveas,text+img,0,3156,17162,1,1048,0.3321,check-only,incorrect data check,2108,17192,4583,12609,0.267,1,0
corrupted/saveas/text+img/global_healthcare_digital_health_patient_data_trends(saveas)_stream_zlib.pdf,saveas,text+img,2,134,30710,1,65,0.4851,check-only,incorrect data check,69,30710,12351,18359,0.4022,1,0
corrupted/saveas/text+img/global_healthcare_digital_health_patient_data_trends(saveas)_stream_zlib.pdf,saveas,text+img,4,9213,98391,1,3773,0.4095,check-only,incorrect data check,5440,98380,38294,60086,0.3892,1,0
corrupted/saveas/text+img/global_healthcare_digital_health_patient_data_trends(saveas)_stream_zlib.pdf,saveas,text+img,7,131,29930,1,117,0.8931,check-only,incorrect data check,13,29205,27783,1422,0.9283,1,0
corrupted/saveas/text+img/global_healthcare_digital_health_patient_data_trends(saveas)_stream_zlib.pdf,saveas,text+img,8,3851,19114,1,584,0.1516,data-error,invalid distance too far back,7,1676,1665,11,0.0871,1,0
corrupted/saveas/text+img/global_healthcare_digital_health_patient_data_trends(saveas)_stream_zlib.pdf,saveas,text+img,9,8645,103752,1,5211,0.6028,check-only,incorrect data check,3434,103797,59776,44021,0.5761,1,0
corrupted/saveas/text+img/global_healthcare_digital_health_patient_data_trends(saveas)_stream_zlib.pdf,saveas,text+img,10,4518,39612,1,1843,0.4079,data-error,invalid distance too far back,7,3598,3589,9,0.0906,1,0
corrupted/saveas/text+img/global_healthcare_digital_health_patient_data_trends(saveas)_stream_zlib.pdf,saveas,text+img,11,5993,44925,1,3603,0.6012,check-only,incorrect data check,2390,45413,23611,21802,0.5256,1,0
corrupted/saveas/text+img/global_healthcare_digital_health_patient_data_trends(saveas)_stream_zlib.pdf,saveas,text+img,12,7680,55997,1,5241,0.6824,check-only,incorrect data check,2439,56058,43162,12896,0.7708,1,0
corrupted/saveas/text+img/global_healthcare_digital_health_patient_data_trends(saveas)_stream_zlib.pdf,saveas,text+img,13,3879,10392,1,2901,0.7479,check-only,incorrect data check,978,10325,7444,2881,0.7163,1,0
corrupted/saveas/text+img/global_healthcare_digital_health_patient_data_trends(saveas)_stream_zlib.pdf,saveas,text+img,14,25892,81056,1,25258,0.9755,check-only,incorrect data check,634,81056,79465,1591,0.9804,3,0
corrupted/saveas/text+img/global_healthcare_digital_health_patient_data_trends(saveas)_stream_zlib.pdf,saveas,text+img,15,226,337,1,163,0.7212,check-only,incorrect data check,63,337,197,140,0.5846,1,0
corrupted/saveas/text+img/global_healthcare_digital_health_patient_data_trends(saveas)_stream_zlib.pdf,saveas,text+img,16,19868,117136,1,9589,0.4826,check-only,incorrect data check,10279,117641,66333,51308,0.5663,2,1
corrupted/saveas/text+img/global_healthcare_digital_health_patient_data_trends(saveas)_stream_zlib.pdf,saveas,text+img,18,18459,60868,1,7528,0.4078,check-only,incorrect data check,10931,60870,29237,31633,0.4803,2,1
corrupted/saveas/text+img/global_healthcare_digital_health_patient_data_trends(saveas)_stream_zlib.pdf,saveas,text+img,19,240,351,1,207,0.8625,check-only,incorrect data check,33,335,277,58,0.7892,1,0
corrupted/saveas/text+img/global_healthcare_digital_health_patient_data_trends(saveas)_stream_zlib.pdf,saveas,text+img,22,2616600,4300228,1,274736,0.105,check-only,incorrect data check,2341864,4300228,629429,3670799,0.1464,292,261
corrupted/saveas/text+img/global_healthcare_digital_health_patient_data_trends(saveas)_stream_zlib.pdf,saveas,text+img,24,12258,364012,1,12247,0.9991,incomplete,,,364143,363998,145,1.0,2,0
corrupted/saveas/text+img/global_healthcare_digital_health_patient_data_trends(saveas)_stream_zlib.pdf,saveas,text+img,25,1242,3100,1,1054,0.8486,check-only,incorrect data check,188,3096,2623,473,0.8461,1,0
corrupted/saveas/text+img/global_healthcare_digital_health_patient_data_trends(saveas)_stream_zlib.pdf,saveas,text+img,28,42522,131296,1,13537,0.3184,check-only,incorrect data check,28985,131296,52955,78341,0.4033,5,3
corrupted/saveas/text+img/global_healthcare_digital_health_patient_data_trends(saveas)_stream_zlib.pdf,saveas,text+img,32,27795,58704,1,22373,0.8049,check-only,incorrect data check,5422,58704,43473,15231,0.7405,3,0
corrupted/saveas/text+img/global_healthcare_digital_health_patient_data_trends(saveas)_stream_zlib.pdf,saveas,text+img,37,340,711,1,248,0.7294,check-only,incorrect data check,92,724,448,276,0.6301,1,0
corrupted/saveas/text+img/global_healthcare_digital_health_patient_data_trends(saveas)_stream_zlib.pdf,saveas,text+img,40,6173,12056,1,2702,0.4377,check-only,incorrect data check,3471,12056,5160,6896,0.428,1,0
corrupted/saveas/text+img/global_healthcare_digital_health_patient_data_trends(saveas)_stream_zlib.pdf,saveas,text+img,42,23041,92372,1,16530,0.7174,check-only,incorrect data check,6511,92372,73541,18831,0.7961,3,1
corrupted/saveas/text+img/global_healthcare_digital_health_patient_data_trends(saveas)_stream_zlib.pdf,saveas,text+img,46,24786,51296,1,7223,0.2914,check-only,incorrect data check,17563,51297,16507,34790,0.3218,3,2
corrupted/saveas/text+img/global_renewable_energy_generation_and_carbon_reduction_analysis(saveas)_stream_zlib.pdf,saveas,text+img,0,2895,13075,1,2085,0.7202,check-only,incorrect data check,810,13079,8790,4289,0.6723,1,0
corrupted/saveas/text+img/global_renewable_energy_generation_and_carbon_reduction_analysis(saveas)_stream_zlib.pdf,saveas,text+img,2,7619,81136,1,2447,0.3212,check-only,incorrect data check,5172,81361,23738,57623,0.2926,1,0
corrupted/saveas/text+img/global_renewable_energy_generation_and_carbon_reduction_analysis(saveas)_stream_zlib.pdf,saveas,text+img,10,4404,27100,1,618,0.1403,check-only,incorrect data check,3786,27110,1007,26103,0.0372,1,0
corrupted/saveas/text+img/global_renewable_energy_generation_and_carbon_reduction_analysis(saveas)_stream_zlib.pdf,saveas,text+img,13,5362,12388,1,716,0.1335,data-error,invalid distance too far back,1210,5300,3310,1990,0.2672,1,0
corrupted/saveas/text+img/global_renewable_energy_generation_and_carbon_reduction_analysis(saveas)_stream_zlib.pdf,saveas,text+img,16,350,590,1,321,0.9171,check-only,incorrect data check,29,584,533,51,0.9034,1,0
corrupted/saveas/text+img/global_renewable_energy_generation_and_carbon_reduction_analysis(saveas)_stream_zlib.pdf,saveas,text+img,19,31075,94884,1,29191,0.9394,check-only,incorrect data check,1884,94909,76603,18306,0.8073,4,0
corrupted/saveas/text+img/global_renewable_energy_generation_and_carbon_reduction_analysis(saveas)_stream_zlib.pdf,saveas,text+img,21,57063,106728,1,3372,0.0591,check-only,incorrect data check,53691,106728,6001,100727,0.0562,7,6
corrupted/saveas/text+img/global_renewable_energy_generation_and_carbon_reduction_analysis(saveas)_stream_zlib.pdf,saveas,text+img,22,25892,81056,1,3879,0.1498,check-only,incorrect data check,22013,81057,23609,57448,0.2913,3,2
corrupted/saveas/text+img/global_renewable_energy_generation_and_carbon_reduction_analysis(saveas)_stream_zlib.pdf,saveas,text+img,24,4701,14204,1,188,0.04,check-only,incorrect data check,4513,14204,75,14129,0.0053,1,0
corrupted/saveas/text+img/global_renewable_energy_generation_and_carbon_reduction_analysis(saveas)_stream_zlib.pdf,saveas,text+img,25,620,1695,1,347,0.5597,check-only,incorrect data check,273,1687,753,934,0.4442,1,0
corrupted/saveas/text+img/global_renewable_energy_generation_and_carbon_reduction_analysis(saveas)_stream_zlib.pdf,saveas,text+img,26,9231,21276,1,5702,0.6177,check-only,incorrect data check,3529,21288,13013,8275,0.6116,1,0
corrupted/saveas/text+img/global_renewable_energy_generation_and_carbon_reduction_analysis(saveas)_stream_zlib.pdf,saveas,text+img,27,659,1814,1,555,0.8422,check-only,incorrect data check,104,1831,1525,306,0.8407,1,0
corrupted/saveas/text+img/global_renewable_energy_generation_and_carbon_reduction_analysis(saveas)_stream_zlib.pdf,saveas,text+img,30,11112,27516,1,10847,0.9762,check-only,incorrect data check,265,27524,27110,414,0.9852,2,0
corrupted/saveas/text+img/global_renewable_energy_generation_and_carbon_reduction_analysis(saveas)_stream_zlib.pdf,saveas,text+img,31,315,598,1,168,0.5333,data-error,invalid distance too far back,4,196,193,3,0.3227,1,0
corrupted/saveas/text+img/global_renewable_energy_generation_and_carbon_reduction_analysis(saveas)_stream_zlib.pdf,saveas,text+img,33,335,675,1,235,0.7015,check-only,incorrect data check,100,672,372,300,0.5511,1,0
corrupted/saveas/text+img/global_renewable_energy_generation_and_carbon_reduction_analysis(saveas)_stream_zlib.pdf,saveas,text+img,35,451,1003,1,248,0.5499,check-only,incorrect data check,203,991,362,629,0.3609,1,0
corrupted/saveas/text+img/global_renewable_energy_generation_and_carbon_reduction_analysis(saveas)_stream_zlib.pdf,saveas,text+img,38,6855,13424,1,6320,0.922,check-only,incorrect data check,535,13424,12342,1082,0.9194,1,0
corrupted/saveas/text+img/global_renewable_energy_generation_and_carbon_reduction_analysis(saveas)_stream_zlib.pdf,saveas,text+img,39,439,993,1,99,0.2255,data-error,invalid distance too far back,4,71,68,3,0.0685,1,0
corrupted/saveas/text+img/global_renewable_energy_generation_and_carbon_reduction_analysis(saveas)_stream_zlib.pdf,saveas,text+img,41,678,2104,1,402,0.5929,check-only,incorrect data check,276,2100,1032,1068,0.4905,1,0
corrupted/saveas/text+img/global_renewable_energy_generation_and_carbon_reduction_analysis(saveas)_stream_zlib.pdf,saveas,text+img,42,14265,33132,1,4833,0.3388,data-error,invalid distance too far back,2953,16573,11164,5409,0.337,2,1
corrupted/saveas/text+img/global_renewable_energy_generation_and_carbon_reduction_analysis(saveas)_stream_zlib.pdf,saveas,text+img,44,16513,52996,1,4271,0.2586,check-only,incorrect data check,12242,52996,9774,43222,0.1844,2,1
corrupted/saveas/text+img/international_tourism_trends_country_spending_patterns_multilang(saveas)_stream_zlib.pdf,saveas,text+img,0,3142,16673,1,1821,0.5796,check-only,incorrect data check,1321,16673,8288,8385,0.4971,1,0
corrupted/saveas/text+img/international_tourism_trends_country_spending_patterns_multilang(saveas)_stream_zlib.pdf,saveas,text+img,3,8364,90758,1,3107,0.3715,check-only,incorrect data check,5257,90793,31356,59437,0.3455,1,0
corrupted/saveas/text+img/international_tourism_trends_country_spending_patterns_multilang(saveas)_stream_zlib.pdf,saveas,text+img,5,4011,20987,1,1519,0.3787,data-error,invalid distance too far back,18,6922,6820,102,0.325,1,0
corrupted/saveas/text+img/international_tourism_trends_country_spending_patterns_multilang(saveas)_stream_zlib.pdf,saveas,text+img,7,8062,89150,1,6916,0.8579,check-only,incorrect data check,1146,89014,75860,13154,0.8509,1,0
corrupted/saveas/text+img/international_tourism_trends_country_spending_patterns_multilang(saveas)_stream_zlib.pdf,saveas,text+img,12,25892,81056,1,17745,0.6853,check-only,incorrect data check,8147,81058,63448,17610,0.7828,3,1
corrupted/saveas/text+img/international_tourism_trends_country_spending_patterns_multilang(saveas)_stream_zlib.pdf,saveas,text+img,13,5857,12988,1,5733,0.9788,check-only,incorrect data check,124,12991,12807,184,0.9861,1,0
corrupted/saveas/text+img/international_tourism_trends_country_spending_patterns_multilang(saveas)_stream_zlib.pdf,saveas,text+img,17,1317,3389,1,863,0.6553,check-only,incorrect data check,454,3386,2194,1192,0.6474,1,0
corrupted/saveas/text+img/international_tourism_trends_country_spending_patterns_multilang(saveas)_stream_zlib.pdf,saveas,text+img,22,4753,13724,1,152,0.032,check-only,incorrect data check,4601,13724,29,13695,0.0021,1,0
corrupted/saveas/text+img/international_tourism_trends_country_spending_patterns_multilang(saveas)_stream_zlib.pdf,saveas,text+img,23,773,2194,1,5,0.0065,data-error,invalid code lengths set,5,0,0,0,0.0,1,0
corrupted/saveas/text+img/international_tourism_trends_country_spending_patterns_multilang(saveas)_stream_zlib.pdf,saveas,text+img,24,10841,29268,1,1073,0.099,check-only,incorrect data check,9768,29268,4210,25058,0.1438,1,0
corrupted/saveas/text+img/international_tourism_trends_country_spending_patterns_multilang(saveas)_stream_zlib.pdf,saveas,text+img,31,488,1280,1,430,0.8811,data-error,invalid distance too far back,48,1235,1112,123,0.8688,1,0
corrupted/saveas/text+img/international_tourism_trends_country_spending_patterns_multilang(saveas)_stream_zlib.pdf,saveas,text+img,32,7312,14196,1,3362,0.4598,check-only,incorrect data check,3950,14196,6608,7588,0.4655,1,0
corrupted/saveas/text+img/international_tourism_trends_country_spending_patterns_multilang(saveas)_stream_zlib.pdf,saveas,text+img,38,7270,17096,1,4182,0.5752,data-error,invalid distance too far back,13,8955,8930,25,0.5223,1,0
corrupted/saveas/text+img/mobile_payment_and_fintech_service_expansion(saveas)_stream_zlib.pdf,saveas,text+img,0,3217,16511,1,2836,0.8816,check-only,incorrect data check,381,16511,14592,1919,0.8838,1,0
corrupted/saveas/text+img/mobile_payment_and_fintech_service_expansion(saveas)_stream_zlib.pdf,saveas,text+img,1,2177,12359,1,581,0.2669,data-error,invalid distance too far back,11,2099,2053,46,0.1661,1,0
corrupted/saveas/text+img/mobile_payment_and_fintech_service_expansion(saveas)_stream_zlib.pdf,saveas,text+img,2,8737,92683,1,3344,0.3827,check-only,incorrect data check,5393,92758,32518,60240,0.3509,1,0
corrupted/saveas/text+img/mobile_payment_and_fintech_service_expansion(saveas)_stream_zlib.pdf,saveas,text+img,3,3327,16831,1,1823,0.5479,check-only,incorrect data check,1504,16833,9113,7720,0.5414,1,0
corrupted/saveas/text+img/mobile_payment_and_fintech_service_expansion(saveas)_stream_zlib.pdf,saveas,text+img,6,8346,94814,1,3946,0.4728,check-only,incorrect data check,4400,94648,43891,50757,0.4629,1,0
corrupted/saveas/text+img/mobile_payment_and_fintech_service_expansion(saveas)_stream_zlib.pdf,saveas,text+img,12,25892,81056,1,4352,0.1681,check-only,incorrect data check,21540,81056,24425,56631,0.3013,3,2
corrupted/saveas/text+img/mobile_payment_and_fintech_service_expansion(saveas)_stream_zlib.pdf,saveas,text+img,13,19396,116372,1,14457,0.7454,check-only,incorrect data check,4939,116373,100405,15968,0.8628,2,0
corrupted/saveas/text+img/mobile_payment_and_fintech_service_expansion(saveas)_stream_zlib.pdf,saveas,text+img,14,11927,36144,1,10992,0.9216,check-only,incorrect data check,935,36177,34261,1916,0.9479,2,0
corrupted/saveas/text+img/mobile_payment_and_fintech_service_expansion(saveas)_stream_zlib.pdf,saveas,text+img,15,326,534,1,64,0.1963,data-error,invalid distance too far back,5,21,15,6,0.0281,1,0
corrupted/saveas/text+img/mobile_payment_and_fintech_service_expansion(saveas)_stream_zlib.pdf,saveas,text+img,16,20826,54216,1,10858,0.5214,check-only,incorrect data check,9968,54216,19139,35077,0.353,3,2
corrupted/saveas/text+img/mobile_payment_and_fintech_service_expansion(saveas)_stream_zlib.pdf,saveas,text+img,17,986,2274,1,597,0.6055,check-only,incorrect data check,389,2267,1331,936,0.5853,1,0
corrupted/saveas/text+img/mobile_payment_and_fintech_service_expansion(saveas)_stream_zlib.pdf,saveas,text+img,19,1087,2707,1,771,0.7093,check-only,incorrect data check,316,2707,1889,818,0.6978,1,0
corrupted/saveas/text+img/mobile_payment_and_fintech_service_expansion(saveas)_stream_zlib.pdf,saveas,text+img,21,226,337,1,149,0.6593,check-only,incorrect data check,77,330,163,167,0.4837,1,0
corrupted/saveas/text+img/mobile_payment_and_fintech_service_expansion(saveas)_stream_zlib.pdf,saveas,text+img,24,14805,46616,1,8388,0.5666,check-only,incorrect data check,6417,46615,33018,13597,0.7083,2,1
corrupted/saveas/text+img/mobile_payment_and_fintech_service_expansion(saveas)_stream_zlib.pdf,saveas,text+img,25,693,1924,1,461,0.6652,data-error,invalid distance too far back,9,1125,1087,38,0.565,1,0
corrupted/saveas/text+img/mobile_payment_and_fintech_service_expansion(saveas)_stream_zlib.pdf,saveas,text+img,26,10088,22668,1,9285,0.9204,check-only,incorrect data check,803,22672,20414,2258,0.9006,2,1
corrupted/saveas/text+img/mobile_payment_and_fintech_service_expansion(saveas)_stream_zlib.pdf,saveas,text+img,28,10501,29780,1,7448,0.7093,data-error,invalid distance too far back,29,21259,21121,138,0.7092,1,0
corrupted/saveas/text+img/mobile_payment_and_fintech_service_expansion(saveas)_stream_zlib.pdf,saveas,text+img,33,5787,12200,1,4114,0.7109,check-only,incorrect data check,1673,12200,8330,3870,0.6828,1,0
corrupted/saveas/text+img/mobile_payment_and_fintech_service_expansion(saveas)_stream_zlib.pdf,saveas,text+img,35,7376,13164,1,1450,0.1966,data-error,invalid distance too far back,7,2531,2520,11,0.1914,1,0
corrupted/saveas/text+img/mobile_payment_and_fintech_service_expansion(saveas)_stream_zlib.pdf,saveas,text+img,36,304,570,1,23,0.0757,data-error,invalid code -- missing end-of-block,31,0,0,0,0.0,1,0
corrupted/saveas/text+img/mobile_payment_and_fintech_service_expansion(saveas)_stream_zlib.pdf,saveas,text+img,37,5074,10512,1,3142,0.6192,check-only,incorrect data check,1932,10512,5949,4563,0.5659,1,0
corrupted/saveas/text+img/mobile_payment_and_fintech_service_expansion(saveas)_stream_zlib.pdf,saveas,text+img,39,6401,16832,1,3890,0.6077,check-only,incorrect data check,2511,16832,9671,7161,0.5746,1,0
corrupted/saveas/text+img/mobile_payment_and_fintech_service_expansion(saveas)_stream_zlib.pdf,saveas,text+img,40,661,2056,1,484,0.7322,check-only,incorrect data check,177,2052,1378,674,0.6702,1,0
corrupted/saveas/text+img/mobile_payment_and_fintech_service_expansion(saveas)_stream_zlib.pdf,saveas,text+img,41,13888,32380,1,13010,0.9368,check-only,incorrect data check,878,32380,30227,2153,0.9335,2,0
corrupted/saveas/text+img/mobile_payment_and_fintech_service_expansion(saveas)_stream_zlib.pdf,saveas,text+img,43,7352,17160,1,6102,0.83,check-only,incorrect data check,1250,17160,13768,3392,0.8023,1,0
corrupted/saveas/text+img/mobile_payment_and_fintech_service_expansion(saveas)_stream_zlib.pdf,saveas,text+img,45,3198,11193,1,438,0.137,check-only,incorrect data check,2760,11192,909,10283,0.0812,1,0
corrupted/saveas/text+img/online_education_elearning_market_growth_analysis(saveas)_stream_zlib.pdf,saveas,text+img,2,1965,11812,1,1555,0.7913,check-only,incorrect data check,410,11812,9128,2684,0.7728,1,0
corrupted/saveas/text+img/online_education_elearning_market_growth_analysis(saveas)_stream_zlib.pdf,saveas,text+img,4,8673,97366,1,4672,0.5387,check-only,incorrect data check,4001,97013,49306,47707,0.5064,1,0
corrupted/saveas/text+img/online_education_elearning_market_growth_analysis(saveas)_stream_zlib.pdf,saveas,text+img,6,4138,23453,1,1064,0.2571,data-error,invalid distance too far back,10,3920,3817,103,0.1628,1,0
corrupted/saveas/text+img/online_education_elearning_market_growth_analysis(saveas)_stream_zlib.pdf,saveas,text+img,15,21795,55764,1,19708,0.9042,check-only,incorrect data check,2087,55746,32552,23194,0.5837,3,1
corrupted/saveas/text+img/online_education_elearning_market_growth_analysis(saveas)_stream_zlib.pdf,saveas,text+img,16,25892,81056,1,10418,0.4024,check-only,incorrect data check,15474,81056,50806,30250,0.6268,3,1
corrupted/saveas/text+img/online_education_elearning_market_growth_analysis(saveas)_stream_zlib.pdf,saveas,text+img,17,1635,4422,1,1557,0.9523,check-only,incorrect data check,78,4423,4263,160,0.964,1,0
corrupted/saveas/text+img/online_education_elearning_market_growth_analysis(saveas)_stream_zlib.pdf,saveas,text+img,19,22998,85136,1,2052,0.0892,check-only,incorrect data check,20946,85136,24230,60906,0.2846,3,2
corrupted/saveas/text+img/online_education_elearning_market_growth_analysis(saveas)_stream_zlib.pdf,saveas,text+img,20,432,951,1,160,0.3704,check-only,incorrect data check,272,951,156,795,0.164,1,0
corrupted/saveas/text+img/online_education_elearning_market_growth_analysis(saveas)_stream_zlib.pdf,saveas,text+img,25,11433,28180,1,822,0.0719,data-error,invalid distance too far back,4626,13250,2800,10450,0.0994,2,1
corrupted/saveas/text+img/online_education_elearning_market_growth_analysis(saveas)_stream_zlib.pdf,saveas,text+img,29,13819,32136,1,743,0.0538,check-only,incorrect data check,13076,32138,3960,28178,0.1232,2,1
corrupted/saveas/text+img/online_education_elearning_market_growth_analysis(saveas)_stream_zlib.pdf,saveas,text+img,31,6715,17680,1,5461,0.8133,check-only,incorrect data check,1254,17676,14746,2930,0.834,1,0
corrupted/saveas/text+img/online_education_elearning_market_growth_analysis(saveas)_stream_zlib.pdf,saveas,text+img,33,26885,58516,1,10205,0.3796,check-only,incorrect data check,16680,58516,17869,40647,0.3054,3,1
corrupted/saveas/text+img/online_education_elearning_market_growth_analysis(saveas)_stream_zlib.pdf,saveas,text+img,35,3017,10808,1,1529,0.5068,check-only,incorrect data check,1488,10803,5382,5421,0.498,1,0
