key,doc,producer,obj,raw_len,plain_len,inflate,cmf,flg,flevel,replay_hits,zlib_match,zlibng_match,pf_ok,pf_corrections,pf_roundtrip,pf_info
o_0,print/text+img/global_agriculture_food_security_climate_impact(print),print,8,27097,65800,ok,120,156,2,,False,False,True,65,True,"10ms TokenPredictorParameters { matches_to_start_detected: true, very_far_matches_detected: true, window_bits: 15, strategy: Default, nice_length: 128, add_policy: AddAll, max_token_count: 32767, zlib_compatible: false, max_dist_3_matches: 4082, matching_type: Lazy { good_length: 8, max_lazy: 16 }, "
o_1,print/text+img/global_agriculture_food_security_climate_impact(print),print,16,12726,24720,ok,120,156,2,,False,False,True,43,True,"3ms TokenPredictorParameters { matches_to_start_detected: true, very_far_matches_detected: false, window_bits: 15, strategy: Default, nice_length: 128, add_policy: AddAll, max_token_count: 16383, zlib_compatible: false, max_dist_3_matches: 3992, matching_type: Lazy { good_length: 8, max_lazy: 16 }, "
o_2,print/text+img/global_agriculture_food_security_climate_impact(print),print,24,15884,38196,ok,120,156,2,,False,False,True,59,True,"4ms TokenPredictorParameters { matches_to_start_detected: true, very_far_matches_detected: true, window_bits: 15, strategy: Default, nice_length: 128, add_policy: AddAll, max_token_count: 16383, zlib_compatible: false, max_dist_3_matches: 4092, matching_type: Lazy { good_length: 8, max_lazy: 16 }, m"
o_3,print/text+img/global_agriculture_food_security_climate_impact(print),print,32,111325,262604,ok,120,156,2,,False,False,True,132,True,"23ms TokenPredictorParameters { matches_to_start_detected: true, very_far_matches_detected: true, window_bits: 15, strategy: Default, nice_length: 128, add_policy: AddAll, max_token_count: 32767, zlib_compatible: false, max_dist_3_matches: 4096, matching_type: Lazy { good_length: 8, max_lazy: 16 }, "
o_4,print/text+img/global_agriculture_food_security_climate_impact(print),print,36,4214,33114,ok,120,156,2,,False,False,True,217,True,"2ms TokenPredictorParameters { matches_to_start_detected: true, very_far_matches_detected: false, window_bits: 15, strategy: Default, nice_length: 258, add_policy: AddFirst(160), max_token_count: 4095, zlib_compatible: false, max_dist_3_matches: 3654, matching_type: Greedy, max_chain: 97, min_len: 3"
o_5,print/text+img/global_agriculture_food_security_climate_impact(print),print,43,46438,108916,ok,120,156,2,,False,False,True,99,True,"11ms TokenPredictorParameters { matches_to_start_detected: true, very_far_matches_detected: true, window_bits: 15, strategy: Default, nice_length: 128, add_policy: AddAll, max_token_count: 32767, zlib_compatible: false, max_dist_3_matches: 4090, matching_type: Lazy { good_length: 8, max_lazy: 16 }, "
o_6,print/text+img/global_agriculture_food_security_climate_impact(print),print,51,111328,268232,ok,120,156,2,,False,False,True,136,True,"25ms TokenPredictorParameters { matches_to_start_detected: true, very_far_matches_detected: true, window_bits: 15, strategy: Default, nice_length: 128, add_policy: AddAll, max_token_count: 32767, zlib_compatible: false, max_dist_3_matches: 4091, matching_type: Lazy { good_length: 8, max_lazy: 16 }, "
o_7,print/text+img/global_agriculture_food_security_climate_impact(print),print,55,42214,112979,ok,120,156,2,,False,False,True,3146,True,"13ms TokenPredictorParameters { matches_to_start_detected: true, very_far_matches_detected: true, window_bits: 15, strategy: Default, nice_length: 258, add_policy: AddFirst(125), max_token_count: 32767, zlib_compatible: false, max_dist_3_matches: 4086, matching_type: Greedy, max_chain: 100, min_len:"
o_8,print/text+img/global_agriculture_food_security_climate_impact(print),print,62,45413,95292,ok,120,156,2,,False,False,True,76,True,"11ms TokenPredictorParameters { matches_to_start_detected: true, very_far_matches_detected: true, window_bits: 15, strategy: Default, nice_length: 128, add_policy: AddAll, max_token_count: 32767, zlib_compatible: false, max_dist_3_matches: 4096, matching_type: Lazy { good_length: 8, max_lazy: 16 }, "
o_9,print/text+img/global_agriculture_food_security_climate_impact(print),print,70,18284,38628,ok,120,156,2,,False,False,True,44,True,"4ms TokenPredictorParameters { matches_to_start_detected: true, very_far_matches_detected: false, window_bits: 15, strategy: Default, nice_length: 128, add_policy: AddAll, max_token_count: 16383, zlib_compatible: false, max_dist_3_matches: 4092, matching_type: Lazy { good_length: 8, max_lazy: 16 }, "
o_10,print/text+img/global_agriculture_food_security_climate_impact(print),print,78,20152,53568,ok,120,156,2,,False,False,True,625,True,"5ms TokenPredictorParameters { matches_to_start_detected: true, very_far_matches_detected: false, window_bits: 15, strategy: Default, nice_length: 258, add_policy: AddFirstAndLast(237), max_token_count: 16383, zlib_compatible: false, max_dist_3_matches: 4078, matching_type: Greedy, max_chain: 100, m"
o_11,print/text+img/global_agriculture_food_security_climate_impact(print),print,83,10797,184943,ok,120,156,2,,False,False,True,457,True,"6ms TokenPredictorParameters { matches_to_start_detected: true, very_far_matches_detected: true, window_bits: 15, strategy: Default, nice_length: 128, add_policy: AddAll, max_token_count: 8191, zlib_compatible: false, max_dist_3_matches: 4046, matching_type: Lazy { good_length: 8, max_lazy: 16 }, ma"
o_12,print/text+img/global_agriculture_food_security_climate_impact(print),print,90,12238,32044,ok,120,156,2,,False,False,True,65,True,"4ms TokenPredictorParameters { matches_to_start_detected: true, very_far_matches_detected: false, window_bits: 15, strategy: Default, nice_length: 128, add_policy: AddAll, max_token_count: 16383, zlib_compatible: false, max_dist_3_matches: 4064, matching_type: Lazy { good_length: 8, max_lazy: 16 }, "
o_13,print/text+img/global_agriculture_food_security_climate_impact(print),print,98,8092,13728,ok,120,156,2,,False,False,True,144,True,"2ms TokenPredictorParameters { matches_to_start_detected: true, very_far_matches_detected: false, window_bits: 14, strategy: Default, nice_length: 258, add_policy: AddFirst(120), max_token_count: 8191, zlib_compatible: false, max_dist_3_matches: 4074, matching_type: Greedy, max_chain: 58, min_len: 3"
o_14,print/text+img/global_agriculture_food_security_climate_impact(print),print,102,4521,34053,ok,120,156,2,,False,False,True,275,True,"4ms TokenPredictorParameters { matches_to_start_detected: true, very_far_matches_detected: false, window_bits: 15, strategy: Default, nice_length: 258, add_policy: AddFirst(141), max_token_count: 4095, zlib_compatible: false, max_dist_3_matches: 3873, matching_type: Greedy, max_chain: 100, min_len: "
o_15,print/text+img/global_agriculture_food_security_climate_impact(print),print,109,10422,28312,ok,120,156,2,,False,False,True,62,True,"4ms TokenPredictorParameters { matches_to_start_detected: true, very_far_matches_detected: false, window_bits: 15, strategy: Default, nice_length: 128, add_policy: AddAll, max_token_count: 8191, zlib_compatible: false, max_dist_3_matches: 4036, matching_type: Lazy { good_length: 8, max_lazy: 16 }, m"
o_16,print/text+img/global_agriculture_food_security_climate_impact(print),print,117,29359,55932,ok,120,156,2,,False,False,True,775,True,"8ms TokenPredictorParameters { matches_to_start_detected: true, very_far_matches_detected: false, window_bits: 15, strategy: Default, nice_length: 258, add_policy: AddFirst(207), max_token_count: 32767, zlib_compatible: false, max_dist_3_matches: 4082, matching_type: Greedy, max_chain: 100, min_len:"
o_17,print/text+img/global_agriculture_food_security_climate_impact(print),print,121,4442,34522,ok,120,156,2,,False,False,True,266,True,"3ms TokenPredictorParameters { matches_to_start_detected: true, very_far_matches_detected: false, window_bits: 15, strategy: Default, nice_length: 258, add_policy: AddFirst(155), max_token_count: 4095, zlib_compatible: false, max_dist_3_matches: 3996, matching_type: Greedy, max_chain: 100, min_len: "
o_18,print/text+img/global_agriculture_food_security_climate_impact(print),print,128,36132,85956,ok,120,156,2,,False,False,True,76,True,"11ms TokenPredictorParameters { matches_to_start_detected: true, very_far_matches_detected: true, window_bits: 15, strategy: Default, nice_length: 128, add_policy: AddAll, max_token_count: 32767, zlib_compatible: false, max_dist_3_matches: 4082, matching_type: Lazy { good_length: 8, max_lazy: 16 }, "
o_19,print/text+img/global_agriculture_food_security_climate_impact(print),print,136,27850,61772,ok,120,156,2,,False,False,True,60,True,"9ms TokenPredictorParameters { matches_to_start_detected: true, very_far_matches_detected: true, window_bits: 15, strategy: Default, nice_length: 128, add_policy: AddAll, max_token_count: 32767, zlib_compatible: false, max_dist_3_matches: 4092, matching_type: Lazy { good_length: 8, max_lazy: 16 }, m"
o_20,print/text+img/global_agriculture_food_security_climate_impact(print),print,141,10268,176532,ok,120,156,2,,False,False,True,397,True,"7ms TokenPredictorParameters { matches_to_start_detected: true, very_far_matches_detected: true, window_bits: 15, strategy: Default, nice_length: 258, add_policy: AddFirst(257), max_token_count: 8191, zlib_compatible: false, max_dist_3_matches: 4073, matching_type: Greedy, max_chain: 100, min_len: 3"
o_21,print/text+img/global_ev_market_growth_statistics(print),print,8,9917,19020,ok,120,156,2,,False,False,True,42,True,"3ms TokenPredictorParameters { matches_to_start_detected: true, very_far_matches_detected: false, window_bits: 14, strategy: Default, nice_length: 128, add_policy: AddAll, max_token_count: 16383, zlib_compatible: false, max_dist_3_matches: 3986, matching_type: Lazy { good_length: 8, max_lazy: 16 }, "
o_22,print/text+img/global_ev_market_growth_statistics(print),print,16,96384,230284,ok,120,156,2,,False,False,True,125,True,"25ms TokenPredictorParameters { matches_to_start_detected: true, very_far_matches_detected: true, window_bits: 15, strategy: Default, nice_length: 128, add_policy: AddAll, max_token_count: 32767, zlib_compatible: false, max_dist_3_matches: 4094, matching_type: Lazy { good_length: 8, max_lazy: 16 }, "
o_23,print/text+img/global_ev_market_growth_statistics(print),print,24,33917,83304,ok,120,156,2,,False,False,True,76,True,"8ms TokenPredictorParameters { matches_to_start_detected: true, very_far_matches_detected: true, window_bits: 15, strategy: Default, nice_length: 128, add_policy: AddAll, max_token_count: 32767, zlib_compatible: false, max_dist_3_matches: 4096, matching_type: Lazy { good_length: 8, max_lazy: 16 }, m"
o_24,print/text+img/global_ev_market_growth_statistics(print),print,32,17327,39964,ok,120,156,2,,False,False,True,60,True,"5ms TokenPredictorParameters { matches_to_start_detected: true, very_far_matches_detected: false, window_bits: 15, strategy: Default, nice_length: 128, add_policy: AddAll, max_token_count: 16383, zlib_compatible: false, max_dist_3_matches: 4070, matching_type: Lazy { good_length: 8, max_lazy: 16 }, "
o_25,print/text+img/global_ev_market_growth_statistics(print),print,40,111328,268232,ok,120,156,2,,False,False,True,136,True,"31ms TokenPredictorParameters { matches_to_start_detected: true, very_far_matches_detected: true, window_bits: 15, strategy: Default, nice_length: 128, add_policy: AddAll, max_token_count: 32767, zlib_compatible: false, max_dist_3_matches: 4091, matching_type: Lazy { good_length: 8, max_lazy: 16 }, "
o_26,print/text+img/global_ev_market_growth_statistics(print),print,45,3507,21007,ok,120,156,2,,False,False,True,218,True,"2ms TokenPredictorParameters { matches_to_start_detected: true, very_far_matches_detected: true, window_bits: 15, strategy: Default, nice_length: 258, add_policy: AddFirst(115), max_token_count: 4095, zlib_compatible: false, max_dist_3_matches: 4039, matching_type: Greedy, max_chain: 98, min_len: 3,"
o_27,print/text+img/global_ev_market_growth_statistics(print),print,52,12304,47504,ok,120,156,2,,False,False,True,42,True,"5ms TokenPredictorParameters { matches_to_start_detected: true, very_far_matches_detected: false, window_bits: 15, strategy: Default, nice_length: 128, add_policy: AddAll, max_token_count: 16383, zlib_compatible: false, max_dist_3_matches: 4088, matching_type: Lazy { good_length: 8, max_lazy: 16 }, "
o_28,print/text+img/global_ev_market_growth_statistics(print),print,56,75799,200715,ok,120,156,2,,False,False,True,5620,True,"29ms TokenPredictorParameters { matches_to_start_detected: true, very_far_matches_detected: true, window_bits: 15, strategy: Default, nice_length: 258, add_policy: AddFirst(53), max_token_count: 32767, zlib_compatible: false, max_dist_3_matches: 4096, matching_type: Greedy, max_chain: 100, min_len: "
o_29,print/text+img/global_ev_market_growth_statistics(print),print,57,76246,200724,ok,120,156,2,,False,False,True,5779,True,"28ms TokenPredictorParameters { matches_to_start_detected: true, very_far_matches_detected: true, window_bits: 15, strategy: Default, nice_length: 258, add_policy: AddFirst(53), max_token_count: 32767, zlib_compatible: false, max_dist_3_matches: 4093, matching_type: Greedy, max_chain: 100, min_len: "
o_30,print/text+img/global_ev_market_growth_statistics(print),print,58,75712,200767,ok,120,156,2,,False,False,True,5702,True,"28ms TokenPredictorParameters { matches_to_start_detected: true, very_far_matches_detected: true, window_bits: 15, strategy: Default, nice_length: 258, add_policy: AddFirst(53), max_token_count: 32767, zlib_compatible: false, max_dist_3_matches: 4095, matching_type: Greedy, max_chain: 100, min_len: "
o_31,print/text+img/global_ev_market_growth_statistics(print),print,59,75281,200761,ok,120,156,2,,False,False,True,5651,True,"29ms TokenPredictorParameters { matches_to_start_detected: true, very_far_matches_detected: true, window_bits: 15, strategy: Default, nice_length: 258, add_policy: AddFirst(27), max_token_count: 32767, zlib_compatible: false, max_dist_3_matches: 4096, matching_type: Greedy, max_chain: 100, min_len: "
o_32,print/text+img/global_ev_market_growth_statistics(print),print,60,76175,200733,ok,120,156,2,,False,False,True,5813,True,"30ms TokenPredictorParameters { matches_to_start_detected: true, very_far_matches_detected: true, window_bits: 15, strategy: Default, nice_length: 258, add_policy: AddFirst(58), max_token_count: 32767, zlib_compatible: false, max_dist_3_matches: 4095, matching_type: Greedy, max_chain: 100, min_len: "
o_33,print/text+img/global_ev_market_growth_statistics(print),print,65,33298,107644,ok,120,156,2,,False,False,True,120,True,"11ms TokenPredictorParameters { matches_to_start_detected: true, very_far_matches_detected: false, window_bits: 15, strategy: Default, nice_length: 128, add_policy: AddAll, max_token_count: 32767, zlib_compatible: false, max_dist_3_matches: 4096, matching_type: Lazy { good_length: 8, max_lazy: 16 },"
o_34,print/text+img/global_ev_market_growth_statistics(print),print,69,45274,118716,ok,120,156,2,,False,False,True,3460,True,"21ms TokenPredictorParameters { matches_to_start_detected: true, very_far_matches_detected: true, window_bits: 15, strategy: Default, nice_length: 258, add_policy: AddFirst(101), max_token_count: 32767, zlib_compatible: false, max_dist_3_matches: 4095, matching_type: Greedy, max_chain: 100, min_len:"
o_35,print/text+img/global_ev_market_growth_statistics(print),print,76,31747,81872,ok,120,156,2,,False,False,True,67,True,"10ms TokenPredictorParameters { matches_to_start_detected: true, very_far_matches_detected: true, window_bits: 15, strategy: Default, nice_length: 128, add_policy: AddAll, max_token_count: 32767, zlib_compatible: false, max_dist_3_matches: 4081, matching_type: Lazy { good_length: 8, max_lazy: 16 }, "
o_36,print/text+img/global_ev_market_growth_statistics(print),print,84,28930,66340,ok,120,156,2,,False,False,True,68,True,"7ms TokenPredictorParameters { matches_to_start_detected: true, very_far_matches_detected: true, window_bits: 15, strategy: Default, nice_length: 128, add_policy: AddAll, max_token_count: 32767, zlib_compatible: false, max_dist_3_matches: 4094, matching_type: Lazy { good_length: 8, max_lazy: 16 }, m"
o_37,print/text+img/global_ev_market_growth_statistics(print),print,92,57635,121228,ok,120,156,2,,False,False,True,88,True,"13ms TokenPredictorParameters { matches_to_start_detected: true, very_far_matches_detected: true, window_bits: 15, strategy: Default, nice_length: 128, add_policy: AddAll, max_token_count: 32767, zlib_compatible: false, max_dist_3_matches: 4096, matching_type: Lazy { good_length: 8, max_lazy: 16 }, "
o_38,print/text+img/global_ev_market_growth_statistics(print),print,96,5573,59628,ok,120,156,2,,False,False,True,300,True,"3ms TokenPredictorParameters { matches_to_start_detected: true, very_far_matches_detected: true, window_bits: 15, strategy: Default, nice_length: 258, add_policy: AddFirst(137), max_token_count: 4095, zlib_compatible: false, max_dist_3_matches: 4028, matching_type: Greedy, max_chain: 94, min_len: 3,"
o_39,print/text+img/global_ev_market_growth_statistics(print),print,103,6990,12164,ok,120,156,2,,False,False,True,134,True,"2ms TokenPredictorParameters { matches_to_start_detected: true, very_far_matches_detected: false, window_bits: 14, strategy: Default, nice_length: 258, add_policy: AddFirst(206), max_token_count: 8191, zlib_compatible: false, max_dist_3_matches: 4096, matching_type: Greedy, max_chain: 80, min_len: 3"
o_40,print/text+img/global_ev_market_growth_statistics(print),print,111,19488,44716,ok,120,156,2,,False,False,True,366,True,"4ms TokenPredictorParameters { matches_to_start_detected: true, very_far_matches_detected: true, window_bits: 15, strategy: Default, nice_length: 258, add_policy: AddFirst(241), max_token_count: 16383, zlib_compatible: false, max_dist_3_matches: 4088, matching_type: Greedy, max_chain: 100, min_len: "
o_41,print/text+img/global_ev_market_growth_statistics(print),print,119,52685,135360,ok,120,156,2,,False,False,True,117,True,"11ms TokenPredictorParameters { matches_to_start_detected: true, very_far_matches_detected: true, window_bits: 15, strategy: Default, nice_length: 128, add_policy: AddAll, max_token_count: 32767, zlib_compatible: false, max_dist_3_matches: 4096, matching_type: Lazy { good_length: 8, max_lazy: 16 }, "
o_42,print/text+img/global_ev_market_growth_statistics(print),print,123,2964,20512,ok,120,156,2,,False,False,True,186,True,"1ms TokenPredictorParameters { matches_to_start_detected: true, very_far_matches_detected: false, window_bits: 15, strategy: Default, nice_length: 258, add_policy: AddFirst(112), max_token_count: 2047, zlib_compatible: false, max_dist_3_matches: 4010, matching_type: Greedy, max_chain: 99, min_len: 3"
o_43,print/text+img/global_ev_market_growth_statistics(print),print,130,10212,27992,ok,120,156,2,,False,False,True,57,True,"3ms TokenPredictorParameters { matches_to_start_detected: true, very_far_matches_detected: false, window_bits: 15, strategy: Default, nice_length: 128, add_policy: AddAll, max_token_count: 8191, zlib_compatible: false, max_dist_3_matches: 4088, matching_type: Lazy { good_length: 8, max_lazy: 16 }, m"
o_44,print/text+img/global_ev_market_growth_statistics(print),print,138,9946,19812,ok,120,156,2,,False,False,True,186,True,"3ms TokenPredictorParameters { matches_to_start_detected: true, very_far_matches_detected: false, window_bits: 15, strategy: Default, nice_length: 258, add_policy: AddFirst(167), max_token_count: 8191, zlib_compatible: false, max_dist_3_matches: 4048, matching_type: Greedy, max_chain: 98, min_len: 3"
o_45,print/text+img/global_ev_market_growth_statistics(print),print,146,29387,56048,ok,120,156,2,,False,False,True,776,True,"9ms TokenPredictorParameters { matches_to_start_detected: true, very_far_matches_detected: true, window_bits: 15, strategy: Default, nice_length: 258, add_policy: AddFirst(114), max_token_count: 32767, zlib_compatible: false, max_dist_3_matches: 4082, matching_type: Greedy, max_chain: 100, min_len: "
o_46,print/text+img/global_ev_market_growth_statistics(print),print,150,3076,20980,ok,120,156,2,,False,False,True,202,True,"2ms TokenPredictorParameters { matches_to_start_detected: true, very_far_matches_detected: false, window_bits: 14, strategy: Default, nice_length: 258, add_policy: AddFirst(116), max_token_count: 2047, zlib_compatible: false, max_dist_3_matches: 3637, matching_type: Greedy, max_chain: 99, min_len: 3"
o_47,print/text+img/global_ev_market_growth_statistics(print),print,157,28178,61752,ok,120,156,2,,False,False,True,46,True,"10ms TokenPredictorParameters { matches_to_start_detected: true, very_far_matches_detected: true, window_bits: 15, strategy: Default, nice_length: 128, add_policy: AddAll, max_token_count: 32767, zlib_compatible: false, max_dist_3_matches: 4083, matching_type: Lazy { good_length: 8, max_lazy: 16 }, "
o_48,print/text+img/global_ev_market_growth_statistics(print),print,165,33730,80724,ok,120,156,2,,False,False,True,69,True,"11ms TokenPredictorParameters { matches_to_start_detected: true, very_far_matches_detected: true, window_bits: 15, strategy: Default, nice_length: 128, add_policy: AddAll, max_token_count: 32767, zlib_compatible: false, max_dist_3_matches: 4094, matching_type: Lazy { good_length: 8, max_lazy: 16 }, "
o_49,print/text+img/global_ev_market_growth_statistics(print),print,173,42552,105416,ok,120,156,2,,False,False,True,87,True,"15ms TokenPredictorParameters { matches_to_start_detected: true, very_far_matches_detected: true, window_bits: 15, strategy: Default, nice_length: 128, add_policy: AddAll, max_token_count: 32767, zlib_compatible: false, max_dist_3_matches: 4082, matching_type: Lazy { good_length: 8, max_lazy: 16 }, "
o_50,print/text+img/global_ev_market_growth_statistics(print),print,178,6219,72567,ok,120,156,2,,False,False,True,133,True,"5ms TokenPredictorParameters { matches_to_start_detected: true, very_far_matches_detected: true, window_bits: 15, strategy: Default, nice_length: 128, add_policy: AddAll, max_token_count: 4095, zlib_compatible: false, max_dist_3_matches: 4095, matching_type: Lazy { good_length: 8, max_lazy: 16 }, ma"
o_51,print/text+img/global_renewable_energy_generation_and_carbon_reduction_analysis(print),print,8,7020,12300,ok,120,156,2,,False,False,True,39,True,"3ms TokenPredictorParameters { matches_to_start_detected: true, very_far_matches_detected: false, window_bits: 14, strategy: Default, nice_length: 128, add_policy: AddAll, max_token_count: 8191, zlib_compatible: false, max_dist_3_matches: 4046, matching_type: Lazy { good_length: 8, max_lazy: 16 }, m"
o_52,print/text+img/global_renewable_energy_generation_and_carbon_reduction_analysis(print),print,12,60506,200728,ok,120,156,2,,False,False,True,3818,True,"27ms TokenPredictorParameters { matches_to_start_detected: true, very_far_matches_detected: true, window_bits: 15, strategy: Default, nice_length: 258, add_policy: AddFirst(52), max_token_count: 32767, zlib_compatible: false, max_dist_3_matches: 4090, matching_type: Greedy, max_chain: 100, min_len: "
o_53,print/text+img/global_renewable_energy_generation_and_carbon_reduction_analysis(print),print,13,62686,200762,ok,120,156,2,,False,False,True,4113,True,"29ms TokenPredictorParameters { matches_to_start_detected: true, very_far_matches_detected: true, window_bits: 15, strategy: Default, nice_length: 258, add_policy: AddFirst(58), max_token_count: 32767, zlib_compatible: false, max_dist_3_matches: 4094, matching_type: Greedy, max_chain: 100, min_len: "
o_54,print/text+img/global_renewable_energy_generation_and_carbon_reduction_analysis(print),print,14,62059,200732,ok,120,156,2,,False,False,True,4029,True,"29ms TokenPredictorParameters { matches_to_start_detected: true, very_far_matches_detected: true, window_bits: 15, strategy: Default, nice_length: 258, add_policy: AddFirst(58), max_token_count: 32767, zlib_compatible: false, max_dist_3_matches: 4093, matching_type: Greedy, max_chain: 100, min_len: "
o_55,print/text+img/global_renewable_energy_generation_and_carbon_reduction_analysis(print),print,19,16815,39340,ok,120,156,2,,False,False,True,61,True,"6ms TokenPredictorParameters { matches_to_start_detected: true, very_far_matches_detected: true, window_bits: 15, strategy: Default, nice_length: 128, add_policy: AddAll, max_token_count: 16383, zlib_compatible: false, max_dist_3_matches: 4070, matching_type: Lazy { good_length: 8, max_lazy: 16 }, m"
o_56,print/text+img/global_renewable_energy_generation_and_carbon_reduction_analysis(print),print,27,111592,268580,ok,120,156,2,,False,False,True,150,True,"33ms TokenPredictorParameters { matches_to_start_detected: true, very_far_matches_detected: true, window_bits: 15, strategy: Default, nice_length: 128, add_policy: AddAll, max_token_count: 32767, zlib_compatible: false, max_dist_3_matches: 4091, matching_type: Lazy { good_length: 8, max_lazy: 16 }, "
o_57,print/text+img/global_renewable_energy_generation_and_carbon_reduction_analysis(print),print,31,60155,200717,ok,120,156,2,,False,False,True,3836,True,"21ms TokenPredictorParameters { matches_to_start_detected: false, very_far_matches_detected: true, window_bits: 15, strategy: Default, nice_length: 258, add_policy: AddFirst(105), max_token_count: 32767, zlib_compatible: false, max_dist_3_matches: 4085, matching_type: Greedy, max_chain: 100, min_len"
o_58,print/text+img/global_renewable_energy_generation_and_carbon_reduction_analysis(print),print,32,10,2,ok,120,156,2,zlib:6:8:0 zlib:6:8:1 zlib:6:9:0 zlib:6:9:1 zlib-ng:6:8:0 zlib-ng:6:8:1 zlib-ng:6:9:0 zlib-ng:6:9:1,True,True,True,21,True,"0ms TokenPredictorParameters { matches_to_start_detected: false, very_far_matches_detected: false, window_bits: 0, strategy: HuffOnly, nice_length: 0, add_policy: AddAll, max_token_count: 16386, zlib_compatible: true, max_dist_3_matches: 0, matching_type: Greedy, max_chain: 0, min_len: 0, hash_algor"
o_59,print/text+img/global_renewable_energy_generation_and_carbon_reduction_analysis(print),print,39,6257,54112,ok,120,156,2,,False,False,True,49,True,"2ms TokenPredictorParameters { matches_to_start_detected: true, very_far_matches_detected: false, window_bits: 15, strategy: Default, nice_length: 128, add_policy: AddAll, max_token_count: 8191, zlib_compatible: false, max_dist_3_matches: 3636, matching_type: Lazy { good_length: 8, max_lazy: 16 }, m"
o_60,print/text+img/global_renewable_energy_generation_and_carbon_reduction_analysis(print),print,47,40689,118456,ok,120,156,2,,False,False,True,117,True,"9ms TokenPredictorParameters { matches_to_start_detected: true, very_far_matches_detected: true, window_bits: 15, strategy: Default, nice_length: 128, add_policy: AddAll, max_token_count: 32767, zlib_compatible: false, max_dist_3_matches: 4093, matching_type: Lazy { good_length: 8, max_lazy: 16 }, m"
o_61,print/text+img/global_renewable_energy_generation_and_carbon_reduction_analysis(print),print,55,67434,127144,ok,120,156,2,,False,False,True,47,True,"15ms TokenPredictorParameters { matches_to_start_detected: true, very_far_matches_detected: true, window_bits: 15, strategy: Default, nice_length: 128, add_policy: AddAll, max_token_count: 32767, zlib_compatible: false, max_dist_3_matches: 4094, matching_type: Lazy { good_length: 8, max_lazy: 16 }, "
o_62,print/text+img/global_renewable_energy_generation_and_carbon_reduction_analysis(print),print,63,96384,230284,ok,120,156,2,,False,False,True,125,True,"19ms TokenPredictorParameters { matches_to_start_detected: true, very_far_matches_detected: true, window_bits: 15, strategy: Default, nice_length: 128, add_policy: AddAll, max_token_count: 32767, zlib_compatible: false, max_dist_3_matches: 4094, matching_type: Lazy { good_length: 8, max_lazy: 16 }, "
o_63,print/text+img/global_renewable_energy_generation_and_carbon_reduction_analysis(print),print,67,1632,8185,ok,120,156,2,,False,False,True,114,True,"1ms TokenPredictorParameters { matches_to_start_detected: true, very_far_matches_detected: false, window_bits: 13, strategy: Default, nice_length: 258, add_policy: AddFirst(124), max_token_count: 2047, zlib_compatible: false, max_dist_3_matches: 3953, matching_type: Greedy, max_chain: 100, min_len: "
o_64,print/text+img/global_renewable_energy_generation_and_carbon_reduction_analysis(print),print,74,15102,41124,ok,120,156,2,,False,False,True,42,True,"4ms TokenPredictorParameters { matches_to_start_detected: true, very_far_matches_detected: false, window_bits: 15, strategy: Default, nice_length: 128, add_policy: AddAll, max_token_count: 16383, zlib_compatible: false, max_dist_3_matches: 4070, matching_type: Lazy { good_length: 8, max_lazy: 16 }, "
o_65,print/text+img/global_renewable_energy_generation_and_carbon_reduction_analysis(print),print,82,16866,36140,ok,120,156,2,,False,False,True,42,True,"4ms TokenPredictorParameters { matches_to_start_detected: true, very_far_matches_detected: false, window_bits: 15, strategy: Default, nice_length: 128, add_policy: AddAll, max_token_count: 16383, zlib_compatible: false, max_dist_3_matches: 4090, matching_type: Lazy { good_length: 8, max_lazy: 16 }, "
o_66,print/text+img/global_renewable_energy_generation_and_carbon_reduction_analysis(print),print,90,55137,121524,ok,120,156,2,,False,False,True,88,True,"11ms TokenPredictorParameters { matches_to_start_detected: true, very_far_matches_detected: true, window_bits: 15, strategy: Default, nice_length: 128, add_policy: AddAll, max_token_count: 32767, zlib_compatible: false, max_dist_3_matches: 4096, matching_type: Lazy { good_length: 8, max_lazy: 16 }, "
o_67,print/text+img/global_renewable_energy_generation_and_carbon_reduction_analysis(print),print,95,5975,64950,ok,120,156,2,,False,False,True,306,True,"2ms TokenPredictorParameters { matches_to_start_detected: true, very_far_matches_detected: false, window_bits: 15, strategy: Default, nice_length: 258, add_policy: AddFirst(197), max_token_count: 4095, zlib_compatible: false, max_dist_3_matches: 4056, matching_type: Greedy, max_chain: 99, min_len: 3"
o_68,print/text+img/global_renewable_energy_generation_and_carbon_reduction_analysis(print),print,102,12317,32252,ok,120,156,2,,False,False,True,58,True,"3ms TokenPredictorParameters { matches_to_start_detected: true, very_far_matches_detected: false, window_bits: 15, strategy: Default, nice_length: 128, add_policy: AddAll, max_token_count: 16383, zlib_compatible: false, max_dist_3_matches: 4090, matching_type: Lazy { good_length: 8, max_lazy: 16 }, "
o_69,print/text+img/global_renewable_energy_generation_and_carbon_reduction_analysis(print),print,110,44954,106048,ok,120,156,2,,False,False,True,100,True,"9ms TokenPredictorParameters { matches_to_start_detected: true, very_far_matches_detected: true, window_bits: 15, strategy: Default, nice_length: 128, add_policy: AddAll, max_token_count: 32767, zlib_compatible: false, max_dist_3_matches: 4090, matching_type: Lazy { good_length: 8, max_lazy: 16 }, m"
o_70,print/text+img/global_renewable_energy_generation_and_carbon_reduction_analysis(print),print,118,53539,136668,ok,120,156,2,,False,False,True,118,True,"11ms TokenPredictorParameters { matches_to_start_detected: true, very_far_matches_detected: true, window_bits: 15, strategy: Default, nice_length: 128, add_policy: AddAll, max_token_count: 32767, zlib_compatible: false, max_dist_3_matches: 4096, matching_type: Lazy { good_length: 8, max_lazy: 16 }, "
o_71,print/text+img/global_renewable_energy_generation_and_carbon_reduction_analysis(print),print,122,3545,23203,ok,120,156,2,,False,False,True,241,True,"1ms TokenPredictorParameters { matches_to_start_detected: true, very_far_matches_detected: false, window_bits: 15, strategy: Default, nice_length: 258, add_policy: AddFirst(113), max_token_count: 2047, zlib_compatible: false, max_dist_3_matches: 4059, matching_type: Greedy, max_chain: 95, min_len: 3"
o_72,print/text+img/global_renewable_energy_generation_and_carbon_reduction_analysis(print),print,129,5617,13132,ok,120,156,2,,False,False,True,118,True,"2ms TokenPredictorParameters { matches_to_start_detected: true, very_far_matches_detected: false, window_bits: 14, strategy: Default, nice_length: 258, add_policy: AddFirst(182), max_token_count: 8191, zlib_compatible: false, max_dist_3_matches: 3956, matching_type: Greedy, max_chain: 91, min_len: 3"
o_73,print/text+img/global_renewable_energy_generation_and_carbon_reduction_analysis(print),print,137,491207,893208,ok,120,156,2,,False,False,True,151,True,"101ms TokenPredictorParameters { matches_to_start_detected: true, very_far_matches_detected: true, window_bits: 15, strategy: Default, nice_length: 128, add_policy: AddAll, max_token_count: 32767, zlib_compatible: false, max_dist_3_matches: 4096, matching_type: Lazy { good_length: 8, max_lazy: 16 },"
o_74,print/text+img/global_renewable_energy_generation_and_carbon_reduction_analysis(print),print,145,29545,56320,ok,120,156,2,,False,False,True,774,True,"6ms TokenPredictorParameters { matches_to_start_detected: true, very_far_matches_detected: true, window_bits: 15, strategy: Default, nice_length: 258, add_policy: AddFirst(159), max_token_count: 32767, zlib_compatible: false, max_dist_3_matches: 4092, matching_type: Greedy, max_chain: 100, min_len: "
o_75,print/text+img/global_renewable_energy_generation_and_carbon_reduction_analysis(print),print,150,3875,26964,ok,120,156,2,,False,False,True,205,True,"2ms TokenPredictorParameters { matches_to_start_detected: true, very_far_matches_detected: false, window_bits: 15, strategy: Default, nice_length: 258, add_policy: AddFirst(110), max_token_count: 4095, zlib_compatible: false, max_dist_3_matches: 3603, matching_type: Greedy, max_chain: 100, min_len: "
o_76,print/text+img/global_renewable_energy_generation_and_carbon_reduction_analysis(print),print,157,7890,16232,ok,120,156,2,,False,False,True,44,True,"2ms TokenPredictorParameters { matches_to_start_detected: true, very_far_matches_detected: false, window_bits: 14, strategy: Default, nice_length: 128, add_policy: AddAll, max_token_count: 8191, zlib_compatible: false, max_dist_3_matches: 4088, matching_type: Lazy { good_length: 8, max_lazy: 16 }, m"
o_77,print/text+img/global_renewable_energy_generation_and_carbon_reduction_analysis(print),print,165,27704,61588,ok,120,156,2,,False,False,True,63,True,"7ms TokenPredictorParameters { matches_to_start_detected: true, very_far_matches_detected: true, window_bits: 15, strategy: Default, nice_length: 128, add_policy: AddAll, max_token_count: 32767, zlib_compatible: false, max_dist_3_matches: 4092, matching_type: Lazy { good_length: 8, max_lazy: 16 }, m"
o_78,print/text+img/global_renewable_energy_generation_and_carbon_reduction_analysis(print),print,173,43628,109632,ok,120,156,2,,False,False,True,88,True,"10ms TokenPredictorParameters { matches_to_start_detected: true, very_far_matches_detected: true, window_bits: 15, strategy: Default, nice_length: 128, add_policy: AddAll, max_token_count: 32767, zlib_compatible: false, max_dist_3_matches: 4082, matching_type: Lazy { good_length: 8, max_lazy: 16 }, "
o_79,print/text+img/global_renewable_energy_generation_and_carbon_reduction_analysis(print),print,177,7084,86072,ok,120,156,2,,False,False,True,342,True,"3ms TokenPredictorParameters { matches_to_start_detected: true, very_far_matches_detected: true, window_bits: 15, strategy: Default, nice_length: 258, add_policy: AddFirst(140), max_token_count: 4095, zlib_compatible: false, max_dist_3_matches: 4062, matching_type: Greedy, max_chain: 100, min_len: 3"
o_80,print/text/AI_Development_MultiLanguage(print),print,8,10295,21080,ok,120,156,2,,False,False,True,43,True,"2ms TokenPredictorParameters { matches_to_start_detected: true, very_far_matches_detected: false, window_bits: 14, strategy: Default, nice_length: 128, add_policy: AddAll, max_token_count: 16383, zlib_compatible: false, max_dist_3_matches: 3992, matching_type: Lazy { good_length: 8, max_lazy: 16 }, "
o_81,print/text/AI_Development_MultiLanguage(print),print,16,96384,230284,ok,120,156,2,,False,False,True,125,True,"22ms TokenPredictorParameters { matches_to_start_detected: true, very_far_matches_detected: true, window_bits: 15, strategy: Default, nice_length: 128, add_policy: AddAll, max_token_count: 32767, zlib_compatible: false, max_dist_3_matches: 4094, matching_type: Lazy { good_length: 8, max_lazy: 16 }, "
o_82,print/text/AI_Development_MultiLanguage(print),print,24,29660,75740,ok,120,156,2,,False,False,True,68,True,"7ms TokenPredictorParameters { matches_to_start_detected: true, very_far_matches_detected: true, window_bits: 15, strategy: Default, nice_length: 128, add_policy: AddAll, max_token_count: 32767, zlib_compatible: false, max_dist_3_matches: 4082, matching_type: Lazy { good_length: 8, max_lazy: 16 }, m"
o_83,print/text/AI_Development_MultiLanguage(print),print,32,15997,38328,ok,120,156,2,,False,False,True,58,True,"4ms TokenPredictorParameters { matches_to_start_detected: true, very_far_matches_detected: false, window_bits: 15, strategy: Default, nice_length: 128, add_policy: AddAll, max_token_count: 16383, zlib_compatible: false, max_dist_3_matches: 4070, matching_type: Lazy { good_length: 8, max_lazy: 16 }, "
o_84,print/text/AI_Development_MultiLanguage(print),print,36,3522,21953,ok,120,156,2,,False,False,True,207,True,"2ms TokenPredictorParameters { matches_to_start_detected: true, very_far_matches_detected: false, window_bits: 15, strategy: Default, nice_length: 258, add_policy: AddFirst(108), max_token_count: 2047, zlib_compatible: false, max_dist_3_matches: 3590, matching_type: Greedy, max_chain: 100, min_len: "
o_85,print/text/AI_Development_MultiLanguage(print),print,43,11101,45580,ok,120,156,2,,False,False,True,42,True,"3ms TokenPredictorParameters { matches_to_start_detected: true, very_far_matches_detected: false, window_bits: 15, strategy: Default, nice_length: 128, add_policy: AddAll, max_token_count: 16383, zlib_compatible: false, max_dist_3_matches: 4091, matching_type: Lazy { good_length: 8, max_lazy: 16 }, "
o_86,print/text/AI_Development_MultiLanguage(print),print,47,76894,200724,ok,120,156,2,,False,False,True,5757,True,"24ms TokenPredictorParameters { matches_to_start_detected: true, very_far_matches_detected: true, window_bits: 15, strategy: Default, nice_length: 258, add_policy: AddFirst(83), max_token_count: 32767, zlib_compatible: false, max_dist_3_matches: 4090, matching_type: Greedy, max_chain: 100, min_len: "
o_87,print/text/AI_Development_MultiLanguage(print),print,48,76644,200730,ok,120,156,2,,False,False,True,5699,True,"24ms TokenPredictorParameters { matches_to_start_detected: false, very_far_matches_detected: true, window_bits: 15, strategy: Default, nice_length: 258, add_policy: AddFirst(34), max_token_count: 32767, zlib_compatible: false, max_dist_3_matches: 4096, matching_type: Greedy, max_chain: 100, min_len:"
o_88,print/text/AI_Development_MultiLanguage(print),print,49,76851,200740,ok,120,156,2,,False,False,True,5763,True,"24ms TokenPredictorParameters { matches_to_start_detected: false, very_far_matches_detected: true, window_bits: 15, strategy: Default, nice_length: 258, add_policy: AddFirst(53), max_token_count: 32767, zlib_compatible: false, max_dist_3_matches: 4094, matching_type: Greedy, max_chain: 100, min_len:"
o_89,print/text/AI_Development_MultiLanguage(print),print,50,76358,200708,ok,120,156,2,,False,False,True,5718,True,"23ms TokenPredictorParameters { matches_to_start_detected: false, very_far_matches_detected: true, window_bits: 15, strategy: Default, nice_length: 258, add_policy: AddFirst(34), max_token_count: 32767, zlib_compatible: false, max_dist_3_matches: 4089, matching_type: Greedy, max_chain: 100, min_len:"
o_90,print/text/AI_Development_MultiLanguage(print),print,55,48373,131580,ok,120,156,2,,False,False,True,145,True,"10ms TokenPredictorParameters { matches_to_start_detected: true, very_far_matches_detected: true, window_bits: 15, strategy: Default, nice_length: 128, add_policy: AddAll, max_token_count: 32767, zlib_compatible: false, max_dist_3_matches: 4082, matching_type: Lazy { good_length: 8, max_lazy: 16 }, "
o_91,print/text/AI_Development_MultiLanguage(print),print,59,48026,128217,ok,120,156,2,,False,False,True,3537,True,"14ms TokenPredictorParameters { matches_to_start_detected: true, very_far_matches_detected: true, window_bits: 15, strategy: Default, nice_length: 258, add_policy: AddFirst(104), max_token_count: 32767, zlib_compatible: false, max_dist_3_matches: 4093, matching_type: Greedy, max_chain: 100, min_len:"
o_92,print/text/AI_Development_MultiLanguage(print),print,66,29804,78408,ok,120,156,2,,False,False,True,61,True,"8ms TokenPredictorParameters { matches_to_start_detected: true, very_far_matches_detected: true, window_bits: 15, strategy: Default, nice_length: 128, add_policy: AddAll, max_token_count: 32767, zlib_compatible: false, max_dist_3_matches: 4077, matching_type: Lazy { good_length: 8, max_lazy: 16 }, m"
o_93,print/text/AI_Development_MultiLanguage(print),print,74,26270,56904,ok,120,156,2,,False,False,True,55,True,"6ms TokenPredictorParameters { matches_to_start_detected: true, very_far_matches_detected: true, window_bits: 15, strategy: Default, nice_length: 128, add_policy: AddAll, max_token_count: 32767, zlib_compatible: false, max_dist_3_matches: 4092, matching_type: Lazy { good_length: 8, max_lazy: 16 }, m"
o_94,print/text/AI_Development_MultiLanguage(print),print,82,57093,119812,ok,120,156,2,,False,False,True,85,True,"13ms TokenPredictorParameters { matches_to_start_detected: true, very_far_matches_detected: true, window_bits: 15, strategy: Default, nice_length: 128, add_policy: AddAll, max_token_count: 32767, zlib_compatible: false, max_dist_3_matches: 4096, matching_type: Lazy { good_length: 8, max_lazy: 16 }, "
o_95,print/text/AI_Development_MultiLanguage(print),print,86,5971,64072,ok,120,156,2,,False,False,True,314,True,"2ms TokenPredictorParameters { matches_to_start_detected: true, very_far_matches_detected: true, window_bits: 15, strategy: Default, nice_length: 258, add_policy: AddFirst(118), max_token_count: 4095, zlib_compatible: false, max_dist_3_matches: 4020, matching_type: Greedy, max_chain: 99, min_len: 3,"
o_96,print/text/AI_Development_MultiLanguage(print),print,93,6471,11404,ok,120,156,2,,False,False,True,123,True,"1ms TokenPredictorParameters { matches_to_start_detected: true, very_far_matches_detected: false, window_bits: 14, strategy: Default, nice_length: 258, add_policy: AddFirstAndLast(99), max_token_count: 8191, zlib_compatible: false, max_dist_3_matches: 4074, matching_type: Greedy, max_chain: 96, min_"
o_97,print/text/AI_Development_MultiLanguage(print),print,101,17631,42092,ok,120,156,2,,False,False,True,77,True,"4ms TokenPredictorParameters { matches_to_start_detected: true, very_far_matches_detected: true, window_bits: 15, strategy: Default, nice_length: 128, add_policy: AddAll, max_token_count: 16383, zlib_compatible: false, max_dist_3_matches: 4088, matching_type: Lazy { good_length: 8, max_lazy: 16 }, m"
o_98,print/text/AI_Development_MultiLanguage(print),print,109,52254,133580,ok,120,156,2,,False,False,True,123,True,"10ms TokenPredictorParameters { matches_to_start_detected: true, very_far_matches_detected: true, window_bits: 15, strategy: Default, nice_length: 128, add_policy: AddAll, max_token_count: 32767, zlib_compatible: false, max_dist_3_matches: 4096, matching_type: Lazy { good_length: 8, max_lazy: 16 }, "
o_99,print/text/AI_Development_MultiLanguage(print),print,113,3401,24373,ok,120,156,2,,False,False,True,222,True,"1ms TokenPredictorParameters { matches_to_start_detected: true, very_far_matches_detected: false, window_bits: 15, strategy: Default, nice_length: 258, add_policy: AddFirst(109), max_token_count: 2047, zlib_compatible: false, max_dist_3_matches: 3775, matching_type: Greedy, max_chain: 100, min_len: "
o_100,print/text/AI_Development_MultiLanguage(print),print,120,10024,28016,ok,120,156,2,,False,False,True,61,True,"3ms TokenPredictorParameters { matches_to_start_detected: true, very_far_matches_detected: false, window_bits: 15, strategy: Default, nice_length: 128, add_policy: AddAll, max_token_count: 8191, zlib_compatible: false, max_dist_3_matches: 4036, matching_type: Lazy { good_length: 8, max_lazy: 16 }, m"
o_101,print/text/AI_Development_MultiLanguage(print),print,128,8954,18464,ok,120,156,2,,False,False,True,167,True,"2ms TokenPredictorParameters { matches_to_start_detected: true, very_far_matches_detected: false, window_bits: 15, strategy: Default, nice_length: 258, add_policy: AddFirst(251), max_token_count: 8191, zlib_compatible: false, max_dist_3_matches: 4088, matching_type: Greedy, max_chain: 100, min_len: "
o_102,print/text/AI_Development_MultiLanguage(print),print,136,26993,52672,ok,120,156,2,,False,False,True,54,True,"7ms TokenPredictorParameters { matches_to_start_detected: true, very_far_matches_detected: false, window_bits: 15, strategy: Default, nice_length: 128, add_policy: AddAll, max_token_count: 32767, zlib_compatible: false, max_dist_3_matches: 4082, matching_type: Lazy { good_length: 8, max_lazy: 16 }, "
o_103,print/text/AI_Development_MultiLanguage(print),print,140,3210,22214,ok,120,156,2,,False,False,True,201,True,"2ms TokenPredictorParameters { matches_to_start_detected: true, very_far_matches_detected: false, window_bits: 15, strategy: Default, nice_length: 258, add_policy: AddFirst(113), max_token_count: 2047, zlib_compatible: false, max_dist_3_matches: 3966, matching_type: Greedy, max_chain: 100, min_len: "
o_104,print/text/AI_Development_MultiLanguage(print),print,147,25765,57096,ok,120,156,2,,False,False,True,46,True,"6ms TokenPredictorParameters { matches_to_start_detected: true, very_far_matches_detected: true, window_bits: 15, strategy: Default, nice_length: 128, add_policy: AddAll, max_token_count: 32767, zlib_compatible: false, max_dist_3_matches: 4016, matching_type: Lazy { good_length: 8, max_lazy: 16 }, m"
o_105,print/text/AI_Development_MultiLanguage(print),print,155,30960,75556,ok,120,156,2,,False,False,True,66,True,"7ms TokenPredictorParameters { matches_to_start_detected: true, very_far_matches_detected: true, window_bits: 15, strategy: Default, nice_length: 128, add_policy: AddAll, max_token_count: 32767, zlib_compatible: false, max_dist_3_matches: 4084, matching_type: Lazy { good_length: 8, max_lazy: 16 }, m"
o_106,print/text/AI_Development_MultiLanguage(print),print,163,41972,108776,ok,120,156,2,,False,False,True,84,True,"9ms TokenPredictorParameters { matches_to_start_detected: true, very_far_matches_detected: false, window_bits: 15, strategy: Default, nice_length: 128, add_policy: AddAll, max_token_count: 32767, zlib_compatible: false, max_dist_3_matches: 4093, matching_type: Lazy { good_length: 8, max_lazy: 16 }, "
o_107,print/text/AI_Development_MultiLanguage(print),print,167,6218,71024,ok,120,156,2,,False,False,True,310,True,"3ms TokenPredictorParameters { matches_to_start_detected: true, very_far_matches_detected: true, window_bits: 15, strategy: Default, nice_length: 258, add_policy: AddFirst(126), max_token_count: 4095, zlib_compatible: false, max_dist_3_matches: 3746, matching_type: Greedy, max_chain: 100, min_len: 3"
o_108,print/text/Evolution_Biodegradable_Plastics(print),print,8,96384,230284,ok,120,156,2,,False,False,True,125,True,"19ms TokenPredictorParameters { matches_to_start_detected: true, very_far_matches_detected: true, window_bits: 15, strategy: Default, nice_length: 128, add_policy: AddAll, max_token_count: 32767, zlib_compatible: false, max_dist_3_matches: 4094, matching_type: Lazy { good_length: 8, max_lazy: 16 }, "
o_109,print/text/Evolution_Biodegradable_Plastics(print),print,16,8443,14552,ok,120,156,2,,False,False,True,41,True,"2ms TokenPredictorParameters { matches_to_start_detected: true, very_far_matches_detected: false, window_bits: 14, strategy: Default, nice_length: 128, add_policy: AddAll, max_token_count: 8191, zlib_compatible: false, max_dist_3_matches: 4018, matching_type: Lazy { good_length: 8, max_lazy: 16 }, m"
o_110,print/text/Evolution_Biodegradable_Plastics(print),print,24,15857,38156,ok,120,156,2,,False,False,True,60,True,"4ms TokenPredictorParameters { matches_to_start_detected: true, very_far_matches_detected: true, window_bits: 15, strategy: Default, nice_length: 128, add_policy: AddAll, max_token_count: 16383, zlib_compatible: false, max_dist_3_matches: 4070, matching_type: Lazy { good_length: 8, max_lazy: 16 }, m"
o_111,print/text/Evolution_Biodegradable_Plastics(print),print,28,31248,115595,ok,120,156,2,,False,False,True,1932,True,"11ms TokenPredictorParameters { matches_to_start_detected: true, very_far_matches_detected: true, window_bits: 15, strategy: Default, nice_length: 258, add_policy: AddFirst(154), max_token_count: 32767, zlib_compatible: false, max_dist_3_matches: 4080, matching_type: Greedy, max_chain: 100, min_len:"
o_112,print/text/Evolution_Biodegradable_Plastics(print),print,35,18955,84216,ok,120,156,2,,False,False,True,81,True,"5ms TokenPredictorParameters { matches_to_start_detected: true, very_far_matches_detected: true, window_bits: 15, strategy: Default, nice_length: 128, add_policy: AddAll, max_token_count: 16383, zlib_compatible: false, max_dist_3_matches: 4082, matching_type: Lazy { good_length: 8, max_lazy: 16 }, m"
o_113,print/text/Evolution_Biodegradable_Plastics(print),print,43,23529,77168,ok,120,156,2,,False,False,True,67,True,"5ms TokenPredictorParameters { matches_to_start_detected: true, very_far_matches_detected: false, window_bits: 15, strategy: Default, nice_length: 128, add_policy: AddAll, max_token_count: 32767, zlib_compatible: false, max_dist_3_matches: 4067, matching_type: Lazy { good_length: 8, max_lazy: 16 }, "
o_114,print/text/Evolution_Biodegradable_Plastics(print),print,51,97737,170380,ok,120,156,2,,False,False,True,47,True,"22ms TokenPredictorParameters { matches_to_start_detected: true, very_far_matches_detected: true, window_bits: 15, strategy: Default, nice_length: 128, add_policy: AddAll, max_token_count: 32767, zlib_compatible: false, max_dist_3_matches: 4094, matching_type: Lazy { good_length: 8, max_lazy: 16 }, "
o_115,print/text/Evolution_Biodegradable_Plastics(print),print,55,1722,7082,ok,120,156,2,,False,False,True,119,True,"1ms TokenPredictorParameters { matches_to_start_detected: true, very_far_matches_detected: true, window_bits: 13, strategy: Default, nice_length: 32, add_policy: AddFirst(121), max_token_count: 2047, zlib_compatible: false, max_dist_3_matches: 3793, matching_type: Greedy, max_chain: 30, min_len: 3, "
o_116,print/text/Evolution_Biodegradable_Plastics(print),print,62,12813,29156,ok,120,156,2,,False,False,True,43,True,"3ms TokenPredictorParameters { matches_to_start_detected: true, very_far_matches_detected: false, window_bits: 15, strategy: Default, nice_length: 128, add_policy: AddAll, max_token_count: 16383, zlib_compatible: false, max_dist_3_matches: 4096, matching_type: Lazy { good_length: 8, max_lazy: 16 }, "
o_117,print/text/Evolution_Biodegradable_Plastics(print),print,70,17506,46472,ok,120,156,2,,False,False,True,562,True,"12ms TokenPredictorParameters { matches_to_start_detected: true, very_far_matches_detected: false, window_bits: 15, strategy: Default, nice_length: 258, add_policy: AddFirstAndLast(237), max_token_count: 16383, zlib_compatible: false, max_dist_3_matches: 4084, matching_type: Greedy, max_chain: 100, "
o_118,print/text/Evolution_Biodegradable_Plastics(print),print,78,54726,115000,ok,120,156,2,,False,False,True,82,True,"19ms TokenPredictorParameters { matches_to_start_detected: true, very_far_matches_detected: true, window_bits: 15, strategy: Default, nice_length: 128, add_policy: AddAll, max_token_count: 32767, zlib_compatible: false, max_dist_3_matches: 4096, matching_type: Lazy { good_length: 8, max_lazy: 16 }, "
o_119,print/text/Evolution_Biodegradable_Plastics(print),print,82,8198,90198,ok,120,156,2,,False,False,True,385,True,"5ms TokenPredictorParameters { matches_to_start_detected: true, very_far_matches_detected: true, window_bits: 15, strategy: Default, nice_length: 258, add_policy: AddFirst(197), max_token_count: 8191, zlib_compatible: false, max_dist_3_matches: 4094, matching_type: Greedy, max_chain: 100, min_len: 3"
o_120,print/text/Evolution_Biodegradable_Plastics(print),print,89,40847,96320,ok,120,156,2,,False,False,True,90,True,"9ms TokenPredictorParameters { matches_to_start_detected: true, very_far_matches_detected: true, window_bits: 15, strategy: Default, nice_length: 128, add_policy: AddAll, max_token_count: 32767, zlib_compatible: false, max_dist_3_matches: 4090, matching_type: Lazy { good_length: 8, max_lazy: 16 }, m"
o_121,print/text/Evolution_Biodegradable_Plastics(print),print,97,12634,33024,ok,120,156,2,,False,False,True,58,True,"6ms TokenPredictorParameters { matches_to_start_detected: true, very_far_matches_detected: false, window_bits: 15, strategy: Default, nice_length: 128, add_policy: AddAll, max_token_count: 16383, zlib_compatible: false, max_dist_3_matches: 4068, matching_type: Lazy { good_length: 8, max_lazy: 16 }, "
o_122,print/text/Evolution_Biodegradable_Plastics(print),print,105,51742,132544,ok,120,156,2,,False,False,True,118,True,"12ms TokenPredictorParameters { matches_to_start_detected: true, very_far_matches_detected: true, window_bits: 15, strategy: Default, nice_length: 128, add_policy: AddAll, max_token_count: 32767, zlib_compatible: false, max_dist_3_matches: 4096, matching_type: Lazy { good_length: 8, max_lazy: 16 }, "
o_123,print/text/Evolution_Biodegradable_Plastics(print),print,109,3951,28314,ok,120,156,2,,False,False,True,257,True,"2ms TokenPredictorParameters { matches_to_start_detected: true, very_far_matches_detected: false, window_bits: 15, strategy: Default, nice_length: 258, add_policy: AddFirst(176), max_token_count: 4095, zlib_compatible: false, max_dist_3_matches: 3897, matching_type: Greedy, max_chain: 100, min_len: "
o_124,print/text/Evolution_Biodegradable_Plastics(print),print,116,26533,51984,ok,120,156,2,,False,False,True,57,True,"9ms TokenPredictorParameters { matches_to_start_detected: true, very_far_matches_detected: false, window_bits: 15, strategy: Default, nice_length: 128, add_policy: AddAll, max_token_count: 32767, zlib_compatible: false, max_dist_3_matches: 4082, matching_type: Lazy { good_length: 8, max_lazy: 16 }, "
o_125,print/text/Evolution_Biodegradable_Plastics(print),print,124,486272,887396,ok,120,156,2,,False,False,True,148,True,"100ms TokenPredictorParameters { matches_to_start_detected: true, very_far_matches_detected: true, window_bits: 15, strategy: Default, nice_length: 128, add_policy: AddAll, max_token_count: 32767, zlib_compatible: false, max_dist_3_matches: 4096, matching_type: Lazy { good_length: 8, max_lazy: 16 },"
o_126,print/text/Evolution_Biodegradable_Plastics(print),print,132,6468,14588,ok,120,156,2,,False,False,True,136,True,"3ms TokenPredictorParameters { matches_to_start_detected: true, very_far_matches_detected: false, window_bits: 14, strategy: Default, nice_length: 258, add_policy: AddFirst(170), max_token_count: 8191, zlib_compatible: false, max_dist_3_matches: 4021, matching_type: Greedy, max_chain: 88, min_len: 3"
o_127,print/text/Evolution_Biodegradable_Plastics(print),print,136,3762,27364,ok,120,156,2,,False,False,True,231,True,"3ms TokenPredictorParameters { matches_to_start_detected: true, very_far_matches_detected: false, window_bits: 15, strategy: Default, nice_length: 258, add_policy: AddFirst(115), max_token_count: 4095, zlib_compatible: false, max_dist_3_matches: 3338, matching_type: Greedy, max_chain: 100, min_len: "
o_128,print/text/Evolution_Biodegradable_Plastics(print),print,143,7729,15912,ok,120,156,2,,False,False,True,44,True,"3ms TokenPredictorParameters { matches_to_start_detected: true, very_far_matches_detected: false, window_bits: 14, strategy: Default, nice_length: 128, add_policy: AddAll, max_token_count: 8191, zlib_compatible: false, max_dist_3_matches: 4088, matching_type: Lazy { good_length: 8, max_lazy: 16 }, m"
o_129,print/text/Evolution_Biodegradable_Plastics(print),print,151,25490,56368,ok,120,156,2,,False,False,True,60,True,"6ms TokenPredictorParameters { matches_to_start_detected: true, very_far_matches_detected: true, window_bits: 15, strategy: Default, nice_length: 128, add_policy: AddAll, max_token_count: 32767, zlib_compatible: false, max_dist_3_matches: 4092, matching_type: Lazy { good_length: 8, max_lazy: 16 }, m"
o_130,print/text/Evolution_Biodegradable_Plastics(print),print,159,42691,108928,ok,120,156,2,,False,False,True,86,True,"10ms TokenPredictorParameters { matches_to_start_detected: true, very_far_matches_detected: true, window_bits: 15, strategy: Default, nice_length: 128, add_policy: AddAll, max_token_count: 32767, zlib_compatible: false, max_dist_3_matches: 4082, matching_type: Lazy { good_length: 8, max_lazy: 16 }, "
o_131,print/text/Evolution_Biodegradable_Plastics(print),print,163,7835,95925,ok,120,156,2,,False,False,True,376,True,"4ms TokenPredictorParameters { matches_to_start_detected: true, very_far_matches_detected: true, window_bits: 15, strategy: Default, nice_length: 258, add_policy: AddFirst(162), max_token_count: 8191, zlib_compatible: false, max_dist_3_matches: 3774, matching_type: Greedy, max_chain: 98, min_len: 3,"
o_132,print/text/NeoHome_Smart_Appliances_Catalog_v5(print),print,8,25510,63012,ok,120,156,2,,False,False,True,66,True,"6ms TokenPredictorParameters { matches_to_start_detected: true, very_far_matches_detected: true, window_bits: 15, strategy: Default, nice_length: 128, add_policy: AddAll, max_token_count: 32767, zlib_compatible: false, max_dist_3_matches: 4082, matching_type: Lazy { good_length: 8, max_lazy: 16 }, m"
o_133,print/text/NeoHome_Smart_Appliances_Catalog_v5(print),print,16,17523,40268,ok,120,156,2,,False,False,True,60,True,"4ms TokenPredictorParameters { matches_to_start_detected: true, very_far_matches_detected: false, window_bits: 15, strategy: Default, nice_length: 128, add_policy: AddAll, max_token_count: 16383, zlib_compatible: false, max_dist_3_matches: 4092, matching_type: Lazy { good_length: 8, max_lazy: 16 }, "
o_134,print/text/NeoHome_Smart_Appliances_Catalog_v5(print),print,24,111452,268468,ok,120,156,2,,False,False,True,138,True,"26ms TokenPredictorParameters { matches_to_start_detected: true, very_far_matches_detected: true, window_bits: 15, strategy: Default, nice_length: 128, add_policy: AddAll, max_token_count: 32767, zlib_compatible: false, max_dist_3_matches: 4091, matching_type: Lazy { good_length: 8, max_lazy: 16 }, "
o_135,print/text/NeoHome_Smart_Appliances_Catalog_v5(print),print,32,11673,23900,ok,120,156,2,,False,False,True,126,True,"3ms TokenPredictorParameters { matches_to_start_detected: true, very_far_matches_detected: false, window_bits: 15, strategy: Default, nice_length: 258, add_policy: AddFirstAndLast(195), max_token_count: 16383, zlib_compatible: false, max_dist_3_matches: 4067, matching_type: Greedy, max_chain: 98, mi"
o_136,print/text/NeoHome_Smart_Appliances_Catalog_v5(print),print,40,67214,347616,ok,120,156,2,,False,False,True,314,True,"17ms TokenPredictorParameters { matches_to_start_detected: true, very_far_matches_detected: true, window_bits: 15, strategy: Default, nice_length: 128, add_policy: AddAll, max_token_count: 32767, zlib_compatible: false, max_dist_3_matches: 4090, matching_type: Lazy { good_length: 8, max_lazy: 16 }, "
o_137,print/text/NeoHome_Smart_Appliances_Catalog_v5(print),print,48,96384,230284,ok,120,156,2,,False,False,True,125,True,"19ms TokenPredictorParameters { matches_to_start_detected: true, very_far_matches_detected: true, window_bits: 15, strategy: Default, nice_length: 128, add_policy: AddAll, max_token_count: 32767, zlib_compatible: false, max_dist_3_matches: 4094, matching_type: Lazy { good_length: 8, max_lazy: 16 }, "
o_138,print/text/NeoHome_Smart_Appliances_Catalog_v5(print),print,52,3993,28334,ok,120,156,2,,False,False,True,205,True,"2ms TokenPredictorParameters { matches_to_start_detected: true, very_far_matches_detected: true, window_bits: 15, strategy: Default, nice_length: 258, add_policy: AddFirst(115), max_token_count: 4095, zlib_compatible: false, max_dist_3_matches: 3733, matching_type: Greedy, max_chain: 97, min_len: 3,"
o_139,print/text/NeoHome_Smart_Appliances_Catalog_v5(print),print,59,28472,70952,ok,120,156,2,,False,False,True,37,True,"11ms TokenPredictorParameters { matches_to_start_detected: true, very_far_matches_detected: true, window_bits: 15, strategy: Default, nice_length: 128, add_policy: AddAll, max_token_count: 32767, zlib_compatible: false, max_dist_3_matches: 4048, matching_type: Lazy { good_length: 8, max_lazy: 16 }, "
o_140,print/text/NeoHome_Smart_Appliances_Catalog_v5(print),print,63,77173,200749,ok,120,156,2,,False,False,True,5818,True,"32ms TokenPredictorParameters { matches_to_start_detected: true, very_far_matches_detected: true, window_bits: 15, strategy: Default, nice_length: 258, add_policy: AddFirst(45), max_token_count: 32767, zlib_compatible: false, max_dist_3_matches: 4092, matching_type: Greedy, max_chain: 100, min_len: "
o_141,print/text/NeoHome_Smart_Appliances_Catalog_v5(print),print,64,76627,200730,ok,120,156,2,,False,False,True,5827,True,"29ms TokenPredictorParameters { matches_to_start_detected: true, very_far_matches_detected: true, window_bits: 15, strategy: Default, nice_length: 258, add_policy: AddFirst(27), max_token_count: 32767, zlib_compatible: false, max_dist_3_matches: 4094, matching_type: Greedy, max_chain: 100, min_len: "
o_142,print/text/NeoHome_Smart_Appliances_Catalog_v5(print),print,65,76327,200751,ok,120,156,2,,False,False,True,5715,True,"24ms TokenPredictorParameters { matches_to_start_detected: true, very_far_matches_detected: true, window_bits: 15, strategy: Default, nice_length: 258, add_policy: AddFirst(28), max_token_count: 32767, zlib_compatible: false, max_dist_3_matches: 4093, matching_type: Greedy, max_chain: 100, min_len: "
o_143,print/text/NeoHome_Smart_Appliances_Catalog_v5(print),print,66,75787,200755,ok,120,156,2,,False,False,True,5713,True,"23ms TokenPredictorParameters { matches_to_start_detected: true, very_far_matches_detected: true, window_bits: 15, strategy: Default, nice_length: 258, add_policy: AddFirst(29), max_token_count: 32767, zlib_compatible: false, max_dist_3_matches: 4095, matching_type: Greedy, max_chain: 100, min_len: "
o_144,print/text/NeoHome_Smart_Appliances_Catalog_v5(print),print,67,76915,200714,ok,120,156,2,,False,False,True,5841,True,"24ms TokenPredictorParameters { matches_to_start_detected: true, very_far_matches_detected: true, window_bits: 15, strategy: Default, nice_length: 258, add_policy: AddFirst(27), max_token_count: 32767, zlib_compatible: false, max_dist_3_matches: 4096, matching_type: Greedy, max_chain: 100, min_len: "
o_145,print/text/NeoHome_Smart_Appliances_Catalog_v5(print),print,68,76827,200715,ok,120,156,2,,False,False,True,5838,True,"28ms TokenPredictorParameters { matches_to_start_detected: true, very_far_matches_detected: true, window_bits: 15, strategy: Default, nice_length: 258, add_policy: AddFirst(45), max_token_count: 32767, zlib_compatible: false, max_dist_3_matches: 4092, matching_type: Greedy, max_chain: 101, min_len: "
o_146,print/text/NeoHome_Smart_Appliances_Catalog_v5(print),print,69,76806,200724,ok,120,156,2,,False,False,True,5857,True,"32ms TokenPredictorParameters { matches_to_start_detected: true, very_far_matches_detected: true, window_bits: 15, strategy: Default, nice_length: 258, add_policy: AddFirst(45), max_token_count: 32767, zlib_compatible: false, max_dist_3_matches: 4096, matching_type: Greedy, max_chain: 100, min_len: "
o_147,print/text/NeoHome_Smart_Appliances_Catalog_v5(print),print,70,76769,200718,ok,120,156,2,,False,False,True,5778,True,"32ms TokenPredictorParameters { matches_to_start_detected: false, very_far_matches_detected: true, window_bits: 15, strategy: Default, nice_length: 258, add_policy: AddFirst(45), max_token_count: 32767, zlib_compatible: false, max_dist_3_matches: 4082, matching_type: Greedy, max_chain: 100, min_len:"
o_148,print/text/NeoHome_Smart_Appliances_Catalog_v5(print),print,71,76236,200731,ok,120,156,2,,False,False,True,5653,True,"32ms TokenPredictorParameters { matches_to_start_detected: true, very_far_matches_detected: true, window_bits: 15, strategy: Default, nice_length: 258, add_policy: AddFirst(57), max_token_count: 32767, zlib_compatible: false, max_dist_3_matches: 4093, matching_type: Greedy, max_chain: 100, min_len: "
o_149,print/text/NeoHome_Smart_Appliances_Catalog_v5(print),print,72,54332,142835,ok,120,156,2,,False,False,True,4052,True,"23ms TokenPredictorParameters { matches_to_start_detected: true, very_far_matches_detected: true, window_bits: 15, strategy: Default, nice_length: 258, add_policy: AddFirst(88), max_token_count: 32767, zlib_compatible: false, max_dist_3_matches: 4096, matching_type: Greedy, max_chain: 100, min_len: "
o_150,print/text/NeoHome_Smart_Appliances_Catalog_v5(print),print,79,38222,85044,ok,120,156,2,,False,False,True,74,True,"12ms TokenPredictorParameters { matches_to_start_detected: true, very_far_matches_detected: true, window_bits: 15, strategy: Default, nice_length: 128, add_policy: AddAll, max_token_count: 32767, zlib_compatible: false, max_dist_3_matches: 4096, matching_type: Lazy { good_length: 8, max_lazy: 16 }, "
o_151,print/text/NeoHome_Smart_Appliances_Catalog_v5(print),print,87,28615,61728,ok,120,156,2,,False,False,True,53,True,"9ms TokenPredictorParameters { matches_to_start_detected: true, very_far_matches_detected: false, window_bits: 15, strategy: Default, nice_length: 128, add_policy: AddAll, max_token_count: 32767, zlib_compatible: false, max_dist_3_matches: 4095, matching_type: Lazy { good_length: 8, max_lazy: 16 }, "
o_152,print/text/NeoHome_Smart_Appliances_Catalog_v5(print),print,91,6902,67521,ok,120,156,2,,False,False,True,346,True,"5ms TokenPredictorParameters { matches_to_start_detected: true, very_far_matches_detected: true, window_bits: 15, strategy: Default, nice_length: 258, add_policy: AddFirst(148), max_token_count: 4095, zlib_compatible: false, max_dist_3_matches: 4059, matching_type: Greedy, max_chain: 97, min_len: 3,"
o_153,print/text/NeoHome_Smart_Appliances_Catalog_v5(print),print,98,15525,39324,ok,120,156,2,,False,False,True,74,True,"6ms TokenPredictorParameters { matches_to_start_detected: true, very_far_matches_detected: false, window_bits: 15, strategy: Default, nice_length: 128, add_policy: AddAll, max_token_count: 16383, zlib_compatible: false, max_dist_3_matches: 4088, matching_type: Lazy { good_length: 8, max_lazy: 16 }, "
o_154,print/text/NeoHome_Smart_Appliances_Catalog_v5(print),print,106,53872,136048,ok,120,156,2,,False,False,True,116,True,"17ms TokenPredictorParameters { matches_to_start_detected: true, very_far_matches_detected: true, window_bits: 15, strategy: Default, nice_length: 128, add_policy: AddAll, max_token_count: 32767, zlib_compatible: false, max_dist_3_matches: 4096, matching_type: Lazy { good_length: 8, max_lazy: 16 }, "
o_155,print/text/NeoHome_Smart_Appliances_Catalog_v5(print),print,110,3807,27546,ok,120,156,2,,False,False,True,230,True,"3ms TokenPredictorParameters { matches_to_start_detected: true, very_far_matches_detected: false, window_bits: 15, strategy: Default, nice_length: 258, add_policy: AddFirst(121), max_token_count: 4095, zlib_compatible: false, max_dist_3_matches: 3803, matching_type: Greedy, max_chain: 99, min_len: 3"
o_156,print/text/NeoHome_Smart_Appliances_Catalog_v5(print),print,117,7273,15104,ok,120,156,2,,False,False,True,131,True,"3ms TokenPredictorParameters { matches_to_start_detected: true, very_far_matches_detected: false, window_bits: 14, strategy: Default, nice_length: 258, add_policy: AddFirst(186), max_token_count: 8191, zlib_compatible: false, max_dist_3_matches: 4024, matching_type: Greedy, max_chain: 97, min_len: 3"
o_157,print/text/NeoHome_Smart_Appliances_Catalog_v5(print),print,125,29831,56992,ok,120,156,2,,False,False,True,769,True,"9ms TokenPredictorParameters { matches_to_start_detected: true, very_far_matches_detected: true, window_bits: 15, strategy: Default, nice_length: 258, add_policy: AddFirst(114), max_token_count: 32767, zlib_compatible: false, max_dist_3_matches: 4082, matching_type: Greedy, max_chain: 100, min_len: "
o_158,print/text/NeoHome_Smart_Appliances_Catalog_v5(print),print,129,3758,26321,ok,120,156,2,,False,False,True,202,True,"3ms TokenPredictorParameters { matches_to_start_detected: true, very_far_matches_detected: true, window_bits: 15, strategy: Default, nice_length: 258, add_policy: AddFirst(119), max_token_count: 4095, zlib_compatible: false, max_dist_3_matches: 3355, matching_type: Greedy, max_chain: 93, min_len: 3,"
o_159,print/text/NeoHome_Smart_Appliances_Catalog_v5(print),print,136,23634,63800,ok,120,156,2,,False,False,True,63,True,"8ms TokenPredictorParameters { matches_to_start_detected: true, very_far_matches_detected: false, window_bits: 15, strategy: Default, nice_length: 128, add_policy: AddAll, max_token_count: 32767, zlib_compatible: false, max_dist_3_matches: 4088, matching_type: Lazy { good_length: 8, max_lazy: 16 }, "
o_160,print/text/NeoHome_Smart_Appliances_Catalog_v5(print),print,144,45691,125756,ok,120,156,2,,False,False,True,101,True,"15ms TokenPredictorParameters { matches_to_start_detected: true, very_far_matches_detected: true, window_bits: 15, strategy: Default, nice_length: 128, add_policy: AddAll, max_token_count: 32767, zlib_compatible: false, max_dist_3_matches: 4082, matching_type: Lazy { good_length: 8, max_lazy: 16 }, "
o_161,print/text/NeoHome_Smart_Appliances_Catalog_v5(print),print,148,7416,84095,ok,120,156,2,,False,False,True,347,True,"5ms TokenPredictorParameters { matches_to_start_detected: true, very_far_matches_detected: true, window_bits: 15, strategy: Default, nice_length: 258, add_policy: AddFirst(128), max_token_count: 4095, zlib_compatible: false, max_dist_3_matches: 4037, matching_type: Greedy, max_chain: 98, min_len: 3,"
o_162,print/text/Next_Decade_Space_Exploration(print),print,8,7846,13856,ok,120,156,2,,False,False,True,36,True,"3ms TokenPredictorParameters { matches_to_start_detected: true, very_far_matches_detected: false, window_bits: 14, strategy: Default, nice_length: 128, add_policy: AddAll, max_token_count: 8191, zlib_compatible: false, max_dist_3_matches: 4019, matching_type: Lazy { good_length: 8, max_lazy: 16 }, m"
o_163,print/text/Next_Decade_Space_Exploration(print),print,16,96384,230284,ok,120,156,2,,False,False,True,125,True,"27ms TokenPredictorParameters { matches_to_start_detected: true, very_far_matches_detected: true, window_bits: 15, strategy: Default, nice_length: 128, add_policy: AddAll, max_token_count: 32767, zlib_compatible: false, max_dist_3_matches: 4094, matching_type: Lazy { good_length: 8, max_lazy: 16 }, "
o_164,print/text/Next_Decade_Space_Exploration(print),print,24,16419,38840,ok,120,156,2,,False,False,True,58,True,"5ms TokenPredictorParameters { matches_to_start_detected: true, very_far_matches_detected: false, window_bits: 15, strategy: Default, nice_length: 128, add_policy: AddAll, max_token_count: 16383, zlib_compatible: false, max_dist_3_matches: 4070, matching_type: Lazy { good_length: 8, max_lazy: 16 }, "
o_165,print/text/Next_Decade_Space_Exploration(print),print,32,11117,22320,ok,120,156,2,,False,False,True,45,True,"3ms TokenPredictorParameters { matches_to_start_detected: true, very_far_matches_detected: false, window_bits: 15, strategy: Default, nice_length: 128, add_policy: AddAll, max_token_count: 16383, zlib_compatible: false, max_dist_3_matches: 4048, matching_type: Lazy { good_length: 8, max_lazy: 16 }, "
o_166,print/text/Next_Decade_Space_Exploration(print),print,36,4026,28324,ok,120,156,2,,False,False,True,249,True,"3ms TokenPredictorParameters { matches_to_start_detected: true, very_far_matches_detected: true, window_bits: 15, strategy: Default, nice_length: 258, add_policy: AddFirst(117), max_token_count: 4095, zlib_compatible: false, max_dist_3_matches: 3472, matching_type: Greedy, max_chain: 99, min_len: 3,"
o_167,print/text/Next_Decade_Space_Exploration(print),print,43,6561,54524,ok,120,156,2,,False,False,True,53,True,"3ms TokenPredictorParameters { matches_to_start_detected: true, very_far_matches_detected: false, window_bits: 15, strategy: Default, nice_length: 128, add_policy: AddAll, max_token_count: 8191, zlib_compatible: false, max_dist_3_matches: 3954, matching_type: Lazy { good_length: 8, max_lazy: 16 }, m"
o_168,print/text/Next_Decade_Space_Exploration(print),print,51,88168,157064,ok,120,156,2,,False,False,True,48,True,"24ms TokenPredictorParameters { matches_to_start_detected: true, very_far_matches_detected: true, window_bits: 15, strategy: Default, nice_length: 128, add_policy: AddAll, max_token_count: 32767, zlib_compatible: false, max_dist_3_matches: 4094, matching_type: Lazy { good_length: 8, max_lazy: 16 }, "
o_169,print/text/Next_Decade_Space_Exploration(print),print,59,82646,156640,ok,120,156,2,,False,False,True,50,True,"18ms TokenPredictorParameters { matches_to_start_detected: true, very_far_matches_detected: true, window_bits: 15, strategy: Default, nice_length: 128, add_policy: AddAll, max_token_count: 32767, zlib_compatible: false, max_dist_3_matches: 4096, matching_type: Lazy { good_length: 8, max_lazy: 16 }, "
o_170,print/text/Next_Decade_Space_Exploration(print),print,63,1826,7166,ok,120,156,2,,False,False,True,126,True,"1ms TokenPredictorParameters { matches_to_start_detected: true, very_far_matches_detected: true, window_bits: 13, strategy: Default, nice_length: 258, add_policy: AddFirst(107), max_token_count: 2047, zlib_compatible: false, max_dist_3_matches: 3958, matching_type: Greedy, max_chain: 54, min_len: 3,"
o_171,print/text/Next_Decade_Space_Exploration(print),print,70,30871,65376,ok,120,156,2,,False,False,True,52,True,"8ms TokenPredictorParameters { matches_to_start_detected: true, very_far_matches_detected: false, window_bits: 15, strategy: Default, nice_length: 128, add_policy: AddAll, max_token_count: 32767, zlib_compatible: false, max_dist_3_matches: 4091, matching_type: Lazy { good_length: 8, max_lazy: 16 }, "
o_172,print/text/Next_Decade_Space_Exploration(print),print,78,18940,49544,ok,120,156,2,,False,False,True,592,True,"4ms TokenPredictorParameters { matches_to_start_detected: true, very_far_matches_detected: false, window_bits: 15, strategy: Default, nice_length: 258, add_policy: AddFirst(237), max_token_count: 16383, zlib_compatible: false, max_dist_3_matches: 4088, matching_type: Greedy, max_chain: 100, min_len:"
o_173,print/text/Next_Decade_Space_Exploration(print),print,86,55438,119020,ok,120,156,2,,False,False,True,85,True,"12ms TokenPredictorParameters { matches_to_start_detected: true, very_far_matches_detected: true, window_bits: 15, strategy: Default, nice_length: 128, add_policy: AddAll, max_token_count: 32767, zlib_compatible: false, max_dist_3_matches: 4096, matching_type: Lazy { good_length: 8, max_lazy: 16 }, "
o_174,print/text/Next_Decade_Space_Exploration(print),print,90,6488,69322,ok,120,156,2,,False,False,True,336,True,"2ms TokenPredictorParameters { matches_to_start_detected: true, very_far_matches_detected: false, window_bits: 15, strategy: Default, nice_length: 258, add_policy: AddFirst(159), max_token_count: 4095, zlib_compatible: false, max_dist_3_matches: 3952, matching_type: Greedy, max_chain: 100, min_len: "
o_175,print/text/Next_Decade_Space_Exploration(print),print,97,12845,33320,ok,120,156,2,,False,False,True,56,True,"3ms TokenPredictorParameters { matches_to_start_detected: true, very_far_matches_detected: false, window_bits: 15, strategy: Default, nice_length: 128, add_policy: AddAll, max_token_count: 16383, zlib_compatible: false, max_dist_3_matches: 4084, matching_type: Lazy { good_length: 8, max_lazy: 16 }, "
o_176,print/text/Next_Decade_Space_Exploration(print),print,105,52515,134044,ok,120,156,2,,False,False,True,117,True,"10ms TokenPredictorParameters { matches_to_start_detected: true, very_far_matches_detected: true, window_bits: 15, strategy: Default, nice_length: 128, add_policy: AddAll, max_token_count: 32767, zlib_compatible: false, max_dist_3_matches: 4096, matching_type: Lazy { good_length: 8, max_lazy: 16 }, "
o_177,print/text/Next_Decade_Space_Exploration(print),print,109,3687,24884,ok,120,156,2,,False,False,True,240,True,"2ms TokenPredictorParameters { matches_to_start_detected: true, very_far_matches_detected: false, window_bits: 15, strategy: Default, nice_length: 258, add_policy: AddFirst(127), max_token_count: 4095, zlib_compatible: false, max_dist_3_matches: 3428, matching_type: Greedy, max_chain: 100, min_len: "
o_178,print/text/Next_Decade_Space_Exploration(print),print,116,9845,27576,ok,120,156,2,,False,False,True,56,True,"3ms TokenPredictorParameters { matches_to_start_detected: true, very_far_matches_detected: false, window_bits: 15, strategy: Default, nice_length: 128, add_policy: AddAll, max_token_count: 8191, zlib_compatible: false, max_dist_3_matches: 4080, matching_type: Lazy { good_length: 8, max_lazy: 16 }, m"
o_179,print/text/Next_Decade_Space_Exploration(print),print,124,27540,53312,ok,120,156,2,,False,False,True,740,True,"6ms TokenPredictorParameters { matches_to_start_detected: true, very_far_matches_detected: true, window_bits: 15, strategy: Default, nice_length: 258, add_policy: AddFirstAndLast(170), max_token_count: 32767, zlib_compatible: false, max_dist_3_matches: 4082, matching_type: Greedy, max_chain: 100, mi"
o_180,print/text/Next_Decade_Space_Exploration(print),print,132,6954,15356,ok,120,156,2,,False,False,True,146,True,"2ms TokenPredictorParameters { matches_to_start_detected: true, very_far_matches_detected: false, window_bits: 14, strategy: Default, nice_length: 258, add_policy: AddFirst(150), max_token_count: 8191, zlib_compatible: false, max_dist_3_matches: 4039, matching_type: Greedy, max_chain: 95, min_len: 3"
o_181,print/text/Next_Decade_Space_Exploration(print),print,136,3434,23420,ok,120,156,2,,False,False,True,229,True,"2ms TokenPredictorParameters { matches_to_start_detected: true, very_far_matches_detected: false, window_bits: 15, strategy: Default, nice_length: 258, add_policy: AddFirst(116), max_token_count: 2047, zlib_compatible: false, max_dist_3_matches: 3990, matching_type: Greedy, max_chain: 98, min_len: 3"
o_182,print/text/Next_Decade_Space_Exploration(print),print,143,29148,63952,ok,120,156,2,,False,False,True,54,True,"7ms TokenPredictorParameters { matches_to_start_detected: true, very_far_matches_detected: false, window_bits: 15, strategy: Default, nice_length: 128, add_policy: AddAll, max_token_count: 32767, zlib_compatible: false, max_dist_3_matches: 4084, matching_type: Lazy { good_length: 8, max_lazy: 16 }, "
o_183,print/text/Next_Decade_Space_Exploration(print),print,151,42723,104752,ok,120,156,2,,False,False,True,86,True,"10ms TokenPredictorParameters { matches_to_start_detected: true, very_far_matches_detected: true, window_bits: 15, strategy: Default, nice_length: 128, add_policy: AddAll, max_token_count: 32767, zlib_compatible: false, max_dist_3_matches: 4082, matching_type: Lazy { good_length: 8, max_lazy: 16 }, "
o_184,print/text/Next_Decade_Space_Exploration(print),print,159,11383,24104,ok,120,156,2,,False,False,True,47,True,"3ms TokenPredictorParameters { matches_to_start_detected: true, very_far_matches_detected: false, window_bits: 15, strategy: Default, nice_length: 128, add_policy: AddAll, max_token_count: 16383, zlib_compatible: false, max_dist_3_matches: 4088, matching_type: Lazy { good_length: 8, max_lazy: 16 }, "
o_185,print/text/Next_Decade_Space_Exploration(print),print,163,6380,67078,ok,120,156,2,,False,False,True,309,True,"3ms TokenPredictorParameters { matches_to_start_detected: true, very_far_matches_detected: false, window_bits: 15, strategy: Default, nice_length: 258, add_policy: AddFirst(137), max_token_count: 4095, zlib_compatible: false, max_dist_3_matches: 4038, matching_type: Greedy, max_chain: 100, min_len: "
o_186,print/text/PetPal_Smart_PetCare_Products(print),print,8,29443,75508,ok,120,156,2,,False,False,True,70,True,"6ms TokenPredictorParameters { matches_to_start_detected: true, very_far_matches_detected: true, window_bits: 15, strategy: Default, nice_length: 128, add_policy: AddAll, max_token_count: 32767, zlib_compatible: false, max_dist_3_matches: 4082, matching_type: Lazy { good_length: 8, max_lazy: 16 }, m"
o_187,print/text/PetPal_Smart_PetCare_Products(print),print,16,11673,23900,ok,120,156,2,,False,False,True,126,True,"2ms TokenPredictorParameters { matches_to_start_detected: true, very_far_matches_detected: false, window_bits: 15, strategy: Default, nice_length: 258, add_policy: AddFirstAndLast(195), max_token_count: 16383, zlib_compatible: false, max_dist_3_matches: 4067, matching_type: Greedy, max_chain: 98, mi"
o_188,print/text/PetPal_Smart_PetCare_Products(print),print,24,67214,347616,ok,120,156,2,,False,False,True,314,True,"16ms TokenPredictorParameters { matches_to_start_detected: true, very_far_matches_detected: true, window_bits: 15, strategy: Default, nice_length: 128, add_policy: AddAll, max_token_count: 32767, zlib_compatible: false, max_dist_3_matches: 4090, matching_type: Lazy { good_length: 8, max_lazy: 16 }, "
o_189,print/text/PetPal_Smart_PetCare_Products(print),print,32,16443,38912,ok,120,156,2,,False,False,True,59,True,"4ms TokenPredictorParameters { matches_to_start_detected: true, very_far_matches_detected: false, window_bits: 15, strategy: Default, nice_length: 128, add_policy: AddAll, max_token_count: 16383, zlib_compatible: false, max_dist_3_matches: 4070, matching_type: Lazy { good_length: 8, max_lazy: 16 }, "
o_190,print/text/PetPal_Smart_PetCare_Products(print),print,40,111452,268468,ok,120,156,2,,False,False,True,138,True,"24ms TokenPredictorParameters { matches_to_start_detected: true, very_far_matches_detected: true, window_bits: 15, strategy: Default, nice_length: 128, add_policy: AddAll, max_token_count: 32767, zlib_compatible: false, max_dist_3_matches: 4091, matching_type: Lazy { good_length: 8, max_lazy: 16 }, "
o_191,print/text/PetPal_Smart_PetCare_Products(print),print,48,96384,230284,ok,120,156,2,,False,False,True,125,True,"19ms TokenPredictorParameters { matches_to_start_detected: true, very_far_matches_detected: true, window_bits: 15, strategy: Default, nice_length: 128, add_policy: AddAll, max_token_count: 32767, zlib_compatible: false, max_dist_3_matches: 4094, matching_type: Lazy { good_length: 8, max_lazy: 16 }, "
o_192,print/text/PetPal_Smart_PetCare_Products(print),print,52,13217,51986,ok,120,156,2,,False,False,True,801,True,"3ms TokenPredictorParameters { matches_to_start_detected: true, very_far_matches_detected: true, window_bits: 15, strategy: Default, nice_length: 258, add_policy: AddFirst(114), max_token_count: 8191, zlib_compatible: false, max_dist_3_matches: 4071, matching_type: Greedy, max_chain: 97, min_len: 3,"
o_193,print/text/PetPal_Smart_PetCare_Products(print),print,59,29154,71896,ok,120,156,2,,False,False,True,37,True,"8ms TokenPredictorParameters { matches_to_start_detected: true, very_far_matches_detected: true, window_bits: 15, strategy: Default, nice_length: 128, add_policy: AddAll, max_token_count: 32767, zlib_compatible: false, max_dist_3_matches: 4084, matching_type: Lazy { good_length: 8, max_lazy: 16 }, m"
o_194,print/text/PetPal_Smart_PetCare_Products(print),print,63,75807,200762,ok,120,156,2,,False,False,True,5690,True,"24ms TokenPredictorParameters { matches_to_start_detected: true, very_far_matches_detected: true, window_bits: 15, strategy: Default, nice_length: 258, add_policy: AddFirst(45), max_token_count: 32767, zlib_compatible: false, max_dist_3_matches: 4095, matching_type: Greedy, max_chain: 100, min_len: "
o_195,print/text/PetPal_Smart_PetCare_Products(print),print,64,75634,200713,ok,120,156,2,,False,False,True,5780,True,"23ms TokenPredictorParameters { matches_to_start_detected: true, very_far_matches_detected: true, window_bits: 15, strategy: Default, nice_length: 258, add_policy: AddFirst(29), max_token_count: 32767, zlib_compatible: false, max_dist_3_matches: 4093, matching_type: Greedy, max_chain: 100, min_len: "
o_196,print/text/PetPal_Smart_PetCare_Products(print),print,65,75422,200709,ok,120,156,2,,False,False,True,5732,True,"26ms TokenPredictorParameters { matches_to_start_detected: true, very_far_matches_detected: true, window_bits: 15, strategy: Default, nice_length: 258, add_policy: AddFirst(29), max_token_count: 32767, zlib_compatible: false, max_dist_3_matches: 4094, matching_type: Greedy, max_chain: 100, min_len: "
o_197,print/text/PetPal_Smart_PetCare_Products(print),print,66,76508,200745,ok,120,156,2,,False,False,True,5868,True,"24ms TokenPredictorParameters { matches_to_start_detected: false, very_far_matches_detected: true, window_bits: 15, strategy: Default, nice_length: 258, add_policy: AddFirst(29), max_token_count: 32767, zlib_compatible: false, max_dist_3_matches: 4095, matching_type: Greedy, max_chain: 100, min_len:"
o_198,print/text/PetPal_Smart_PetCare_Products(print),print,67,76111,200725,ok,120,156,2,,False,False,True,5695,True,"26ms TokenPredictorParameters { matches_to_start_detected: true, very_far_matches_detected: true, window_bits: 15, strategy: Default, nice_length: 258, add_policy: AddFirst(45), max_token_count: 32767, zlib_compatible: false, max_dist_3_matches: 4095, matching_type: Greedy, max_chain: 100, min_len: "
o_199,print/text/PetPal_Smart_PetCare_Products(print),print,68,76572,200761,ok,120,156,2,,False,False,True,5705,True,"30ms TokenPredictorParameters { matches_to_start_detected: true, very_far_matches_detected: true, window_bits: 15, strategy: Default, nice_length: 258, add_policy: AddFirst(45), max_token_count: 32767, zlib_compatible: false, max_dist_3_matches: 4096, matching_type: Greedy, max_chain: 100, min_len: "
o_200,print/text/PetPal_Smart_PetCare_Products(print),print,73,28380,71608,ok,120,156,2,,False,False,True,44,True,"10ms TokenPredictorParameters { matches_to_start_detected: true, very_far_matches_detected: true, window_bits: 15, strategy: Default, nice_length: 128, add_policy: AddAll, max_token_count: 32767, zlib_compatible: false, max_dist_3_matches: 4092, matching_type: Lazy { good_length: 8, max_lazy: 16 }, "
o_201,print/text/PetPal_Smart_PetCare_Products(print),print,77,5186,15840,ok,120,156,2,,False,False,True,396,True,"3ms TokenPredictorParameters { matches_to_start_detected: true, very_far_matches_detected: true, window_bits: 14, strategy: Default, nice_length: 258, add_policy: AddFirst(92), max_token_count: 4095, zlib_compatible: false, max_dist_3_matches: 4096, matching_type: Greedy, max_chain: 81, min_len: 3, "
o_202,print/text/PetPal_Smart_PetCare_Products(print),print,84,14084,31804,ok,120,156,2,,False,False,True,36,True,"7ms TokenPredictorParameters { matches_to_start_detected: true, very_far_matches_detected: false, window_bits: 15, strategy: Default, nice_length: 128, add_policy: AddAll, max_token_count: 16383, zlib_compatible: false, max_dist_3_matches: 4094, matching_type: Lazy { good_length: 8, max_lazy: 16 }, "
o_203,print/text/PetPal_Smart_PetCare_Products(print),print,92,16917,36324,ok,120,156,2,,False,False,True,49,True,"7ms TokenPredictorParameters { matches_to_start_detected: true, very_far_matches_detected: false, window_bits: 15, strategy: Default, nice_length: 128, add_policy: AddAll, max_token_count: 16383, zlib_compatible: false, max_dist_3_matches: 4070, matching_type: Lazy { good_length: 8, max_lazy: 16 }, "
o_204,print/text/PetPal_Smart_PetCare_Products(print),print,100,19031,49508,ok,120,156,2,,False,False,True,597,True,"7ms TokenPredictorParameters { matches_to_start_detected: true, very_far_matches_detected: false, window_bits: 15, strategy: Default, nice_length: 258, add_policy: AddFirst(136), max_token_count: 16383, zlib_compatible: false, max_dist_3_matches: 4083, matching_type: Greedy, max_chain: 100, min_len:"
o_205,print/text/PetPal_Smart_PetCare_Products(print),print,104,4873,47629,ok,120,156,2,,False,False,True,256,True,"4ms TokenPredictorParameters { matches_to_start_detected: true, very_far_matches_detected: true, window_bits: 15, strategy: Default, nice_length: 258, add_policy: AddFirst(119), max_token_count: 4095, zlib_compatible: false, max_dist_3_matches: 4013, matching_type: Greedy, max_chain: 100, min_len: 3"
o_206,print/text/PetPal_Smart_PetCare_Products(print),print,111,15413,39116,ok,120,156,2,,False,False,True,73,True,"6ms TokenPredictorParameters { matches_to_start_detected: true, very_far_matches_detected: false, window_bits: 15, strategy: Default, nice_length: 128, add_policy: AddAll, max_token_count: 16383, zlib_compatible: false, max_dist_3_matches: 4088, matching_type: Lazy { good_length: 8, max_lazy: 16 }, "
o_207,print/text/PetPal_Smart_PetCare_Products(print),print,119,13293,33972,ok,120,156,2,,False,False,True,59,True,"4ms TokenPredictorParameters { matches_to_start_detected: true, very_far_matches_detected: false, window_bits: 15, strategy: Default, nice_length: 128, add_policy: AddAll, max_token_count: 16383, zlib_compatible: false, max_dist_3_matches: 4088, matching_type: Lazy { good_length: 8, max_lazy: 16 }, "
o_208,print/text/PetPal_Smart_PetCare_Products(print),print,127,52141,133436,ok,120,156,2,,False,False,True,115,True,"10ms TokenPredictorParameters { matches_to_start_detected: true, very_far_matches_detected: true, window_bits: 15, strategy: Default, nice_length: 128, add_policy: AddAll, max_token_count: 32767, zlib_compatible: false, max_dist_3_matches: 4096, matching_type: Lazy { good_length: 8, max_lazy: 16 }, "
o_209,print/text/PetPal_Smart_PetCare_Products(print),print,131,3181,21652,ok,120,156,2,,False,False,True,178,True,"2ms TokenPredictorParameters { matches_to_start_detected: true, very_far_matches_detected: false, window_bits: 15, strategy: Default, nice_length: 258, add_policy: AddFirst(114), max_token_count: 2047, zlib_compatible: false, max_dist_3_matches: 3445, matching_type: Greedy, max_chain: 99, min_len: 3"
o_210,print/text/PetPal_Smart_PetCare_Products(print),print,138,6841,14224,ok,120,156,2,,False,False,True,118,True,"2ms TokenPredictorParameters { matches_to_start_detected: true, very_far_matches_detected: false, window_bits: 14, strategy: Default, nice_length: 258, add_policy: AddFirst(238), max_token_count: 8191, zlib_compatible: false, max_dist_3_matches: 3953, matching_type: Greedy, max_chain: 95, min_len: 3"
o_211,print/text/PetPal_Smart_PetCare_Products(print),print,146,27279,53004,ok,120,156,2,,False,False,True,745,True,"7ms TokenPredictorParameters { matches_to_start_detected: true, very_far_matches_detected: false, window_bits: 15, strategy: Default, nice_length: 258, add_policy: AddFirst(226), max_token_count: 32767, zlib_compatible: false, max_dist_3_matches: 4082, matching_type: Greedy, max_chain: 100, min_len:"
o_212,print/text/PetPal_Smart_PetCare_Products(print),print,154,487080,888068,ok,120,156,2,,False,False,True,149,True,"87ms TokenPredictorParameters { matches_to_start_detected: true, very_far_matches_detected: true, window_bits: 15, strategy: Default, nice_length: 128, add_policy: AddAll, max_token_count: 32767, zlib_compatible: false, max_dist_3_matches: 4096, matching_type: Lazy { good_length: 8, max_lazy: 16 }, "
o_213,print/text/PetPal_Smart_PetCare_Products(print),print,158,3735,25998,ok,120,156,2,,False,False,True,189,True,"1ms TokenPredictorParameters { matches_to_start_detected: true, very_far_matches_detected: false, window_bits: 15, strategy: Default, nice_length: 258, add_policy: AddFirst(116), max_token_count: 4095, zlib_compatible: false, max_dist_3_matches: 3858, matching_type: Greedy, max_chain: 96, min_len: 3"
o_214,print/text/PetPal_Smart_PetCare_Products(print),print,165,23957,64252,ok,120,156,2,,False,False,True,65,True,"5ms TokenPredictorParameters { matches_to_start_detected: true, very_far_matches_detected: true, window_bits: 15, strategy: Default, nice_length: 128, add_policy: AddAll, max_token_count: 32767, zlib_compatible: false, max_dist_3_matches: 4080, matching_type: Lazy { good_length: 8, max_lazy: 16 }, m"
o_215,print/text/PetPal_Smart_PetCare_Products(print),print,173,42534,107324,ok,120,156,2,,False,False,True,84,True,"9ms TokenPredictorParameters { matches_to_start_detected: true, very_far_matches_detected: false, window_bits: 15, strategy: Default, nice_length: 128, add_policy: AddAll, max_token_count: 32767, zlib_compatible: false, max_dist_3_matches: 4082, matching_type: Lazy { good_length: 8, max_lazy: 16 }, "
o_216,print/text/PetPal_Smart_PetCare_Products(print),print,181,11417,23316,ok,120,156,2,,False,False,True,40,True,"2ms TokenPredictorParameters { matches_to_start_detected: true, very_far_matches_detected: false, window_bits: 15, strategy: Default, nice_length: 128, add_policy: AddAll, max_token_count: 16383, zlib_compatible: false, max_dist_3_matches: 4088, matching_type: Lazy { good_length: 8, max_lazy: 16 }, "
o_217,print/text/PetPal_Smart_PetCare_Products(print),print,185,6778,66629,ok,120,156,2,,False,False,True,306,True,"2ms TokenPredictorParameters { matches_to_start_detected: true, very_far_matches_detected: true, window_bits: 15, strategy: Default, nice_length: 258, add_policy: AddFirst(231), max_token_count: 4095, zlib_compatible: false, max_dist_3_matches: 4048, matching_type: Greedy, max_chain: 100, min_len: 3"
o_218,print/text/UrbanRide_Electric_Bike_Scooter_Series(print),print,8,14875,36820,ok,120,156,2,,False,False,True,59,True,"3ms TokenPredictorParameters { matches_to_start_detected: true, very_far_matches_detected: false, window_bits: 15, strategy: Default, nice_length: 128, add_policy: AddAll, max_token_count: 16383, zlib_compatible: false, max_dist_3_matches: 4078, matching_type: Lazy { good_length: 8, max_lazy: 16 }, "
o_219,print/text/UrbanRide_Electric_Bike_Scooter_Series(print),print,16,11037,22172,ok,120,156,2,,False,False,True,45,True,"1ms TokenPredictorParameters { matches_to_start_detected: true, very_far_matches_detected: false, window_bits: 15, strategy: Default, nice_length: 128, add_policy: AddAll, max_token_count: 16383, zlib_compatible: false, max_dist_3_matches: 4076, matching_type: Lazy { good_length: 8, max_lazy: 16 }, "
o_220,print/text/UrbanRide_Electric_Bike_Scooter_Series(print),print,24,111533,275744,ok,120,156,2,,False,False,True,139,True,"27ms TokenPredictorParameters { matches_to_start_detected: true, very_far_matches_detected: true, window_bits: 15, strategy: Default, nice_length: 128, add_policy: AddAll, max_token_count: 32767, zlib_compatible: false, max_dist_3_matches: 4091, matching_type: Lazy { good_length: 8, max_lazy: 16 }, "
o_221,print/text/UrbanRide_Electric_Bike_Scooter_Series(print),print,32,11673,23900,ok,120,156,2,,False,False,True,126,True,"2ms TokenPredictorParameters { matches_to_start_detected: true, very_far_matches_detected: false, window_bits: 15, strategy: Default, nice_length: 258, add_policy: AddFirstAndLast(195), max_token_count: 16383, zlib_compatible: false, max_dist_3_matches: 4067, matching_type: Greedy, max_chain: 98, mi"
o_222,print/text/UrbanRide_Electric_Bike_Scooter_Series(print),print,40,67214,347616,ok,120,156,2,,False,False,True,314,True,"17ms TokenPredictorParameters { matches_to_start_detected: true, very_far_matches_detected: true, window_bits: 15, strategy: Default, nice_length: 128, add_policy: AddAll, max_token_count: 32767, zlib_compatible: false, max_dist_3_matches: 4090, matching_type: Lazy { good_length: 8, max_lazy: 16 }, "
o_223,print/text/UrbanRide_Electric_Bike_Scooter_Series(print),print,44,60286,200750,ok,120,156,2,,False,False,True,3736,True,"22ms TokenPredictorParameters { matches_to_start_detected: true, very_far_matches_detected: true, window_bits: 15, strategy: Default, nice_length: 258, add_policy: AddFirst(150), max_token_count: 32767, zlib_compatible: false, max_dist_3_matches: 4095, matching_type: Greedy, max_chain: 100, min_len:"
o_224,print/text/UrbanRide_Electric_Bike_Scooter_Series(print),print,49,66268,342756,ok,120,156,2,,False,False,True,304,True,"14ms TokenPredictorParameters { matches_to_start_detected: true, very_far_matches_detected: true, window_bits: 15, strategy: Default, nice_length: 128, add_policy: AddAll, max_token_count: 32767, zlib_compatible: false, max_dist_3_matches: 4088, matching_type: Lazy { good_length: 8, max_lazy: 16 }, "
o_225,print/text/UrbanRide_Electric_Bike_Scooter_Series(print),print,53,62005,200725,ok,120,156,2,,False,False,True,99,True,"29ms TokenPredictorParameters { matches_to_start_detected: true, very_far_matches_detected: true, window_bits: 15, strategy: Default, nice_length: 128, add_policy: AddAll, max_token_count: 32767, zlib_compatible: false, max_dist_3_matches: 4093, matching_type: Lazy { good_length: 8, max_lazy: 16 }, "
o_226,print/text/UrbanRide_Electric_Bike_Scooter_Series(print),print,54,15947,51470,ok,120,156,2,,False,False,True,139,True,"5ms TokenPredictorParameters { matches_to_start_detected: true, very_far_matches_detected: true, window_bits: 15, strategy: Default, nice_length: 128, add_policy: AddAll, max_token_count: 16383, zlib_compatible: false, max_dist_3_matches: 4094, matching_type: Lazy { good_length: 8, max_lazy: 16 }, m"
o_227,print/text/UrbanRide_Electric_Bike_Scooter_Series(print),print,61,37457,113788,ok,120,156,2,,False,False,True,129,True,"8ms TokenPredictorParameters { matches_to_start_detected: true, very_far_matches_detected: true, window_bits: 15, strategy: Default, nice_length: 128, add_policy: AddAll, max_token_count: 32767, zlib_compatible: false, max_dist_3_matches: 4091, matching_type: Lazy { good_length: 8, max_lazy: 16 }, m"
o_228,print/text/UrbanRide_Electric_Bike_Scooter_Series(print),print,69,19419,71688,ok,120,156,2,,False,False,True,82,True,"3ms TokenPredictorParameters { matches_to_start_detected: true, very_far_matches_detected: false, window_bits: 15, strategy: Default, nice_length: 128, add_policy: AddAll, max_token_count: 32767, zlib_compatible: false, max_dist_3_matches: 4080, matching_type: Lazy { good_length: 8, max_lazy: 16 }, "
o_229,print/text/UrbanRide_Electric_Bike_Scooter_Series(print),print,73,26143,72332,ok,120,156,2,,False,False,True,1905,True,"7ms TokenPredictorParameters { matches_to_start_detected: true, very_far_matches_detected: true, window_bits: 15, strategy: Default, nice_length: 258, add_policy: AddFirst(115), max_token_count: 16383, zlib_compatible: false, max_dist_3_matches: 4079, matching_type: Greedy, max_chain: 100, min_len: "
o_230,print/text/UrbanRide_Electric_Bike_Scooter_Series(print),print,80,17869,42148,ok,120,156,2,,False,False,True,42,True,"3ms TokenPredictorParameters { matches_to_start_detected: true, very_far_matches_detected: false, window_bits: 15, strategy: Default, nice_length: 128, add_policy: AddAll, max_token_count: 16383, zlib_compatible: false, max_dist_3_matches: 4092, matching_type: Lazy { good_length: 8, max_lazy: 16 }, "
o_231,print/text/UrbanRide_Electric_Bike_Scooter_Series(print),print,88,21450,42768,ok,120,156,2,,False,False,True,44,True,"4ms TokenPredictorParameters { matches_to_start_detected: true, very_far_matches_detected: false, window_bits: 15, strategy: Default, nice_length: 128, add_policy: AddAll, max_token_count: 32767, zlib_compatible: false, max_dist_3_matches: 4048, matching_type: Lazy { good_length: 8, max_lazy: 16 }, "
o_232,print/text/UrbanRide_Electric_Bike_Scooter_Series(print),print,96,16780,44144,ok,120,156,2,,False,False,True,537,True,"4ms TokenPredictorParameters { matches_to_start_detected: true, very_far_matches_detected: false, window_bits: 15, strategy: Default, nice_length: 258, add_policy: AddFirstAndLast(241), max_token_count: 16383, zlib_compatible: false, max_dist_3_matches: 4084, matching_type: Greedy, max_chain: 100, m"
o_233,print/text/UrbanRide_Electric_Bike_Scooter_Series(print),print,104,96384,230284,ok,120,156,2,,False,False,True,125,True,"19ms TokenPredictorParameters { matches_to_start_detected: true, very_far_matches_detected: true, window_bits: 15, strategy: Default, nice_length: 128, add_policy: AddAll, max_token_count: 32767, zlib_compatible: false, max_dist_3_matches: 4094, matching_type: Lazy { good_length: 8, max_lazy: 16 }, "
o_234,print/text/UrbanRide_Electric_Bike_Scooter_Series(print),print,108,5093,48321,ok,120,156,2,,False,False,True,98,True,"2ms TokenPredictorParameters { matches_to_start_detected: true, very_far_matches_detected: true, window_bits: 15, strategy: Default, nice_length: 128, add_policy: AddAll, max_token_count: 4095, zlib_compatible: false, max_dist_3_matches: 4051, matching_type: Lazy { good_length: 8, max_lazy: 16 }, ma"
o_235,print/text/UrbanRide_Electric_Bike_Scooter_Series(print),print,115,49616,129052,ok,120,156,2,,False,False,True,115,True,"9ms TokenPredictorParameters { matches_to_start_detected: true, very_far_matches_detected: true, window_bits: 15, strategy: Default, nice_length: 128, add_policy: AddAll, max_token_count: 32767, zlib_compatible: false, max_dist_3_matches: 4096, matching_type: Lazy { good_length: 8, max_lazy: 16 }, m"
o_236,print/text/UrbanRide_Electric_Bike_Scooter_Series(print),print,123,7262,12620,ok,120,156,2,,False,False,True,135,True,"1ms TokenPredictorParameters { matches_to_start_detected: true, very_far_matches_detected: false, window_bits: 14, strategy: Default, nice_length: 258, add_policy: AddFirst(174), max_token_count: 8191, zlib_compatible: false, max_dist_3_matches: 4074, matching_type: Greedy, max_chain: 84, min_len: 3"
o_237,print/text/UrbanRide_Electric_Bike_Scooter_Series(print),print,131,19500,44616,ok,120,156,2,,False,False,True,360,True,"3ms TokenPredictorParameters { matches_to_start_detected: true, very_far_matches_detected: false, window_bits: 15, strategy: Default, nice_length: 258, add_policy: AddFirstAndLast(241), max_token_count: 16383, zlib_compatible: false, max_dist_3_matches: 4088, matching_type: Greedy, max_chain: 100, m"
o_238,print/text/UrbanRide_Electric_Bike_Scooter_Series(print),print,135,3993,28914,ok,120,156,2,,False,False,True,211,True,"1ms TokenPredictorParameters { matches_to_start_detected: true, very_far_matches_detected: false, window_bits: 15, strategy: Default, nice_length: 258, add_policy: AddFirst(116), max_token_count: 4095, zlib_compatible: false, max_dist_3_matches: 4084, matching_type: Greedy, max_chain: 100, min_len: "
o_239,print/text/UrbanRide_Electric_Bike_Scooter_Series(print),print,142,9978,20056,ok,120,156,2,,False,False,True,192,True,"1ms TokenPredictorParameters { matches_to_start_detected: true, very_far_matches_detected: false, window_bits: 15, strategy: Default, nice_length: 258, add_policy: AddFirst(186), max_token_count: 8191, zlib_compatible: false, max_dist_3_matches: 4072, matching_type: Greedy, max_chain: 95, min_len: 3"
o_240,print/text/UrbanRide_Electric_Bike_Scooter_Series(print),print,150,489962,891764,ok,120,156,2,,False,False,True,150,True,"99ms TokenPredictorParameters { matches_to_start_detected: true, very_far_matches_detected: true, window_bits: 15, strategy: Default, nice_length: 128, add_policy: AddAll, max_token_count: 32767, zlib_compatible: false, max_dist_3_matches: 4096, matching_type: Lazy { good_length: 8, max_lazy: 16 }, "
o_241,print/text/UrbanRide_Electric_Bike_Scooter_Series(print),print,154,3702,28248,ok,120,156,2,,False,False,True,193,True,"2ms TokenPredictorParameters { matches_to_start_detected: true, very_far_matches_detected: false, window_bits: 15, strategy: Default, nice_length: 258, add_policy: AddFirst(138), max_token_count: 4095, zlib_compatible: false, max_dist_3_matches: 4060, matching_type: Greedy, max_chain: 99, min_len: 3"
o_242,print/text/UrbanRide_Electric_Bike_Scooter_Series(print),print,161,20346,46296,ok,120,156,2,,False,False,True,58,True,"4ms TokenPredictorParameters { matches_to_start_detected: true, very_far_matches_detected: true, window_bits: 15, strategy: Default, nice_length: 128, add_policy: AddAll, max_token_count: 16383, zlib_compatible: false, max_dist_3_matches: 4092, matching_type: Lazy { good_length: 8, max_lazy: 16 }, m"
o_243,print/text/UrbanRide_Electric_Bike_Scooter_Series(print),print,169,33665,77528,ok,120,156,2,,False,False,True,64,True,"7ms TokenPredictorParameters { matches_to_start_detected: true, very_far_matches_detected: true, window_bits: 15, strategy: Default, nice_length: 128, add_policy: AddAll, max_token_count: 32767, zlib_compatible: false, max_dist_3_matches: 4080, matching_type: Lazy { good_length: 8, max_lazy: 16 }, m"
o_244,print/text/UrbanRide_Electric_Bike_Scooter_Series(print),print,177,44955,112048,ok,120,156,2,,False,False,True,91,True,"9ms TokenPredictorParameters { matches_to_start_detected: true, very_far_matches_detected: true, window_bits: 15, strategy: Default, nice_length: 128, add_policy: AddAll, max_token_count: 32767, zlib_compatible: false, max_dist_3_matches: 4082, matching_type: Lazy { good_length: 8, max_lazy: 16 }, m"
o_245,print/text/UrbanRide_Electric_Bike_Scooter_Series(print),print,181,6402,65784,ok,120,156,2,,False,False,True,288,True,"2ms TokenPredictorParameters { matches_to_start_detected: true, very_far_matches_detected: true, window_bits: 15, strategy: Default, nice_length: 258, add_policy: AddFirst(181), max_token_count: 4095, zlib_compatible: false, max_dist_3_matches: 3896, matching_type: Greedy, max_chain: 98, min_len: 3,"
o_246,print/text/global_cloud_datacenter_cooling_failure_report(print),print,8,10035,20716,ok,120,156,2,,False,False,True,38,True,"1ms TokenPredictorParameters { matches_to_start_detected: true, very_far_matches_detected: false, window_bits: 14, strategy: Default, nice_length: 128, add_policy: AddAll, max_token_count: 16383, zlib_compatible: false, max_dist_3_matches: 4046, matching_type: Lazy { good_length: 8, max_lazy: 16 }, "
o_247,print/text/global_cloud_datacenter_cooling_failure_report(print),print,16,30777,77688,ok,120,156,2,,False,False,True,70,True,"6ms TokenPredictorParameters { matches_to_start_detected: true, very_far_matches_detected: true, window_bits: 15, strategy: Default, nice_length: 128, add_policy: AddAll, max_token_count: 32767, zlib_compatible: false, max_dist_3_matches: 4082, matching_type: Lazy { good_length: 8, max_lazy: 16 }, m"
o_248,print/text/global_cloud_datacenter_cooling_failure_report(print),print,24,11673,23900,ok,120,156,2,,False,False,True,126,True,"1ms TokenPredictorParameters { matches_to_start_detected: true, very_far_matches_detected: false, window_bits: 15, strategy: Default, nice_length: 258, add_policy: AddFirstAndLast(195), max_token_count: 16383, zlib_compatible: false, max_dist_3_matches: 4067, matching_type: Greedy, max_chain: 98, mi"
o_249,print/text/global_cloud_datacenter_cooling_failure_report(print),print,32,67214,347616,ok,120,156,2,,False,False,True,314,True,"23ms TokenPredictorParameters { matches_to_start_detected: true, very_far_matches_detected: true, window_bits: 15, strategy: Default, nice_length: 128, add_policy: AddAll, max_token_count: 32767, zlib_compatible: false, max_dist_3_matches: 4090, matching_type: Lazy { good_length: 8, max_lazy: 16 }, "
o_250,print/text/global_cloud_datacenter_cooling_failure_report(print),print,40,16262,38472,ok,120,156,2,,False,False,True,58,True,"6ms TokenPredictorParameters { matches_to_start_detected: true, very_far_matches_detected: false, window_bits: 15, strategy: Default, nice_length: 128, add_policy: AddAll, max_token_count: 16383, zlib_compatible: false, max_dist_3_matches: 4070, matching_type: Lazy { good_length: 8, max_lazy: 16 }, "
o_251,print/text/global_cloud_datacenter_cooling_failure_report(print),print,48,111378,275468,ok,120,156,2,,False,False,True,137,True,"33ms TokenPredictorParameters { matches_to_start_detected: true, very_far_matches_detected: true, window_bits: 15, strategy: Default, nice_length: 128, add_policy: AddAll, max_token_count: 32767, zlib_compatible: false, max_dist_3_matches: 4091, matching_type: Lazy { good_length: 8, max_lazy: 16 }, "
o_252,print/text/global_cloud_datacenter_cooling_failure_report(print),print,56,178320,537536,ok,120,156,2,,False,False,True,262,True,"59ms TokenPredictorParameters { matches_to_start_detected: true, very_far_matches_detected: true, window_bits: 15, strategy: Default, nice_length: 128, add_policy: AddAll, max_token_count: 32767, zlib_compatible: false, max_dist_3_matches: 4095, matching_type: Lazy { good_length: 8, max_lazy: 16 }, "
o_253,print/text/global_cloud_datacenter_cooling_failure_report(print),print,60,2405,15657,ok,120,156,2,,False,False,True,134,True,"1ms TokenPredictorParameters { matches_to_start_detected: true, very_far_matches_detected: false, window_bits: 14, strategy: Default, nice_length: 258, add_policy: AddFirst(114), max_token_count: 2047, zlib_compatible: false, max_dist_3_matches: 3835, matching_type: Greedy, max_chain: 97, min_len: 3"
o_254,print/text/global_cloud_datacenter_cooling_failure_report(print),print,67,13497,49252,ok,120,156,2,,False,False,True,38,True,"4ms TokenPredictorParameters { matches_to_start_detected: true, very_far_matches_detected: false, window_bits: 15, strategy: Default, nice_length: 128, add_policy: AddAll, max_token_count: 16383, zlib_compatible: false, max_dist_3_matches: 4096, matching_type: Lazy { good_length: 8, max_lazy: 16 }, "
o_255,print/text/global_cloud_datacenter_cooling_failure_report(print),print,71,78839,200742,ok,120,156,2,,False,False,True,5976,True,"33ms TokenPredictorParameters { matches_to_start_detected: true, very_far_matches_detected: true, window_bits: 15, strategy: Default, nice_length: 258, add_policy: AddFirst(51), max_token_count: 32767, zlib_compatible: false, max_dist_3_matches: 4088, matching_type: Greedy, max_chain: 100, min_len: "
o_256,print/text/global_cloud_datacenter_cooling_failure_report(print),print,72,78130,200711,ok,120,156,2,,False,False,True,5948,True,"23ms TokenPredictorParameters { matches_to_start_detected: true, very_far_matches_detected: true, window_bits: 15, strategy: Default, nice_length: 258, add_policy: AddFirst(51), max_token_count: 32767, zlib_compatible: false, max_dist_3_matches: 4089, matching_type: Greedy, max_chain: 100, min_len: "
o_257,print/text/global_cloud_datacenter_cooling_failure_report(print),print,77,37002,82124,ok,120,156,2,,False,False,True,37,True,"8ms TokenPredictorParameters { matches_to_start_detected: true, very_far_matches_detected: false, window_bits: 15, strategy: Default, nice_length: 128, add_policy: AddAll, max_token_count: 32767, zlib_compatible: false, max_dist_3_matches: 4066, matching_type: Lazy { good_length: 8, max_lazy: 16 }, "
o_258,print/text/global_cloud_datacenter_cooling_failure_report(print),print,81,55606,141263,ok,120,156,2,,False,False,True,4252,True,"15ms TokenPredictorParameters { matches_to_start_detected: false, very_far_matches_detected: true, window_bits: 15, strategy: Default, nice_length: 258, add_policy: AddFirst(110), max_token_count: 32767, zlib_compatible: false, max_dist_3_matches: 4091, matching_type: Greedy, max_chain: 100, min_len"
o_259,print/text/global_cloud_datacenter_cooling_failure_report(print),print,88,32126,83412,ok,120,156,2,,False,False,True,64,True,"7ms TokenPredictorParameters { matches_to_start_detected: true, very_far_matches_detected: true, window_bits: 15, strategy: Default, nice_length: 128, add_policy: AddAll, max_token_count: 32767, zlib_compatible: false, max_dist_3_matches: 4090, matching_type: Lazy { good_length: 8, max_lazy: 16 }, m"
o_260,print/text/global_cloud_datacenter_cooling_failure_report(print),print,96,22434,48796,ok,120,156,2,,False,False,True,50,True,"4ms TokenPredictorParameters { matches_to_start_detected: true, very_far_matches_detected: true, window_bits: 15, strategy: Default, nice_length: 128, add_policy: AddAll, max_token_count: 32767, zlib_compatible: false, max_dist_3_matches: 4092, matching_type: Lazy { good_length: 8, max_lazy: 16 }, m"
o_261,print/text/global_cloud_datacenter_cooling_failure_report(print),print,104,45103,99772,ok,120,156,2,,False,False,True,82,True,"9ms TokenPredictorParameters { matches_to_start_detected: true, very_far_matches_detected: true, window_bits: 15, strategy: Default, nice_length: 128, add_policy: AddAll, max_token_count: 32767, zlib_compatible: false, max_dist_3_matches: 4096, matching_type: Lazy { good_length: 8, max_lazy: 16 }, m"
o_262,print/text/global_cloud_datacenter_cooling_failure_report(print),print,108,2868,25727,ok,120,156,2,,False,False,True,160,True,"1ms TokenPredictorParameters { matches_to_start_detected: true, very_far_matches_detected: false, window_bits: 15, strategy: Default, nice_length: 258, add_policy: AddFirst(172), max_token_count: 2047, zlib_compatible: false, max_dist_3_matches: 4062, matching_type: Greedy, max_chain: 92, min_len: 3"
o_263,print/text/global_cloud_datacenter_cooling_failure_report(print),print,115,6832,11792,ok,120,156,2,,False,False,True,122,True,"1ms TokenPredictorParameters { matches_to_start_detected: true, very_far_matches_detected: false, window_bits: 14, strategy: Default, nice_length: 258, add_policy: AddFirst(127), max_token_count: 8191, zlib_compatible: false, max_dist_3_matches: 4074, matching_type: Greedy, max_chain: 90, min_len: 3"
o_264,print/text/global_cloud_datacenter_cooling_failure_report(print),print,123,17637,42140,ok,120,156,2,,False,False,True,332,True,"3ms TokenPredictorParameters { matches_to_start_detected: true, very_far_matches_detected: false, window_bits: 15, strategy: Default, nice_length: 258, add_policy: AddFirstAndLast(241), max_token_count: 16383, zlib_compatible: false, max_dist_3_matches: 4090, matching_type: Greedy, max_chain: 100, m"
o_265,print/text/global_cloud_datacenter_cooling_failure_report(print),print,131,52903,135324,ok,120,156,2,,False,False,True,120,True,"9ms TokenPredictorParameters { matches_to_start_detected: true, very_far_matches_detected: true, window_bits: 15, strategy: Default, nice_length: 128, add_policy: AddAll, max_token_count: 32767, zlib_compatible: false, max_dist_3_matches: 4096, matching_type: Lazy { good_length: 8, max_lazy: 16 }, m"
o_266,print/text/global_cloud_datacenter_cooling_failure_report(print),print,135,1775,12247,ok,120,156,2,,False,False,True,123,True,"0ms TokenPredictorParameters { matches_to_start_detected: true, very_far_matches_detected: true, window_bits: 14, strategy: Default, nice_length: 258, add_policy: AddFirst(121), max_token_count: 2047, zlib_compatible: false, max_dist_3_matches: 2455, matching_type: Greedy, max_chain: 91, min_len: 3,"
o_267,print/text/global_cloud_datacenter_cooling_failure_report(print),print,142,10865,28956,ok,120,156,2,,False,False,True,58,True,"2ms TokenPredictorParameters { matches_to_start_detected: true, very_far_matches_detected: false, window_bits: 15, strategy: Default, nice_length: 128, add_policy: AddAll, max_token_count: 16383, zlib_compatible: false, max_dist_3_matches: 4036, matching_type: Lazy { good_length: 8, max_lazy: 16 }, "
o_268,print/text/global_cloud_datacenter_cooling_failure_report(print),print,150,9236,18632,ok,120,156,2,,False,False,True,176,True,"1ms TokenPredictorParameters { matches_to_start_detected: true, very_far_matches_detected: false, window_bits: 15, strategy: Default, nice_length: 258, add_policy: AddFirst(186), max_token_count: 8191, zlib_compatible: false, max_dist_3_matches: 4054, matching_type: Greedy, max_chain: 92, min_len: 3"
o_269,print/text/global_cloud_datacenter_cooling_failure_report(print),print,158,28663,54824,ok,120,156,2,,False,False,True,766,True,"5ms TokenPredictorParameters { matches_to_start_detected: true, very_far_matches_detected: true, window_bits: 15, strategy: Default, nice_length: 258, add_policy: AddFirst(171), max_token_count: 32767, zlib_compatible: false, max_dist_3_matches: 4082, matching_type: Greedy, max_chain: 100, min_len: "
o_270,print/text/global_cloud_datacenter_cooling_failure_report(print),print,162,2353,16220,ok,120,156,2,,False,False,True,145,True,"0ms TokenPredictorParameters { matches_to_start_detected: true, very_far_matches_detected: false, window_bits: 14, strategy: Default, nice_length: 258, add_policy: AddFirst(115), max_token_count: 2047, zlib_compatible: false, max_dist_3_matches: 3516, matching_type: Greedy, max_chain: 100, min_len: "
o_271,print/text/global_cloud_datacenter_cooling_failure_report(print),print,169,26455,58280,ok,120,156,2,,False,False,True,47,True,"5ms TokenPredictorParameters { matches_to_start_detected: true, very_far_matches_detected: true, window_bits: 15, strategy: Default, nice_length: 128, add_policy: AddAll, max_token_count: 32767, zlib_compatible: false, max_dist_3_matches: 4028, matching_type: Lazy { good_length: 8, max_lazy: 16 }, m"
o_272,print/text/global_cloud_datacenter_cooling_failure_report(print),print,177,29603,72908,ok,120,156,2,,False,False,True,65,True,"6ms TokenPredictorParameters { matches_to_start_detected: true, very_far_matches_detected: false, window_bits: 15, strategy: Default, nice_length: 128, add_policy: AddAll, max_token_count: 32767, zlib_compatible: false, max_dist_3_matches: 4080, matching_type: Lazy { good_length: 8, max_lazy: 16 }, "
o_273,print/text/global_cloud_datacenter_cooling_failure_report(print),print,185,41119,105824,ok,120,156,2,,False,False,True,92,True,"8ms TokenPredictorParameters { matches_to_start_detected: true, very_far_matches_detected: true, window_bits: 15, strategy: Default, nice_length: 128, add_policy: AddAll, max_token_count: 32767, zlib_compatible: false, max_dist_3_matches: 4094, matching_type: Lazy { good_length: 8, max_lazy: 16 }, m"
o_274,print/text/global_cloud_datacenter_cooling_failure_report(print),print,189,3741,37308,ok,120,156,2,,False,False,True,190,True,"1ms TokenPredictorParameters { matches_to_start_detected: true, very_far_matches_detected: true, window_bits: 15, strategy: Default, nice_length: 258, add_policy: AddFirst(170), max_token_count: 4095, zlib_compatible: false, max_dist_3_matches: 4070, matching_type: Greedy, max_chain: 87, min_len: 3,"
o_275,print/text/health_wellbeing_digital_age_guidelines_multilang(print),print,8,25792,63296,ok,120,156,2,,False,False,True,66,True,"5ms TokenPredictorParameters { matches_to_start_detected: true, very_far_matches_detected: true, window_bits: 15, strategy: Default, nice_length: 128, add_policy: AddAll, max_token_count: 32767, zlib_compatible: false, max_dist_3_matches: 4084, matching_type: Lazy { good_length: 8, max_lazy: 16 }, m"
o_276,print/text/health_wellbeing_digital_age_guidelines_multilang(print),print,16,11140,18196,ok,120,156,2,,False,False,True,38,True,"1ms TokenPredictorParameters { matches_to_start_detected: true, very_far_matches_detected: false, window_bits: 15, strategy: Default, nice_length: 128, add_policy: AddAll, max_token_count: 16383, zlib_compatible: false, max_dist_3_matches: 4077, matching_type: Lazy { good_length: 8, max_lazy: 16 }, "
o_277,print/text/health_wellbeing_digital_age_guidelines_multilang(print),print,24,96384,230284,ok,120,156,2,,False,False,True,125,True,"18ms TokenPredictorParameters { matches_to_start_detected: true, very_far_matches_detected: true, window_bits: 15, strategy: Default, nice_length: 128, add_policy: AddAll, max_token_count: 32767, zlib_compatible: false, max_dist_3_matches: 4094, matching_type: Lazy { good_length: 8, max_lazy: 16 }, "
o_278,print/text/health_wellbeing_digital_age_guidelines_multilang(print),print,28,29563,109960,ok,120,156,2,,False,False,True,1825,True,"9ms TokenPredictorParameters { matches_to_start_detected: true, very_far_matches_detected: true, window_bits: 15, strategy: Default, nice_length: 258, add_policy: AddFirst(193), max_token_count: 32767, zlib_compatible: false, max_dist_3_matches: 4095, matching_type: Greedy, max_chain: 100, min_len: "
o_279,print/text/health_wellbeing_digital_age_guidelines_multilang(print),print,35,16171,80112,ok,120,156,2,,False,False,True,76,True,"4ms TokenPredictorParameters { matches_to_start_detected: true, very_far_matches_detected: true, window_bits: 15, strategy: Default, nice_length: 128, add_policy: AddAll, max_token_count: 16383, zlib_compatible: false, max_dist_3_matches: 4071, matching_type: Lazy { good_length: 8, max_lazy: 16 }, m"
o_280,print/text/health_wellbeing_digital_age_guidelines_multilang(print),print,43,37592,97304,ok,120,156,2,,False,False,True,103,True,"6ms TokenPredictorParameters { matches_to_start_detected: true, very_far_matches_detected: true, window_bits: 15, strategy: Default, nice_length: 128, add_policy: AddAll, max_token_count: 32767, zlib_compatible: false, max_dist_3_matches: 4070, matching_type: Lazy { good_length: 8, max_lazy: 16 }, m"
o_281,print/text/health_wellbeing_digital_age_guidelines_multilang(print),print,47,1531,8480,ok,120,156,2,,False,False,True,102,True,"0ms TokenPredictorParameters { matches_to_start_detected: true, very_far_matches_detected: true, window_bits: 14, strategy: Default, nice_length: 258, add_policy: AddFirst(116), max_token_count: 2047, zlib_compatible: false, max_dist_3_matches: 3950, matching_type: Greedy, max_chain: 70, min_len: 3,"
o_282,print/text/health_wellbeing_digital_age_guidelines_multilang(print),print,54,11700,26720,ok,120,156,2,,False,False,True,36,True,"2ms TokenPredictorParameters { matches_to_start_detected: true, very_far_matches_detected: false, window_bits: 15, strategy: Default, nice_length: 128, add_policy: AddAll, max_token_count: 16383, zlib_compatible: false, max_dist_3_matches: 4068, matching_type: Lazy { good_length: 8, max_lazy: 16 }, "
o_283,print/text/health_wellbeing_digital_age_guidelines_multilang(print),print,62,31704,74468,ok,120,156,2,,False,False,True,62,True,"7ms TokenPredictorParameters { matches_to_start_detected: true, very_far_matches_detected: true, window_bits: 15, strategy: Default, nice_length: 128, add_policy: AddAll, max_token_count: 32767, zlib_compatible: false, max_dist_3_matches: 4092, matching_type: Lazy { good_length: 8, max_lazy: 16 }, m"
o_284,print/text/health_wellbeing_digital_age_guidelines_multilang(print),print,66,5374,60891,ok,120,156,2,,False,False,True,240,True,"2ms TokenPredictorParameters { matches_to_start_detected: true, very_far_matches_detected: true, window_bits: 15, strategy: Default, nice_length: 258, add_policy: AddFirst(131), max_token_count: 4095, zlib_compatible: false, max_dist_3_matches: 4071, matching_type: Greedy, max_chain: 99, min_len: 3,"
o_285,print/text/health_wellbeing_digital_age_guidelines_multilang(print),print,73,11272,30240,ok,120,156,2,,False,False,True,61,True,"2ms TokenPredictorParameters { matches_to_start_detected: true, very_far_matches_detected: false, window_bits: 15, strategy: Default, nice_length: 128, add_policy: AddAll, max_token_count: 16383, zlib_compatible: false, max_dist_3_matches: 4024, matching_type: Lazy { good_length: 8, max_lazy: 16 }, "
o_286,print/text/health_wellbeing_digital_age_guidelines_multilang(print),print,81,46297,108952,ok,120,156,2,,False,False,True,101,True,"9ms TokenPredictorParameters { matches_to_start_detected: true, very_far_matches_detected: true, window_bits: 15, strategy: Default, nice_length: 128, add_policy: AddAll, max_token_count: 32767, zlib_compatible: false, max_dist_3_matches: 4090, matching_type: Lazy { good_length: 8, max_lazy: 16 }, m"
o_287,print/text/health_wellbeing_digital_age_guidelines_multilang(print),print,85,2865,20264,ok,120,156,2,,False,False,True,189,True,"1ms TokenPredictorParameters { matches_to_start_detected: true, very_far_matches_detected: true, window_bits: 15, strategy: Default, nice_length: 258, add_policy: AddFirst(128), max_token_count: 2047, zlib_compatible: false, max_dist_3_matches: 4010, matching_type: Greedy, max_chain: 98, min_len: 3,"
o_288,print/text/health_wellbeing_digital_age_guidelines_multilang(print),print,92,7643,15648,ok,120,156,2,,False,False,True,139,True,"1ms TokenPredictorParameters { matches_to_start_detected: true, very_far_matches_detected: false, window_bits: 14, strategy: Default, nice_length: 258, add_policy: AddFirst(238), max_token_count: 8191, zlib_compatible: false, max_dist_3_matches: 4044, matching_type: Greedy, max_chain: 100, min_len: "
o_289,print/text/health_wellbeing_digital_age_guidelines_multilang(print),print,100,30484,57844,ok,120,156,2,,False,False,True,785,True,"5ms TokenPredictorParameters { matches_to_start_detected: true, very_far_matches_detected: false, window_bits: 15, strategy: Default, nice_length: 258, add_policy: AddFirst(147), max_token_count: 32767, zlib_compatible: false, max_dist_3_matches: 4082, matching_type: Greedy, max_chain: 100, min_len:"
o_290,print/text/health_wellbeing_digital_age_guidelines_multilang(print),print,104,2984,20754,ok,120,156,2,,False,False,True,189,True,"1ms TokenPredictorParameters { matches_to_start_detected: true, very_far_matches_detected: false, window_bits: 15, strategy: Default, nice_length: 258, add_policy: AddFirst(112), max_token_count: 2047, zlib_compatible: false, max_dist_3_matches: 3999, matching_type: Greedy, max_chain: 100, min_len: "
o_291,print/text/health_wellbeing_digital_age_guidelines_multilang(print),print,111,35272,82232,ok,120,156,2,,False,False,True,73,True,"7ms TokenPredictorParameters { matches_to_start_detected: true, very_far_matches_detected: false, window_bits: 15, strategy: Default, nice_length: 128, add_policy: AddAll, max_token_count: 32767, zlib_compatible: false, max_dist_3_matches: 4082, matching_type: Lazy { good_length: 8, max_lazy: 16 }, "
o_292,print/text/health_wellbeing_digital_age_guidelines_multilang(print),print,119,11684,24904,ok,120,156,2,,False,False,True,45,True,"2ms TokenPredictorParameters { matches_to_start_detected: true, very_far_matches_detected: false, window_bits: 15, strategy: Default, nice_length: 128, add_policy: AddAll, max_token_count: 16383, zlib_compatible: false, max_dist_3_matches: 4088, matching_type: Lazy { good_length: 8, max_lazy: 16 }, "
o_293,print/text/health_wellbeing_digital_age_guidelines_multilang(print),print,123,5160,54115,ok,120,156,2,,False,False,True,261,True,"1ms TokenPredictorParameters { matches_to_start_detected: true, very_far_matches_detected: false, window_bits: 15, strategy: Default, nice_length: 258, add_policy: AddFirst(130), max_token_count: 4095, zlib_compatible: false, max_dist_3_matches: 3947, matching_type: Greedy, max_chain: 100, min_len: "
o_294,print/text/remote_work_home_office_guidelines(print),print,8,7504,13276,ok,120,156,2,,False,False,True,40,True,"1ms TokenPredictorParameters { matches_to_start_detected: true, very_far_matches_detected: false, window_bits: 14, strategy: Default, nice_length: 128, add_policy: AddAll, max_token_count: 8191, zlib_compatible: false, max_dist_3_matches: 4005, matching_type: Lazy { good_length: 8, max_lazy: 16 }, m"
o_295,print/text/remote_work_home_office_guidelines(print),print,16,96384,230284,ok,120,156,2,,False,False,True,125,True,"19ms TokenPredictorParameters { matches_to_start_detected: true, very_far_matches_detected: true, window_bits: 15, strategy: Default, nice_length: 128, add_policy: AddAll, max_token_count: 32767, zlib_compatible: false, max_dist_3_matches: 4094, matching_type: Lazy { good_length: 8, max_lazy: 16 }, "
o_296,print/text/remote_work_home_office_guidelines(print),print,24,13092,25352,ok,120,156,2,,False,False,True,47,True,"2ms TokenPredictorParameters { matches_to_start_detected: true, very_far_matches_detected: false, window_bits: 15, strategy: Default, nice_length: 128, add_policy: AddAll, max_token_count: 16383, zlib_compatible: false, max_dist_3_matches: 4066, matching_type: Lazy { good_length: 8, max_lazy: 16 }, "
o_297,print/text/remote_work_home_office_guidelines(print),print,28,58721,200742,ok,120,156,2,,False,False,True,3643,True,"17ms TokenPredictorParameters { matches_to_start_detected: true, very_far_matches_detected: true, window_bits: 15, strategy: Default, nice_length: 258, add_policy: AddFirst(136), max_token_count: 32767, zlib_compatible: false, max_dist_3_matches: 4095, matching_type: Greedy, max_chain: 100, min_len:"
o_298,print/text/remote_work_home_office_guidelines(print),print,29,2223,6016,ok,120,156,2,,False,False,True,150,True,"0ms TokenPredictorParameters { matches_to_start_detected: true, very_far_matches_detected: true, window_bits: 13, strategy: Default, nice_length: 32, add_policy: AddFirst(76), max_token_count: 2047, zlib_compatible: false, max_dist_3_matches: 4082, matching_type: Greedy, max_chain: 24, min_len: 3, h"
o_299,print/text/remote_work_home_office_guidelines(print),print,36,4341,51776,ok,120,156,2,,False,False,True,47,True,"1ms TokenPredictorParameters { matches_to_start_detected: true, very_far_matches_detected: false, window_bits: 15, strategy: Default, nice_length: 128, add_policy: AddAll, max_token_count: 4095, zlib_compatible: false, max_dist_3_matches: 3220, matching_type: Lazy { good_length: 8, max_lazy: 16 }, m"
o_300,print/text/remote_work_home_office_guidelines(print),print,44,22366,89404,ok,120,156,2,,False,False,True,94,True,"5ms TokenPredictorParameters { matches_to_start_detected: true, very_far_matches_detected: false, window_bits: 15, strategy: Default, nice_length: 128, add_policy: AddAll, max_token_count: 32767, zlib_compatible: false, max_dist_3_matches: 4092, matching_type: Lazy { good_length: 8, max_lazy: 16 }, "
o_301,print/text/remote_work_home_office_guidelines(print),print,52,101432,200512,ok,120,156,2,,False,False,True,71,True,"22ms TokenPredictorParameters { matches_to_start_detected: true, very_far_matches_detected: true, window_bits: 15, strategy: Default, nice_length: 128, add_policy: AddAll, max_token_count: 32767, zlib_compatible: false, max_dist_3_matches: 4096, matching_type: Lazy { good_length: 8, max_lazy: 16 }, "
o_302,print/text/remote_work_home_office_guidelines(print),print,56,1585,9419,ok,120,156,2,,False,False,True,114,True,"0ms TokenPredictorParameters { matches_to_start_detected: true, very_far_matches_detected: false, window_bits: 14, strategy: Default, nice_length: 258, add_policy: AddFirst(117), max_token_count: 2047, zlib_compatible: false, max_dist_3_matches: 4076, matching_type: Greedy, max_chain: 83, min_len: 3"
o_303,print/text/remote_work_home_office_guidelines(print),print,63,14086,38608,ok,120,156,2,,False,False,True,44,True,"3ms TokenPredictorParameters { matches_to_start_detected: true, very_far_matches_detected: false, window_bits: 15, strategy: Default, nice_length: 128, add_policy: AddAll, max_token_count: 16383, zlib_compatible: false, max_dist_3_matches: 4062, matching_type: Lazy { good_length: 8, max_lazy: 16 }, "
o_304,print/text/remote_work_home_office_guidelines(print),print,71,13816,30984,ok,120,156,2,,False,False,True,38,True,"2ms TokenPredictorParameters { matches_to_start_detected: true, very_far_matches_detected: false, window_bits: 15, strategy: Default, nice_length: 128, add_policy: AddAll, max_token_count: 16383, zlib_compatible: false, max_dist_3_matches: 4082, matching_type: Lazy { good_length: 8, max_lazy: 16 }, "
o_305,print/text/remote_work_home_office_guidelines(print),print,79,44051,106380,ok,120,156,2,,False,False,True,68,True,"10ms TokenPredictorParameters { matches_to_start_detected: true, very_far_matches_detected: true, window_bits: 15, strategy: Default, nice_length: 128, add_policy: AddAll, max_token_count: 32767, zlib_compatible: false, max_dist_3_matches: 4078, matching_type: Lazy { good_length: 8, max_lazy: 16 }, "
o_306,print/text/remote_work_home_office_guidelines(print),print,83,5570,59669,ok,120,156,2,,False,False,True,258,True,"1ms TokenPredictorParameters { matches_to_start_detected: true, very_far_matches_detected: true, window_bits: 15, strategy: Default, nice_length: 258, add_policy: AddFirst(133), max_token_count: 4095, zlib_compatible: false, max_dist_3_matches: 4095, matching_type: Greedy, max_chain: 98, min_len: 3,"
o_307,print/text/remote_work_home_office_guidelines(print),print,90,11850,31296,ok,120,156,2,,False,False,True,58,True,"2ms TokenPredictorParameters { matches_to_start_detected: true, very_far_matches_detected: false, window_bits: 15, strategy: Default, nice_length: 128, add_policy: AddAll, max_token_count: 16383, zlib_compatible: false, max_dist_3_matches: 4079, matching_type: Lazy { good_length: 8, max_lazy: 16 }, "
o_308,print/text/remote_work_home_office_guidelines(print),print,98,42016,99688,ok,120,156,2,,False,False,True,92,True,"7ms TokenPredictorParameters { matches_to_start_detected: true, very_far_matches_detected: true, window_bits: 15, strategy: Default, nice_length: 128, add_policy: AddAll, max_token_count: 32767, zlib_compatible: false, max_dist_3_matches: 4090, matching_type: Lazy { good_length: 8, max_lazy: 16 }, m"
o_309,print/text/remote_work_home_office_guidelines(print),print,106,8441,13976,ok,120,156,2,,False,False,True,148,True,"1ms TokenPredictorParameters { matches_to_start_detected: true, very_far_matches_detected: false, window_bits: 14, strategy: Default, nice_length: 258, add_policy: AddFirst(206), max_token_count: 8191, zlib_compatible: false, max_dist_3_matches: 4092, matching_type: Greedy, max_chain: 96, min_len: 3"
o_310,print/text/remote_work_home_office_guidelines(print),print,110,2788,18731,ok,120,156,2,,False,False,True,196,True,"1ms TokenPredictorParameters { matches_to_start_detected: true, very_far_matches_detected: false, window_bits: 15, strategy: Default, nice_length: 258, add_policy: AddFirst(128), max_token_count: 2047, zlib_compatible: false, max_dist_3_matches: 3877, matching_type: Greedy, max_chain: 98, min_len: 3"
o_311,print/text/remote_work_home_office_guidelines(print),print,117,4891,11912,ok,120,156,2,,False,False,True,55,True,"1ms TokenPredictorParameters { matches_to_start_detected: true, very_far_matches_detected: false, window_bits: 14, strategy: Default, nice_length: 128, add_policy: AddAll, max_token_count: 8191, zlib_compatible: false, max_dist_3_matches: 3887, matching_type: Lazy { good_length: 8, max_lazy: 16 }, m"
o_312,print/text/remote_work_home_office_guidelines(print),print,125,484826,885548,ok,120,156,2,,False,False,True,149,True,"87ms TokenPredictorParameters { matches_to_start_detected: true, very_far_matches_detected: true, window_bits: 15, strategy: Default, nice_length: 128, add_policy: AddAll, max_token_count: 32767, zlib_compatible: false, max_dist_3_matches: 4096, matching_type: Lazy { good_length: 8, max_lazy: 16 }, "
o_313,print/text/remote_work_home_office_guidelines(print),print,133,12985,32092,ok,120,156,2,,False,False,True,58,True,"3ms TokenPredictorParameters { matches_to_start_detected: true, very_far_matches_detected: false, window_bits: 15, strategy: Default, nice_length: 128, add_policy: AddAll, max_token_count: 16383, zlib_compatible: false, max_dist_3_matches: 4084, matching_type: Lazy { good_length: 8, max_lazy: 16 }, "
o_314,print/text/remote_work_home_office_guidelines(print),print,137,2945,20346,ok,120,156,2,,False,False,True,207,True,"1ms TokenPredictorParameters { matches_to_start_detected: true, very_far_matches_detected: false, window_bits: 15, strategy: Default, nice_length: 258, add_policy: AddFirst(139), max_token_count: 2047, zlib_compatible: false, max_dist_3_matches: 3635, matching_type: Greedy, max_chain: 100, min_len: "
o_315,print/text/remote_work_home_office_guidelines(print),print,144,7198,14960,ok,120,156,2,,False,False,True,45,True,"1ms TokenPredictorParameters { matches_to_start_detected: true, very_far_matches_detected: false, window_bits: 14, strategy: Default, nice_length: 128, add_policy: AddAll, max_token_count: 8191, zlib_compatible: false, max_dist_3_matches: 4088, matching_type: Lazy { good_length: 8, max_lazy: 16 }, m"
o_316,print/text/remote_work_home_office_guidelines(print),print,152,22649,50056,ok,120,156,2,,False,False,True,60,True,"5ms TokenPredictorParameters { matches_to_start_detected: true, very_far_matches_detected: false, window_bits: 15, strategy: Default, nice_length: 128, add_policy: AddAll, max_token_count: 32767, zlib_compatible: false, max_dist_3_matches: 4092, matching_type: Lazy { good_length: 8, max_lazy: 16 }, "
o_317,print/text/remote_work_home_office_guidelines(print),print,160,38472,82824,ok,120,156,2,,False,False,True,50,True,"8ms TokenPredictorParameters { matches_to_start_detected: true, very_far_matches_detected: false, window_bits: 15, strategy: Default, nice_length: 128, add_policy: AddAll, max_token_count: 32767, zlib_compatible: false, max_dist_3_matches: 4087, matching_type: Lazy { good_length: 8, max_lazy: 16 }, "
o_318,print/text/remote_work_home_office_guidelines(print),print,164,6482,79094,ok,120,156,2,,False,False,True,263,True,"2ms TokenPredictorParameters { matches_to_start_detected: true, very_far_matches_detected: false, window_bits: 15, strategy: Default, nice_length: 258, add_policy: AddFirst(157), max_token_count: 4095, zlib_compatible: false, max_dist_3_matches: 4043, matching_type: Greedy, max_chain: 100, min_len: "
o_319,print/text/smart_factory_robot_malfunction_analysis(print),print,8,8074,14040,ok,120,156,2,,False,False,True,42,True,"1ms TokenPredictorParameters { matches_to_start_detected: true, very_far_matches_detected: false, window_bits: 14, strategy: Default, nice_length: 128, add_policy: AddAll, max_token_count: 8191, zlib_compatible: false, max_dist_3_matches: 3930, matching_type: Lazy { good_length: 8, max_lazy: 16 }, m"
o_320,print/text/smart_factory_robot_malfunction_analysis(print),print,16,43275,100168,ok,120,156,2,,False,False,True,65,True,"8ms TokenPredictorParameters { matches_to_start_detected: true, very_far_matches_detected: true, window_bits: 15, strategy: Default, nice_length: 128, add_policy: AddAll, max_token_count: 32767, zlib_compatible: false, max_dist_3_matches: 4088, matching_type: Lazy { good_length: 8, max_lazy: 16 }, m"
o_321,print/text/smart_factory_robot_malfunction_analysis(print),print,24,17425,40044,ok,120,156,2,,False,False,True,59,True,"3ms TokenPredictorParameters { matches_to_start_detected: true, very_far_matches_detected: true, window_bits: 15, strategy: Default, nice_length: 128, add_policy: AddAll, max_token_count: 16383, zlib_compatible: false, max_dist_3_matches: 4070, matching_type: Lazy { good_length: 8, max_lazy: 16 }, m"
o_322,print/text/smart_factory_robot_malfunction_analysis(print),print,32,111378,275468,ok,120,156,2,,False,False,True,137,True,"24ms TokenPredictorParameters { matches_to_start_detected: true, very_far_matches_detected: true, window_bits: 15, strategy: Default, nice_length: 128, add_policy: AddAll, max_token_count: 32767, zlib_compatible: false, max_dist_3_matches: 4091, matching_type: Lazy { good_length: 8, max_lazy: 16 }, "
o_323,print/text/smart_factory_robot_malfunction_analysis(print),print,36,2734,18697,ok,120,156,2,,False,False,True,160,True,"1ms TokenPredictorParameters { matches_to_start_detected: true, very_far_matches_detected: true, window_bits: 15, strategy: Default, nice_length: 258, add_policy: AddFirst(120), max_token_count: 2047, zlib_compatible: false, max_dist_3_matches: 3508, matching_type: Greedy, max_chain: 87, min_len: 3,"
o_324,print/text/smart_factory_robot_malfunction_analysis(print),print,43,37030,82216,ok,120,156,2,,False,False,True,37,True,"8ms TokenPredictorParameters { matches_to_start_detected: true, very_far_matches_detected: false, window_bits: 15, strategy: Default, nice_length: 128, add_policy: AddAll, max_token_count: 32767, zlib_compatible: false, max_dist_3_matches: 4074, matching_type: Lazy { good_length: 8, max_lazy: 16 }, "
o_325,print/text/smart_factory_robot_malfunction_analysis(print),print,47,77791,200744,ok,120,156,2,,False,False,True,5860,True,"21ms TokenPredictorParameters { matches_to_start_detected: true, very_far_matches_detected: true, window_bits: 15, strategy: Default, nice_length: 258, add_policy: AddFirst(84), max_token_count: 32767, zlib_compatible: false, max_dist_3_matches: 4094, matching_type: Greedy, max_chain: 100, min_len: "
o_326,print/text/smart_factory_robot_malfunction_analysis(print),print,48,77835,200709,ok,120,156,2,,False,False,True,5885,True,"24ms TokenPredictorParameters { matches_to_start_detected: true, very_far_matches_detected: true, window_bits: 15, strategy: Default, nice_length: 258, add_policy: AddFirst(41), max_token_count: 32767, zlib_compatible: false, max_dist_3_matches: 4090, matching_type: Greedy, max_chain: 100, min_len: "
o_327,print/text/smart_factory_robot_malfunction_analysis(print),print,49,76670,200754,ok,120,156,2,,False,False,True,5623,True,"22ms TokenPredictorParameters { matches_to_start_detected: true, very_far_matches_detected: true, window_bits: 15, strategy: Default, nice_length: 258, add_policy: AddFirst(41), max_token_count: 32767, zlib_compatible: false, max_dist_3_matches: 4087, matching_type: Greedy, max_chain: 100, min_len: "
o_328,print/text/smart_factory_robot_malfunction_analysis(print),print,50,76662,200718,ok,120,156,2,,False,False,True,5737,True,"25ms TokenPredictorParameters { matches_to_start_detected: true, very_far_matches_detected: true, window_bits: 15, strategy: Default, nice_length: 258, add_policy: AddFirst(28), max_token_count: 32767, zlib_compatible: false, max_dist_3_matches: 4093, matching_type: Greedy, max_chain: 100, min_len: "
o_329,print/text/smart_factory_robot_malfunction_analysis(print),print,51,51186,129002,ok,120,156,2,,False,False,True,3905,True,"17ms TokenPredictorParameters { matches_to_start_detected: true, very_far_matches_detected: true, window_bits: 15, strategy: Default, nice_length: 258, add_policy: AddFirst(41), max_token_count: 32767, zlib_compatible: false, max_dist_3_matches: 4091, matching_type: Greedy, max_chain: 100, min_len: "
o_330,print/text/smart_factory_robot_malfunction_analysis(print),print,58,44600,99316,ok,120,156,2,,False,False,True,82,True,"9ms TokenPredictorParameters { matches_to_start_detected: true, very_far_matches_detected: true, window_bits: 15, strategy: Default, nice_length: 128, add_policy: AddAll, max_token_count: 32767, zlib_compatible: false, max_dist_3_matches: 4096, matching_type: Lazy { good_length: 8, max_lazy: 16 }, m"
o_331,print/text/smart_factory_robot_malfunction_analysis(print),print,66,20469,54776,ok,120,156,2,,False,False,True,628,True,"3ms TokenPredictorParameters { matches_to_start_detected: true, very_far_matches_detected: false, window_bits: 15, strategy: Default, nice_length: 258, add_policy: AddFirstAndLast(136), max_token_count: 16383, zlib_compatible: false, max_dist_3_matches: 4084, matching_type: Greedy, max_chain: 100, m"
o_332,print/text/smart_factory_robot_malfunction_analysis(print),print,70,3282,34273,ok,120,156,2,,False,False,True,171,True,"1ms TokenPredictorParameters { matches_to_start_detected: true, very_far_matches_detected: true, window_bits: 15, strategy: Default, nice_length: 258, add_policy: AddFirst(161), max_token_count: 2047, zlib_compatible: false, max_dist_3_matches: 3806, matching_type: Greedy, max_chain: 88, min_len: 3,"
o_333,print/text/smart_factory_robot_malfunction_analysis(print),print,77,12116,32012,ok,120,156,2,,False,False,True,62,True,"2ms TokenPredictorParameters { matches_to_start_detected: true, very_far_matches_detected: false, window_bits: 15, strategy: Default, nice_length: 128, add_policy: AddAll, max_token_count: 16383, zlib_compatible: false, max_dist_3_matches: 4028, matching_type: Lazy { good_length: 8, max_lazy: 16 }, "
o_334,print/text/smart_factory_robot_malfunction_analysis(print),print,85,45562,107680,ok,120,156,2,,False,False,True,100,True,"8ms TokenPredictorParameters { matches_to_start_detected: true, very_far_matches_detected: true, window_bits: 15, strategy: Default, nice_length: 128, add_policy: AddAll, max_token_count: 32767, zlib_compatible: false, max_dist_3_matches: 4090, matching_type: Lazy { good_length: 8, max_lazy: 16 }, m"
o_335,print/text/smart_factory_robot_malfunction_analysis(print),print,89,2916,19773,ok,120,156,2,,False,False,True,160,True,"1ms TokenPredictorParameters { matches_to_start_detected: true, very_far_matches_detected: true, window_bits: 15, strategy: Default, nice_length: 258, add_policy: AddFirst(107), max_token_count: 2047, zlib_compatible: false, max_dist_3_matches: 2974, matching_type: Greedy, max_chain: 92, min_len: 3,"
o_336,print/text/smart_factory_robot_malfunction_analysis(print),print,96,8082,16544,ok,120,156,2,,False,False,True,140,True,"1ms TokenPredictorParameters { matches_to_start_detected: true, very_far_matches_detected: false, window_bits: 14, strategy: Default, nice_length: 258, add_policy: AddFirst(186), max_token_count: 8191, zlib_compatible: false, max_dist_3_matches: 4068, matching_type: Greedy, max_chain: 100, min_len: "
o_337,print/text/smart_factory_robot_malfunction_analysis(print),print,104,491767,893928,ok,120,156,2,,False,False,True,150,True,"90ms TokenPredictorParameters { matches_to_start_detected: true, very_far_matches_detected: true, window_bits: 15, strategy: Default, nice_length: 128, add_policy: AddAll, max_token_count: 32767, zlib_compatible: false, max_dist_3_matches: 4096, matching_type: Lazy { good_length: 8, max_lazy: 16 }, "
o_338,print/text/smart_factory_robot_malfunction_analysis(print),print,112,178320,537536,ok,120,156,2,,False,False,True,262,True,"40ms TokenPredictorParameters { matches_to_start_detected: true, very_far_matches_detected: true, window_bits: 15, strategy: Default, nice_length: 128, add_policy: AddAll, max_token_count: 32767, zlib_compatible: false, max_dist_3_matches: 4095, matching_type: Lazy { good_length: 8, max_lazy: 16 }, "
o_339,print/text/smart_factory_robot_malfunction_analysis(print),print,116,2938,21365,ok,120,156,2,,False,False,True,138,True,"1ms TokenPredictorParameters { matches_to_start_detected: true, very_far_matches_detected: true, window_bits: 15, strategy: Default, nice_length: 258, add_policy: AddFirst(107), max_token_count: 2047, zlib_compatible: false, max_dist_3_matches: 3694, matching_type: Greedy, max_chain: 95, min_len: 3,"
o_340,print/text/smart_factory_robot_malfunction_analysis(print),print,123,38933,94156,ok,120,156,2,,False,False,True,81,True,"8ms TokenPredictorParameters { matches_to_start_detected: true, very_far_matches_detected: false, window_bits: 15, strategy: Default, nice_length: 128, add_policy: AddAll, max_token_count: 32767, zlib_compatible: false, max_dist_3_matches: 4083, matching_type: Lazy { good_length: 8, max_lazy: 16 }, "
o_341,print/text/smart_factory_robot_malfunction_analysis(print),print,131,27629,61328,ok,120,156,2,,False,False,True,66,True,"5ms TokenPredictorParameters { matches_to_start_detected: true, very_far_matches_detected: true, window_bits: 15, strategy: Default, nice_length: 128, add_policy: AddAll, max_token_count: 32767, zlib_compatible: false, max_dist_3_matches: 4092, matching_type: Lazy { good_length: 8, max_lazy: 16 }, m"
o_342,print/text/smart_factory_robot_malfunction_analysis(print),print,135,3992,45241,ok,120,156,2,,False,False,True,209,True,"1ms TokenPredictorParameters { matches_to_start_detected: true, very_far_matches_detected: true, window_bits: 15, strategy: Default, nice_length: 258, add_policy: AddFirst(135), max_token_count: 4095, zlib_compatible: false, max_dist_3_matches: 3987, matching_type: Greedy, max_chain: 95, min_len: 3,"
o_343,saveas/text/AeroChef_Drone_Delivery_Cooking_Service(saveas),saveas,4,3251,20746,ok,120,156,2,zlib:6:8:0 zlib:6:9:0,True,False,True,146,True,"0ms TokenPredictorParameters { matches_to_start_detected: false, very_far_matches_detected: false, window_bits: 15, strategy: Default, nice_length: 258, add_policy: AddFirst(95), max_token_count: 2047, zlib_compatible: true, max_dist_3_matches: 3958, matching_type: Greedy, max_chain: 124, min_len: 3"
o_344,saveas/text/AeroChef_Drone_Delivery_Cooking_Service(saveas),saveas,23,2473,15116,ok,120,156,2,zlib:6:9:0,True,False,True,92,True,"0ms TokenPredictorParameters { matches_to_start_detected: false, very_far_matches_detected: false, window_bits: 14, strategy: Default, nice_length: 258, add_policy: AddFirst(95), max_token_count: 2047, zlib_compatible: true, max_dist_3_matches: 4053, matching_type: Greedy, max_chain: 33, min_len: 3,"
o_345,saveas/text/AeroChef_Drone_Delivery_Cooking_Service(saveas),saveas,48,6426,61966,ok,120,156,2,zlib:6:8:0 zlib:6:9:0,True,False,True,184,True,"1ms TokenPredictorParameters { matches_to_start_detected: false, very_far_matches_detected: false, window_bits: 15, strategy: Default, nice_length: 258, add_policy: AddFirst(96), max_token_count: 4095, zlib_compatible: true, max_dist_3_matches: 4069, matching_type: Greedy, max_chain: 115, min_len: 3"
o_346,saveas/text/AeroChef_Drone_Delivery_Cooking_Service(saveas),saveas,71,2913,16894,ok,120,156,2,zlib:6:8:0 zlib:6:9:0,True,False,True,133,True,"0ms TokenPredictorParameters { matches_to_start_detected: false, very_far_matches_detected: false, window_bits: 15, strategy: Default, nice_length: 258, add_policy: AddFirst(92), max_token_count: 2047, zlib_compatible: true, max_dist_3_matches: 3979, matching_type: Greedy, max_chain: 69, min_len: 3,"
o_347,saveas/text/AeroChef_Drone_Delivery_Cooking_Service(saveas),saveas,79,3431,18915,ok,120,156,2,zlib:6:8:0 zlib:6:9:0,True,False,True,142,True,"0ms TokenPredictorParameters { matches_to_start_detected: false, very_far_matches_detected: false, window_bits: 15, strategy: Default, nice_length: 258, add_policy: AddFirst(92), max_token_count: 4095, zlib_compatible: true, max_dist_3_matches: 3992, matching_type: Greedy, max_chain: 76, min_len: 3,"
o_348,saveas/text/AeroChef_Drone_Delivery_Cooking_Service(saveas),saveas,97,5944,60963,ok,120,156,2,zlib:6:8:0 zlib:6:9:0,True,False,True,189,True,"2ms TokenPredictorParameters { matches_to_start_detected: false, very_far_matches_detected: true, window_bits: 15, strategy: Default, nice_length: 258, add_policy: AddFirst(118), max_token_count: 4095, zlib_compatible: false, max_dist_3_matches: 4001, matching_type: Greedy, max_chain: 84, min_len: 3"
o_349,saveas/text/AeroChef_Drone_Delivery_Cooking_Service(saveas),saveas,128,6082,40616,ok,120,156,2,,False,False,True,409,True,"1ms TokenPredictorParameters { matches_to_start_detected: false, very_far_matches_detected: false, window_bits: 15, strategy: Default, nice_length: 258, add_policy: AddFirst(67), max_token_count: 4095, zlib_compatible: true, max_dist_3_matches: 3818, matching_type: Greedy, max_chain: 113, min_len: 3"
o_350,saveas/text/AeroChef_Drone_Delivery_Cooking_Service(saveas),saveas,636,5963,39765,ok,120,156,2,,False,False,True,460,True,"1ms TokenPredictorParameters { matches_to_start_detected: false, very_far_matches_detected: false, window_bits: 15, strategy: Default, nice_length: 258, add_policy: AddFirst(68), max_token_count: 4095, zlib_compatible: true, max_dist_3_matches: 3875, matching_type: Greedy, max_chain: 115, min_len: 3"
o_351,saveas/text/AeroChef_Drone_Delivery_Cooking_Service(saveas),saveas,1140,5298,28842,ok,120,156,2,,False,False,True,62,True,"2ms TokenPredictorParameters { matches_to_start_detected: false, very_far_matches_detected: true, window_bits: 15, strategy: Default, nice_length: 128, add_policy: AddAll, max_token_count: 4095, zlib_compatible: false, max_dist_3_matches: 3212, matching_type: Lazy { good_length: 8, max_lazy: 16 }, m"
o_352,saveas/text/AeroChef_Drone_Delivery_Cooking_Service(saveas),saveas,1364,3652,10208,ok,120,156,2,zlib:6:9:0,True,False,True,43,True,"0ms TokenPredictorParameters { matches_to_start_detected: false, very_far_matches_detected: false, window_bits: 13, strategy: Default, nice_length: 128, add_policy: AddAll, max_token_count: 4095, zlib_compatible: true, max_dist_3_matches: 4020, matching_type: Lazy { good_length: 8, max_lazy: 16 }, m"
o_353,saveas/text/AeroChef_Drone_Delivery_Cooking_Service(saveas),saveas,1366,10503,20972,ok,120,156,2,,False,False,True,45,True,"1ms TokenPredictorParameters { matches_to_start_detected: false, very_far_matches_detected: false, window_bits: 14, strategy: Default, nice_length: 128, add_policy: AddAll, max_token_count: 8191, zlib_compatible: true, max_dist_3_matches: 3919, matching_type: Lazy { good_length: 8, max_lazy: 16 }, m"
o_354,saveas/text/AeroChef_Drone_Delivery_Cooking_Service(saveas),saveas,1367,226,337,ok,120,156,2,zlib:6:8:0 zlib:6:9:0,True,False,True,23,True,"0ms TokenPredictorParameters { matches_to_start_detected: false, very_far_matches_detected: false, window_bits: 10, strategy: Default, nice_length: 8, add_policy: AddFirst(10), max_token_count: 255, zlib_compatible: true, max_dist_3_matches: 144, matching_type: Greedy, max_chain: 2, min_len: 3, hash"
o_355,saveas/text/AeroChef_Drone_Delivery_Cooking_Service(saveas),saveas,1368,6033,11088,ok,120,156,2,zlib:6:8:0,True,False,True,124,True,"1ms TokenPredictorParameters { matches_to_start_detected: false, very_far_matches_detected: false, window_bits: 14, strategy: Default, nice_length: 258, add_policy: AddFirst(152), max_token_count: 8191, zlib_compatible: true, max_dist_3_matches: 3928, matching_type: Greedy, max_chain: 128, min_len: "
o_356,saveas/text/AeroChef_Drone_Delivery_Cooking_Service(saveas),saveas,1371,18204,58484,ok,120,156,2,,False,False,True,41,True,"3ms TokenPredictorParameters { matches_to_start_detected: false, very_far_matches_detected: false, window_bits: 15, strategy: Default, nice_length: 128, add_policy: AddAll, max_token_count: 8191, zlib_compatible: true, max_dist_3_matches: 3918, matching_type: Lazy { good_length: 8, max_lazy: 16 }, m"
o_357,saveas/text/AeroChef_Drone_Delivery_Cooking_Service(saveas),saveas,1373,9114,15252,ok,120,156,2,zlib:6:8:0 zlib:6:9:0,True,False,True,30,True,"1ms TokenPredictorParameters { matches_to_start_detected: false, very_far_matches_detected: false, window_bits: 14, strategy: Default, nice_length: 128, add_policy: AddAll, max_token_count: 8191, zlib_compatible: true, max_dist_3_matches: 4066, matching_type: Lazy { good_length: 8, max_lazy: 16 }, m"
o_358,saveas/text/AeroChef_Drone_Delivery_Cooking_Service(saveas),saveas,1375,22998,85136,ok,120,156,2,,False,False,True,134,True,"5ms TokenPredictorParameters { matches_to_start_detected: false, very_far_matches_detected: false, window_bits: 15, strategy: Default, nice_length: 128, add_policy: AddAll, max_token_count: 8191, zlib_compatible: true, max_dist_3_matches: 4091, matching_type: Lazy { good_length: 8, max_lazy: 16 }, m"
o_359,saveas/text/AeroChef_Drone_Delivery_Cooking_Service(saveas),saveas,1376,308,492,ok,120,156,2,zlib:6:8:0 zlib:6:9:0,True,False,True,31,True,"0ms TokenPredictorParameters { matches_to_start_detected: false, very_far_matches_detected: false, window_bits: 10, strategy: Default, nice_length: 8, add_policy: AddFirst(10), max_token_count: 511, zlib_compatible: true, max_dist_3_matches: 299, matching_type: Greedy, max_chain: 2, min_len: 3, hash"
o_360,saveas/text/AeroChef_Drone_Delivery_Cooking_Service(saveas),saveas,1377,4268,51052,ok,120,156,2,zlib:6:8:0 zlib:6:9:0,True,False,True,30,True,"1ms TokenPredictorParameters { matches_to_start_detected: false, very_far_matches_detected: false, window_bits: 15, strategy: Default, nice_length: 128, add_policy: AddAll, max_token_count: 4095, zlib_compatible: true, max_dist_3_matches: 3336, matching_type: Lazy { good_length: 8, max_lazy: 16 }, m"
o_361,saveas/text/AeroChef_Drone_Delivery_Cooking_Service(saveas),saveas,1380,1116,2682,ok,120,156,2,zlib:6:8:0 zlib:6:9:0,True,False,True,86,True,"0ms TokenPredictorParameters { matches_to_start_detected: false, very_far_matches_detected: true, window_bits: 12, strategy: Default, nice_length: 32, add_policy: AddFirst(29), max_token_count: 1023, zlib_compatible: false, max_dist_3_matches: 2489, matching_type: Greedy, max_chain: 13, min_len: 3, "
o_362,saveas/text/AeroChef_Drone_Delivery_Cooking_Service(saveas),saveas,1381,67331,121596,ok,120,156,2,,False,False,True,119,True,"14ms TokenPredictorParameters { matches_to_start_detected: false, very_far_matches_detected: false, window_bits: 15, strategy: Default, nice_length: 128, add_policy: AddAll, max_token_count: 8191, zlib_compatible: true, max_dist_3_matches: 4093, matching_type: Lazy { good_length: 8, max_lazy: 16 }, "
o_363,saveas/text/AeroChef_Drone_Delivery_Cooking_Service(saveas),saveas,1384,485,926,ok,120,156,2,zlib:6:8:0 zlib:6:9:0,True,False,True,39,True,"0ms TokenPredictorParameters { matches_to_start_detected: false, very_far_matches_detected: false, window_bits: 11, strategy: Default, nice_length: 8, add_policy: AddFirst(10), max_token_count: 511, zlib_compatible: true, max_dist_3_matches: 733, matching_type: Greedy, max_chain: 2, min_len: 3, hash"
o_364,saveas/text/AeroChef_Drone_Delivery_Cooking_Service(saveas),saveas,1385,16672,73260,ok,120,156,2,,False,False,True,53,True,"3ms TokenPredictorParameters { matches_to_start_detected: false, very_far_matches_detected: false, window_bits: 15, strategy: Default, nice_length: 128, add_policy: AddAll, max_token_count: 8191, zlib_compatible: true, max_dist_3_matches: 4067, matching_type: Lazy { good_length: 8, max_lazy: 16 }, m"
o_365,saveas/text/AeroChef_Drone_Delivery_Cooking_Service(saveas),saveas,1389,25892,81056,ok,120,156,2,,False,False,True,40,True,"4ms TokenPredictorParameters { matches_to_start_detected: false, very_far_matches_detected: false, window_bits: 15, strategy: Default, nice_length: 128, add_policy: AddAll, max_token_count: 8191, zlib_compatible: true, max_dist_3_matches: 4091, matching_type: Lazy { good_length: 8, max_lazy: 16 }, m"
o_366,saveas/text/AeroChef_Drone_Delivery_Cooking_Service(saveas),saveas,1390,361,719,ok,120,156,2,zlib:6:8:0 zlib:6:9:0,True,False,True,40,True,"0ms TokenPredictorParameters { matches_to_start_detected: false, very_far_matches_detected: false, window_bits: 10, strategy: Default, nice_length: 32, add_policy: AddFirst(12), max_token_count: 511, zlib_compatible: true, max_dist_3_matches: 526, matching_type: Greedy, max_chain: 12, min_len: 3, ha"
o_367,saveas/text/AeroChef_Drone_Delivery_Cooking_Service(saveas),saveas,1391,4346,12740,ok,120,156,2,zlib:6:8:0 zlib:6:9:0,True,False,True,30,True,"0ms TokenPredictorParameters { matches_to_start_detected: false, very_far_matches_detected: false, window_bits: 14, strategy: Default, nice_length: 128, add_policy: AddAll, max_token_count: 4095, zlib_compatible: true, max_dist_3_matches: 3970, matching_type: Lazy { good_length: 8, max_lazy: 16 }, m"
o_368,saveas/text/AeroChef_Drone_Delivery_Cooking_Service(saveas),saveas,1394,738,1947,ok,120,156,2,zlib:6:8:0 zlib:6:9:0,True,False,True,69,True,"0ms TokenPredictorParameters { matches_to_start_detected: false, very_far_matches_detected: false, window_bits: 12, strategy: Default, nice_length: 258, add_policy: AddFirst(30), max_token_count: 1023, zlib_compatible: true, max_dist_3_matches: 1754, matching_type: Greedy, max_chain: 65, min_len: 3,"
o_369,saveas/text/AeroChef_Drone_Delivery_Cooking_Service(saveas),saveas,1395,11305,30144,ok,120,156,2,,False,False,True,261,True,"2ms TokenPredictorParameters { matches_to_start_detected: false, very_far_matches_detected: false, window_bits: 15, strategy: Default, nice_length: 258, add_policy: AddFirst(166), max_token_count: 8191, zlib_compatible: true, max_dist_3_matches: 4090, matching_type: Greedy, max_chain: 126, min_len: "
o_370,saveas/text/AeroChef_Drone_Delivery_Cooking_Service(saveas),saveas,1398,548,1452,ok,120,156,2,zlib:6:8:0 zlib:6:9:0,True,False,True,54,True,"0ms TokenPredictorParameters { matches_to_start_detected: false, very_far_matches_detected: false, window_bits: 11, strategy: Default, nice_length: 32, add_policy: AddFirst(31), max_token_count: 511, zlib_compatible: true, max_dist_3_matches: 1259, matching_type: Greedy, max_chain: 19, min_len: 3, h"
o_371,saveas/text/AeroChef_Drone_Delivery_Cooking_Service(saveas),saveas,1399,26070,67528,ok,120,156,2,,False,False,True,49,True,"6ms TokenPredictorParameters { matches_to_start_detected: false, very_far_matches_detected: false, window_bits: 15, strategy: Default, nice_length: 128, add_policy: AddAll, max_token_count: 8191, zlib_compatible: true, max_dist_3_matches: 4077, matching_type: Lazy { good_length: 8, max_lazy: 16 }, m"
o_372,saveas/text/AeroChef_Drone_Delivery_Cooking_Service(saveas),saveas,1403,6682,18172,ok,120,156,2,zlib:6:8:0 zlib:6:9:0,True,False,True,30,True,"1ms TokenPredictorParameters { matches_to_start_detected: false, very_far_matches_detected: false, window_bits: 15, strategy: Default, nice_length: 128, add_policy: AddAll, max_token_count: 8191, zlib_compatible: true, max_dist_3_matches: 4076, matching_type: Lazy { good_length: 8, max_lazy: 16 }, m"
o_373,saveas/text/AeroChef_Drone_Delivery_Cooking_Service(saveas),saveas,1405,9380,35680,ok,120,156,2,zlib:6:9:0,True,False,True,62,True,"2ms TokenPredictorParameters { matches_to_start_detected: false, very_far_matches_detected: true, window_bits: 15, strategy: Default, nice_length: 128, add_policy: AddAll, max_token_count: 8191, zlib_compatible: false, max_dist_3_matches: 4073, matching_type: Lazy { good_length: 8, max_lazy: 16 }, m"
o_374,saveas/text/AeroChef_Drone_Delivery_Cooking_Service(saveas),saveas,1407,3433,6120,ok,120,156,2,zlib:6:8:0,True,False,True,82,True,"0ms TokenPredictorParameters { matches_to_start_detected: false, very_far_matches_detected: false, window_bits: 13, strategy: Default, nice_length: 258, add_policy: AddFirst(174), max_token_count: 4095, zlib_compatible: true, max_dist_3_matches: 4016, matching_type: Greedy, max_chain: 128, min_len: "
o_375,saveas/text/AeroChef_Drone_Delivery_Cooking_Service(saveas),saveas,1409,3540,8332,ok,120,156,2,zlib:6:9:0,True,False,True,37,True,"0ms TokenPredictorParameters { matches_to_start_detected: false, very_far_matches_detected: false, window_bits: 13, strategy: Default, nice_length: 128, add_policy: AddAll, max_token_count: 4095, zlib_compatible: true, max_dist_3_matches: 4026, matching_type: Lazy { good_length: 8, max_lazy: 16 }, m"
o_376,saveas/text/AeroChef_Drone_Delivery_Cooking_Service(saveas),saveas,1410,430,904,ok,120,156,2,zlib:6:8:0 zlib:6:9:0,True,False,True,50,True,"0ms TokenPredictorParameters { matches_to_start_detected: false, very_far_matches_detected: false, window_bits: 11, strategy: Default, nice_length: 8, add_policy: AddFirstAndLast(10), max_token_count: 511, zlib_compatible: true, max_dist_3_matches: 711, matching_type: Greedy, max_chain: 4, min_len: "
o_377,saveas/text/AeroChef_Drone_Delivery_Cooking_Service(saveas),saveas,1411,11241,28368,ok,120,156,2,,False,False,True,38,True,"2ms TokenPredictorParameters { matches_to_start_detected: false, very_far_matches_detected: false, window_bits: 15, strategy: Default, nice_length: 128, add_policy: AddAll, max_token_count: 8191, zlib_compatible: true, max_dist_3_matches: 4068, matching_type: Lazy { good_length: 8, max_lazy: 16 }, m"
o_378,saveas/text/AeroChef_Drone_Delivery_Cooking_Service(saveas),saveas,1414,271,449,ok,120,156,2,zlib:6:8:0 zlib:6:9:0,True,False,True,30,True,"0ms TokenPredictorParameters { matches_to_start_detected: false, very_far_matches_detected: false, window_bits: 10, strategy: Default, nice_length: 8, add_policy: AddFirst(10), max_token_count: 255, zlib_compatible: true, max_dist_3_matches: 256, matching_type: Greedy, max_chain: 2, min_len: 3, hash"
o_379,saveas/text/AeroChef_Drone_Delivery_Cooking_Service(saveas),saveas,1415,4955,10408,ok,120,156,2,zlib:6:8:0 zlib:6:9:0,True,False,True,90,True,"1ms TokenPredictorParameters { matches_to_start_detected: false, very_far_matches_detected: false, window_bits: 14, strategy: Default, nice_length: 258, add_policy: AddFirst(211), max_token_count: 8191, zlib_compatible: true, max_dist_3_matches: 4058, matching_type: Greedy, max_chain: 128, min_len: "
o_380,saveas/text/AeroChef_Drone_Delivery_Cooking_Service(saveas),saveas,1418,383,860,ok,120,156,2,zlib:6:8:0 zlib:6:9:0,True,False,True,43,True,"0ms TokenPredictorParameters { matches_to_start_detected: false, very_far_matches_detected: true, window_bits: 11, strategy: Default, nice_length: 8, add_policy: AddFirst(30), max_token_count: 511, zlib_compatible: false, max_dist_3_matches: 667, matching_type: Greedy, max_chain: 3, min_len: 3, hash"
o_381,saveas/text/AeroChef_Drone_Delivery_Cooking_Service(saveas),saveas,1419,7795,19656,ok,120,156,2,,False,False,True,36,True,"1ms TokenPredictorParameters { matches_to_start_detected: false, very_far_matches_detected: false, window_bits: 15, strategy: Default, nice_length: 128, add_policy: AddAll, max_token_count: 8191, zlib_compatible: true, max_dist_3_matches: 4086, matching_type: Lazy { good_length: 8, max_lazy: 16 }, m"
o_382,saveas/text/AeroChef_Drone_Delivery_Cooking_Service(saveas),saveas,1422,676,1927,ok,120,156,2,zlib:6:8:0 zlib:6:9:0,True,False,True,67,True,"0ms TokenPredictorParameters { matches_to_start_detected: false, very_far_matches_detected: false, window_bits: 12, strategy: Default, nice_length: 258, add_policy: AddFirst(30), max_token_count: 1023, zlib_compatible: true, max_dist_3_matches: 1734, matching_type: Greedy, max_chain: 69, min_len: 3,"
o_383,saveas/text/AeroChef_Drone_Delivery_Cooking_Service(saveas),saveas,1423,23170,50576,ok,120,156,2,,False,False,True,73,True,"5ms TokenPredictorParameters { matches_to_start_detected: false, very_far_matches_detected: false, window_bits: 15, strategy: Default, nice_length: 128, add_policy: AddAll, max_token_count: 8191, zlib_compatible: true, max_dist_3_matches: 4055, matching_type: Lazy { good_length: 8, max_lazy: 16 }, m"
o_384,saveas/text/AeroChef_Drone_Delivery_Cooking_Service(saveas),saveas,1426,532,1497,ok,120,156,2,zlib:6:8:0 zlib:6:9:0,True,False,True,49,True,"0ms TokenPredictorParameters { matches_to_start_detected: false, very_far_matches_detected: true, window_bits: 11, strategy: Default, nice_length: 32, add_policy: AddFirst(31), max_token_count: 511, zlib_compatible: false, max_dist_3_matches: 1304, matching_type: Greedy, max_chain: 15, min_len: 3, h"
o_385,saveas/text/AeroChef_Drone_Delivery_Cooking_Service(saveas),saveas,1427,20787,45284,ok,120,156,2,,False,False,True,48,True,"4ms TokenPredictorParameters { matches_to_start_detected: false, very_far_matches_detected: false, window_bits: 15, strategy: Default, nice_length: 128, add_policy: AddAll, max_token_count: 8191, zlib_compatible: true, max_dist_3_matches: 4021, matching_type: Lazy { good_length: 8, max_lazy: 16 }, m"
o_386,saveas/text/AeroChef_Drone_Delivery_Cooking_Service(saveas),saveas,1432,2912,10024,ok,120,156,2,zlib:6:8:0,True,False,True,264,True,"1ms TokenPredictorParameters { matches_to_start_detected: false, very_far_matches_detected: false, window_bits: 14, strategy: Default, nice_length: 258, add_policy: AddFirst(8), max_token_count: 4095, zlib_compatible: true, max_dist_3_matches: 2835, matching_type: Greedy, max_chain: 118, min_len: 3,"
o_387,saveas/text/Evolution_Biodegradable_Plastics(saveas),saveas,4,3029,13525,ok,120,156,2,zlib:6:8:0 zlib:6:9:0,True,False,True,160,True,"1ms TokenPredictorParameters { matches_to_start_detected: false, very_far_matches_detected: false, window_bits: 14, strategy: Default, nice_length: 258, add_policy: AddFirst(88), max_token_count: 2047, zlib_compatible: true, max_dist_3_matches: 4074, matching_type: Greedy, max_chain: 67, min_len: 3,"
o_388,saveas/text/Evolution_Biodegradable_Plastics(saveas),saveas,16,1805,7606,ok,120,156,2,zlib:6:8:0 zlib:6:9:0,True,False,True,83,True,"0ms TokenPredictorParameters { matches_to_start_detected: false, very_far_matches_detected: false, window_bits: 13, strategy: Default, nice_length: 258, add_policy: AddFirst(88), max_token_count: 2047, zlib_compatible: true, max_dist_3_matches: 3832, matching_type: Greedy, max_chain: 85, min_len: 3,"
o_389,saveas/text/Evolution_Biodegradable_Plastics(saveas),saveas,37,9546,105453,ok,120,156,2,,False,False,True,308,True,"4ms TokenPredictorParameters { matches_to_start_detected: false, very_far_matches_detected: false, window_bits: 15, strategy: Default, nice_length: 258, add_policy: AddFirst(89), max_token_count: 8191, zlib_compatible: true, max_dist_3_matches: 4042, matching_type: Greedy, max_chain: 128, min_len: 3"
o_390,saveas/text/Evolution_Biodegradable_Plastics(saveas),saveas,60,3169,14021,ok,120,156,2,zlib:6:9:0,True,False,True,180,True,"1ms TokenPredictorParameters { matches_to_start_detected: false, very_far_matches_detected: false, window_bits: 14, strategy: Default, nice_length: 258, add_policy: AddFirst(89), max_token_count: 4095, zlib_compatible: true, max_dist_3_matches: 4046, matching_type: Greedy, max_chain: 122, min_len: 3"
o_391,saveas/text/Evolution_Biodegradable_Plastics(saveas),saveas,68,3329,14142,ok,120,156,2,zlib:6:8:0 zlib:6:9:0,True,False,True,160,True,"0ms TokenPredictorParameters { matches_to_start_detected: false, very_far_matches_detected: true, window_bits: 14, strategy: Default, nice_length: 258, add_policy: AddFirst(88), max_token_count: 4095, zlib_compatible: false, max_dist_3_matches: 4089, matching_type: Greedy, max_chain: 34, min_len: 3,"
o_392,saveas/text/Evolution_Biodegradable_Plastics(saveas),saveas,89,8020,93580,ok,120,156,2,,False,False,True,290,True,"2ms TokenPredictorParameters { matches_to_start_detected: false, very_far_matches_detected: false, window_bits: 15, strategy: Default, nice_length: 258, add_policy: AddFirst(106), max_token_count: 8191, zlib_compatible: true, max_dist_3_matches: 4067, matching_type: Greedy, max_chain: 116, min_len: "
o_393,saveas/text/Evolution_Biodegradable_Plastics(saveas),saveas,120,4314,39208,ok,120,156,2,zlib:6:8:0 zlib:6:9:0,True,False,True,236,True,"1ms TokenPredictorParameters { matches_to_start_detected: false, very_far_matches_detected: false, window_bits: 15, strategy: Default, nice_length: 258, add_policy: AddFirstAndLast(67), max_token_count: 4095, zlib_compatible: true, max_dist_3_matches: 3829, matching_type: Greedy, max_chain: 98, min_"
o_394,saveas/text/Evolution_Biodegradable_Plastics(saveas),saveas,623,5930,44677,ok,120,156,2,zlib:6:9:0,True,False,True,461,True,"1ms TokenPredictorParameters { matches_to_start_detected: false, very_far_matches_detected: true, window_bits: 15, strategy: Default, nice_length: 258, add_policy: AddFirst(67), max_token_count: 8191, zlib_compatible: false, max_dist_3_matches: 3756, matching_type: Greedy, max_chain: 54, min_len: 3,"
o_395,saveas/text/Evolution_Biodegradable_Plastics(saveas),saveas,1127,6533,44719,ok,120,156,2,zlib:6:8:0 zlib:6:9:0,True,False,True,30,True,"2ms TokenPredictorParameters { matches_to_start_detected: false, very_far_matches_detected: false, window_bits: 15, strategy: Default, nice_length: 128, add_policy: AddAll, max_token_count: 8191, zlib_compatible: true, max_dist_3_matches: 3379, matching_type: Lazy { good_length: 8, max_lazy: 16 }, m"
o_396,saveas/text/Evolution_Biodegradable_Plastics(saveas),saveas,1486,17209,112484,ok,120,156,2,,False,False,True,39,True,"4ms TokenPredictorParameters { matches_to_start_detected: false, very_far_matches_detected: false, window_bits: 15, strategy: Default, nice_length: 128, add_policy: AddAll, max_token_count: 8191, zlib_compatible: true, max_dist_3_matches: 4056, matching_type: Lazy { good_length: 8, max_lazy: 16 }, m"
o_397,saveas/text/Evolution_Biodegradable_Plastics(saveas),saveas,1488,25892,81056,ok,120,156,2,,False,False,True,40,True,"5ms TokenPredictorParameters { matches_to_start_detected: false, very_far_matches_detected: false, window_bits: 15, strategy: Default, nice_length: 128, add_policy: AddAll, max_token_count: 8191, zlib_compatible: true, max_dist_3_matches: 4091, matching_type: Lazy { good_length: 8, max_lazy: 16 }, m"
o_398,saveas/text/Evolution_Biodegradable_Plastics(saveas),saveas,1490,7814,13432,ok,120,156,2,zlib:6:8:0 zlib:6:9:0,True,False,True,30,True,"1ms TokenPredictorParameters { matches_to_start_detected: false, very_far_matches_detected: false, window_bits: 14, strategy: Default, nice_length: 128, add_policy: AddAll, max_token_count: 8191, zlib_compatible: true, max_dist_3_matches: 4018, matching_type: Lazy { good_length: 8, max_lazy: 16 }, m"
o_399,saveas/text/Evolution_Biodegradable_Plastics(saveas),saveas,1492,4447,11208,ok,120,156,2,zlib:6:9:0,True,False,True,43,True,"0ms TokenPredictorParameters { matches_to_start_detected: false, very_far_matches_detected: false, window_bits: 14, strategy: Default, nice_length: 128, add_policy: AddAll, max_token_count: 4095, zlib_compatible: true, max_dist_3_matches: 4052, matching_type: Lazy { good_length: 8, max_lazy: 16 }, m"
o_400,saveas/text/Evolution_Biodegradable_Plastics(saveas),saveas,1493,383,660,ok,120,156,2,zlib:6:8:0 zlib:6:9:0,True,False,True,33,True,"2ms TokenPredictorParameters { matches_to_start_detected: false, very_far_matches_detected: true, window_bits: 10, strategy: Default, nice_length: 8, add_policy: AddFirst(10), max_token_count: 511, zlib_compatible: false, max_dist_3_matches: 467, matching_type: Greedy, max_chain: 3, min_len: 3, hash"
o_401,saveas/text/Evolution_Biodegradable_Plastics(saveas),saveas,1494,9412,60652,ok,120,156,2,,False,False,True,30,True,"3ms TokenPredictorParameters { matches_to_start_detected: false, very_far_matches_detected: false, window_bits: 15, strategy: Default, nice_length: 128, add_policy: AddAll, max_token_count: 8191, zlib_compatible: true, max_dist_3_matches: 4034, matching_type: Lazy { good_length: 8, max_lazy: 16 }, m"
o_402,saveas/text/Evolution_Biodegradable_Plastics(saveas),saveas,1496,948,2235,ok,120,156,2,zlib:6:8:0 zlib:6:9:0,True,False,True,77,True,"1ms TokenPredictorParameters { matches_to_start_detected: false, very_far_matches_detected: true, window_bits: 12, strategy: Default, nice_length: 16, add_policy: AddFirst(29), max_token_count: 1023, zlib_compatible: false, max_dist_3_matches: 2042, matching_type: Greedy, max_chain: 7, min_len: 3, h"
o_403,saveas/text/Evolution_Biodegradable_Plastics(saveas),saveas,1497,22411,75124,ok,120,156,2,,False,False,True,71,True,"5ms TokenPredictorParameters { matches_to_start_detected: false, very_far_matches_detected: false, window_bits: 15, strategy: Default, nice_length: 128, add_policy: AddAll, max_token_count: 8191, zlib_compatible: true, max_dist_3_matches: 4067, matching_type: Lazy { good_length: 8, max_lazy: 16 }, m"
o_404,saveas/text/Evolution_Biodegradable_Plastics(saveas),saveas,1500,1339,3347,ok,120,156,2,zlib:6:8:0 zlib:6:9:0,True,False,True,118,True,"1ms TokenPredictorParameters { matches_to_start_detected: false, very_far_matches_detected: false, window_bits: 12, strategy: Default, nice_length: 258, add_policy: AddFirst(30), max_token_count: 2047, zlib_compatible: true, max_dist_3_matches: 3154, matching_type: Greedy, max_chain: 43, min_len: 3,"
o_405,saveas/text/Evolution_Biodegradable_Plastics(saveas),saveas,1501,86938,149964,ok,120,156,2,,False,False,True,179,True,"19ms TokenPredictorParameters { matches_to_start_detected: false, very_far_matches_detected: false, window_bits: 15, strategy: Default, nice_length: 128, add_policy: AddAll, max_token_count: 8191, zlib_compatible: true, max_dist_3_matches: 4094, matching_type: Lazy { good_length: 8, max_lazy: 16 }, "
o_406,saveas/text/Evolution_Biodegradable_Plastics(saveas),saveas,1504,464,1117,ok,120,156,2,zlib:6:8:0 zlib:6:9:0,True,False,True,48,True,"1ms TokenPredictorParameters { matches_to_start_detected: false, very_far_matches_detected: false, window_bits: 11, strategy: Default, nice_length: 32, add_policy: AddFirst(30), max_token_count: 511, zlib_compatible: true, max_dist_3_matches: 924, matching_type: Greedy, max_chain: 28, min_len: 3, ha"
o_407,saveas/text/Evolution_Biodegradable_Plastics(saveas),saveas,1505,5235,14296,ok,120,156,2,zlib:6:8:0 zlib:6:9:0,True,False,True,30,True,"2ms TokenPredictorParameters { matches_to_start_detected: false, very_far_matches_detected: false, window_bits: 14, strategy: Default, nice_length: 128, add_policy: AddAll, max_token_count: 8191, zlib_compatible: true, max_dist_3_matches: 3972, matching_type: Lazy { good_length: 8, max_lazy: 16 }, m"
o_408,saveas/text/Evolution_Biodegradable_Plastics(saveas),saveas,1508,623,1565,ok,120,156,2,zlib:6:8:0 zlib:6:9:0,True,False,True,59,True,"1ms TokenPredictorParameters { matches_to_start_detected: false, very_far_matches_detected: false, window_bits: 11, strategy: Default, nice_length: 32, add_policy: AddFirst(30), max_token_count: 1023, zlib_compatible: true, max_dist_3_matches: 1372, matching_type: Greedy, max_chain: 32, min_len: 3, "
o_409,saveas/text/Evolution_Biodegradable_Plastics(saveas),saveas,1509,7076,19556,ok,120,156,2,zlib:6:9:0,True,False,True,162,True,"2ms TokenPredictorParameters { matches_to_start_detected: false, very_far_matches_detected: false, window_bits: 15, strategy: Default, nice_length: 258, add_policy: AddFirst(220), max_token_count: 8191, zlib_compatible: true, max_dist_3_matches: 4084, matching_type: Greedy, max_chain: 126, min_len: "
o_410,saveas/text/Evolution_Biodegradable_Plastics(saveas),saveas,1512,708,2001,ok,120,156,2,zlib:6:8:0 zlib:6:9:0,True,False,True,67,True,"1ms TokenPredictorParameters { matches_to_start_detected: false, very_far_matches_detected: false, window_bits: 12, strategy: Default, nice_length: 258, add_policy: AddFirst(31), max_token_count: 1023, zlib_compatible: true, max_dist_3_matches: 1808, matching_type: Greedy, max_chain: 60, min_len: 3,"
o_411,saveas/text/Evolution_Biodegradable_Plastics(saveas),saveas,1513,23040,48288,ok,120,156,2,,False,False,True,42,True,"5ms TokenPredictorParameters { matches_to_start_detected: false, very_far_matches_detected: false, window_bits: 15, strategy: Default, nice_length: 128, add_policy: AddAll, max_token_count: 8191, zlib_compatible: true, max_dist_3_matches: 4081, matching_type: Lazy { good_length: 8, max_lazy: 16 }, m"
o_412,saveas/text/Evolution_Biodegradable_Plastics(saveas),saveas,1517,6750,17784,ok,120,156,2,zlib:6:9:0,True,False,True,38,True,"2ms TokenPredictorParameters { matches_to_start_detected: false, very_far_matches_detected: false, window_bits: 15, strategy: Default, nice_length: 128, add_policy: AddAll, max_token_count: 8191, zlib_compatible: true, max_dist_3_matches: 4038, matching_type: Lazy { good_length: 8, max_lazy: 16 }, m"
o_413,saveas/text/Evolution_Biodegradable_Plastics(saveas),saveas,1519,8811,23776,ok,120,156,2,,False,False,True,42,True,"3ms TokenPredictorParameters { matches_to_start_detected: false, very_far_matches_detected: false, window_bits: 15, strategy: Default, nice_length: 128, add_policy: AddAll, max_token_count: 8191, zlib_compatible: true, max_dist_3_matches: 4064, matching_type: Lazy { good_length: 8, max_lazy: 16 }, m"
o_414,saveas/text/Evolution_Biodegradable_Plastics(saveas),saveas,1521,8557,34508,ok,120,156,2,zlib:6:8:0 zlib:6:9:0,True,False,True,26,True,"2ms TokenPredictorParameters { matches_to_start_detected: false, very_far_matches_detected: false, window_bits: 15, strategy: Default, nice_length: 128, add_policy: AddAll, max_token_count: 8191, zlib_compatible: true, max_dist_3_matches: 4074, matching_type: Lazy { good_length: 8, max_lazy: 16 }, m"
o_415,saveas/text/Evolution_Biodegradable_Plastics(saveas),saveas,1522,379,790,ok,120,156,2,zlib:6:8:0 zlib:6:9:0,True,False,True,37,True,"1ms TokenPredictorParameters { matches_to_start_detected: false, very_far_matches_detected: true, window_bits: 10, strategy: Default, nice_length: 16, add_policy: AddFirst(30), max_token_count: 511, zlib_compatible: false, max_dist_3_matches: 597, matching_type: Greedy, max_chain: 5, min_len: 3, has"
o_416,saveas/text/Evolution_Biodegradable_Plastics(saveas),saveas,1523,3880,9092,ok,120,156,2,zlib:6:8:0 zlib:6:9:0,True,False,True,49,True,"1ms TokenPredictorParameters { matches_to_start_detected: false, very_far_matches_detected: true, window_bits: 14, strategy: Default, nice_length: 128, add_policy: AddAll, max_token_count: 4095, zlib_compatible: false, max_dist_3_matches: 3772, matching_type: Lazy { good_length: 8, max_lazy: 16 }, m"
o_417,saveas/text/Evolution_Biodegradable_Plastics(saveas),saveas,1525,408,848,ok,120,156,2,zlib:6:8:0 zlib:6:9:0,True,False,True,44,True,"0ms TokenPredictorParameters { matches_to_start_detected: false, very_far_matches_detected: false, window_bits: 11, strategy: Default, nice_length: 8, add_policy: AddFirstAndLast(10), max_token_count: 511, zlib_compatible: true, max_dist_3_matches: 655, matching_type: Greedy, max_chain: 3, min_len: "
o_418,saveas/text/Evolution_Biodegradable_Plastics(saveas),saveas,1526,9793,26780,ok,120,156,2,,False,False,True,38,True,"2ms TokenPredictorParameters { matches_to_start_detected: false, very_far_matches_detected: false, window_bits: 15, strategy: Default, nice_length: 128, add_policy: AddAll, max_token_count: 8191, zlib_compatible: true, max_dist_3_matches: 4070, matching_type: Lazy { good_length: 8, max_lazy: 16 }, m"
o_419,saveas/text/Evolution_Biodegradable_Plastics(saveas),saveas,1529,301,577,ok,120,156,2,zlib:6:8:0 zlib:6:9:0,True,False,True,42,True,"1ms TokenPredictorParameters { matches_to_start_detected: false, very_far_matches_detected: false, window_bits: 10, strategy: Default, nice_length: 8, add_policy: AddFirstAndLast(10), max_token_count: 511, zlib_compatible: true, max_dist_3_matches: 384, matching_type: Greedy, max_chain: 3, min_len: "
o_420,saveas/text/Evolution_Biodegradable_Plastics(saveas),saveas,1530,5821,10388,ok,120,156,2,zlib:6:8:0 zlib:6:9:0,True,False,True,104,True,"1ms TokenPredictorParameters { matches_to_start_detected: false, very_far_matches_detected: false, window_bits: 14, strategy: Default, nice_length: 258, add_policy: AddFirst(105), max_token_count: 8191, zlib_compatible: true, max_dist_3_matches: 3744, matching_type: Greedy, max_chain: 128, min_len: "
o_421,saveas/text/Evolution_Biodegradable_Plastics(saveas),saveas,1533,420,969,ok,120,156,2,zlib:6:8:0 zlib:6:9:0,True,False,True,44,True,"1ms TokenPredictorParameters { matches_to_start_detected: false, very_far_matches_detected: false, window_bits: 11, strategy: Default, nice_length: 32, add_policy: AddFirst(22), max_token_count: 511, zlib_compatible: true, max_dist_3_matches: 776, matching_type: Greedy, max_chain: 10, min_len: 3, ha"
o_422,saveas/text/Evolution_Biodegradable_Plastics(saveas),saveas,1534,3857,9172,ok,120,156,2,zlib:6:9:0,True,False,True,35,True,"1ms TokenPredictorParameters { matches_to_start_detected: false, very_far_matches_detected: true, window_bits: 13, strategy: Default, nice_length: 128, add_policy: AddAll, max_token_count: 4095, zlib_compatible: false, max_dist_3_matches: 4068, matching_type: Lazy { good_length: 8, max_lazy: 16 }, m"
o_423,saveas/text/Evolution_Biodegradable_Plastics(saveas),saveas,1537,645,1905,ok,120,156,2,zlib:6:8:0 zlib:6:9:0,True,False,True,54,True,"1ms TokenPredictorParameters { matches_to_start_detected: false, very_far_matches_detected: true, window_bits: 12, strategy: Default, nice_length: 32, add_policy: AddFirst(32), max_token_count: 1023, zlib_compatible: false, max_dist_3_matches: 1712, matching_type: Greedy, max_chain: 13, min_len: 3, "
o_424,saveas/text/Evolution_Biodegradable_Plastics(saveas),saveas,1538,11974,27908,ok,120,156,2,,False,False,True,191,True,"2ms TokenPredictorParameters { matches_to_start_detected: false, very_far_matches_detected: false, window_bits: 15, strategy: Default, nice_length: 258, add_policy: AddFirstAndLast(223), max_token_count: 8191, zlib_compatible: true, max_dist_3_matches: 4074, matching_type: Greedy, max_chain: 126, mi"
o_425,saveas/text/Evolution_Biodegradable_Plastics(saveas),saveas,1541,673,1938,ok,120,156,2,zlib:6:8:0 zlib:6:9:0,True,False,True,62,True,"1ms TokenPredictorParameters { matches_to_start_detected: false, very_far_matches_detected: true, window_bits: 12, strategy: Default, nice_length: 258, add_policy: AddFirst(30), max_token_count: 1023, zlib_compatible: false, max_dist_3_matches: 1745, matching_type: Greedy, max_chain: 34, min_len: 3,"
o_426,saveas/text/Evolution_Biodegradable_Plastics(saveas),saveas,1542,15484,52292,ok,120,156,2,,False,False,True,46,True,"3ms TokenPredictorParameters { matches_to_start_detected: false, very_far_matches_detected: false, window_bits: 15, strategy: Default, nice_length: 128, add_policy: AddAll, max_token_count: 8191, zlib_compatible: true, max_dist_3_matches: 4030, matching_type: Lazy { good_length: 8, max_lazy: 16 }, m"
o_427,saveas/text/Evolution_Biodegradable_Plastics(saveas),saveas,1547,3073,10829,ok,120,156,2,zlib:6:8:0 zlib:6:9:0,True,False,True,289,True,"1ms TokenPredictorParameters { matches_to_start_detected: false, very_far_matches_detected: true, window_bits: 14, strategy: Default, nice_length: 32, add_policy: AddFirst(7), max_token_count: 4095, zlib_compatible: false, max_dist_3_matches: 2891, matching_type: Greedy, max_chain: 10, min_len: 3, h"
o_428,saveas/text/Lumina_Interior_Lighting_Designbook(saveas),saveas,4,3178,18718,ok,120,156,2,zlib:6:8:0 zlib:6:9:0,True,False,True,127,True,"1ms TokenPredictorParameters { matches_to_start_detected: false, very_far_matches_detected: false, window_bits: 15, strategy: Default, nice_length: 258, add_policy: AddFirst(93), max_token_count: 4095, zlib_compatible: true, max_dist_3_matches: 3631, matching_type: Greedy, max_chain: 79, min_len: 3,"
o_429,saveas/text/Lumina_Interior_Lighting_Designbook(saveas),saveas,33,2903,19968,ok,120,156,2,zlib:6:8:0 zlib:6:9:0,True,False,True,92,True,"1ms TokenPredictorParameters { matches_to_start_detected: false, very_far_matches_detected: false, window_bits: 15, strategy: Default, nice_length: 258, add_policy: AddFirst(95), max_token_count: 4095, zlib_compatible: true, max_dist_3_matches: 3928, matching_type: Greedy, max_chain: 78, min_len: 3,"
o_430,saveas/text/Lumina_Interior_Lighting_Designbook(saveas),saveas,58,6727,62732,ok,120,156,2,zlib:6:8:0 zlib:6:9:0,True,False,True,216,True,"3ms TokenPredictorParameters { matches_to_start_detected: false, very_far_matches_detected: false, window_bits: 15, strategy: Default, nice_length: 258, add_policy: AddFirst(94), max_token_count: 4095, zlib_compatible: true, max_dist_3_matches: 4095, matching_type: Greedy, max_chain: 120, min_len: 3"
o_431,saveas/text/Lumina_Interior_Lighting_Designbook(saveas),saveas,81,3140,16873,ok,120,156,2,zlib:6:8:0 zlib:6:9:0,True,False,True,141,True,"2ms TokenPredictorParameters { matches_to_start_detected: false, very_far_matches_detected: false, window_bits: 14, strategy: Default, nice_length: 258, add_policy: AddFirst(96), max_token_count: 4095, zlib_compatible: true, max_dist_3_matches: 4069, matching_type: Greedy, max_chain: 60, min_len: 3,"
o_432,saveas/text/Lumina_Interior_Lighting_Designbook(saveas),saveas,94,3870,24843,ok,120,156,2,,False,False,True,164,True,"2ms TokenPredictorParameters { matches_to_start_detected: false, very_far_matches_detected: false, window_bits: 15, strategy: Default, nice_length: 258, add_policy: AddFirst(95), max_token_count: 4095, zlib_compatible: true, max_dist_3_matches: 4034, matching_type: Greedy, max_chain: 79, min_len: 3,"
o_433,saveas/text/Lumina_Interior_Lighting_Designbook(saveas),saveas,117,6335,62778,ok,120,156,2,zlib:6:8:0 zlib:6:9:0,True,False,True,214,True,"3ms TokenPredictorParameters { matches_to_start_detected: false, very_far_matches_detected: true, window_bits: 15, strategy: Default, nice_length: 258, add_policy: AddFirst(106), max_token_count: 4095, zlib_compatible: false, max_dist_3_matches: 4087, matching_type: Greedy, max_chain: 90, min_len: 3"
o_434,saveas/text/Lumina_Interior_Lighting_Designbook(saveas),saveas,148,6081,40631,ok,120,156,2,,False,False,True,406,True,"2ms TokenPredictorParameters { matches_to_start_detected: false, very_far_matches_detected: false, window_bits: 15, strategy: Default, nice_length: 258, add_policy: AddFirstAndLast(67), max_token_count: 4095, zlib_compatible: true, max_dist_3_matches: 3638, matching_type: Greedy, max_chain: 93, min_"
o_435,saveas/text/Lumina_Interior_Lighting_Designbook(saveas),saveas,656,6210,40483,ok,120,156,2,zlib:6:9:0,True,False,True,481,True,"3ms TokenPredictorParameters { matches_to_start_detected: false, very_far_matches_detected: false, window_bits: 15, strategy: Default, nice_length: 258, add_policy: AddFirst(67), max_token_count: 4095, zlib_compatible: true, max_dist_3_matches: 3740, matching_type: Greedy, max_chain: 127, min_len: 3"
o_436,saveas/text/Lumina_Interior_Lighting_Designbook(saveas),saveas,1160,6383,37574,ok,120,156,2,,False,False,True,76,True,"3ms TokenPredictorParameters { matches_to_start_detected: false, very_far_matches_detected: true, window_bits: 15, strategy: Default, nice_length: 128, add_policy: AddAll, max_token_count: 8191, zlib_compatible: false, max_dist_3_matches: 3009, matching_type: Lazy { good_length: 8, max_lazy: 16 }, m"
o_437,saveas/text/Lumina_Interior_Lighting_Designbook(saveas),saveas,1477,8764,18580,ok,120,156,2,,False,False,True,26,True,"2ms TokenPredictorParameters { matches_to_start_detected: false, very_far_matches_detected: false, window_bits: 14, strategy: Default, nice_length: 128, add_policy: AddAll, max_token_count: 8191, zlib_compatible: true, max_dist_3_matches: 4056, matching_type: Lazy { good_length: 8, max_lazy: 16 }, m"
o_438,saveas/text/Lumina_Interior_Lighting_Designbook(saveas),saveas,1479,4373,11072,ok,120,156,2,,False,False,True,38,True,"1ms TokenPredictorParameters { matches_to_start_detected: false, very_far_matches_detected: false, window_bits: 14, strategy: Default, nice_length: 128, add_policy: AddAll, max_token_count: 4095, zlib_compatible: true, max_dist_3_matches: 4064, matching_type: Lazy { good_length: 8, max_lazy: 16 }, m"
o_439,saveas/text/Lumina_Interior_Lighting_Designbook(saveas),saveas,1480,226,337,ok,120,156,2,zlib:6:8:0 zlib:6:9:0,True,False,True,23,True,"1ms TokenPredictorParameters { matches_to_start_detected: false, very_far_matches_detected: false, window_bits: 10, strategy: Default, nice_length: 8, add_policy: AddFirst(10), max_token_count: 255, zlib_compatible: true, max_dist_3_matches: 144, matching_type: Greedy, max_chain: 2, min_len: 3, hash"
o_440,saveas/text/Lumina_Interior_Lighting_Designbook(saveas),saveas,1481,23148,85412,ok,120,156,2,,False,False,True,133,True,"7ms TokenPredictorParameters { matches_to_start_detected: false, very_far_matches_detected: false, window_bits: 15, strategy: Default, nice_length: 128, add_policy: AddAll, max_token_count: 8191, zlib_compatible: true, max_dist_3_matches: 4091, matching_type: Lazy { good_length: 8, max_lazy: 16 }, m"
o_441,saveas/text/Lumina_Interior_Lighting_Designbook(saveas),saveas,1484,226,337,ok,120,156,2,zlib:6:8:0 zlib:6:9:0,True,False,True,23,True,"0ms TokenPredictorParameters { matches_to_start_detected: false, very_far_matches_detected: false, window_bits: 10, strategy: Default, nice_length: 8, add_policy: AddFirst(10), max_token_count: 255, zlib_compatible: true, max_dist_3_matches: 144, matching_type: Greedy, max_chain: 2, min_len: 3, hash"
o_442,saveas/text/Lumina_Interior_Lighting_Designbook(saveas),saveas,1485,6033,11088,ok,120,156,2,zlib:6:8:0,True,False,True,124,True,"1ms TokenPredictorParameters { matches_to_start_detected: false, very_far_matches_detected: false, window_bits: 14, strategy: Default, nice_length: 258, add_policy: AddFirst(152), max_token_count: 8191, zlib_compatible: true, max_dist_3_matches: 3928, matching_type: Greedy, max_chain: 128, min_len: "
o_443,saveas/text/Lumina_Interior_Lighting_Designbook(saveas),saveas,1488,18204,58484,ok,120,156,2,,False,False,True,41,True,"3ms TokenPredictorParameters { matches_to_start_detected: false, very_far_matches_detected: false, window_bits: 15, strategy: Default, nice_length: 128, add_policy: AddAll, max_token_count: 8191, zlib_compatible: true, max_dist_3_matches: 3918, matching_type: Lazy { good_length: 8, max_lazy: 16 }, m"
o_444,saveas/text/Lumina_Interior_Lighting_Designbook(saveas),saveas,1489,225,337,ok,120,156,2,zlib:6:8:0 zlib:6:9:0,True,False,True,23,True,"1ms TokenPredictorParameters { matches_to_start_detected: false, very_far_matches_detected: false, window_bits: 10, strategy: Default, nice_length: 8, add_policy: AddFirst(10), max_token_count: 255, zlib_compatible: true, max_dist_3_matches: 144, matching_type: Greedy, max_chain: 2, min_len: 3, hash"
o_445,saveas/text/Lumina_Interior_Lighting_Designbook(saveas),saveas,1490,10985,17692,ok,120,156,2,,False,False,True,26,True,"2ms TokenPredictorParameters { matches_to_start_detected: false, very_far_matches_detected: false, window_bits: 14, strategy: Default, nice_length: 128, add_policy: AddAll, max_token_count: 8191, zlib_compatible: true, max_dist_3_matches: 4046, matching_type: Lazy { good_length: 8, max_lazy: 16 }, m"
o_446,saveas/text/Lumina_Interior_Lighting_Designbook(saveas),saveas,1493,279,435,ok,120,156,2,zlib:6:8:0 zlib:6:9:0,True,False,True,29,True,"1ms TokenPredictorParameters { matches_to_start_detected: false, very_far_matches_detected: false, window_bits: 10, strategy: Default, nice_length: 8, add_policy: AddFirst(10), max_token_count: 511, zlib_compatible: true, max_dist_3_matches: 242, matching_type: Greedy, max_chain: 2, min_len: 3, hash"
o_447,saveas/text/Lumina_Interior_Lighting_Designbook(saveas),saveas,1494,7408,40152,ok,120,156,2,zlib:6:8:0,True,False,True,30,True,"3ms TokenPredictorParameters { matches_to_start_detected: false, very_far_matches_detected: false, window_bits: 15, strategy: Default, nice_length: 128, add_policy: AddAll, max_token_count: 8191, zlib_compatible: true, max_dist_3_matches: 4093, matching_type: Lazy { good_length: 8, max_lazy: 16 }, m"
o_448,saveas/text/Lumina_Interior_Lighting_Designbook(saveas),saveas,1497,962,2236,ok,120,156,2,zlib:6:8:0 zlib:6:9:0,True,False,True,75,True,"1ms TokenPredictorParameters { matches_to_start_detected: false, very_far_matches_detected: true, window_bits: 12, strategy: Default, nice_length: 32, add_policy: AddFirst(30), max_token_count: 1023, zlib_compatible: false, max_dist_3_matches: 2043, matching_type: Greedy, max_chain: 13, min_len: 3, "
o_449,saveas/text/Lumina_Interior_Lighting_Designbook(saveas),saveas,1498,61013,112516,ok,120,156,2,,False,False,True,110,True,"14ms TokenPredictorParameters { matches_to_start_detected: false, very_far_matches_detected: false, window_bits: 15, strategy: Default, nice_length: 128, add_policy: AddAll, max_token_count: 8191, zlib_compatible: true, max_dist_3_matches: 4091, matching_type: Lazy { good_length: 8, max_lazy: 16 }, "
o_450,saveas/text/Lumina_Interior_Lighting_Designbook(saveas),saveas,1501,845,1940,ok,120,156,2,zlib:6:8:0 zlib:6:9:0,True,False,True,70,True,"1ms TokenPredictorParameters { matches_to_start_detected: false, very_far_matches_detected: true, window_bits: 12, strategy: Default, nice_length: 16, add_policy: AddFirstAndLast(15), max_token_count: 1023, zlib_compatible: false, max_dist_3_matches: 1747, matching_type: Greedy, max_chain: 5, min_le"
o_451,saveas/text/Lumina_Interior_Lighting_Designbook(saveas),saveas,1502,20811,72964,ok,120,156,2,,False,False,True,57,True,"5ms TokenPredictorParameters { matches_to_start_detected: false, very_far_matches_detected: false, window_bits: 15, strategy: Default, nice_length: 128, add_policy: AddAll, max_token_count: 8191, zlib_compatible: true, max_dist_3_matches: 4078, matching_type: Lazy { good_length: 8, max_lazy: 16 }, m"
o_452,saveas/text/Lumina_Interior_Lighting_Designbook(saveas),saveas,1506,25892,81056,ok,120,156,2,,False,False,True,40,True,"6ms TokenPredictorParameters { matches_to_start_detected: false, very_far_matches_detected: false, window_bits: 15, strategy: Default, nice_length: 128, add_policy: AddAll, max_token_count: 8191, zlib_compatible: true, max_dist_3_matches: 4091, matching_type: Lazy { good_length: 8, max_lazy: 16 }, m"
o_453,saveas/text/Lumina_Interior_Lighting_Designbook(saveas),saveas,1507,335,632,ok,120,156,2,zlib:6:8:0 zlib:6:9:0,True,False,True,37,True,"1ms TokenPredictorParameters { matches_to_start_detected: false, very_far_matches_detected: false, window_bits: 10, strategy: Default, nice_length: 32, add_policy: AddFirst(12), max_token_count: 511, zlib_compatible: true, max_dist_3_matches: 439, matching_type: Greedy, max_chain: 14, min_len: 3, ha"
o_454,saveas/text/Lumina_Interior_Lighting_Designbook(saveas),saveas,1508,3588,11528,ok,120,156,2,zlib:6:8:0 zlib:6:9:0,True,False,True,30,True,"1ms TokenPredictorParameters { matches_to_start_detected: false, very_far_matches_detected: false, window_bits: 14, strategy: Default, nice_length: 128, add_policy: AddAll, max_token_count: 4095, zlib_compatible: true, max_dist_3_matches: 4052, matching_type: Lazy { good_length: 8, max_lazy: 16 }, m"
o_455,saveas/text/Lumina_Interior_Lighting_Designbook(saveas),saveas,1511,711,1949,ok,120,156,2,zlib:6:8:0 zlib:6:9:0,True,False,True,67,True,"1ms TokenPredictorParameters { matches_to_start_detected: false, very_far_matches_detected: false, window_bits: 12, strategy: Default, nice_length: 258, add_policy: AddFirst(17), max_token_count: 1023, zlib_compatible: true, max_dist_3_matches: 1756, matching_type: Greedy, max_chain: 38, min_len: 3,"
o_456,saveas/text/Lumina_Interior_Lighting_Designbook(saveas),saveas,1512,33813,72952,ok,120,156,2,,False,False,True,40,True,"8ms TokenPredictorParameters { matches_to_start_detected: false, very_far_matches_detected: false, window_bits: 15, strategy: Default, nice_length: 128, add_policy: AddAll, max_token_count: 8191, zlib_compatible: true, max_dist_3_matches: 4084, matching_type: Lazy { good_length: 8, max_lazy: 16 }, m"
o_457,saveas/text/Lumina_Interior_Lighting_Designbook(saveas),saveas,1515,696,1978,ok,120,156,2,zlib:6:8:0 zlib:6:9:0,True,False,True,66,True,"1ms TokenPredictorParameters { matches_to_start_detected: false, very_far_matches_detected: false, window_bits: 12, strategy: Default, nice_length: 258, add_policy: AddFirst(32), max_token_count: 1023, zlib_compatible: true, max_dist_3_matches: 1785, matching_type: Greedy, max_chain: 37, min_len: 3,"
o_458,saveas/text/Lumina_Interior_Lighting_Designbook(saveas),saveas,1516,27576,70288,ok,120,156,2,,False,False,True,30,True,"7ms TokenPredictorParameters { matches_to_start_detected: false, very_far_matches_detected: false, window_bits: 15, strategy: Default, nice_length: 128, add_policy: AddAll, max_token_count: 8191, zlib_compatible: true, max_dist_3_matches: 4077, matching_type: Lazy { good_length: 8, max_lazy: 16 }, m"
o_459,saveas/text/Lumina_Interior_Lighting_Designbook(saveas),saveas,1520,2371,4780,ok,120,156,2,zlib:6:8:0 zlib:6:9:0,True,False,True,65,True,"1ms TokenPredictorParameters { matches_to_start_detected: false, very_far_matches_detected: false, window_bits: 13, strategy: Default, nice_length: 258, add_policy: AddFirst(238), max_token_count: 2047, zlib_compatible: true, max_dist_3_matches: 3982, matching_type: Greedy, max_chain: 96, min_len: 3"
o_460,saveas/text/Lumina_Interior_Lighting_Designbook(saveas),saveas,1522,9199,24496,ok,120,156,2,,False,False,True,40,True,"3ms TokenPredictorParameters { matches_to_start_detected: false, very_far_matches_detected: false, window_bits: 15, strategy: Default, nice_length: 128, add_policy: AddAll, max_token_count: 8191, zlib_compatible: true, max_dist_3_matches: 4072, matching_type: Lazy { good_length: 8, max_lazy: 16 }, m"
o_461,saveas/text/Lumina_Interior_Lighting_Designbook(saveas),saveas,1523,223,337,ok,120,156,2,zlib:6:8:0 zlib:6:9:0,True,False,True,23,True,"1ms TokenPredictorParameters { matches_to_start_detected: false, very_far_matches_detected: false, window_bits: 10, strategy: Default, nice_length: 8, add_policy: AddFirst(10), max_token_count: 255, zlib_compatible: true, max_dist_3_matches: 144, matching_type: Greedy, max_chain: 2, min_len: 3, hash"
o_462,saveas/text/Lumina_Interior_Lighting_Designbook(saveas),saveas,1524,11524,40396,ok,120,156,2,,False,False,True,30,True,"3ms TokenPredictorParameters { matches_to_start_detected: false, very_far_matches_detected: false, window_bits: 15, strategy: Default, nice_length: 128, add_policy: AddAll, max_token_count: 8191, zlib_compatible: true, max_dist_3_matches: 3938, matching_type: Lazy { good_length: 8, max_lazy: 16 }, m"
o_463,saveas/text/Lumina_Interior_Lighting_Designbook(saveas),saveas,1527,335,628,ok,120,156,2,zlib:6:8:0 zlib:6:9:0,True,False,True,38,True,"1ms TokenPredictorParameters { matches_to_start_detected: false, very_far_matches_detected: false, window_bits: 10, strategy: Default, nice_length: 8, add_policy: AddFirstAndLast(10), max_token_count: 511, zlib_compatible: true, max_dist_3_matches: 435, matching_type: Greedy, max_chain: 3, min_len: "
o_464,saveas/text/Lumina_Interior_Lighting_Designbook(saveas),saveas,1528,3385,8296,ok,120,156,2,zlib:6:8:0 zlib:6:9:0,True,False,True,49,True,"2ms TokenPredictorParameters { matches_to_start_detected: false, very_far_matches_detected: true, window_bits: 13, strategy: Default, nice_length: 128, add_policy: AddAll, max_token_count: 4095, zlib_compatible: false, max_dist_3_matches: 4096, matching_type: Lazy { good_length: 8, max_lazy: 16 }, m"
o_465,saveas/text/Lumina_Interior_Lighting_Designbook(saveas),saveas,1531,317,583,ok,120,156,2,zlib:6:8:0 zlib:6:9:0,True,False,True,42,True,"1ms TokenPredictorParameters { matches_to_start_detected: false, very_far_matches_detected: false, window_bits: 10, strategy: Default, nice_length: 8, add_policy: AddFirstAndLast(10), max_token_count: 511, zlib_compatible: true, max_dist_3_matches: 390, matching_type: Greedy, max_chain: 3, min_len: "
o_466,saveas/text/Lumina_Interior_Lighting_Designbook(saveas),saveas,1532,4868,10328,ok,120,156,2,zlib:6:8:0 zlib:6:9:0,True,False,True,95,True,"2ms TokenPredictorParameters { matches_to_start_detected: false, very_far_matches_detected: false, window_bits: 14, strategy: Default, nice_length: 258, add_policy: AddFirstAndLast(222), max_token_count: 8191, zlib_compatible: true, max_dist_3_matches: 4056, matching_type: Greedy, max_chain: 128, mi"
o_467,saveas/text/Lumina_Interior_Lighting_Designbook(saveas),saveas,1535,319,636,ok,120,156,2,zlib:6:8:0 zlib:6:9:0,True,False,True,34,True,"1ms TokenPredictorParameters { matches_to_start_detected: false, very_far_matches_detected: true, window_bits: 10, strategy: Default, nice_length: 16, add_policy: AddFirst(30), max_token_count: 511, zlib_compatible: false, max_dist_3_matches: 443, matching_type: Greedy, max_chain: 5, min_len: 3, has"
o_468,saveas/text/Lumina_Interior_Lighting_Designbook(saveas),saveas,1536,8537,14956,ok,120,156,2,zlib:6:8:0 zlib:6:9:0,True,False,True,139,True,"2ms TokenPredictorParameters { matches_to_start_detected: false, very_far_matches_detected: false, window_bits: 14, strategy: Default, nice_length: 258, add_policy: AddFirst(104), max_token_count: 8191, zlib_compatible: true, max_dist_3_matches: 4075, matching_type: Greedy, max_chain: 126, min_len: "
o_469,saveas/text/Lumina_Interior_Lighting_Designbook(saveas),saveas,1539,316,604,ok,120,156,2,zlib:6:8:0 zlib:6:9:0,True,False,True,40,True,"1ms TokenPredictorParameters { matches_to_start_detected: false, very_far_matches_detected: false, window_bits: 10, strategy: Default, nice_length: 16, add_policy: AddFirst(11), max_token_count: 511, zlib_compatible: true, max_dist_3_matches: 411, matching_type: Greedy, max_chain: 6, min_len: 3, has"
o_470,saveas/text/Lumina_Interior_Lighting_Designbook(saveas),saveas,1540,13258,32240,ok,120,156,2,,False,False,True,41,True,"3ms TokenPredictorParameters { matches_to_start_detected: false, very_far_matches_detected: false, window_bits: 15, strategy: Default, nice_length: 128, add_policy: AddAll, max_token_count: 8191, zlib_compatible: true, max_dist_3_matches: 4062, matching_type: Lazy { good_length: 8, max_lazy: 16 }, m"
o_471,saveas/text/Lumina_Interior_Lighting_Designbook(saveas),saveas,1543,625,1782,ok,120,156,2,zlib:6:8:0 zlib:6:9:0,True,False,True,58,True,"1ms TokenPredictorParameters { matches_to_start_detected: false, very_far_matches_detected: true, window_bits: 11, strategy: Default, nice_length: 16, add_policy: AddFirst(30), max_token_count: 1023, zlib_compatible: false, max_dist_3_matches: 1589, matching_type: Greedy, max_chain: 6, min_len: 3, h"
o_472,saveas/text/Lumina_Interior_Lighting_Designbook(saveas),saveas,1544,15967,59356,ok,120,156,2,,False,False,True,41,True,"4ms TokenPredictorParameters { matches_to_start_detected: false, very_far_matches_detected: false, window_bits: 15, strategy: Default, nice_length: 128, add_policy: AddAll, max_token_count: 8191, zlib_compatible: true, max_dist_3_matches: 4055, matching_type: Lazy { good_length: 8, max_lazy: 16 }, m"
o_473,saveas/text/Lumina_Interior_Lighting_Designbook(saveas),saveas,1547,621,1643,ok,120,156,2,zlib:6:8:0 zlib:6:9:0,True,False,True,64,True,"1ms TokenPredictorParameters { matches_to_start_detected: false, very_far_matches_detected: false, window_bits: 11, strategy: Default, nice_length: 258, add_policy: AddFirst(31), max_token_count: 1023, zlib_compatible: true, max_dist_3_matches: 1450, matching_type: Greedy, max_chain: 58, min_len: 3,"
o_474,saveas/text/Lumina_Interior_Lighting_Designbook(saveas),saveas,1548,8298,17948,ok,120,156,2,zlib:6:9:0,True,False,True,41,True,"2ms TokenPredictorParameters { matches_to_start_detected: false, very_far_matches_detected: false, window_bits: 14, strategy: Default, nice_length: 128, add_policy: AddAll, max_token_count: 8191, zlib_compatible: true, max_dist_3_matches: 4000, matching_type: Lazy { good_length: 8, max_lazy: 16 }, m"
o_475,saveas/text/Lumina_Interior_Lighting_Designbook(saveas),saveas,1553,3195,10871,ok,120,156,2,zlib:6:8:0 zlib:6:9:0,True,False,True,297,True,"2ms TokenPredictorParameters { matches_to_start_detected: false, very_far_matches_detected: true, window_bits: 14, strategy: Default, nice_length: 258, add_policy: AddFirst(8), max_token_count: 4095, zlib_compatible: false, max_dist_3_matches: 2835, matching_type: Greedy, max_chain: 42, min_len: 3, "
o_476,saveas/text/NeoHome_Smart_Appliances_Catalog_v5(saveas),saveas,4,3241,19250,ok,120,156,2,zlib:6:8:0 zlib:6:9:0,True,False,True,144,True,"1ms TokenPredictorParameters { matches_to_start_detected: false, very_far_matches_detected: false, window_bits: 14, strategy: Default, nice_length: 258, add_policy: AddFirst(93), max_token_count: 4095, zlib_compatible: true, max_dist_3_matches: 4006, matching_type: Greedy, max_chain: 69, min_len: 3,"
o_477,saveas/text/NeoHome_Smart_Appliances_Catalog_v5(saveas),saveas,26,3002,19844,ok,120,156,2,zlib:6:8:0 zlib:6:9:0,True,False,True,100,True,"1ms TokenPredictorParameters { matches_to_start_detected: false, very_far_matches_detected: false, window_bits: 14, strategy: Default, nice_length: 258, add_policy: AddFirst(95), max_token_count: 4095, zlib_compatible: true, max_dist_3_matches: 3962, matching_type: Greedy, max_chain: 74, min_len: 3,"
o_478,saveas/text/NeoHome_Smart_Appliances_Catalog_v5(saveas),saveas,42,7708,82748,ok,120,156,2,zlib:6:9:0,True,False,True,268,True,"4ms TokenPredictorParameters { matches_to_start_detected: false, very_far_matches_detected: true, window_bits: 15, strategy: Default, nice_length: 258, add_policy: AddFirst(94), max_token_count: 8191, zlib_compatible: false, max_dist_3_matches: 3981, matching_type: Greedy, max_chain: 111, min_len: 3"
o_479,saveas/text/NeoHome_Smart_Appliances_Catalog_v5(saveas),saveas,58,3424,18497,ok,120,156,2,zlib:6:8:0 zlib:6:9:0,True,False,True,144,True,"1ms TokenPredictorParameters { matches_to_start_detected: false, very_far_matches_detected: false, window_bits: 14, strategy: Default, nice_length: 258, add_policy: AddFirst(96), max_token_count: 4095, zlib_compatible: true, max_dist_3_matches: 3672, matching_type: Greedy, max_chain: 77, min_len: 3,"
o_480,saveas/text/NeoHome_Smart_Appliances_Catalog_v5(saveas),saveas,69,3829,21007,ok,120,156,2,zlib:6:8:0 zlib:6:9:0,True,False,True,168,True,"2ms TokenPredictorParameters { matches_to_start_detected: false, very_far_matches_detected: false, window_bits: 15, strategy: Default, nice_length: 258, add_policy: AddFirst(94), max_token_count: 4095, zlib_compatible: true, max_dist_3_matches: 3692, matching_type: Greedy, max_chain: 71, min_len: 3,"
o_481,saveas/text/NeoHome_Smart_Appliances_Catalog_v5(saveas),saveas,85,7207,78257,ok,120,156,2,,False,False,True,268,True,"3ms TokenPredictorParameters { matches_to_start_detected: false, very_far_matches_detected: true, window_bits: 15, strategy: Default, nice_length: 258, add_policy: AddFirst(117), max_token_count: 4095, zlib_compatible: false, max_dist_3_matches: 3936, matching_type: Greedy, max_chain: 115, min_len: "
o_482,saveas/text/NeoHome_Smart_Appliances_Catalog_v5(saveas),saveas,109,5393,38925,ok,120,156,2,zlib:6:9:0,True,False,True,383,True,"2ms TokenPredictorParameters { matches_to_start_detected: false, very_far_matches_detected: false, window_bits: 15, strategy: Default, nice_length: 258, add_policy: AddFirstAndLast(67), max_token_count: 4095, zlib_compatible: true, max_dist_3_matches: 3845, matching_type: Greedy, max_chain: 126, min"
o_483,saveas/text/NeoHome_Smart_Appliances_Catalog_v5(saveas),saveas,614,6766,42782,ok,120,156,2,zlib:6:9:0,True,False,True,501,True,"3ms TokenPredictorParameters { matches_to_start_detected: false, very_far_matches_detected: false, window_bits: 15, strategy: Default, nice_length: 258, add_policy: AddFirst(67), max_token_count: 8191, zlib_compatible: true, max_dist_3_matches: 3895, matching_type: Greedy, max_chain: 125, min_len: 3"
o_484,saveas/text/NeoHome_Smart_Appliances_Catalog_v5(saveas),saveas,1123,6433,43373,ok,120,156,2,zlib:6:9:0,True,False,True,440,True,"3ms TokenPredictorParameters { matches_to_start_detected: false, very_far_matches_detected: false, window_bits: 15, strategy: Default, nice_length: 258, add_policy: AddFirstAndLast(68), max_token_count: 8191, zlib_compatible: true, max_dist_3_matches: 3675, matching_type: Greedy, max_chain: 113, min"
o_485,saveas/text/NeoHome_Smart_Appliances_Catalog_v5(saveas),saveas,1616,2841,10495,ok,120,156,2,zlib:6:9:0,True,False,True,198,True,"1ms TokenPredictorParameters { matches_to_start_detected: false, very_far_matches_detected: false, window_bits: 14, strategy: Default, nice_length: 258, add_policy: AddFirst(10), max_token_count: 4095, zlib_compatible: true, max_dist_3_matches: 1102, matching_type: Greedy, max_chain: 99, min_len: 3,"
o_486,saveas/text/NeoHome_Smart_Appliances_Catalog_v5(saveas),saveas,1618,6700,22192,ok,120,156,2,zlib:6:8:0 zlib:6:9:0,True,False,True,41,True,"3ms TokenPredictorParameters { matches_to_start_detected: false, very_far_matches_detected: true, window_bits: 15, strategy: Default, nice_length: 128, add_policy: AddAll, max_token_count: 8191, zlib_compatible: false, max_dist_3_matches: 3952, matching_type: Lazy { good_length: 8, max_lazy: 16 }, m"
o_487,saveas/text/NeoHome_Smart_Appliances_Catalog_v5(saveas),saveas,1620,6066,13316,ok,120,156,2,zlib:6:9:0,True,False,True,43,True,"2ms TokenPredictorParameters { matches_to_start_detected: false, very_far_matches_detected: false, window_bits: 14, strategy: Default, nice_length: 128, add_policy: AddAll, max_token_count: 8191, zlib_compatible: true, max_dist_3_matches: 4073, matching_type: Lazy { good_length: 8, max_lazy: 16 }, m"
o_488,saveas/text/NeoHome_Smart_Appliances_Catalog_v5(saveas),saveas,1621,226,337,ok,120,156,2,zlib:6:8:0 zlib:6:9:0,True,False,True,23,True,"1ms TokenPredictorParameters { matches_to_start_detected: false, very_far_matches_detected: false, window_bits: 10, strategy: Default, nice_length: 8, add_policy: AddFirst(10), max_token_count: 255, zlib_compatible: true, max_dist_3_matches: 144, matching_type: Greedy, max_chain: 2, min_len: 3, hash"
o_489,saveas/text/NeoHome_Smart_Appliances_Catalog_v5(saveas),saveas,1622,23137,85376,ok,120,156,2,,False,False,True,133,True,"7ms TokenPredictorParameters { matches_to_start_detected: false, very_far_matches_detected: false, window_bits: 15, strategy: Default, nice_length: 128, add_policy: AddAll, max_token_count: 8191, zlib_compatible: true, max_dist_3_matches: 4091, matching_type: Lazy { good_length: 8, max_lazy: 16 }, m"
o_490,saveas/text/NeoHome_Smart_Appliances_Catalog_v5(saveas),saveas,1624,226,337,ok,120,156,2,zlib:6:8:0 zlib:6:9:0,True,False,True,23,True,"0ms TokenPredictorParameters { matches_to_start_detected: false, very_far_matches_detected: false, window_bits: 10, strategy: Default, nice_length: 8, add_policy: AddFirst(10), max_token_count: 255, zlib_compatible: true, max_dist_3_matches: 144, matching_type: Greedy, max_chain: 2, min_len: 3, hash"
o_491,saveas/text/NeoHome_Smart_Appliances_Catalog_v5(saveas),saveas,1625,6033,11088,ok,120,156,2,zlib:6:8:0,True,False,True,124,True,"2ms TokenPredictorParameters { matches_to_start_detected: false, very_far_matches_detected: false, window_bits: 14, strategy: Default, nice_length: 258, add_policy: AddFirst(152), max_token_count: 8191, zlib_compatible: true, max_dist_3_matches: 3928, matching_type: Greedy, max_chain: 128, min_len: "
o_492,saveas/text/NeoHome_Smart_Appliances_Catalog_v5(saveas),saveas,1628,18204,58484,ok,120,156,2,,False,False,True,41,True,"4ms TokenPredictorParameters { matches_to_start_detected: false, very_far_matches_detected: false, window_bits: 15, strategy: Default, nice_length: 128, add_policy: AddAll, max_token_count: 8191, zlib_compatible: true, max_dist_3_matches: 3918, matching_type: Lazy { good_length: 8, max_lazy: 16 }, m"
o_493,saveas/text/NeoHome_Smart_Appliances_Catalog_v5(saveas),saveas,1630,25892,81056,ok,120,156,2,,False,False,True,40,True,"6ms TokenPredictorParameters { matches_to_start_detected: false, very_far_matches_detected: false, window_bits: 15, strategy: Default, nice_length: 128, add_policy: AddAll, max_token_count: 8191, zlib_compatible: true, max_dist_3_matches: 4091, matching_type: Lazy { good_length: 8, max_lazy: 16 }, m"
o_494,saveas/text/NeoHome_Smart_Appliances_Catalog_v5(saveas),saveas,1631,271,407,ok,120,156,2,zlib:6:8:0 zlib:6:9:0,True,False,True,29,True,"1ms TokenPredictorParameters { matches_to_start_detected: false, very_far_matches_detected: false, window_bits: 10, strategy: Default, nice_length: 8, add_policy: AddFirst(10), max_token_count: 511, zlib_compatible: true, max_dist_3_matches: 214, matching_type: Greedy, max_chain: 2, min_len: 3, hash"
o_495,saveas/text/NeoHome_Smart_Appliances_Catalog_v5(saveas),saveas,1632,18124,50536,ok,120,156,2,,False,False,True,30,True,"5ms TokenPredictorParameters { matches_to_start_detected: false, very_far_matches_detected: false, window_bits: 15, strategy: Default, nice_length: 128, add_policy: AddAll, max_token_count: 8191, zlib_compatible: true, max_dist_3_matches: 4048, matching_type: Lazy { good_length: 8, max_lazy: 16 }, m"
o_496,saveas/text/NeoHome_Smart_Appliances_Catalog_v5(saveas),saveas,1635,1413,3626,ok,120,156,2,zlib:6:8:0 zlib:6:9:0,True,False,True,122,True,"1ms TokenPredictorParameters { matches_to_start_detected: false, very_far_matches_detected: true, window_bits: 12, strategy: Default, nice_length: 16, add_policy: AddFirst(30), max_token_count: 2047, zlib_compatible: false, max_dist_3_matches: 3433, matching_type: Greedy, max_chain: 5, min_len: 3, h"
o_497,saveas/text/NeoHome_Smart_Appliances_Catalog_v5(saveas),saveas,1636,70564,187224,ok,120,156,2,,False,False,True,207,True,"15ms TokenPredictorParameters { matches_to_start_detected: false, very_far_matches_detected: false, window_bits: 15, strategy: Default, nice_length: 128, add_policy: AddAll, max_token_count: 8191, zlib_compatible: true, max_dist_3_matches: 4085, matching_type: Lazy { good_length: 8, max_lazy: 16 }, "
o_498,saveas/text/NeoHome_Smart_Appliances_Catalog_v5(saveas),saveas,1639,314,560,ok,120,156,2,zlib:6:8:0 zlib:6:9:0,True,False,True,41,True,"1ms TokenPredictorParameters { matches_to_start_detected: false, very_far_matches_detected: false, window_bits: 10, strategy: Default, nice_length: 8, add_policy: AddFirstAndLast(10), max_token_count: 511, zlib_compatible: true, max_dist_3_matches: 367, matching_type: Greedy, max_chain: 3, min_len: "
o_499,saveas/text/NeoHome_Smart_Appliances_Catalog_v5(saveas),saveas,1640,6627,18332,ok,120,156,2,zlib:6:9:0,True,False,True,38,True,"2ms TokenPredictorParameters { matches_to_start_detected: false, very_far_matches_detected: false, window_bits: 15, strategy: Default, nice_length: 128, add_policy: AddAll, max_token_count: 8191, zlib_compatible: true, max_dist_3_matches: 4018, matching_type: Lazy { good_length: 8, max_lazy: 16 }, m"
o_500,saveas/text/NeoHome_Smart_Appliances_Catalog_v5(saveas),saveas,1643,722,2195,ok,120,156,2,zlib:6:8:0 zlib:6:9:0,True,False,True,71,True,"1ms TokenPredictorParameters { matches_to_start_detected: false, very_far_matches_detected: false, window_bits: 12, strategy: Default, nice_length: 258, add_policy: AddFirst(31), max_token_count: 1023, zlib_compatible: true, max_dist_3_matches: 2002, matching_type: Greedy, max_chain: 41, min_len: 3,"
o_501,saveas/text/NeoHome_Smart_Appliances_Catalog_v5(saveas),saveas,1644,20746,45900,ok,120,156,2,,False,False,True,49,True,"5ms TokenPredictorParameters { matches_to_start_detected: false, very_far_matches_detected: false, window_bits: 15, strategy: Default, nice_length: 128, add_policy: AddAll, max_token_count: 8191, zlib_compatible: true, max_dist_3_matches: 4095, matching_type: Lazy { good_length: 8, max_lazy: 16 }, m"
o_502,saveas/text/NeoHome_Smart_Appliances_Catalog_v5(saveas),saveas,1648,5442,13960,ok,120,156,2,zlib:6:9:0,True,False,True,46,True,"2ms TokenPredictorParameters { matches_to_start_detected: false, very_far_matches_detected: false, window_bits: 14, strategy: Default, nice_length: 128, add_policy: AddAll, max_token_count: 8191, zlib_compatible: true, max_dist_3_matches: 4070, matching_type: Lazy { good_length: 8, max_lazy: 16 }, m"
o_503,saveas/text/NeoHome_Smart_Appliances_Catalog_v5(saveas),saveas,1649,225,337,ok,120,156,2,zlib:6:8:0 zlib:6:9:0,True,False,True,23,True,"1ms TokenPredictorParameters { matches_to_start_detected: false, very_far_matches_detected: false, window_bits: 10, strategy: Default, nice_length: 8, add_policy: AddFirst(10), max_token_count: 255, zlib_compatible: true, max_dist_3_matches: 144, matching_type: Greedy, max_chain: 2, min_len: 3, hash"
o_504,saveas/text/NeoHome_Smart_Appliances_Catalog_v5(saveas),saveas,1650,10823,38012,ok,120,156,2,,False,False,True,39,True,"3ms TokenPredictorParameters { matches_to_start_detected: false, very_far_matches_detected: false, window_bits: 15, strategy: Default, nice_length: 128, add_policy: AddAll, max_token_count: 8191, zlib_compatible: true, max_dist_3_matches: 4015, matching_type: Lazy { good_length: 8, max_lazy: 16 }, m"
o_505,saveas/text/NeoHome_Smart_Appliances_Catalog_v5(saveas),saveas,1653,350,684,ok,120,156,2,zlib:6:8:0 zlib:6:9:0,True,False,True,44,True,"1ms TokenPredictorParameters { matches_to_start_detected: false, very_far_matches_detected: false, window_bits: 10, strategy: Default, nice_length: 8, add_policy: AddFirstAndLast(10), max_token_count: 511, zlib_compatible: true, max_dist_3_matches: 491, matching_type: Greedy, max_chain: 3, min_len: "
o_506,saveas/text/NeoHome_Smart_Appliances_Catalog_v5(saveas),saveas,1654,5634,12000,ok,120,156,2,,False,False,True,106,True,"2ms TokenPredictorParameters { matches_to_start_detected: false, very_far_matches_detected: false, window_bits: 14, strategy: Default, nice_length: 258, add_policy: AddFirst(156), max_token_count: 8191, zlib_compatible: true, max_dist_3_matches: 4026, matching_type: Greedy, max_chain: 128, min_len: "
o_507,saveas/text/NeoHome_Smart_Appliances_Catalog_v5(saveas),saveas,1657,464,1138,ok,120,156,2,zlib:6:8:0 zlib:6:9:0,True,False,True,43,True,"1ms TokenPredictorParameters { matches_to_start_detected: false, very_far_matches_detected: true, window_bits: 11, strategy: Default, nice_length: 16, add_policy: AddFirst(31), max_token_count: 511, zlib_compatible: false, max_dist_3_matches: 945, matching_type: Greedy, max_chain: 5, min_len: 3, has"
o_508,saveas/text/NeoHome_Smart_Appliances_Catalog_v5(saveas),saveas,1658,7164,14100,ok,120,156,2,zlib:6:8:0 zlib:6:9:0,True,False,True,102,True,"1ms TokenPredictorParameters { matches_to_start_detected: false, very_far_matches_detected: false, window_bits: 14, strategy: Default, nice_length: 258, add_policy: AddFirst(114), max_token_count: 8191, zlib_compatible: true, max_dist_3_matches: 4050, matching_type: Greedy, max_chain: 127, min_len: "
o_509,saveas/text/NeoHome_Smart_Appliances_Catalog_v5(saveas),saveas,1661,348,672,ok,120,156,2,zlib:6:8:0 zlib:6:9:0,True,False,True,37,True,"1ms TokenPredictorParameters { matches_to_start_detected: false, very_far_matches_detected: false, window_bits: 10, strategy: Default, nice_length: 32, add_policy: AddFirst(12), max_token_count: 511, zlib_compatible: true, max_dist_3_matches: 479, matching_type: Greedy, max_chain: 10, min_len: 3, ha"
o_510,saveas/text/NeoHome_Smart_Appliances_Catalog_v5(saveas),saveas,1662,10634,29136,ok,120,156,2,,False,False,True,40,True,"3ms TokenPredictorParameters { matches_to_start_detected: false, very_far_matches_detected: false, window_bits: 15, strategy: Default, nice_length: 128, add_policy: AddAll, max_token_count: 8191, zlib_compatible: true, max_dist_3_matches: 4076, matching_type: Lazy { good_length: 8, max_lazy: 16 }, m"
o_511,saveas/text/NeoHome_Smart_Appliances_Catalog_v5(saveas),saveas,1665,657,1806,ok,120,156,2,zlib:6:8:0 zlib:6:9:0,True,False,True,62,True,"1ms TokenPredictorParameters { matches_to_start_detected: false, very_far_matches_detected: true, window_bits: 11, strategy: Default, nice_length: 32, add_policy: AddFirst(31), max_token_count: 1023, zlib_compatible: false, max_dist_3_matches: 1613, matching_type: Greedy, max_chain: 18, min_len: 3, "
o_512,saveas/text/NeoHome_Smart_Appliances_Catalog_v5(saveas),saveas,1666,18575,69120,ok,120,156,2,,False,False,True,49,True,"4ms TokenPredictorParameters { matches_to_start_detected: false, very_far_matches_detected: false, window_bits: 15, strategy: Default, nice_length: 128, add_policy: AddAll, max_token_count: 8191, zlib_compatible: true, max_dist_3_matches: 4075, matching_type: Lazy { good_length: 8, max_lazy: 16 }, m"
o_513,saveas/text/NeoHome_Smart_Appliances_Catalog_v5(saveas),saveas,1671,3301,11697,ok,120,156,2,zlib:6:8:0 zlib:6:9:0,True,False,True,340,True,"1ms TokenPredictorParameters { matches_to_start_detected: false, very_far_matches_detected: true, window_bits: 14, strategy: Default, nice_length: 32, add_policy: AddFirst(8), max_token_count: 4095, zlib_compatible: false, max_dist_3_matches: 3752, matching_type: Greedy, max_chain: 29, min_len: 3, h"
o_514,saveas/text/Next_Decade_Space_Exploration(saveas),saveas,4,3287,13726,ok,120,156,2,zlib:6:8:0 zlib:6:9:0,True,False,True,178,True,"1ms TokenPredictorParameters { matches_to_start_detected: false, very_far_matches_detected: true, window_bits: 14, strategy: Default, nice_length: 258, add_policy: AddFirst(88), max_token_count: 4095, zlib_compatible: false, max_dist_3_matches: 3771, matching_type: Greedy, max_chain: 86, min_len: 3,"
o_515,saveas/text/Next_Decade_Space_Exploration(saveas),saveas,26,1824,7897,ok,120,156,2,zlib:6:8:0 zlib:6:9:0,True,False,True,96,True,"1ms TokenPredictorParameters { matches_to_start_detected: false, very_far_matches_detected: false, window_bits: 13, strategy: Default, nice_length: 32, add_policy: AddFirst(86), max_token_count: 2047, zlib_compatible: true, max_dist_3_matches: 4048, matching_type: Greedy, max_chain: 22, min_len: 3, "
o_516,saveas/text/Next_Decade_Space_Exploration(saveas),saveas,47,8012,85072,ok,120,156,2,zlib:6:9:0,True,False,True,290,True,"4ms TokenPredictorParameters { matches_to_start_detected: false, very_far_matches_detected: true, window_bits: 15, strategy: Default, nice_length: 258, add_policy: AddFirst(90), max_token_count: 8191, zlib_compatible: false, max_dist_3_matches: 4032, matching_type: Greedy, max_chain: 91, min_len: 3,"
o_517,saveas/text/Next_Decade_Space_Exploration(saveas),saveas,70,2959,11983,ok,120,156,2,zlib:6:8:0 zlib:6:9:0,True,False,True,171,True,"1ms TokenPredictorParameters { matches_to_start_detected: false, very_far_matches_detected: false, window_bits: 14, strategy: Default, nice_length: 258, add_policy: AddFirst(89), max_token_count: 2047, zlib_compatible: true, max_dist_3_matches: 3997, matching_type: Greedy, max_chain: 76, min_len: 3,"
o_518,saveas/text/Next_Decade_Space_Exploration(saveas),saveas,76,3411,14523,ok,120,156,2,zlib:6:8:0 zlib:6:9:0,True,False,True,173,True,"1ms TokenPredictorParameters { matches_to_start_detected: false, very_far_matches_detected: true, window_bits: 14, strategy: Default, nice_length: 258, add_policy: AddFirst(89), max_token_count: 4095, zlib_compatible: false, max_dist_3_matches: 3810, matching_type: Greedy, max_chain: 50, min_len: 3,"
o_519,saveas/text/Next_Decade_Space_Exploration(saveas),saveas,99,6922,75045,ok,120,156,2,,False,False,True,238,True,"3ms TokenPredictorParameters { matches_to_start_detected: false, very_far_matches_detected: false, window_bits: 15, strategy: Default, nice_length: 258, add_policy: AddFirst(106), max_token_count: 4095, zlib_compatible: true, max_dist_3_matches: 4090, matching_type: Greedy, max_chain: 111, min_len: "
o_520,saveas/text/Next_Decade_Space_Exploration(saveas),saveas,130,4326,39214,ok,120,156,2,zlib:6:8:0 zlib:6:9:0,True,False,True,243,True,"1ms TokenPredictorParameters { matches_to_start_detected: false, very_far_matches_detected: false, window_bits: 15, strategy: Default, nice_length: 258, add_policy: AddFirstAndLast(67), max_token_count: 4095, zlib_compatible: true, max_dist_3_matches: 3516, matching_type: Greedy, max_chain: 49, min_"
o_521,saveas/text/Next_Decade_Space_Exploration(saveas),saveas,633,5643,43651,ok,120,156,2,zlib:6:9:0,True,False,True,442,True,"2ms TokenPredictorParameters { matches_to_start_detected: false, very_far_matches_detected: true, window_bits: 15, strategy: Default, nice_length: 258, add_policy: AddFirstAndLast(67), max_token_count: 8191, zlib_compatible: false, max_dist_3_matches: 3245, matching_type: Greedy, max_chain: 93, min_"
o_522,saveas/text/Next_Decade_Space_Exploration(saveas),saveas,1137,3823,22936,ok,120,156,2,zlib:6:8:0 zlib:6:9:0,True,False,True,30,True,"2ms TokenPredictorParameters { matches_to_start_detected: false, very_far_matches_detected: false, window_bits: 14, strategy: Default, nice_length: 128, add_policy: AddAll, max_token_count: 4095, zlib_compatible: true, max_dist_3_matches: 2565, matching_type: Lazy { good_length: 8, max_lazy: 16 }, m"
o_523,saveas/text/Next_Decade_Space_Exploration(saveas),saveas,1260,7235,12764,ok,120,156,2,zlib:6:8:0 zlib:6:9:0,True,False,True,30,True,"2ms TokenPredictorParameters { matches_to_start_detected: false, very_far_matches_detected: false, window_bits: 14, strategy: Default, nice_length: 128, add_policy: AddAll, max_token_count: 8191, zlib_compatible: true, max_dist_3_matches: 3912, matching_type: Lazy { good_length: 8, max_lazy: 16 }, m"
o_524,saveas/text/Next_Decade_Space_Exploration(saveas),saveas,1262,25892,81056,ok,120,156,2,,False,False,True,40,True,"5ms TokenPredictorParameters { matches_to_start_detected: false, very_far_matches_detected: false, window_bits: 15, strategy: Default, nice_length: 128, add_policy: AddAll, max_token_count: 8191, zlib_compatible: true, max_dist_3_matches: 4091, matching_type: Lazy { good_length: 8, max_lazy: 16 }, m"
o_525,saveas/text/Next_Decade_Space_Exploration(saveas),saveas,1263,363,730,ok,120,156,2,zlib:6:8:0 zlib:6:9:0,True,False,True,36,True,"1ms TokenPredictorParameters { matches_to_start_detected: false, very_far_matches_detected: false, window_bits: 10, strategy: Default, nice_length: 8, add_policy: AddFirst(10), max_token_count: 511, zlib_compatible: true, max_dist_3_matches: 537, matching_type: Greedy, max_chain: 2, min_len: 3, hash"
o_526,saveas/text/Next_Decade_Space_Exploration(saveas),saveas,1264,4986,11892,ok,120,156,2,zlib:6:9:0,True,False,True,38,True,"1ms TokenPredictorParameters { matches_to_start_detected: false, very_far_matches_detected: false, window_bits: 14, strategy: Default, nice_length: 128, add_policy: AddAll, max_token_count: 8191, zlib_compatible: true, max_dist_3_matches: 3910, matching_type: Lazy { good_length: 8, max_lazy: 16 }, m"
o_527,saveas/text/Next_Decade_Space_Exploration(saveas),saveas,1267,302,541,ok,120,156,2,zlib:6:8:0 zlib:6:9:0,True,False,True,35,True,"1ms TokenPredictorParameters { matches_to_start_detected: false, very_far_matches_detected: false, window_bits: 10, strategy: Default, nice_length: 16, add_policy: AddFirstAndLast(10), max_token_count: 511, zlib_compatible: true, max_dist_3_matches: 348, matching_type: Greedy, max_chain: 6, min_len:"
o_528,saveas/text/Next_Decade_Space_Exploration(saveas),saveas,1268,10187,20464,ok,120,156,2,,False,False,True,40,True,"2ms TokenPredictorParameters { matches_to_start_detected: false, very_far_matches_detected: false, window_bits: 14, strategy: Default, nice_length: 128, add_policy: AddAll, max_token_count: 8191, zlib_compatible: true, max_dist_3_matches: 4094, matching_type: Lazy { good_length: 8, max_lazy: 16 }, m"
o_529,saveas/text/Next_Decade_Space_Exploration(saveas),saveas,1271,383,660,ok,120,156,2,zlib:6:8:0 zlib:6:9:0,True,False,True,35,True,"1ms TokenPredictorParameters { matches_to_start_detected: false, very_far_matches_detected: true, window_bits: 10, strategy: Default, nice_length: 8, add_policy: AddFirst(10), max_token_count: 511, zlib_compatible: false, max_dist_3_matches: 467, matching_type: Greedy, max_chain: 3, min_len: 3, hash"
o_530,saveas/text/Next_Decade_Space_Exploration(saveas),saveas,1272,5419,52480,ok,120,156,2,zlib:6:8:0 zlib:6:9:0,True,False,True,30,True,"3ms TokenPredictorParameters { matches_to_start_detected: false, very_far_matches_detected: false, window_bits: 15, strategy: Default, nice_length: 128, add_policy: AddAll, max_token_count: 8191, zlib_compatible: true, max_dist_3_matches: 3158, matching_type: Lazy { good_length: 8, max_lazy: 16 }, m"
o_531,saveas/text/Next_Decade_Space_Exploration(saveas),saveas,1274,1214,3034,ok,120,156,2,zlib:6:8:0 zlib:6:9:0,True,False,True,110,True,"1ms TokenPredictorParameters { matches_to_start_detected: false, very_far_matches_detected: true, window_bits: 12, strategy: Default, nice_length: 32, add_policy: AddFirst(29), max_token_count: 2047, zlib_compatible: false, max_dist_3_matches: 2841, matching_type: Greedy, max_chain: 22, min_len: 3, "
o_532,saveas/text/Next_Decade_Space_Exploration(saveas),saveas,1275,77664,136648,ok,120,156,2,,False,False,True,141,True,"18ms TokenPredictorParameters { matches_to_start_detected: false, very_far_matches_detected: false, window_bits: 15, strategy: Default, nice_length: 128, add_policy: AddAll, max_token_count: 8191, zlib_compatible: true, max_dist_3_matches: 4094, matching_type: Lazy { good_length: 8, max_lazy: 16 }, "
o_533,saveas/text/Next_Decade_Space_Exploration(saveas),saveas,1278,1097,2759,ok,120,156,2,zlib:6:8:0 zlib:6:9:0,True,False,True,92,True,"1ms TokenPredictorParameters { matches_to_start_detected: false, very_far_matches_detected: true, window_bits: 12, strategy: Default, nice_length: 32, add_policy: AddFirst(30), max_token_count: 1023, zlib_compatible: false, max_dist_3_matches: 2566, matching_type: Greedy, max_chain: 9, min_len: 3, h"
o_534,saveas/text/Next_Decade_Space_Exploration(saveas),saveas,1279,82777,156692,ok,120,156,2,,False,False,True,138,True,"26ms TokenPredictorParameters { matches_to_start_detected: false, very_far_matches_detected: false, window_bits: 15, strategy: Default, nice_length: 128, add_policy: AddAll, max_token_count: 8191, zlib_compatible: false, max_dist_3_matches: 4096, matching_type: Lazy { good_length: 8, max_lazy: 16 },"
o_535,saveas/text/Next_Decade_Space_Exploration(saveas),saveas,1282,435,972,ok,120,156,2,zlib:6:8:0 zlib:6:9:0,True,False,True,47,True,"1ms TokenPredictorParameters { matches_to_start_detected: false, very_far_matches_detected: false, window_bits: 11, strategy: Default, nice_length: 32, add_policy: AddFirst(30), max_token_count: 511, zlib_compatible: true, max_dist_3_matches: 779, matching_type: Greedy, max_chain: 15, min_len: 3, ha"
o_536,saveas/text/Next_Decade_Space_Exploration(saveas),saveas,1283,15512,32832,ok,120,156,2,,False,False,True,46,True,"5ms TokenPredictorParameters { matches_to_start_detected: false, very_far_matches_detected: false, window_bits: 15, strategy: Default, nice_length: 128, add_policy: AddAll, max_token_count: 8191, zlib_compatible: true, max_dist_3_matches: 4092, matching_type: Lazy { good_length: 8, max_lazy: 16 }, m"
o_537,saveas/text/Next_Decade_Space_Exploration(saveas),saveas,1286,638,1641,ok,120,156,2,zlib:6:8:0 zlib:6:9:0,True,False,True,65,True,"1ms TokenPredictorParameters { matches_to_start_detected: false, very_far_matches_detected: false, window_bits: 11, strategy: Default, nice_length: 258, add_policy: AddFirst(29), max_token_count: 1023, zlib_compatible: true, max_dist_3_matches: 1448, matching_type: Greedy, max_chain: 46, min_len: 3,"
o_538,saveas/text/Next_Decade_Space_Exploration(saveas),saveas,1287,8494,22620,ok,120,156,2,zlib:6:8:0 zlib:6:9:0,True,False,True,200,True,"2ms TokenPredictorParameters { matches_to_start_detected: false, very_far_matches_detected: false, window_bits: 15, strategy: Default, nice_length: 258, add_policy: AddFirst(204), max_token_count: 8191, zlib_compatible: true, max_dist_3_matches: 4038, matching_type: Greedy, max_chain: 124, min_len: "
o_539,saveas/text/Next_Decade_Space_Exploration(saveas),saveas,1290,640,1752,ok,120,156,2,zlib:6:8:0 zlib:6:9:0,True,False,True,63,True,"1ms TokenPredictorParameters { matches_to_start_detected: false, very_far_matches_detected: false, window_bits: 11, strategy: Default, nice_length: 258, add_policy: AddFirst(30), max_token_count: 1023, zlib_compatible: true, max_dist_3_matches: 1559, matching_type: Greedy, max_chain: 35, min_len: 3,"
o_540,saveas/text/Next_Decade_Space_Exploration(saveas),saveas,1291,23702,52308,ok,120,156,2,,False,False,True,30,True,"5ms TokenPredictorParameters { matches_to_start_detected: false, very_far_matches_detected: false, window_bits: 15, strategy: Default, nice_length: 128, add_policy: AddAll, max_token_count: 8191, zlib_compatible: true, max_dist_3_matches: 4074, matching_type: Lazy { good_length: 8, max_lazy: 16 }, m"
o_541,saveas/text/Next_Decade_Space_Exploration(saveas),saveas,1295,9017,24072,ok,120,156,2,,False,False,True,40,True,"2ms TokenPredictorParameters { matches_to_start_detected: false, very_far_matches_detected: false, window_bits: 15, strategy: Default, nice_length: 128, add_policy: AddAll, max_token_count: 8191, zlib_compatible: true, max_dist_3_matches: 4084, matching_type: Lazy { good_length: 8, max_lazy: 16 }, m"
o_542,saveas/text/Next_Decade_Space_Exploration(saveas),saveas,1297,9423,36008,ok,120,156,2,,False,False,True,45,True,"3ms TokenPredictorParameters { matches_to_start_detected: false, very_far_matches_detected: false, window_bits: 15, strategy: Default, nice_length: 128, add_policy: AddAll, max_token_count: 8191, zlib_compatible: true, max_dist_3_matches: 4040, matching_type: Lazy { good_length: 8, max_lazy: 16 }, m"
o_543,saveas/text/Next_Decade_Space_Exploration(saveas),saveas,1298,323,619,ok,120,156,2,zlib:6:8:0 zlib:6:9:0,True,False,True,41,True,"1ms TokenPredictorParameters { matches_to_start_detected: false, very_far_matches_detected: false, window_bits: 10, strategy: Default, nice_length: 8, add_policy: AddFirstAndLast(10), max_token_count: 511, zlib_compatible: true, max_dist_3_matches: 426, matching_type: Greedy, max_chain: 4, min_len: "
o_544,saveas/text/Next_Decade_Space_Exploration(saveas),saveas,1299,3150,7664,ok,120,156,2,zlib:6:8:0 zlib:6:9:0,True,False,True,39,True,"1ms TokenPredictorParameters { matches_to_start_detected: false, very_far_matches_detected: false, window_bits: 13, strategy: Default, nice_length: 128, add_policy: AddAll, max_token_count: 4095, zlib_compatible: true, max_dist_3_matches: 4080, matching_type: Lazy { good_length: 8, max_lazy: 16 }, m"
o_545,saveas/text/Next_Decade_Space_Exploration(saveas),saveas,1302,422,990,ok,120,156,2,zlib:6:8:0 zlib:6:9:0,True,False,True,36,True,"1ms TokenPredictorParameters { matches_to_start_detected: false, very_far_matches_detected: true, window_bits: 11, strategy: Default, nice_length: 16, add_policy: AddFirst(31), max_token_count: 511, zlib_compatible: false, max_dist_3_matches: 797, matching_type: Greedy, max_chain: 6, min_len: 3, has"
o_546,saveas/text/Next_Decade_Space_Exploration(saveas),saveas,1303,4846,10416,ok,120,156,2,zlib:6:8:0 zlib:6:9:0,True,False,True,52,True,"2ms TokenPredictorParameters { matches_to_start_detected: false, very_far_matches_detected: true, window_bits: 14, strategy: Default, nice_length: 128, add_policy: AddAll, max_token_count: 8191, zlib_compatible: false, max_dist_3_matches: 3848, matching_type: Lazy { good_length: 8, max_lazy: 16 }, m"
o_547,saveas/text/Next_Decade_Space_Exploration(saveas),saveas,1306,340,692,ok,120,156,2,zlib:6:8:0 zlib:6:9:0,True,False,True,42,True,"1ms TokenPredictorParameters { matches_to_start_detected: false, very_far_matches_detected: true, window_bits: 10, strategy: Default, nice_length: 8, add_policy: AddFirst(31), max_token_count: 511, zlib_compatible: false, max_dist_3_matches: 499, matching_type: Greedy, max_chain: 3, min_len: 3, hash"
o_548,saveas/text/Next_Decade_Space_Exploration(saveas),saveas,1307,6234,11120,ok,120,156,2,zlib:6:9:0,True,False,True,108,True,"2ms TokenPredictorParameters { matches_to_start_detected: false, very_far_matches_detected: false, window_bits: 14, strategy: Default, nice_length: 258, add_policy: AddFirst(104), max_token_count: 8191, zlib_compatible: true, max_dist_3_matches: 4039, matching_type: Greedy, max_chain: 113, min_len: "
o_549,saveas/text/Next_Decade_Space_Exploration(saveas),saveas,1310,406,825,ok,120,156,2,zlib:6:8:0 zlib:6:9:0,True,False,True,42,True,"1ms TokenPredictorParameters { matches_to_start_detected: false, very_far_matches_detected: false, window_bits: 11, strategy: Default, nice_length: 32, add_policy: AddFirst(15), max_token_count: 511, zlib_compatible: true, max_dist_3_matches: 632, matching_type: Greedy, max_chain: 18, min_len: 3, ha"
o_550,saveas/text/Next_Decade_Space_Exploration(saveas),saveas,1311,16298,37620,ok,120,156,2,,False,False,True,50,True,"6ms TokenPredictorParameters { matches_to_start_detected: false, very_far_matches_detected: false, window_bits: 15, strategy: Default, nice_length: 128, add_policy: AddAll, max_token_count: 8191, zlib_compatible: true, max_dist_3_matches: 4072, matching_type: Lazy { good_length: 8, max_lazy: 16 }, m"
o_551,saveas/text/Next_Decade_Space_Exploration(saveas),saveas,1314,627,1885,ok,120,156,2,zlib:6:8:0 zlib:6:9:0,True,False,True,57,True,"3ms TokenPredictorParameters { matches_to_start_detected: false, very_far_matches_detected: true, window_bits: 12, strategy: Default, nice_length: 32, add_policy: AddFirst(31), max_token_count: 511, zlib_compatible: false, max_dist_3_matches: 1692, matching_type: Greedy, max_chain: 28, min_len: 3, h"
o_552,saveas/text/Next_Decade_Space_Exploration(saveas),saveas,1315,15551,48116,ok,120,156,2,,False,False,True,45,True,"4ms TokenPredictorParameters { matches_to_start_detected: false, very_far_matches_detected: false, window_bits: 15, strategy: Default, nice_length: 128, add_policy: AddAll, max_token_count: 8191, zlib_compatible: true, max_dist_3_matches: 4080, matching_type: Lazy { good_length: 8, max_lazy: 16 }, m"
o_553,saveas/text/Next_Decade_Space_Exploration(saveas),saveas,1318,659,1821,ok,120,156,2,zlib:6:8:0 zlib:6:9:0,True,False,True,67,True,"1ms TokenPredictorParameters { matches_to_start_detected: false, very_far_matches_detected: false, window_bits: 11, strategy: Default, nice_length: 258, add_policy: AddFirst(31), max_token_count: 1023, zlib_compatible: true, max_dist_3_matches: 1628, matching_type: Greedy, max_chain: 49, min_len: 3,"
o_554,saveas/text/Next_Decade_Space_Exploration(saveas),saveas,1319,7462,17364,ok,120,156,2,zlib:6:9:0,True,False,True,40,True,"2ms TokenPredictorParameters { matches_to_start_detected: false, very_far_matches_detected: false, window_bits: 14, strategy: Default, nice_length: 128, add_policy: AddAll, max_token_count: 8191, zlib_compatible: true, max_dist_3_matches: 3974, matching_type: Lazy { good_length: 8, max_lazy: 16 }, m"
o_555,saveas/text/Next_Decade_Space_Exploration(saveas),saveas,1324,2668,9268,ok,120,156,2,,False,False,True,236,True,"1ms TokenPredictorParameters { matches_to_start_detected: false, very_far_matches_detected: true, window_bits: 14, strategy: Default, nice_length: 16, add_policy: AddFirst(7), max_token_count: 4095, zlib_compatible: false, max_dist_3_matches: 2863, matching_type: Greedy, max_chain: 6, min_len: 3, ha"
o_556,saveas/text/green_energy_sustainable_living_guidelines_multilang(saveas),saveas,4,2802,19147,ok,120,156,2,zlib:6:8:0 zlib:6:9:0,True,False,True,130,True,"1ms TokenPredictorParameters { matches_to_start_detected: false, very_far_matches_detected: false, window_bits: 15, strategy: Default, nice_length: 258, add_policy: AddFirst(88), max_token_count: 2047, zlib_compatible: true, max_dist_3_matches: 4059, matching_type: Greedy, max_chain: 118, min_len: 3"
o_557,saveas/text/green_energy_sustainable_living_guidelines_multilang(saveas),saveas,16,2238,17969,ok,120,156,2,zlib:6:8:0 zlib:6:9:0,True,False,True,107,True,"2ms TokenPredictorParameters { matches_to_start_detected: false, very_far_matches_detected: true, window_bits: 15, strategy: Default, nice_length: 258, add_policy: AddFirst(88), max_token_count: 2047, zlib_compatible: false, max_dist_3_matches: 3762, matching_type: Greedy, max_chain: 110, min_len: 3"
o_558,saveas/text/green_energy_sustainable_living_guidelines_multilang(saveas),saveas,37,6785,75420,ok,120,156,2,zlib:6:8:0 zlib:6:9:0,True,False,True,218,True,"3ms TokenPredictorParameters { matches_to_start_detected: false, very_far_matches_detected: true, window_bits: 15, strategy: Default, nice_length: 258, add_policy: AddFirst(89), max_token_count: 4095, zlib_compatible: false, max_dist_3_matches: 3992, matching_type: Greedy, max_chain: 98, min_len: 3,"
o_559,saveas/text/green_energy_sustainable_living_guidelines_multilang(saveas),saveas,60,2811,18624,ok,120,156,2,zlib:6:8:0 zlib:6:9:0,True,False,True,118,True,"1ms TokenPredictorParameters { matches_to_start_detected: false, very_far_matches_detected: true, window_bits: 15, strategy: Default, nice_length: 258, add_policy: AddFirstAndLast(89), max_token_count: 2047, zlib_compatible: false, max_dist_3_matches: 4081, matching_type: Greedy, max_chain: 81, min_"
o_560,saveas/text/green_energy_sustainable_living_guidelines_multilang(saveas),saveas,68,3394,20417,ok,120,156,2,zlib:6:8:0 zlib:6:9:0,True,False,True,130,True,"1ms TokenPredictorParameters { matches_to_start_detected: false, very_far_matches_detected: false, window_bits: 15, strategy: Default, nice_length: 258, add_policy: AddFirstAndLast(89), max_token_count: 4095, zlib_compatible: true, max_dist_3_matches: 3960, matching_type: Greedy, max_chain: 64, min_"
o_561,saveas/text/green_energy_sustainable_living_guidelines_multilang(saveas),saveas,91,6102,69654,ok,120,156,2,zlib:6:8:0,True,False,True,194,True,"3ms TokenPredictorParameters { matches_to_start_detected: false, very_far_matches_detected: true, window_bits: 15, strategy: Default, nice_length: 258, add_policy: AddFirst(106), max_token_count: 4095, zlib_compatible: false, max_dist_3_matches: 4001, matching_type: Greedy, max_chain: 99, min_len: 3"
o_562,saveas/text/green_energy_sustainable_living_guidelines_multilang(saveas),saveas,122,4642,40054,ok,120,156,2,zlib:6:9:0,True,False,True,324,True,"2ms TokenPredictorParameters { matches_to_start_detected: false, very_far_matches_detected: true, window_bits: 15, strategy: Default, nice_length: 258, add_policy: AddFirstAndLast(68), max_token_count: 4095, zlib_compatible: false, max_dist_3_matches: 3788, matching_type: Greedy, max_chain: 109, min"
o_563,saveas/text/green_energy_sustainable_living_guidelines_multilang(saveas),saveas,625,5760,44047,ok,120,156,2,zlib:6:9:0,True,False,True,478,True,"2ms TokenPredictorParameters { matches_to_start_detected: false, very_far_matches_detected: true, window_bits: 15, strategy: Default, nice_length: 258, add_policy: AddFirst(67), max_token_count: 8191, zlib_compatible: false, max_dist_3_matches: 3240, matching_type: Greedy, max_chain: 102, min_len: 3"
o_564,saveas/text/green_energy_sustainable_living_guidelines_multilang(saveas),saveas,1129,5819,37984,ok,120,156,2,zlib:6:9:0,True,False,True,38,True,"2ms TokenPredictorParameters { matches_to_start_detected: false, very_far_matches_detected: false, window_bits: 15, strategy: Default, nice_length: 128, add_policy: AddAll, max_token_count: 8191, zlib_compatible: true, max_dist_3_matches: 2715, matching_type: Lazy { good_length: 8, max_lazy: 16 }, m"
o_565,saveas/text/green_energy_sustainable_living_guidelines_multilang(saveas),saveas,1420,7103,22708,ok,120,156,2,zlib:6:9:0,True,False,True,45,True,"2ms TokenPredictorParameters { matches_to_start_detected: false, very_far_matches_detected: false, window_bits: 15, strategy: Default, nice_length: 128, add_policy: AddAll, max_token_count: 8191, zlib_compatible: true, max_dist_3_matches: 4018, matching_type: Lazy { good_length: 8, max_lazy: 16 }, m"
o_566,saveas/text/green_energy_sustainable_living_guidelines_multilang(saveas),saveas,1422,4100,10768,ok,120,156,2,,False,False,True,43,True,"1ms TokenPredictorParameters { matches_to_start_detected: false, very_far_matches_detected: false, window_bits: 14, strategy: Default, nice_length: 128, add_policy: AddAll, max_token_count: 4095, zlib_compatible: true, max_dist_3_matches: 4064, matching_type: Lazy { good_length: 8, max_lazy: 16 }, m"
o_567,saveas/text/green_energy_sustainable_living_guidelines_multilang(saveas),saveas,1424,25892,81056,ok,120,156,2,,False,False,True,40,True,"6ms TokenPredictorParameters { matches_to_start_detected: false, very_far_matches_detected: false, window_bits: 15, strategy: Default, nice_length: 128, add_policy: AddAll, max_token_count: 8191, zlib_compatible: true, max_dist_3_matches: 4091, matching_type: Lazy { good_length: 8, max_lazy: 16 }, m"
o_568,saveas/text/green_energy_sustainable_living_guidelines_multilang(saveas),saveas,1426,19698,116864,ok,120,156,2,,False,False,True,46,True,"6ms TokenPredictorParameters { matches_to_start_detected: false, very_far_matches_detected: false, window_bits: 15, strategy: Default, nice_length: 128, add_policy: AddAll, max_token_count: 8191, zlib_compatible: true, max_dist_3_matches: 4056, matching_type: Lazy { good_length: 8, max_lazy: 16 }, m"
o_569,saveas/text/green_energy_sustainable_living_guidelines_multilang(saveas),saveas,1427,307,492,ok,120,156,2,zlib:6:8:0 zlib:6:9:0,True,False,True,36,True,"1ms TokenPredictorParameters { matches_to_start_detected: false, very_far_matches_detected: false, window_bits: 10, strategy: Default, nice_length: 8, add_policy: AddFirst(10), max_token_count: 511, zlib_compatible: true, max_dist_3_matches: 299, matching_type: Greedy, max_chain: 3, min_len: 3, hash"
o_570,saveas/text/green_energy_sustainable_living_guidelines_multilang(saveas),saveas,1428,10020,66248,ok,120,156,2,,False,False,True,56,True,"4ms TokenPredictorParameters { matches_to_start_detected: false, very_far_matches_detected: false, window_bits: 15, strategy: Default, nice_length: 128, add_policy: AddAll, max_token_count: 8191, zlib_compatible: true, max_dist_3_matches: 4042, matching_type: Lazy { good_length: 8, max_lazy: 16 }, m"
o_571,saveas/text/green_energy_sustainable_living_guidelines_multilang(saveas),saveas,1430,545,1072,ok,120,156,2,zlib:6:8:0 zlib:6:9:0,True,False,True,51,True,"1ms TokenPredictorParameters { matches_to_start_detected: false, very_far_matches_detected: true, window_bits: 11, strategy: Default, nice_length: 8, add_policy: AddFirst(29), max_token_count: 1023, zlib_compatible: false, max_dist_3_matches: 879, matching_type: Greedy, max_chain: 4, min_len: 3, has"
o_572,saveas/text/green_energy_sustainable_living_guidelines_multilang(saveas),saveas,1431,32972,71960,ok,120,156,2,,False,False,True,55,True,"8ms TokenPredictorParameters { matches_to_start_detected: false, very_far_matches_detected: false, window_bits: 15, strategy: Default, nice_length: 128, add_policy: AddAll, max_token_count: 8191, zlib_compatible: true, max_dist_3_matches: 4091, matching_type: Lazy { good_length: 8, max_lazy: 16 }, m"
o_573,saveas/text/green_energy_sustainable_living_guidelines_multilang(saveas),saveas,1434,1131,2660,ok,120,156,2,zlib:6:8:0 zlib:6:9:0,True,False,True,103,True,"1ms TokenPredictorParameters { matches_to_start_detected: false, very_far_matches_detected: false, window_bits: 12, strategy: Default, nice_length: 8, add_policy: AddFirstAndLast(10), max_token_count: 2047, zlib_compatible: true, max_dist_3_matches: 2467, matching_type: Greedy, max_chain: 3, min_len"
o_574,saveas/text/green_energy_sustainable_living_guidelines_multilang(saveas),saveas,1435,40086,109432,ok,120,156,2,,False,False,True,103,True,"9ms TokenPredictorParameters { matches_to_start_detected: false, very_far_matches_detected: false, window_bits: 15, strategy: Default, nice_length: 128, add_policy: AddAll, max_token_count: 8191, zlib_compatible: true, max_dist_3_matches: 4088, matching_type: Lazy { good_length: 8, max_lazy: 16 }, m"
o_575,saveas/text/green_energy_sustainable_living_guidelines_multilang(saveas),saveas,1438,349,671,ok,120,156,2,zlib:6:8:0 zlib:6:9:0,True,False,True,39,True,"1ms TokenPredictorParameters { matches_to_start_detected: false, very_far_matches_detected: false, window_bits: 10, strategy: Default, nice_length: 32, add_policy: AddFirst(12), max_token_count: 511, zlib_compatible: true, max_dist_3_matches: 478, matching_type: Greedy, max_chain: 15, min_len: 3, ha"
o_576,saveas/text/green_energy_sustainable_living_guidelines_multilang(saveas),saveas,1439,6954,18452,ok,120,156,2,zlib:6:8:0 zlib:6:9:0,True,False,True,30,True,"2ms TokenPredictorParameters { matches_to_start_detected: false, very_far_matches_detected: false, window_bits: 15, strategy: Default, nice_length: 128, add_policy: AddAll, max_token_count: 8191, zlib_compatible: true, max_dist_3_matches: 4071, matching_type: Lazy { good_length: 8, max_lazy: 16 }, m"
o_577,saveas/text/green_energy_sustainable_living_guidelines_multilang(saveas),saveas,1442,479,1110,ok,120,156,2,zlib:6:8:0 zlib:6:9:0,True,False,True,49,True,"1ms TokenPredictorParameters { matches_to_start_detected: false, very_far_matches_detected: false, window_bits: 11, strategy: Default, nice_length: 32, add_policy: AddFirst(30), max_token_count: 511, zlib_compatible: true, max_dist_3_matches: 917, matching_type: Greedy, max_chain: 20, min_len: 3, ha"
o_578,saveas/text/green_energy_sustainable_living_guidelines_multilang(saveas),saveas,1443,14354,29096,ok,120,156,2,,False,False,True,39,True,"3ms TokenPredictorParameters { matches_to_start_detected: false, very_far_matches_detected: false, window_bits: 15, strategy: Default, nice_length: 128, add_policy: AddAll, max_token_count: 8191, zlib_compatible: true, max_dist_3_matches: 4078, matching_type: Lazy { good_length: 8, max_lazy: 16 }, m"
o_579,saveas/text/green_energy_sustainable_living_guidelines_multilang(saveas),saveas,1446,630,1697,ok,120,156,2,zlib:6:8:0 zlib:6:9:0,True,False,True,63,True,"1ms TokenPredictorParameters { matches_to_start_detected: false, very_far_matches_detected: false, window_bits: 11, strategy: Default, nice_length: 258, add_policy: AddFirst(30), max_token_count: 1023, zlib_compatible: true, max_dist_3_matches: 1504, matching_type: Greedy, max_chain: 49, min_len: 3,"
o_580,saveas/text/green_energy_sustainable_living_guidelines_multilang(saveas),saveas,1447,13614,27328,ok,120,156,2,,False,False,True,46,True,"3ms TokenPredictorParameters { matches_to_start_detected: false, very_far_matches_detected: false, window_bits: 15, strategy: Default, nice_length: 128, add_policy: AddAll, max_token_count: 8191, zlib_compatible: true, max_dist_3_matches: 4068, matching_type: Lazy { good_length: 8, max_lazy: 16 }, m"
o_581,saveas/text/green_energy_sustainable_living_guidelines_multilang(saveas),saveas,1451,5732,14220,ok,120,156,2,zlib:6:9:0,True,False,True,43,True,"1ms TokenPredictorParameters { matches_to_start_detected: false, very_far_matches_detected: false, window_bits: 14, strategy: Default, nice_length: 128, add_policy: AddAll, max_token_count: 8191, zlib_compatible: true, max_dist_3_matches: 4070, matching_type: Lazy { good_length: 8, max_lazy: 16 }, m"
o_582,saveas/text/green_energy_sustainable_living_guidelines_multilang(saveas),saveas,1453,7681,33112,ok,120,156,2,zlib:6:8:0 zlib:6:9:0,True,False,True,38,True,"2ms TokenPredictorParameters { matches_to_start_detected: false, very_far_matches_detected: false, window_bits: 15, strategy: Default, nice_length: 128, add_policy: AddAll, max_token_count: 8191, zlib_compatible: true, max_dist_3_matches: 4072, matching_type: Lazy { good_length: 8, max_lazy: 16 }, m"
o_583,saveas/text/green_energy_sustainable_living_guidelines_multilang(saveas),saveas,1455,11738,28660,ok,120,156,2,,False,False,True,38,True,"2ms TokenPredictorParameters { matches_to_start_detected: false, very_far_matches_detected: false, window_bits: 15, strategy: Default, nice_length: 128, add_policy: AddAll, max_token_count: 8191, zlib_compatible: true, max_dist_3_matches: 4022, matching_type: Lazy { good_length: 8, max_lazy: 16 }, m"
o_584,saveas/text/green_energy_sustainable_living_guidelines_multilang(saveas),saveas,1456,321,590,ok,120,156,2,zlib:6:8:0 zlib:6:9:0,True,False,True,32,True,"1ms TokenPredictorParameters { matches_to_start_detected: false, very_far_matches_detected: false, window_bits: 10, strategy: Default, nice_length: 8, add_policy: AddFirst(10), max_token_count: 511, zlib_compatible: true, max_dist_3_matches: 397, matching_type: Greedy, max_chain: 2, min_len: 3, hash"
o_585,saveas/text/green_energy_sustainable_living_guidelines_multilang(saveas),saveas,1457,5369,11372,ok,120,156,2,,False,False,True,93,True,"2ms TokenPredictorParameters { matches_to_start_detected: false, very_far_matches_detected: false, window_bits: 14, strategy: Default, nice_length: 258, add_policy: AddFirst(187), max_token_count: 8191, zlib_compatible: true, max_dist_3_matches: 3752, matching_type: Greedy, max_chain: 128, min_len: "
o_586,saveas/text/green_energy_sustainable_living_guidelines_multilang(saveas),saveas,1460,364,770,ok,120,156,2,zlib:6:8:0 zlib:6:9:0,True,False,True,45,True,"1ms TokenPredictorParameters { matches_to_start_detected: false, very_far_matches_detected: false, window_bits: 10, strategy: Default, nice_length: 8, add_policy: AddFirstAndLast(10), max_token_count: 511, zlib_compatible: true, max_dist_3_matches: 577, matching_type: Greedy, max_chain: 3, min_len: "
o_587,saveas/text/green_energy_sustainable_living_guidelines_multilang(saveas),saveas,1461,4188,9552,ok,120,156,2,zlib:6:8:0 zlib:6:9:0,True,False,True,30,True,"1ms TokenPredictorParameters { matches_to_start_detected: false, very_far_matches_detected: false, window_bits: 14, strategy: Default, nice_length: 128, add_policy: AddAll, max_token_count: 4095, zlib_compatible: true, max_dist_3_matches: 3662, matching_type: Lazy { good_length: 8, max_lazy: 16 }, m"
o_588,saveas/text/green_energy_sustainable_living_guidelines_multilang(saveas),saveas,1464,410,824,ok,120,156,2,zlib:6:8:0 zlib:6:9:0,True,False,True,46,True,"1ms TokenPredictorParameters { matches_to_start_detected: false, very_far_matches_detected: false, window_bits: 11, strategy: Default, nice_length: 8, add_policy: AddFirstAndLast(10), max_token_count: 511, zlib_compatible: true, max_dist_3_matches: 631, matching_type: Greedy, max_chain: 3, min_len: "
o_589,saveas/text/green_energy_sustainable_living_guidelines_multilang(saveas),saveas,1465,13837,31780,ok,120,156,2,,False,False,True,38,True,"3ms TokenPredictorParameters { matches_to_start_detected: false, very_far_matches_detected: false, window_bits: 15, strategy: Default, nice_length: 128, add_policy: AddAll, max_token_count: 8191, zlib_compatible: true, max_dist_3_matches: 4064, matching_type: Lazy { good_length: 8, max_lazy: 16 }, m"
o_590,saveas/text/green_energy_sustainable_living_guidelines_multilang(saveas),saveas,1468,390,824,ok,120,156,2,zlib:6:8:0 zlib:6:9:0,True,False,True,44,True,"1ms TokenPredictorParameters { matches_to_start_detected: false, very_far_matches_detected: true, window_bits: 11, strategy: Default, nice_length: 8, add_policy: AddFirst(30), max_token_count: 511, zlib_compatible: false, max_dist_3_matches: 631, matching_type: Greedy, max_chain: 3, min_len: 3, hash"
o_591,saveas/text/green_energy_sustainable_living_guidelines_multilang(saveas),saveas,1469,11532,30144,ok,120,156,2,,False,False,True,39,True,"3ms TokenPredictorParameters { matches_to_start_detected: false, very_far_matches_detected: false, window_bits: 15, strategy: Default, nice_length: 128, add_policy: AddAll, max_token_count: 8191, zlib_compatible: true, max_dist_3_matches: 4080, matching_type: Lazy { good_length: 8, max_lazy: 16 }, m"
o_592,saveas/text/green_energy_sustainable_living_guidelines_multilang(saveas),saveas,1472,514,1397,ok,120,156,2,zlib:6:8:0 zlib:6:9:0,True,False,True,52,True,"1ms TokenPredictorParameters { matches_to_start_detected: false, very_far_matches_detected: true, window_bits: 11, strategy: Default, nice_length: 16, add_policy: AddFirst(31), max_token_count: 511, zlib_compatible: false, max_dist_3_matches: 1204, matching_type: Greedy, max_chain: 7, min_len: 3, ha"
o_593,saveas/text/green_energy_sustainable_living_guidelines_multilang(saveas),saveas,1473,12104,43280,ok,120,156,2,,False,False,True,47,True,"3ms TokenPredictorParameters { matches_to_start_detected: false, very_far_matches_detected: false, window_bits: 15, strategy: Default, nice_length: 128, add_policy: AddAll, max_token_count: 8191, zlib_compatible: true, max_dist_3_matches: 4081, matching_type: Lazy { good_length: 8, max_lazy: 16 }, m"
o_594,saveas/text/green_energy_sustainable_living_guidelines_multilang(saveas),saveas,1476,664,1966,ok,120,156,2,zlib:6:8:0 zlib:6:9:0,True,False,True,63,True,"1ms TokenPredictorParameters { matches_to_start_detected: false, very_far_matches_detected: false, window_bits: 12, strategy: Default, nice_length: 32, add_policy: AddFirst(30), max_token_count: 1023, zlib_compatible: true, max_dist_3_matches: 1773, matching_type: Greedy, max_chain: 29, min_len: 3, "
o_595,saveas/text/green_energy_sustainable_living_guidelines_multilang(saveas),saveas,1477,15600,35692,ok,120,156,2,,False,False,True,241,True,"3ms TokenPredictorParameters { matches_to_start_detected: false, very_far_matches_detected: false, window_bits: 15, strategy: Default, nice_length: 258, add_policy: AddFirst(240), max_token_count: 8191, zlib_compatible: true, max_dist_3_matches: 4019, matching_type: Greedy, max_chain: 126, min_len: "
o_596,saveas/text/green_energy_sustainable_living_guidelines_multilang(saveas),saveas,1482,2935,10374,ok,120,156,2,zlib:6:8:0 zlib:6:9:0,True,False,False,0,False,PredictionFailure Didnt find a match NoInput
o_597,saveas/text/open_source_software_contribution_guidelines_multilang(saveas),saveas,4,3723,24169,ok,120,156,2,zlib:6:8:0 zlib:6:9:0,True,False,True,170,True,"1ms TokenPredictorParameters { matches_to_start_detected: false, very_far_matches_detected: false, window_bits: 15, strategy: Default, nice_length: 258, add_policy: AddFirst(101), max_token_count: 4095, zlib_compatible: true, max_dist_3_matches: 3662, matching_type: Greedy, max_chain: 86, min_len: 3"
o_598,saveas/text/open_source_software_contribution_guidelines_multilang(saveas),saveas,21,2480,20000,ok,120,156,2,zlib:6:8:0 zlib:6:9:0,True,False,True,114,True,"1ms TokenPredictorParameters { matches_to_start_detected: false, very_far_matches_detected: true, window_bits: 15, strategy: Default, nice_length: 258, add_policy: AddFirst(88), max_token_count: 2047, zlib_compatible: false, max_dist_3_matches: 4028, matching_type: Greedy, max_chain: 124, min_len: 3"
o_599,saveas/text/open_source_software_contribution_guidelines_multilang(saveas),saveas,39,7960,89113,ok,120,156,2,zlib:6:9:0,True,False,True,239,True,"3ms TokenPredictorParameters { matches_to_start_detected: false, very_far_matches_detected: false, window_bits: 15, strategy: Default, nice_length: 258, add_policy: AddFirst(87), max_token_count: 8191, zlib_compatible: true, max_dist_3_matches: 4013, matching_type: Greedy, max_chain: 111, min_len: 3"
o_600,saveas/text/open_source_software_contribution_guidelines_multilang(saveas),saveas,62,3242,21062,ok,120,156,2,zlib:6:8:0 zlib:6:9:0,True,False,True,156,True,"5ms TokenPredictorParameters { matches_to_start_detected: false, very_far_matches_detected: false, window_bits: 15, strategy: Default, nice_length: 258, add_policy: AddFirst(89), max_token_count: 4095, zlib_compatible: true, max_dist_3_matches: 3830, matching_type: Greedy, max_chain: 120, min_len: 3"
o_601,saveas/text/open_source_software_contribution_guidelines_multilang(saveas),saveas,70,3542,22233,ok,120,156,2,zlib:6:8:0 zlib:6:9:0,True,False,True,171,True,"2ms TokenPredictorParameters { matches_to_start_detected: false, very_far_matches_detected: true, window_bits: 15, strategy: Default, nice_length: 258, add_policy: AddFirst(89), max_token_count: 4095, zlib_compatible: false, max_dist_3_matches: 4022, matching_type: Greedy, max_chain: 82, min_len: 3,"
o_602,saveas/text/open_source_software_contribution_guidelines_multilang(saveas),saveas,83,7213,81267,ok,120,156,2,zlib:6:8:0 zlib:6:9:0,True,False,True,236,True,"3ms TokenPredictorParameters { matches_to_start_detected: false, very_far_matches_detected: false, window_bits: 15, strategy: Default, nice_length: 258, add_policy: AddFirst(106), max_token_count: 4095, zlib_compatible: true, max_dist_3_matches: 4034, matching_type: Greedy, max_chain: 117, min_len: "
o_603,saveas/text/open_source_software_contribution_guidelines_multilang(saveas),saveas,114,4738,40280,ok,120,156,2,zlib:6:9:0,True,False,True,339,True,"2ms TokenPredictorParameters { matches_to_start_detected: false, very_far_matches_detected: true, window_bits: 15, strategy: Default, nice_length: 258, add_policy: AddFirstAndLast(67), max_token_count: 4095, zlib_compatible: false, max_dist_3_matches: 3662, matching_type: Greedy, max_chain: 126, min"
o_604,saveas/text/open_source_software_contribution_guidelines_multilang(saveas),saveas,617,5712,44303,ok,120,156,2,zlib:6:8:0 zlib:6:9:0,True,False,True,453,True,"2ms TokenPredictorParameters { matches_to_start_detected: false, very_far_matches_detected: false, window_bits: 15, strategy: Default, nice_length: 258, add_policy: AddFirst(68), max_token_count: 8191, zlib_compatible: true, max_dist_3_matches: 3705, matching_type: Greedy, max_chain: 110, min_len: 3"
o_605,saveas/text/open_source_software_contribution_guidelines_multilang(saveas),saveas,1120,4498,40751,ok,120,156,2,zlib:6:8:0 zlib:6:9:0,True,False,True,272,True,"2ms TokenPredictorParameters { matches_to_start_detected: false, very_far_matches_detected: true, window_bits: 15, strategy: Default, nice_length: 32, add_policy: AddFirstAndLast(68), max_token_count: 4095, zlib_compatible: false, max_dist_3_matches: 4077, matching_type: Greedy, max_chain: 16, min_l"
o_606,saveas/text/open_source_software_contribution_guidelines_multilang(saveas),saveas,1622,3740,18004,ok,120,156,2,,False,False,True,48,True,"1ms TokenPredictorParameters { matches_to_start_detected: false, very_far_matches_detected: false, window_bits: 14, strategy: Default, nice_length: 128, add_policy: AddAll, max_token_count: 4095, zlib_compatible: true, max_dist_3_matches: 313, matching_type: Lazy { good_length: 8, max_lazy: 16 }, ma"
o_607,saveas/text/open_source_software_contribution_guidelines_multilang(saveas),saveas,1630,6945,12308,ok,120,156,2,zlib:6:8:0 zlib:6:9:0,True,False,True,30,True,"2ms TokenPredictorParameters { matches_to_start_detected: false, very_far_matches_detected: false, window_bits: 14, strategy: Default, nice_length: 128, add_policy: AddAll, max_token_count: 8191, zlib_compatible: true, max_dist_3_matches: 4046, matching_type: Lazy { good_length: 8, max_lazy: 16 }, m"
o_608,saveas/text/open_source_software_contribution_guidelines_multilang(saveas),saveas,1632,4174,10900,ok,120,156,2,,False,False,True,42,True,"1ms TokenPredictorParameters { matches_to_start_detected: false, very_far_matches_detected: false, window_bits: 13, strategy: Default, nice_length: 128, add_policy: AddAll, max_token_count: 4095, zlib_compatible: true, max_dist_3_matches: 4042, matching_type: Lazy { good_length: 8, max_lazy: 16 }, m"
o_609,saveas/text/open_source_software_contribution_guidelines_multilang(saveas),saveas,1634,25892,81056,ok,120,156,2,,False,False,True,40,True,"6ms TokenPredictorParameters { matches_to_start_detected: false, very_far_matches_detected: false, window_bits: 15, strategy: Default, nice_length: 128, add_policy: AddAll, max_token_count: 8191, zlib_compatible: true, max_dist_3_matches: 4091, matching_type: Lazy { good_length: 8, max_lazy: 16 }, m"
o_610,saveas/text/open_source_software_contribution_guidelines_multilang(saveas),saveas,1635,402,887,ok,120,156,2,zlib:6:8:0 zlib:6:9:0,True,False,True,45,True,"1ms TokenPredictorParameters { matches_to_start_detected: false, very_far_matches_detected: true, window_bits: 11, strategy: Default, nice_length: 8, add_policy: AddFirst(30), max_token_count: 511, zlib_compatible: false, max_dist_3_matches: 694, matching_type: Greedy, max_chain: 3, min_len: 3, hash"
o_611,saveas/text/open_source_software_contribution_guidelines_multilang(saveas),saveas,1636,16224,45080,ok,120,156,2,,False,False,True,48,True,"4ms TokenPredictorParameters { matches_to_start_detected: false, very_far_matches_detected: false, window_bits: 15, strategy: Default, nice_length: 128, add_policy: AddAll, max_token_count: 8191, zlib_compatible: true, max_dist_3_matches: 4049, matching_type: Lazy { good_length: 8, max_lazy: 16 }, m"
o_612,saveas/text/open_source_software_contribution_guidelines_multilang(saveas),saveas,1639,1429,3775,ok,120,156,2,zlib:6:8:0 zlib:6:9:0,True,False,True,125,True,"1ms TokenPredictorParameters { matches_to_start_detected: false, very_far_matches_detected: true, window_bits: 12, strategy: Default, nice_length: 32, add_policy: AddFirst(30), max_token_count: 2047, zlib_compatible: false, max_dist_3_matches: 3582, matching_type: Greedy, max_chain: 9, min_len: 3, h"
o_613,saveas/text/open_source_software_contribution_guidelines_multilang(saveas),saveas,1640,49103,124664,ok,120,156,2,,False,False,True,122,True,"12ms TokenPredictorParameters { matches_to_start_detected: false, very_far_matches_detected: false, window_bits: 15, strategy: Default, nice_length: 128, add_policy: AddAll, max_token_count: 8191, zlib_compatible: true, max_dist_3_matches: 4086, matching_type: Lazy { good_length: 8, max_lazy: 16 }, "
o_614,saveas/text/open_source_software_contribution_guidelines_multilang(saveas),saveas,1643,493,955,ok,120,156,2,zlib:6:8:0 zlib:6:9:0,True,False,True,48,True,"1ms TokenPredictorParameters { matches_to_start_detected: false, very_far_matches_detected: true, window_bits: 11, strategy: Default, nice_length: 8, add_policy: AddFirst(15), max_token_count: 511, zlib_compatible: false, max_dist_3_matches: 762, matching_type: Greedy, max_chain: 3, min_len: 3, hash"
o_615,saveas/text/open_source_software_contribution_guidelines_multilang(saveas),saveas,1644,17684,84380,ok,120,156,2,,False,False,True,82,True,"6ms TokenPredictorParameters { matches_to_start_detected: false, very_far_matches_detected: false, window_bits: 15, strategy: Default, nice_length: 128, add_policy: AddAll, max_token_count: 8191, zlib_compatible: true, max_dist_3_matches: 4064, matching_type: Lazy { good_length: 8, max_lazy: 16 }, m"
o_616,saveas/text/open_source_software_contribution_guidelines_multilang(saveas),saveas,1648,22998,85136,ok,120,156,2,,False,False,True,134,True,"8ms TokenPredictorParameters { matches_to_start_detected: false, very_far_matches_detected: false, window_bits: 15, strategy: Default, nice_length: 128, add_policy: AddAll, max_token_count: 8191, zlib_compatible: true, max_dist_3_matches: 4091, matching_type: Lazy { good_length: 8, max_lazy: 16 }, m"
o_617,saveas/text/open_source_software_contribution_guidelines_multilang(saveas),saveas,1649,366,731,ok,120,156,2,zlib:6:8:0 zlib:6:9:0,True,False,True,41,True,"1ms TokenPredictorParameters { matches_to_start_detected: false, very_far_matches_detected: false, window_bits: 10, strategy: Default, nice_length: 16, add_policy: AddFirst(16), max_token_count: 511, zlib_compatible: true, max_dist_3_matches: 538, matching_type: Greedy, max_chain: 6, min_len: 3, has"
o_618,saveas/text/open_source_software_contribution_guidelines_multilang(saveas),saveas,1650,6744,17832,ok,120,156,2,zlib:6:8:0 zlib:6:9:0,True,False,True,30,True,"2ms TokenPredictorParameters { matches_to_start_detected: false, very_far_matches_detected: false, window_bits: 15, strategy: Default, nice_length: 128, add_policy: AddAll, max_token_count: 8191, zlib_compatible: true, max_dist_3_matches: 4060, matching_type: Lazy { good_length: 8, max_lazy: 16 }, m"
o_619,saveas/text/open_source_software_contribution_guidelines_multilang(saveas),saveas,1653,479,1162,ok,120,156,2,zlib:6:8:0 zlib:6:9:0,True,False,True,49,True,"1ms TokenPredictorParameters { matches_to_start_detected: false, very_far_matches_detected: false, window_bits: 11, strategy: Default, nice_length: 32, add_policy: AddFirst(31), max_token_count: 511, zlib_compatible: true, max_dist_3_matches: 969, matching_type: Greedy, max_chain: 28, min_len: 3, ha"
o_620,saveas/text/open_source_software_contribution_guidelines_multilang(saveas),saveas,1654,5868,15400,ok,120,156,2,zlib:6:8:0 zlib:6:9:0,True,False,True,30,True,"2ms TokenPredictorParameters { matches_to_start_detected: false, very_far_matches_detected: false, window_bits: 14, strategy: Default, nice_length: 128, add_policy: AddAll, max_token_count: 8191, zlib_compatible: true, max_dist_3_matches: 3998, matching_type: Lazy { good_length: 8, max_lazy: 16 }, m"
o_621,saveas/text/open_source_software_contribution_guidelines_multilang(saveas),saveas,1657,814,2428,ok,120,156,2,zlib:6:8:0 zlib:6:9:0,True,False,True,77,True,"1ms TokenPredictorParameters { matches_to_start_detected: false, very_far_matches_detected: false, window_bits: 12, strategy: Default, nice_length: 258, add_policy: AddFirst(32), max_token_count: 1023, zlib_compatible: true, max_dist_3_matches: 2235, matching_type: Greedy, max_chain: 72, min_len: 3,"
o_622,saveas/text/open_source_software_contribution_guidelines_multilang(saveas),saveas,1658,10060,26952,ok,120,156,2,zlib:6:8:0 zlib:6:9:0,True,False,True,235,True,"3ms TokenPredictorParameters { matches_to_start_detected: false, very_far_matches_detected: false, window_bits: 15, strategy: Default, nice_length: 258, add_policy: AddFirst(235), max_token_count: 8191, zlib_compatible: true, max_dist_3_matches: 4088, matching_type: Greedy, max_chain: 126, min_len: "
o_623,saveas/text/open_source_software_contribution_guidelines_multilang(saveas),saveas,1662,6153,15020,ok,120,156,2,,False,False,True,30,True,"2ms TokenPredictorParameters { matches_to_start_detected: false, very_far_matches_detected: false, window_bits: 14, strategy: Default, nice_length: 128, add_policy: AddAll, max_token_count: 8191, zlib_compatible: true, max_dist_3_matches: 4070, matching_type: Lazy { good_length: 8, max_lazy: 16 }, m"
o_624,saveas/text/open_source_software_contribution_guidelines_multilang(saveas),saveas,1664,7715,33184,ok,120,156,2,zlib:6:9:0,True,False,True,46,True,"2ms TokenPredictorParameters { matches_to_start_detected: false, very_far_matches_detected: false, window_bits: 15, strategy: Default, nice_length: 128, add_policy: AddAll, max_token_count: 8191, zlib_compatible: true, max_dist_3_matches: 4066, matching_type: Lazy { good_length: 8, max_lazy: 16 }, m"
o_625,saveas/text/open_source_software_contribution_guidelines_multilang(saveas),saveas,1666,11343,28520,ok,120,156,2,,False,False,True,40,True,"4ms TokenPredictorParameters { matches_to_start_detected: false, very_far_matches_detected: false, window_bits: 15, strategy: Default, nice_length: 128, add_policy: AddAll, max_token_count: 8191, zlib_compatible: true, max_dist_3_matches: 3960, matching_type: Lazy { good_length: 8, max_lazy: 16 }, m"
o_626,saveas/text/open_source_software_contribution_guidelines_multilang(saveas),saveas,1668,7649,23920,ok,120,156,2,zlib:6:9:0,True,False,True,39,True,"2ms TokenPredictorParameters { matches_to_start_detected: false, very_far_matches_detected: false, window_bits: 15, strategy: Default, nice_length: 128, add_policy: AddAll, max_token_count: 8191, zlib_compatible: true, max_dist_3_matches: 4038, matching_type: Lazy { good_length: 8, max_lazy: 16 }, m"
o_627,saveas/text/open_source_software_contribution_guidelines_multilang(saveas),saveas,1670,6517,14040,ok,120,156,2,,False,False,True,140,True,"2ms TokenPredictorParameters { matches_to_start_detected: false, very_far_matches_detected: false, window_bits: 14, strategy: Default, nice_length: 258, add_policy: AddFirst(127), max_token_count: 8191, zlib_compatible: true, max_dist_3_matches: 4062, matching_type: Greedy, max_chain: 128, min_len: "
o_628,saveas/text/open_source_software_contribution_guidelines_multilang(saveas),saveas,1671,328,640,ok,120,156,2,zlib:6:8:0 zlib:6:9:0,True,False,True,41,True,"1ms TokenPredictorParameters { matches_to_start_detected: false, very_far_matches_detected: false, window_bits: 10, strategy: Default, nice_length: 8, add_policy: AddFirstAndLast(10), max_token_count: 511, zlib_compatible: true, max_dist_3_matches: 447, matching_type: Greedy, max_chain: 3, min_len: "
o_629,saveas/text/open_source_software_contribution_guidelines_multilang(saveas),saveas,1672,6398,12320,ok,120,156,2,zlib:6:8:0 zlib:6:9:0,True,False,True,30,True,"3ms TokenPredictorParameters { matches_to_start_detected: false, very_far_matches_detected: false, window_bits: 14, strategy: Default, nice_length: 128, add_policy: AddAll, max_token_count: 8191, zlib_compatible: true, max_dist_3_matches: 4092, matching_type: Lazy { good_length: 8, max_lazy: 16 }, m"
o_630,saveas/text/open_source_software_contribution_guidelines_multilang(saveas),saveas,1675,366,727,ok,120,156,2,zlib:6:8:0 zlib:6:9:0,True,False,True,40,True,"1ms TokenPredictorParameters { matches_to_start_detected: false, very_far_matches_detected: false, window_bits: 10, strategy: Default, nice_length: 32, add_policy: AddFirst(15), max_token_count: 511, zlib_compatible: true, max_dist_3_matches: 534, matching_type: Greedy, max_chain: 9, min_len: 3, has"
o_631,saveas/text/open_source_software_contribution_guidelines_multilang(saveas),saveas,1676,14200,33828,ok,120,156,2,,False,False,True,40,True,"6ms TokenPredictorParameters { matches_to_start_detected: false, very_far_matches_detected: false, window_bits: 15, strategy: Default, nice_length: 128, add_policy: AddAll, max_token_count: 8191, zlib_compatible: true, max_dist_3_matches: 4070, matching_type: Lazy { good_length: 8, max_lazy: 16 }, m"
o_632,saveas/text/open_source_software_contribution_guidelines_multilang(saveas),saveas,1679,514,1404,ok,120,156,2,zlib:6:8:0 zlib:6:9:0,True,False,True,48,True,"1ms TokenPredictorParameters { matches_to_start_detected: false, very_far_matches_detected: true, window_bits: 11, strategy: Default, nice_length: 16, add_policy: AddFirst(32), max_token_count: 511, zlib_compatible: false, max_dist_3_matches: 1211, matching_type: Greedy, max_chain: 8, min_len: 3, ha"
o_633,saveas/text/open_source_software_contribution_guidelines_multilang(saveas),saveas,1680,10692,34120,ok,120,156,2,,False,False,True,30,True,"3ms TokenPredictorParameters { matches_to_start_detected: false, very_far_matches_detected: false, window_bits: 15, strategy: Default, nice_length: 128, add_policy: AddAll, max_token_count: 8191, zlib_compatible: true, max_dist_3_matches: 4040, matching_type: Lazy { good_length: 8, max_lazy: 16 }, m"
o_634,saveas/text/open_source_software_contribution_guidelines_multilang(saveas),saveas,1683,690,2080,ok,120,156,2,zlib:6:8:0 zlib:6:9:0,True,False,True,60,True,"1ms TokenPredictorParameters { matches_to_start_detected: false, very_far_matches_detected: true, window_bits: 12, strategy: Default, nice_length: 32, add_policy: AddFirst(32), max_token_count: 1023, zlib_compatible: false, max_dist_3_matches: 1887, matching_type: Greedy, max_chain: 17, min_len: 3, "
o_635,saveas/text/open_source_software_contribution_guidelines_multilang(saveas),saveas,1684,15718,35704,ok,120,156,2,,False,False,True,236,True,"4ms TokenPredictorParameters { matches_to_start_detected: false, very_far_matches_detected: false, window_bits: 15, strategy: Default, nice_length: 258, add_policy: AddFirst(152), max_token_count: 8191, zlib_compatible: true, max_dist_3_matches: 4080, matching_type: Greedy, max_chain: 126, min_len: "
o_636,saveas/text/open_source_software_contribution_guidelines_multilang(saveas),saveas,1689,3286,11823,ok,120,156,2,zlib:6:9:0,True,False,False,0,False,PredictionFailure Didnt find a match NoInput
o_637,saveas/text/remote_work_home_office_guidelines(saveas),saveas,4,2884,20518,ok,120,156,2,zlib:6:8:0 zlib:6:9:0,True,False,True,124,True,"1ms TokenPredictorParameters { matches_to_start_detected: false, very_far_matches_detected: false, window_bits: 15, strategy: Default, nice_length: 258, add_policy: AddFirst(88), max_token_count: 2047, zlib_compatible: true, max_dist_3_matches: 3869, matching_type: Greedy, max_chain: 101, min_len: 3"
o_638,saveas/text/remote_work_home_office_guidelines(saveas),saveas,16,2110,17378,ok,120,156,2,zlib:6:8:0 zlib:6:9:0,True,False,True,76,True,"1ms TokenPredictorParameters { matches_to_start_detected: false, very_far_matches_detected: false, window_bits: 15, strategy: Default, nice_length: 258, add_policy: AddFirst(89), max_token_count: 2047, zlib_compatible: true, max_dist_3_matches: 4004, matching_type: Greedy, max_chain: 68, min_len: 3,"
o_639,saveas/text/remote_work_home_office_guidelines(saveas),saveas,37,6576,72468,ok,120,156,2,zlib:6:8:0 zlib:6:9:0,True,False,True,223,True,"4ms TokenPredictorParameters { matches_to_start_detected: false, very_far_matches_detected: true, window_bits: 15, strategy: Default, nice_length: 258, add_policy: AddFirst(86), max_token_count: 4095, zlib_compatible: false, max_dist_3_matches: 4033, matching_type: Greedy, max_chain: 69, min_len: 3,"
o_640,saveas/text/remote_work_home_office_guidelines(saveas),saveas,60,2834,18542,ok,120,156,2,zlib:6:8:0 zlib:6:9:0,True,False,True,123,True,"1ms TokenPredictorParameters { matches_to_start_detected: false, very_far_matches_detected: true, window_bits: 15, strategy: Default, nice_length: 258, add_policy: AddFirstAndLast(89), max_token_count: 2047, zlib_compatible: false, max_dist_3_matches: 4077, matching_type: Greedy, max_chain: 70, min_"
o_641,saveas/text/remote_work_home_office_guidelines(saveas),saveas,68,3351,21399,ok,120,156,2,zlib:6:9:0,True,False,True,143,True,"2ms TokenPredictorParameters { matches_to_start_detected: false, very_far_matches_detected: true, window_bits: 15, strategy: Default, nice_length: 258, add_policy: AddFirst(90), max_token_count: 4095, zlib_compatible: false, max_dist_3_matches: 4005, matching_type: Greedy, max_chain: 69, min_len: 3,"
o_642,saveas/text/remote_work_home_office_guidelines(saveas),saveas,81,6691,72409,ok,120,156,2,zlib:6:8:0 zlib:6:9:0,True,False,True,205,True,"3ms TokenPredictorParameters { matches_to_start_detected: false, very_far_matches_detected: true, window_bits: 15, strategy: Default, nice_length: 258, add_policy: AddFirst(109), max_token_count: 4095, zlib_compatible: false, max_dist_3_matches: 4089, matching_type: Greedy, max_chain: 104, min_len: "
o_643,saveas/text/remote_work_home_office_guidelines(saveas),saveas,112,4679,40120,ok,120,156,2,zlib:6:9:0,True,False,True,314,True,"2ms TokenPredictorParameters { matches_to_start_detected: false, very_far_matches_detected: false, window_bits: 15, strategy: Default, nice_length: 258, add_policy: AddFirstAndLast(68), max_token_count: 4095, zlib_compatible: true, max_dist_3_matches: 3742, matching_type: Greedy, max_chain: 116, min"
o_644,saveas/text/remote_work_home_office_guidelines(saveas),saveas,615,5719,43996,ok,120,156,2,zlib:6:9:0,True,False,True,461,True,"3ms TokenPredictorParameters { matches_to_start_detected: false, very_far_matches_detected: true, window_bits: 15, strategy: Default, nice_length: 258, add_policy: AddFirst(68), max_token_count: 8191, zlib_compatible: false, max_dist_3_matches: 3503, matching_type: Greedy, max_chain: 106, min_len: 3"
o_645,saveas/text/remote_work_home_office_guidelines(saveas),saveas,1119,5824,38206,ok,120,156,2,zlib:6:9:0,True,False,True,38,True,"2ms TokenPredictorParameters { matches_to_start_detected: false, very_far_matches_detected: false, window_bits: 15, strategy: Default, nice_length: 128, add_policy: AddAll, max_token_count: 8191, zlib_compatible: true, max_dist_3_matches: 2737, matching_type: Lazy { good_length: 8, max_lazy: 16 }, m"
o_646,saveas/text/remote_work_home_office_guidelines(saveas),saveas,1412,6913,12268,ok,120,156,2,zlib:6:8:0 zlib:6:9:0,True,False,True,30,True,"2ms TokenPredictorParameters { matches_to_start_detected: false, very_far_matches_detected: false, window_bits: 14, strategy: Default, nice_length: 128, add_policy: AddAll, max_token_count: 8191, zlib_compatible: true, max_dist_3_matches: 4005, matching_type: Lazy { good_length: 8, max_lazy: 16 }, m"
o_647,saveas/text/remote_work_home_office_guidelines(saveas),saveas,1414,25892,81056,ok,120,156,2,,False,False,True,40,True,"11ms TokenPredictorParameters { matches_to_start_detected: false, very_far_matches_detected: false, window_bits: 15, strategy: Default, nice_length: 128, add_policy: AddAll, max_token_count: 8191, zlib_compatible: true, max_dist_3_matches: 4091, matching_type: Lazy { good_length: 8, max_lazy: 16 }, "
o_648,saveas/text/remote_work_home_office_guidelines(saveas),saveas,1416,16889,89132,ok,120,156,2,,False,False,True,46,True,"7ms TokenPredictorParameters { matches_to_start_detected: false, very_far_matches_detected: false, window_bits: 15, strategy: Default, nice_length: 128, add_policy: AddAll, max_token_count: 8191, zlib_compatible: true, max_dist_3_matches: 4056, matching_type: Lazy { good_length: 8, max_lazy: 16 }, m"
o_649,saveas/text/remote_work_home_office_guidelines(saveas),saveas,1418,11991,23220,ok,120,156,2,,False,False,True,39,True,"4ms TokenPredictorParameters { matches_to_start_detected: false, very_far_matches_detected: false, window_bits: 15, strategy: Default, nice_length: 128, add_policy: AddAll, max_token_count: 8191, zlib_compatible: true, max_dist_3_matches: 3998, matching_type: Lazy { good_length: 8, max_lazy: 16 }, m"
o_650,saveas/text/remote_work_home_office_guidelines(saveas),saveas,1419,292,449,ok,120,156,2,zlib:6:8:0 zlib:6:9:0,True,False,True,30,True,"1ms TokenPredictorParameters { matches_to_start_detected: false, very_far_matches_detected: false, window_bits: 10, strategy: Default, nice_length: 8, add_policy: AddFirst(10), max_token_count: 511, zlib_compatible: true, max_dist_3_matches: 256, matching_type: Greedy, max_chain: 2, min_len: 3, hash"
o_651,saveas/text/remote_work_home_office_guidelines(saveas),saveas,1420,3187,49732,ok,120,156,2,zlib:6:8:0,True,False,True,26,True,"3ms TokenPredictorParameters { matches_to_start_detected: false, very_far_matches_detected: false, window_bits: 15, strategy: Default, nice_length: 128, add_policy: AddAll, max_token_count: 4095, zlib_compatible: true, max_dist_3_matches: 3220, matching_type: Lazy { good_length: 8, max_lazy: 16 }, m"
o_652,saveas/text/remote_work_home_office_guidelines(saveas),saveas,1422,500,989,ok,120,156,2,zlib:6:8:0 zlib:6:9:0,True,False,True,42,True,"1ms TokenPredictorParameters { matches_to_start_detected: false, very_far_matches_detected: true, window_bits: 11, strategy: Default, nice_length: 8, add_policy: AddFirstAndLast(10), max_token_count: 511, zlib_compatible: false, max_dist_3_matches: 796, matching_type: Greedy, max_chain: 3, min_len: "
o_653,saveas/text/remote_work_home_office_guidelines(saveas),saveas,1423,12960,65832,ok,120,156,2,,False,False,True,39,True,"5ms TokenPredictorParameters { matches_to_start_detected: false, very_far_matches_detected: false, window_bits: 15, strategy: Default, nice_length: 128, add_policy: AddAll, max_token_count: 8191, zlib_compatible: true, max_dist_3_matches: 4092, matching_type: Lazy { good_length: 8, max_lazy: 16 }, m"
o_654,saveas/text/remote_work_home_office_guidelines(saveas),saveas,1426,1183,2970,ok,120,156,2,zlib:6:8:0 zlib:6:9:0,True,False,True,119,True,"2ms TokenPredictorParameters { matches_to_start_detected: false, very_far_matches_detected: true, window_bits: 12, strategy: Default, nice_length: 8, add_policy: AddFirst(29), max_token_count: 2047, zlib_compatible: false, max_dist_3_matches: 2777, matching_type: Greedy, max_chain: 3, min_len: 3, ha"
o_655,saveas/text/remote_work_home_office_guidelines(saveas),saveas,1427,101599,200564,ok,120,156,2,,False,False,True,183,True,"37ms TokenPredictorParameters { matches_to_start_detected: false, very_far_matches_detected: false, window_bits: 15, strategy: Default, nice_length: 128, add_policy: AddAll, max_token_count: 8191, zlib_compatible: false, max_dist_3_matches: 4096, matching_type: Lazy { good_length: 8, max_lazy: 16 },"
o_656,saveas/text/remote_work_home_office_guidelines(saveas),saveas,1430,328,616,ok,120,156,2,zlib:6:8:0 zlib:6:9:0,True,False,True,38,True,"1ms TokenPredictorParameters { matches_to_start_detected: false, very_far_matches_detected: false, window_bits: 10, strategy: Default, nice_length: 16, add_policy: AddFirst(13), max_token_count: 511, zlib_compatible: true, max_dist_3_matches: 423, matching_type: Greedy, max_chain: 5, min_len: 3, has"
o_657,saveas/text/remote_work_home_office_guidelines(saveas),saveas,1431,3694,11688,ok,120,156,2,zlib:6:8:0 zlib:6:9:0,True,False,True,38,True,"2ms TokenPredictorParameters { matches_to_start_detected: false, very_far_matches_detected: false, window_bits: 14, strategy: Default, nice_length: 128, add_policy: AddAll, max_token_count: 4095, zlib_compatible: true, max_dist_3_matches: 4058, matching_type: Lazy { good_length: 8, max_lazy: 16 }, m"
o_658,saveas/text/remote_work_home_office_guidelines(saveas),saveas,1434,479,1151,ok,120,156,2,zlib:6:8:0 zlib:6:9:0,True,False,True,47,True,"1ms TokenPredictorParameters { matches_to_start_detected: false, very_far_matches_detected: false, window_bits: 11, strategy: Default, nice_length: 32, add_policy: AddFirst(30), max_token_count: 511, zlib_compatible: true, max_dist_3_matches: 958, matching_type: Greedy, max_chain: 26, min_len: 3, ha"
o_659,saveas/text/remote_work_home_office_guidelines(saveas),saveas,1435,6229,16120,ok,120,156,2,,False,False,True,30,True,"2ms TokenPredictorParameters { matches_to_start_detected: false, very_far_matches_detected: false, window_bits: 14, strategy: Default, nice_length: 128, add_policy: AddAll, max_token_count: 8191, zlib_compatible: true, max_dist_3_matches: 4078, matching_type: Lazy { good_length: 8, max_lazy: 16 }, m"
o_660,saveas/text/remote_work_home_office_guidelines(saveas),saveas,1438,727,2201,ok,120,156,2,zlib:6:8:0 zlib:6:9:0,True,False,True,70,True,"1ms TokenPredictorParameters { matches_to_start_detected: false, very_far_matches_detected: false, window_bits: 12, strategy: Default, nice_length: 258, add_policy: AddFirst(34), max_token_count: 1023, zlib_compatible: true, max_dist_3_matches: 2008, matching_type: Greedy, max_chain: 49, min_len: 3,"
o_661,saveas/text/remote_work_home_office_guidelines(saveas),saveas,1439,28398,73836,ok,120,156,2,,False,False,True,48,True,"7ms TokenPredictorParameters { matches_to_start_detected: false, very_far_matches_detected: false, window_bits: 15, strategy: Default, nice_length: 128, add_policy: AddAll, max_token_count: 8191, zlib_compatible: true, max_dist_3_matches: 4077, matching_type: Lazy { good_length: 8, max_lazy: 16 }, m"
o_662,saveas/text/remote_work_home_office_guidelines(saveas),saveas,1443,8025,22044,ok,120,156,2,,False,False,True,42,True,"3ms TokenPredictorParameters { matches_to_start_detected: false, very_far_matches_detected: false, window_bits: 15, strategy: Default, nice_length: 128, add_policy: AddAll, max_token_count: 8191, zlib_compatible: true, max_dist_3_matches: 4079, matching_type: Lazy { good_length: 8, max_lazy: 16 }, m"
o_663,saveas/text/remote_work_home_office_guidelines(saveas),saveas,1445,7953,21152,ok,120,156,2,,False,False,True,50,True,"3ms TokenPredictorParameters { matches_to_start_detected: false, very_far_matches_detected: true, window_bits: 15, strategy: Default, nice_length: 128, add_policy: AddAll, max_token_count: 8191, zlib_compatible: false, max_dist_3_matches: 4016, matching_type: Lazy { good_length: 8, max_lazy: 16 }, m"
o_664,saveas/text/remote_work_home_office_guidelines(saveas),saveas,1447,4469,7564,ok,120,156,2,zlib:6:8:0 zlib:6:9:0,True,False,True,93,True,"2ms TokenPredictorParameters { matches_to_start_detected: false, very_far_matches_detected: false, window_bits: 13, strategy: Default, nice_length: 258, add_policy: AddFirst(206), max_token_count: 4095, zlib_compatible: true, max_dist_3_matches: 4092, matching_type: Greedy, max_chain: 128, min_len: "
o_665,saveas/text/remote_work_home_office_guidelines(saveas),saveas,1449,4396,7712,ok,120,156,2,zlib:6:9:0,True,False,True,39,True,"2ms TokenPredictorParameters { matches_to_start_detected: false, very_far_matches_detected: true, window_bits: 13, strategy: Default, nice_length: 128, add_policy: AddAll, max_token_count: 4095, zlib_compatible: false, max_dist_3_matches: 3929, matching_type: Lazy { good_length: 8, max_lazy: 16 }, m"
o_666,saveas/text/remote_work_home_office_guidelines(saveas),saveas,1451,8418,24928,ok,120,156,2,,False,False,True,43,True,"3ms TokenPredictorParameters { matches_to_start_detected: false, very_far_matches_detected: false, window_bits: 15, strategy: Default, nice_length: 128, add_policy: AddAll, max_token_count: 8191, zlib_compatible: true, max_dist_3_matches: 3900, matching_type: Lazy { good_length: 8, max_lazy: 16 }, m"
o_667,saveas/text/remote_work_home_office_guidelines(saveas),saveas,1452,341,682,ok,120,156,2,zlib:6:8:0 zlib:6:9:0,True,False,True,38,True,"1ms TokenPredictorParameters { matches_to_start_detected: false, very_far_matches_detected: false, window_bits: 10, strategy: Default, nice_length: 16, add_policy: AddFirstAndLast(10), max_token_count: 511, zlib_compatible: true, max_dist_3_matches: 489, matching_type: Greedy, max_chain: 6, min_len:"
o_668,saveas/text/remote_work_home_office_guidelines(saveas),saveas,1453,6197,12180,ok,120,156,2,zlib:6:8:0 zlib:6:9:0,True,False,True,30,True,"2ms TokenPredictorParameters { matches_to_start_detected: false, very_far_matches_detected: false, window_bits: 14, strategy: Default, nice_length: 128, add_policy: AddAll, max_token_count: 8191, zlib_compatible: true, max_dist_3_matches: 4084, matching_type: Lazy { good_length: 8, max_lazy: 16 }, m"
o_669,saveas/text/remote_work_home_office_guidelines(saveas),saveas,1456,370,790,ok,120,156,2,zlib:6:8:0 zlib:6:9:0,True,False,True,41,True,"1ms TokenPredictorParameters { matches_to_start_detected: false, very_far_matches_detected: false, window_bits: 10, strategy: Default, nice_length: 32, add_policy: AddFirst(17), max_token_count: 511, zlib_compatible: true, max_dist_3_matches: 597, matching_type: Greedy, max_chain: 11, min_len: 3, ha"
o_670,saveas/text/remote_work_home_office_guidelines(saveas),saveas,1457,3363,8220,ok,120,156,2,zlib:6:9:0,True,False,True,38,True,"2ms TokenPredictorParameters { matches_to_start_detected: false, very_far_matches_detected: true, window_bits: 13, strategy: Default, nice_length: 128, add_policy: AddAll, max_token_count: 4095, zlib_compatible: false, max_dist_3_matches: 3858, matching_type: Lazy { good_length: 8, max_lazy: 16 }, m"
o_671,saveas/text/remote_work_home_office_guidelines(saveas),saveas,1460,531,1438,ok,120,156,2,zlib:6:8:0 zlib:6:9:0,True,False,True,56,True,"1ms TokenPredictorParameters { matches_to_start_detected: false, very_far_matches_detected: false, window_bits: 11, strategy: Default, nice_length: 258, add_policy: AddFirst(30), max_token_count: 511, zlib_compatible: true, max_dist_3_matches: 1245, matching_type: Greedy, max_chain: 49, min_len: 3, "
o_672,saveas/text/remote_work_home_office_guidelines(saveas),saveas,1461,9125,21596,ok,120,156,2,zlib:6:8:0 zlib:6:9:0,True,False,True,137,True,"2ms TokenPredictorParameters { matches_to_start_detected: false, very_far_matches_detected: false, window_bits: 15, strategy: Default, nice_length: 258, add_policy: AddFirst(223), max_token_count: 8191, zlib_compatible: true, max_dist_3_matches: 3930, matching_type: Greedy, max_chain: 126, min_len: "
o_673,saveas/text/remote_work_home_office_guidelines(saveas),saveas,1464,697,1946,ok,120,156,2,zlib:6:8:0 zlib:6:9:0,True,False,True,64,True,"1ms TokenPredictorParameters { matches_to_start_detected: false, very_far_matches_detected: true, window_bits: 12, strategy: Default, nice_length: 258, add_policy: AddFirst(30), max_token_count: 1023, zlib_compatible: false, max_dist_3_matches: 1753, matching_type: Greedy, max_chain: 51, min_len: 3,"
o_674,saveas/text/remote_work_home_office_guidelines(saveas),saveas,1465,25632,56492,ok,120,156,2,,False,False,True,67,True,"6ms TokenPredictorParameters { matches_to_start_detected: false, very_far_matches_detected: false, window_bits: 15, strategy: Default, nice_length: 128, add_policy: AddAll, max_token_count: 8191, zlib_compatible: true, max_dist_3_matches: 4087, matching_type: Lazy { good_length: 8, max_lazy: 16 }, m"
o_675,saveas/text/remote_work_home_office_guidelines(saveas),saveas,1470,2900,10290,ok,120,156,2,zlib:6:8:0 zlib:6:9:0,True,False,True,269,True,"2ms TokenPredictorParameters { matches_to_start_detected: false, very_far_matches_detected: true, window_bits: 14, strategy: Default, nice_length: 258, add_policy: AddFirst(8), max_token_count: 4095, zlib_compatible: false, max_dist_3_matches: 3255, matching_type: Greedy, max_chain: 70, min_len: 3, "
