file,mode,stream_start,comp_len,block_index,block_type,blocks,out_after,decoded_ok,true_start_ends_at_trailer,reliable,reliable_correct,recall,recall_first4k,false_starts_2048,false_starts_converged,false_starts_ending_at_trailer,false_start_reliable_wrong_bytes
original/print/text/AI_Development_MultiLanguage(print).pdf,print,11068,96384,1,2,5,164525,True,True,160775,160775,0.9772,0.6743,110,0,0,7216
original/print/text/AI_Development_MultiLanguage(print).pdf,print,11068,96384,2,2,5,113685,True,True,107761,107761,0.9479,0.9341,0,0,0,0
original/print/text/AI_Development_MultiLanguage(print).pdf,print,11068,96384,3,2,5,74474,True,True,45541,45541,0.6115,0.4272,84,0,0,45911
original/print/text/AI_Development_MultiLanguage(print).pdf,print,11068,96384,4,2,5,24100,True,True,19423,19423,0.8059,0.541,0,0,0,0
original/print/text/AI_Development_MultiLanguage(print).pdf,print,108085,29660,1,2,2,17749,True,True,11283,11283,0.6357,0.4307,38,0,0,2572
original/print/text/AI_Development_MultiLanguage(print).pdf,print,170514,76894,1,2,3,130997,True,False,43048,43048,0.3286,0.1121,113,0,0,21975
original/print/text/AI_Development_MultiLanguage(print).pdf,print,170514,76894,2,2,3,55672,True,True,12699,12699,0.2281,0.0967,118,0,0,3564
original/print/text/AI_Development_MultiLanguage(print).pdf,print,247483,76644,1,2,3,130776,True,True,43577,43577,0.3332,0.0762,46,0,0,6915
original/print/text/AI_Development_MultiLanguage(print).pdf,print,247483,76644,2,2,3,54923,True,True,13328,13328,0.2427,0.1033,9,0,0,828
original/print/text/AI_Development_MultiLanguage(print).pdf,print,324202,76851,1,2,3,131832,True,False,44693,44693,0.339,0.0901,3,0,0,9
original/print/text/AI_Development_MultiLanguage(print).pdf,print,324202,76851,2,2,3,55817,True,False,12481,12481,0.2236,0.1033,31,0,0,907
original/print/text/AI_Development_MultiLanguage(print).pdf,print,401128,76358,1,2,3,131355,True,False,41523,41523,0.3161,0.0911,42,0,0,1466
original/print/text/AI_Development_MultiLanguage(print).pdf,print,401128,76358,2,2,3,54865,True,False,10528,10528,0.1919,0.0879,73,0,0,3614
original/print/text/AI_Development_MultiLanguage(print).pdf,print,477642,48373,1,2,3,71987,True,False,56717,56717,0.7879,0.4644,156,0,0,23510
original/print/text/AI_Development_MultiLanguage(print).pdf,print,477642,48373,2,2,3,28417,True,False,27701,27701,0.9748,0.9514,6,0,0,264
original/print/text/AI_Development_MultiLanguage(print).pdf,print,526569,48026,1,2,2,55948,True,True,12778,12778,0.2284,0.0911,3,0,0,8
original/print/text/AI_Development_MultiLanguage(print).pdf,print,575025,29804,1,2,2,20288,True,False,9270,9270,0.4569,0.3181,10,0,0,42
original/print/text/AI_Development_MultiLanguage(print).pdf,print,605463,26270,1,2,2,12009,True,False,6233,6233,0.519,0.49,69,0,0,3878
original/print/text/AI_Development_MultiLanguage(print).pdf,print,632368,57093,1,2,3,81782,True,True,66831,66831,0.8172,0.3613,106,0,0,15102
original/print/text/AI_Development_MultiLanguage(print).pdf,print,632368,57093,2,2,3,34974,True,False,27840,27840,0.796,0.6248,3,0,0,5
original/print/text/AI_Development_MultiLanguage(print).pdf,print,721781,52254,1,2,3,80455,True,True,68033,68033,0.8456,0.8633,27,0,0,965
original/print/text/AI_Development_MultiLanguage(print).pdf,print,721781,52254,2,2,3,22526,True,True,15785,15785,0.7007,0.5605,64,0,0,3735
original/print/text/AI_Development_MultiLanguage(print).pdf,print,798695,26993,1,2,2,7536,True,False,2862,2862,0.3798,0.3193,91,0,0,3101
original/print/text/AI_Development_MultiLanguage(print).pdf,print,829885,25765,1,2,2,13228,True,True,8746,8746,0.6612,0.5684,2,0,0,122
original/print/text/AI_Development_MultiLanguage(print).pdf,print,856298,30960,1,2,2,32678,True,False,25852,25852,0.7911,0.7417,32,0,0,1292
original/print/text/AI_Development_MultiLanguage(print).pdf,print,887907,41972,1,2,2,41972,True,True,37294,37294,0.8885,0.8538,34,0,0,957
original/print/text/AeroChef_Drone_Delivery_Cooking_Service(print).pdf,print,40109,67214,1,2,4,132168,True,True,114192,114192,0.864,0.0059,69,0,0,45331
original/print/text/AeroChef_Drone_Delivery_Cooking_Service(print).pdf,print,40109,67214,2,2,4,83308,True,True,61116,61116,0.7336,0.6509,29,0,0,1165
original/print/text/AeroChef_Drone_Delivery_Cooking_Service(print).pdf,print,40109,67214,3,2,4,5754,True,True,3841,3841,0.6675,0.6577,15,0,0,2291
original/print/text/AeroChef_Drone_Delivery_Cooking_Service(print).pdf,print,118334,111328,1,2,6,199014,True,True,194789,194789,0.9788,0.5767,72,0,0,1447
original/print/text/AeroChef_Drone_Delivery_Cooking_Service(print).pdf,print,118334,111328,2,2,6,158499,True,False,146941,146941,0.9271,0.2866,42,0,0,11218
original/print/text/AeroChef_Drone_Delivery_Cooking_Service(print).pdf,print,118334,111328,3,2,6,111514,True,False,75724,75724,0.6791,0.1313,241,0,0,135142
original/print/text/AeroChef_Drone_Delivery_Cooking_Service(print).pdf,print,118334,111328,4,2,6,60024,True,False,49479,49479,0.8243,0.5979,22,0,0,2395
original/print/text/AeroChef_Drone_Delivery_Cooking_Service(print).pdf,print,118334,111328,5,2,6,21792,True,False,16196,16196,0.7432,0.8257,22,0,0,355
original/print/text/AeroChef_Drone_Delivery_Cooking_Service(print).pdf,print,240589,78512,1,2,5,104811,True,True,87114,87114,0.8312,0.6367,72,0,0,2032
original/print/text/AeroChef_Drone_Delivery_Cooking_Service(print).pdf,print,240589,78512,2,2,5,80175,True,True,67655,67655,0.8438,0.5942,51,0,0,4641
original/print/text/AeroChef_Drone_Delivery_Cooking_Service(print).pdf,print,240589,78512,3,2,5,55497,True,True,50350,50350,0.9073,0.5913,61,0,0,2697
original/print/text/AeroChef_Drone_Delivery_Cooking_Service(print).pdf,print,240589,78512,4,2,5,1296,True,False,342,342,0.2639,0.2639,45,0,0,531
original/print/text/AeroChef_Drone_Delivery_Cooking_Service(print).pdf,print,319734,26043,1,2,2,16216,True,False,8715,8715,0.5374,0.144,44,0,0,4261
original/print/text/AeroChef_Drone_Delivery_Cooking_Service(print).pdf,print,346412,96384,1,2,5,164525,True,True,160775,160775,0.9772,0.6743,110,0,0,7216
original/print/text/AeroChef_Drone_Delivery_Cooking_Service(print).pdf,print,346412,96384,2,2,5,113685,True,True,107761,107761,0.9479,0.9341,0,0,0,0
original/print/text/AeroChef_Drone_Delivery_Cooking_Service(print).pdf,print,346412,96384,3,2,5,74474,True,True,45541,45541,0.6115,0.4272,84,0,0,45911
original/print/text/AeroChef_Drone_Delivery_Cooking_Service(print).pdf,print,346412,96384,4,2,5,24100,True,True,19423,19423,0.8059,0.541,0,0,0,0
original/print/text/AeroChef_Drone_Delivery_Cooking_Service(print).pdf,print,480703,41502,1,2,2,43022,True,True,31189,31189,0.725,0.2725,30,0,0,1097
original/print/text/AeroChef_Drone_Delivery_Cooking_Service(print).pdf,print,529287,40784,1,2,2,37701,True,True,23067,23067,0.6118,0.4651,58,0,0,1443
original/print/text/AeroChef_Drone_Delivery_Cooking_Service(print).pdf,print,570720,52468,1,2,3,80705,True,True,68421,68421,0.8478,0.8564,34,0,0,711
original/print/text/AeroChef_Drone_Delivery_Cooking_Service(print).pdf,print,570720,52468,2,2,3,22899,True,False,16143,16143,0.705,0.5605,0,0,0,0
original/print/text/AeroChef_Drone_Delivery_Cooking_Service(print).pdf,print,645800,487951,1,2,22,846713,True,True,842725,842725,0.9953,0.5588,76,0,0,1377
original/print/text/AeroChef_Drone_Delivery_Cooking_Service(print).pdf,print,645800,487951,2,2,22,802713,True,True,745158,745158,0.9283,0.2842,4,0,0,11
original/print/text/AeroChef_Drone_Delivery_Cooking_Service(print).pdf,print,645800,487951,3,2,22,755669,True,False,716408,716408,0.948,0.5339,48,0,0,8907
original/print/text/AeroChef_Drone_Delivery_Cooking_Service(print).pdf,print,645800,487951,4,2,22,710518,True,True,664759,664759,0.9356,0.2771,142,0,0,36373
original/print/text/AeroChef_Drone_Delivery_Cooking_Service(print).pdf,print,645800,487951,5,2,22,662065,True,True,628806,628806,0.9498,0.3123,32,0,0,4100
original/print/text/AeroChef_Drone_Delivery_Cooking_Service(print).pdf,print,645800,487951,6,2,22,621655,True,False,600774,600774,0.9664,0.6587,106,0,0,12983
original/print/text/AeroChef_Drone_Delivery_Cooking_Service(print).pdf,print,645800,487951,7,2,22,575438,True,True,553113,553113,0.9612,0.2698,3,0,0,11
original/print/text/AeroChef_Drone_Delivery_Cooking_Service(print).pdf,print,645800,487951,8,2,22,541810,True,True,508471,508471,0.9385,0.3372,35,0,0,780
original/print/text/AeroChef_Drone_Delivery_Cooking_Service(print).pdf,print,645800,487951,9,2,22,502648,True,True,466455,466455,0.928,0.2017,133,0,0,6911
original/print/text/AeroChef_Drone_Delivery_Cooking_Service(print).pdf,print,645800,487951,10,2,22,450204,True,True,412704,412704,0.9167,0.2771,49,0,0,2094
original/print/text/AeroChef_Drone_Delivery_Cooking_Service(print).pdf,print,645800,487951,11,2,22,413418,True,True,371702,371702,0.8991,0.3118,91,0,0,8873
original/print/text/AeroChef_Drone_Delivery_Cooking_Service(print).pdf,print,645800,487951,12,2,22,372665,True,True,336414,336414,0.9027,0.2617,38,0,0,1936
original/print/text/AeroChef_Drone_Delivery_Cooking_Service(print).pdf,print,645800,487951,13,2,22,320089,True,False,298949,298949,0.934,0.5098,12,0,0,591
original/print/text/AeroChef_Drone_Delivery_Cooking_Service(print).pdf,print,645800,487951,14,2,22,278924,True,True,257797,257797,0.9243,0.2903,5,0,0,21
original/print/text/AeroChef_Drone_Delivery_Cooking_Service(print).pdf,print,645800,487951,15,2,22,244721,True,True,205275,205275,0.8388,0.2844,2,0,0,18
original/print/text/AeroChef_Drone_Delivery_Cooking_Service(print).pdf,print,645800,487951,16,2,22,206860,True,True,169492,169492,0.8194,0.2471,37,0,0,1066
original/print/text/AeroChef_Drone_Delivery_Cooking_Service(print).pdf,print,645800,487951,17,2,22,165978,True,True,139976,139976,0.8433,0.3821,212,0,0,120463
original/print/text/AeroChef_Drone_Delivery_Cooking_Service(print).pdf,print,645800,487951,18,2,22,127555,True,True,117210,117210,0.9189,0.333,104,0,0,25144
original/print/text/AeroChef_Drone_Delivery_Cooking_Service(print).pdf,print,645800,487951,19,2,22,90257,True,True,78996,78996,0.8752,0.4272,26,0,0,621
original/print/text/AeroChef_Drone_Delivery_Cooking_Service(print).pdf,print,645800,487951,20,2,22,58729,True,True,50341,50341,0.8572,0.2986,130,0,0,30208
original/print/text/AeroChef_Drone_Delivery_Cooking_Service(print).pdf,print,645800,487951,21,2,22,22691,True,True,17380,17380,0.7659,0.3938,9,0,0,173
original/print/text/AeroChef_Drone_Delivery_Cooking_Service(print).pdf,print,1134398,27646,1,2,2,8902,True,True,3415,3415,0.3836,0.3279,91,0,0,5410
original/print/text/AeroChef_Drone_Delivery_Cooking_Service(print).pdf,print,1166718,21285,1,2,2,3151,True,True,1105,1105,0.3507,0.3507,27,0,0,279
original/print/text/AeroChef_Drone_Delivery_Cooking_Service(print).pdf,print,1188651,36034,1,2,2,35420,True,True,22859,22859,0.6454,0.1152,7,0,0,435
original/print/text/AeroChef_Drone_Delivery_Cooking_Service(print).pdf,print,1225333,33595,1,2,2,37493,True,False,31845,31845,0.8494,0.8501,6,0,0,322
original/print/text/Aurora_VR_AR_Game_Lineup_Multilingual(print).pdf,print,144,29922,1,2,2,18048,True,False,11802,11802,0.6539,0.5085,26,0,0,472
original/print/text/Aurora_VR_AR_Game_Lineup_Multilingual(print).pdf,print,30613,58843,1,2,3,98444,True,True,22817,22817,0.2318,0.0957,13,0,0,79
original/print/text/Aurora_VR_AR_Game_Lineup_Multilingual(print).pdf,print,30613,58843,2,2,3,5528,True,True,624,624,0.1129,0.114,59,0,0,2043
original/print/text/Aurora_VR_AR_Game_Lineup_Multilingual(print).pdf,print,89612,96384,1,2,5,164525,True,True,160775,160775,0.9772,0.6743,110,0,0,7216
original/print/text/Aurora_VR_AR_Game_Lineup_Multilingual(print).pdf,print,89612,96384,2,2,5,113685,True,True,107761,107761,0.9479,0.9341,0,0,0,0
original/print/text/Aurora_VR_AR_Game_Lineup_Multilingual(print).pdf,print,89612,96384,3,2,5,74474,True,True,45541,45541,0.6115,0.4272,84,0,0,45911
original/print/text/Aurora_VR_AR_Game_Lineup_Multilingual(print).pdf,print,89612,96384,4,2,5,24100,True,True,19423,19423,0.8059,0.541,0,0,0,0
original/print/text/Aurora_VR_AR_Game_Lineup_Multilingual(print).pdf,print,190962,76694,1,2,3,131911,True,True,42505,42505,0.3222,0.1111,36,0,0,1021
original/print/text/Aurora_VR_AR_Game_Lineup_Multilingual(print).pdf,print,190962,76694,2,2,3,55762,True,False,12701,12701,0.2278,0.1047,113,0,0,8023
original/print/text/Aurora_VR_AR_Game_Lineup_Multilingual(print).pdf,print,267731,76439,1,2,3,131147,True,False,44028,44028,0.3357,0.1067,59,0,0,2275
original/print/text/Aurora_VR_AR_Game_Lineup_Multilingual(print).pdf,print,267731,76439,2,2,3,55492,True,False,12742,12742,0.2296,0.1104,20,0,0,2379
original/print/text/Aurora_VR_AR_Game_Lineup_Multilingual(print).pdf,print,344245,76947,1,2,3,131861,True,False,45656,45656,0.3462,0.1106,56,0,0,2151
original/print/text/Aurora_VR_AR_Game_Lineup_Multilingual(print).pdf,print,344245,76947,2,2,3,58328,True,True,14013,14013,0.2402,0.1096,72,0,0,18967
original/print/text/Aurora_VR_AR_Game_Lineup_Multilingual(print).pdf,print,421267,76941,1,2,3,132828,True,False,45551,45551,0.3429,0.1108,132,0,0,7412
original/print/text/Aurora_VR_AR_Game_Lineup_Multilingual(print).pdf,print,421267,76941,2,2,3,56734,True,False,13458,13458,0.2372,0.1023,13,0,0,79
original/print/text/Aurora_VR_AR_Game_Lineup_Multilingual(print).pdf,print,498283,76637,1,2,3,131762,True,True,47185,47185,0.3581,0.0935,47,0,0,980
original/print/text/Aurora_VR_AR_Game_Lineup_Multilingual(print).pdf,print,498283,76637,2,2,3,55964,True,True,12329,12329,0.2203,0.1016,67,0,0,7650
original/print/text/Aurora_VR_AR_Game_Lineup_Multilingual(print).pdf,print,574995,77433,1,2,3,131952,True,True,43941,43941,0.333,0.0859,39,0,0,1714
original/print/text/Aurora_VR_AR_Game_Lineup_Multilingual(print).pdf,print,574995,77433,2,2,3,58339,True,False,14303,14303,0.2452,0.0984,36,0,0,2909
original/print/text/Aurora_VR_AR_Game_Lineup_Multilingual(print).pdf,print,652503,76637,1,2,3,131264,True,False,45750,45750,0.3485,0.0916,27,0,0,4375
original/print/text/Aurora_VR_AR_Game_Lineup_Multilingual(print).pdf,print,652503,76637,2,2,3,56316,True,True,13194,13194,0.2343,0.1104,124,0,0,8946
original/print/text/Aurora_VR_AR_Game_Lineup_Multilingual(print).pdf,print,729215,76832,1,2,3,130423,True,False,45686,45686,0.3503,0.0969,106,0,0,9918
original/print/text/Aurora_VR_AR_Game_Lineup_Multilingual(print).pdf,print,729215,76832,2,2,3,55131,True,False,13128,13128,0.2381,0.1011,130,0,0,12329
original/print/text/Aurora_VR_AR_Game_Lineup_Multilingual(print).pdf,print,806122,77027,1,2,3,131001,True,True,45452,45452,0.347,0.1162,11,0,0,151
original/print/text/Aurora_VR_AR_Game_Lineup_Multilingual(print).pdf,print,806122,77027,2,2,3,56269,True,False,13103,13103,0.2329,0.0908,76,0,0,8097
original/print/text/Aurora_VR_AR_Game_Lineup_Multilingual(print).pdf,print,883224,76432,1,2,3,129842,True,False,43252,43252,0.3331,0.1062,23,0,0,283
original/print/text/Aurora_VR_AR_Game_Lineup_Multilingual(print).pdf,print,883224,76432,2,2,3,54713,True,False,12312,12312,0.225,0.0984,121,0,0,14471
original/print/text/Aurora_VR_AR_Game_Lineup_Multilingual(print).pdf,print,959731,76559,1,2,3,130690,True,False,44531,44531,0.3407,0.114,54,0,0,1708
original/print/text/Aurora_VR_AR_Game_Lineup_Multilingual(print).pdf,print,959731,76559,2,2,3,55590,True,False,12994,12994,0.2337,0.0923,57,0,0,31074
original/print/text/Aurora_VR_AR_Game_Lineup_Multilingual(print).pdf,print,1036365,77268,1,2,3,132055,True,False,45936,45936,0.3479,0.0881,53,0,0,2487
original/print/text/Aurora_VR_AR_Game_Lineup_Multilingual(print).pdf,print,1036365,77268,2,2,3,57406,True,False,13067,13067,0.2276,0.0913,4,0,0,16
original/print/text/Aurora_VR_AR_Game_Lineup_Multilingual(print).pdf,print,1113708,76548,1,2,3,130198,True,True,43641,43641,0.3352,0.0918,129,0,0,21304
original/print/text/Aurora_VR_AR_Game_Lineup_Multilingual(print).pdf,print,1113708,76548,2,2,3,55605,True,False,12610,12610,0.2268,0.1091,26,0,0,886
original/print/text/Aurora_VR_AR_Game_Lineup_Multilingual(print).pdf,print,1190331,76868,1,2,3,130751,True,True,45459,45459,0.3477,0.1052,74,0,0,15718
original/print/text/Aurora_VR_AR_Game_Lineup_Multilingual(print).pdf,print,1190331,76868,2,2,3,56357,True,False,14064,14064,0.2496,0.1292,144,0,0,38366
original/print/text/Aurora_VR_AR_Game_Lineup_Multilingual(print).pdf,print,1279801,47293,1,2,2,53409,True,True,12706,12706,0.2379,0.1096,70,0,0,6983
original/print/text/Aurora_VR_AR_Game_Lineup_Multilingual(print).pdf,print,1327583,38809,1,2,2,33756,True,True,22012,22012,0.6521,0.3743,139,0,0,21927
original/print/text/Aurora_VR_AR_Game_Lineup_Multilingual(print).pdf,print,1367026,37674,1,2,2,35139,True,False,27859,27859,0.7928,0.8389,84,0,0,22407
original/print/text/Aurora_VR_AR_Game_Lineup_Multilingual(print).pdf,print,1412180,43479,1,2,3,42324,True,False,28196,28196,0.6662,0.4751,126,0,0,2650
original/print/text/Aurora_VR_AR_Game_Lineup_Multilingual(print).pdf,print,1412180,43479,2,2,3,3212,True,False,1038,1038,0.3232,0.3232,1,0,0,1
original/print/text/Aurora_VR_AR_Game_Lineup_Multilingual(print).pdf,print,1469427,27226,1,2,2,8131,True,False,3091,3091,0.3802,0.3274,42,0,0,1186
original/print/text/Aurora_VR_AR_Game_Lineup_Multilingual(print).pdf,print,1497288,486313,1,2,22,844365,True,False,839205,839205,0.9939,0.3435,68,0,0,4327
original/print/text/Aurora_VR_AR_Game_Lineup_Multilingual(print).pdf,print,1497288,486313,2,2,22,799166,True,False,740907,740907,0.9271,0.2217,106,0,0,10863
original/print/text/Aurora_VR_AR_Game_Lineup_Multilingual(print).pdf,print,1497288,486313,3,2,22,753101,True,False,702616,702616,0.933,0.354,31,0,0,848
original/print/text/Aurora_VR_AR_Game_Lineup_Multilingual(print).pdf,print,1497288,486313,4,2,22,707234,True,False,663454,663454,0.9381,0.3342,10,0,0,439
original/print/text/Aurora_VR_AR_Game_Lineup_Multilingual(print).pdf,print,1497288,486313,5,2,22,658910,True,True,626372,626372,0.9506,0.2856,191,0,0,181113
original/print/text/Aurora_VR_AR_Game_Lineup_Multilingual(print).pdf,print,1497288,486313,6,2,22,618963,True,False,587101,587101,0.9485,0.302,24,0,0,311
original/print/text/Aurora_VR_AR_Game_Lineup_Multilingual(print).pdf,print,1497288,486313,7,2,22,572351,True,False,551577,551577,0.9637,0.2576,23,0,0,907
original/print/text/Aurora_VR_AR_Game_Lineup_Multilingual(print).pdf,print,1497288,486313,8,2,22,538991,True,False,502573,502573,0.9324,0.2988,3,0,0,64
original/print/text/Aurora_VR_AR_Game_Lineup_Multilingual(print).pdf,print,1497288,486313,9,2,22,499036,True,False,465394,465394,0.9326,0.394,6,0,0,74
original/print/text/Aurora_VR_AR_Game_Lineup_Multilingual(print).pdf,print,1497288,486313,10,2,22,446332,True,False,411015,411015,0.9209,0.4395,82,0,0,2252
original/print/text/Aurora_VR_AR_Game_Lineup_Multilingual(print).pdf,print,1497288,486313,11,2,22,410592,True,False,369457,369457,0.8998,0.2695,12,0,0,1539
original/print/text/Aurora_VR_AR_Game_Lineup_Multilingual(print).pdf,print,1497288,486313,12,2,22,368935,True,False,332352,332352,0.9008,0.2085,1,0,0,22
original/print/text/Aurora_VR_AR_Game_Lineup_Multilingual(print).pdf,print,1497288,486313,13,2,22,317884,True,False,293945,293945,0.9247,0.4053,66,0,0,3407
original/print/text/Aurora_VR_AR_Game_Lineup_Multilingual(print).pdf,print,1497288,486313,14,2,22,275254,True,False,256035,256035,0.9302,0.3247,5,0,0,865
original/print/text/Aurora_VR_AR_Game_Lineup_Multilingual(print).pdf,print,1497288,486313,15,2,22,241697,True,False,203271,203271,0.841,0.323,0,0,0,0
original/print/text/Aurora_VR_AR_Game_Lineup_Multilingual(print).pdf,print,1497288,486313,16,2,22,203651,True,False,167868,167868,0.8243,0.2451,73,0,0,8692
original/print/text/Aurora_VR_AR_Game_Lineup_Multilingual(print).pdf,print,1497288,486313,17,2,22,163265,True,True,135293,135293,0.8287,0.3149,57,0,0,17977
original/print/text/Aurora_VR_AR_Game_Lineup_Multilingual(print).pdf,print,1497288,486313,18,2,22,124977,True,True,115915,115915,0.9275,0.3711,16,0,0,1149
original/print/text/Aurora_VR_AR_Game_Lineup_Multilingual(print).pdf,print,1497288,486313,19,2,22,87806,True,False,77317,77317,0.8805,0.551,20,0,0,354
original/print/text/Aurora_VR_AR_Game_Lineup_Multilingual(print).pdf,print,1497288,486313,20,2,22,55268,True,False,49129,49129,0.8889,0.5371,174,0,0,101285
original/print/text/Aurora_VR_AR_Game_Lineup_Multilingual(print).pdf,print,1497288,486313,21,2,22,20301,True,False,16075,16075,0.7918,0.5105,51,0,0,971
original/print/text/Aurora_VR_AR_Game_Lineup_Multilingual(print).pdf,print,1989881,25675,1,2,2,11794,True,True,7971,7971,0.6759,0.5769,139,0,0,2830
original/print/text/Aurora_VR_AR_Game_Lineup_Multilingual(print).pdf,print,2016204,32535,1,2,2,24340,True,True,17257,17257,0.709,0.7649,3,0,0,8
original/print/text/Autonomous_Vehicle_Accident_Report(print).pdf,print,144,26646,1,2,2,11863,True,True,7195,7195,0.6065,0.5784,4,0,0,26
original/print/text/Autonomous_Vehicle_Accident_Report(print).pdf,print,27418,96384,1,2,5,164525,True,True,160775,160775,0.9772,0.6743,110,0,0,7216
original/print/text/Autonomous_Vehicle_Accident_Report(print).pdf,print,27418,96384,2,2,5,113685,True,True,107761,107761,0.9479,0.9341,0,0,0,0
original/print/text/Autonomous_Vehicle_Accident_Report(print).pdf,print,27418,96384,3,2,5,74474,True,True,45541,45541,0.6115,0.4272,84,0,0,45911
original/print/text/Autonomous_Vehicle_Accident_Report(print).pdf,print,27418,96384,4,2,5,24100,True,True,19423,19423,0.8059,0.541,0,0,0,0
original/print/text/Autonomous_Vehicle_Accident_Report(print).pdf,print,142481,60498,1,2,3,107231,True,True,25310,25310,0.236,0.104,40,0,0,1667
original/print/text/Autonomous_Vehicle_Accident_Report(print).pdf,print,142481,60498,2,2,3,12118,True,False,1829,1829,0.1509,0.115,76,0,0,3607
original/print/text/Autonomous_Vehicle_Accident_Report(print).pdf,print,206849,33156,1,2,2,43303,True,True,42220,42220,0.975,0.876,41,0,0,2986
original/print/text/Autonomous_Vehicle_Accident_Report(print).pdf,print,240639,26260,1,2,2,26793,True,True,22950,22950,0.8566,0.6272,8,0,0,73
original/print/text/Autonomous_Vehicle_Accident_Report(print).pdf,print,267532,38332,1,2,2,43752,True,True,28193,28193,0.6444,0.416,22,0,0,415
original/print/text/Autonomous_Vehicle_Accident_Report(print).pdf,print,326237,55833,1,2,3,78108,True,True,71574,71574,0.9163,0.4314,40,0,0,1295
original/print/text/Autonomous_Vehicle_Accident_Report(print).pdf,print,326237,55833,2,2,3,32824,True,True,25071,25071,0.7638,0.4072,91,0,0,6759
original/print/text/Autonomous_Vehicle_Accident_Report(print).pdf,print,399473,111328,1,2,6,199014,True,True,194789,194789,0.9788,0.5767,72,0,0,1447
original/print/text/Autonomous_Vehicle_Accident_Report(print).pdf,print,399473,111328,2,2,6,158499,True,False,146941,146941,0.9271,0.2866,42,0,0,11218
original/print/text/Autonomous_Vehicle_Accident_Report(print).pdf,print,399473,111328,3,2,6,111514,True,False,75724,75724,0.6791,0.1313,241,0,0,135142
original/print/text/Autonomous_Vehicle_Accident_Report(print).pdf,print,399473,111328,4,2,6,60024,True,False,49479,49479,0.8243,0.5979,22,0,0,2395
original/print/text/Autonomous_Vehicle_Accident_Report(print).pdf,print,399473,111328,5,2,6,21792,True,False,16196,16196,0.7432,0.8257,22,0,0,355
original/print/text/Autonomous_Vehicle_Accident_Report(print).pdf,print,516623,50466,1,2,3,77505,True,True,64340,64340,0.8301,0.7515,5,0,0,10
original/print/text/Autonomous_Vehicle_Accident_Report(print).pdf,print,516623,50466,2,2,3,19449,True,True,12428,12428,0.639,0.3547,1,0,0,4
original/print/text/Autonomous_Vehicle_Accident_Report(print).pdf,print,567732,45874,1,2,3,48833,True,False,33309,33309,0.6821,0.3101,57,0,0,1188
original/print/text/Autonomous_Vehicle_Accident_Report(print).pdf,print,567732,45874,2,2,3,8519,True,True,5456,5456,0.6405,0.5417,14,0,0,385
original/print/text/Autonomous_Vehicle_Accident_Report(print).pdf,print,648681,491977,1,2,22,853740,True,False,849790,849790,0.9954,0.9597,79,0,0,3759
original/print/text/Autonomous_Vehicle_Accident_Report(print).pdf,print,648681,491977,2,2,22,810502,True,True,767340,767340,0.9467,0.4768,181,0,0,33406
original/print/text/Autonomous_Vehicle_Accident_Report(print).pdf,print,648681,491977,3,2,22,763430,True,True,719124,719124,0.942,0.2332,151,0,0,15762
original/print/text/Autonomous_Vehicle_Accident_Report(print).pdf,print,648681,491977,4,2,22,719352,True,False,669917,669917,0.9313,0.1899,26,0,0,447
original/print/text/Autonomous_Vehicle_Accident_Report(print).pdf,print,648681,491977,5,2,22,671302,True,True,635397,635397,0.9465,0.2625,57,0,0,5667
original/print/text/Autonomous_Vehicle_Accident_Report(print).pdf,print,648681,491977,6,2,22,628845,True,False,603647,603647,0.9599,0.3479,153,0,0,14992
original/print/text/Autonomous_Vehicle_Accident_Report(print).pdf,print,648681,491977,7,2,22,585316,True,True,557753,557753,0.9529,0.2153,94,0,0,22959
original/print/text/Autonomous_Vehicle_Accident_Report(print).pdf,print,648681,491977,8,2,22,547850,True,True,528062,528062,0.9639,0.4766,46,0,0,5398
original/print/text/Autonomous_Vehicle_Accident_Report(print).pdf,print,648681,491977,9,2,22,510298,True,True,470848,470848,0.9227,0.261,34,0,0,2947
original/print/text/Autonomous_Vehicle_Accident_Report(print).pdf,print,648681,491977,10,2,22,463238,True,True,419143,419143,0.9048,0.2656,2,0,0,7
original/print/text/Autonomous_Vehicle_Accident_Report(print).pdf,print,648681,491977,11,2,22,420042,True,True,379347,379347,0.9031,0.3723,29,0,0,1725
original/print/text/Autonomous_Vehicle_Accident_Report(print).pdf,print,648681,491977,12,2,22,380476,True,True,353288,353288,0.9285,0.3401,37,0,0,524
original/print/text/Autonomous_Vehicle_Accident_Report(print).pdf,print,648681,491977,13,2,22,328122,True,True,303405,303405,0.9247,0.2334,29,0,0,520
original/print/text/Autonomous_Vehicle_Accident_Report(print).pdf,print,648681,491977,14,2,22,288191,True,True,263980,263980,0.916,0.2109,34,0,0,1238
original/print/text/Autonomous_Vehicle_Accident_Report(print).pdf,print,648681,491977,15,2,22,251068,True,False,211648,211648,0.843,0.4065,27,0,0,358
original/print/text/Autonomous_Vehicle_Accident_Report(print).pdf,print,648681,491977,16,2,22,214041,True,True,180081,180081,0.8413,0.3081,40,0,0,466
original/print/text/Autonomous_Vehicle_Accident_Report(print).pdf,print,648681,491977,17,2,22,172220,True,True,146698,146698,0.8518,0.356,95,0,0,8165
original/print/text/Autonomous_Vehicle_Accident_Report(print).pdf,print,648681,491977,18,2,22,135170,True,True,120054,120054,0.8882,0.2568,137,0,0,6332
original/print/text/Autonomous_Vehicle_Accident_Report(print).pdf,print,648681,491977,19,2,22,98563,True,False,84894,84894,0.8613,0.4297,78,0,0,9704
original/print/text/Autonomous_Vehicle_Accident_Report(print).pdf,print,648681,491977,20,2,22,64312,True,True,56824,56824,0.8836,0.4893,65,0,0,2019
original/print/text/Autonomous_Vehicle_Accident_Report(print).pdf,print,648681,491977,21,2,22,28554,True,True,20824,20824,0.7293,0.4521,26,0,0,11169
original/print/text/Autonomous_Vehicle_Accident_Report(print).pdf,print,1145130,35594,1,2,2,28961,True,False,16490,16490,0.5694,0.29,0,0,0,0
original/print/text/Autonomous_Vehicle_Accident_Report(print).pdf,print,1181371,29676,1,2,2,22333,True,False,16589,16589,0.7428,0.5442,28,0,0,1931
original/print/text/BioNext_Data_Leak_Report(print).pdf,print,7560,96384,1,2,5,164525,True,True,160775,160775,0.9772,0.6743,110,0,0,7216
original/print/text/BioNext_Data_Leak_Report(print).pdf,print,7560,96384,2,2,5,113685,True,True,107761,107761,0.9479,0.9341,0,0,0,0
original/print/text/BioNext_Data_Leak_Report(print).pdf,print,7560,96384,3,2,5,74474,True,True,45541,45541,0.6115,0.4272,84,0,0,45911
original/print/text/BioNext_Data_Leak_Report(print).pdf,print,7560,96384,4,2,5,24100,True,True,19423,19423,0.8059,0.541,0,0,0,0
original/print/text/BioNext_Data_Leak_Report(print).pdf,print,122864,33607,1,2,2,26049,True,True,20524,20524,0.7879,0.6245,4,0,0,23
original/print/text/BioNext_Data_Leak_Report(print).pdf,print,179749,75051,1,2,3,130642,True,True,45276,45276,0.3466,0.1133,15,0,0,186
original/print/text/BioNext_Data_Leak_Report(print).pdf,print,179749,75051,2,2,3,53965,True,True,10822,10822,0.2005,0.103,38,0,0,3513
original/print/text/BioNext_Data_Leak_Report(print).pdf,print,254875,75673,1,2,3,130768,True,False,43784,43784,0.3348,0.0935,15,0,0,129
original/print/text/BioNext_Data_Leak_Report(print).pdf,print,254875,75673,2,2,3,54628,True,False,12916,12916,0.2364,0.1201,85,0,0,8298
original/print/text/BioNext_Data_Leak_Report(print).pdf,print,330623,75400,1,2,3,129680,True,False,42481,42481,0.3276,0.123,4,0,0,6
original/print/text/BioNext_Data_Leak_Report(print).pdf,print,330623,75400,2,2,3,54984,True,False,12588,12588,0.2289,0.124,153,0,0,27642
original/print/text/BioNext_Data_Leak_Report(print).pdf,print,406098,75349,1,2,3,129457,True,True,43634,43634,0.3371,0.0642,110,0,0,8228
original/print/text/BioNext_Data_Leak_Report(print).pdf,print,406098,75349,2,2,3,52681,True,True,12653,12653,0.2402,0.1377,38,0,0,737
original/print/text/BioNext_Data_Leak_Report(print).pdf,print,481522,75661,1,2,3,128234,True,False,42828,42828,0.334,0.1479,2,0,0,3
original/print/text/BioNext_Data_Leak_Report(print).pdf,print,481522,75661,2,2,3,53197,True,False,11707,11707,0.2201,0.1121,15,0,0,137
original/print/text/BioNext_Data_Leak_Report(print).pdf,print,557339,50345,1,2,3,67012,True,True,59137,59137,0.8825,0.6348,36,0,0,4579
original/print/text/BioNext_Data_Leak_Report(print).pdf,print,557339,50345,2,2,3,42598,True,True,40855,40855,0.9591,0.9673,177,0,0,23564
original/print/text/BioNext_Data_Leak_Report(print).pdf,print,627615,40664,1,2,2,43451,True,True,36702,36702,0.8447,0.647,26,0,0,218
original/print/text/BioNext_Data_Leak_Report(print).pdf,print,689245,41199,1,2,2,40846,True,False,28494,28494,0.6976,0.3201,35,0,0,2101
original/print/text/BioNext_Data_Leak_Report(print).pdf,print,744526,47095,1,2,3,51794,True,False,39864,39864,0.7697,0.5632,152,0,0,16517
original/print/text/BioNext_Data_Leak_Report(print).pdf,print,744526,47095,2,2,3,10456,True,True,8220,8220,0.7862,0.7358,169,0,0,19152
original/print/text/BioNext_Data_Leak_Report(print).pdf,print,849996,35005,1,2,2,27227,True,True,15906,15906,0.5842,0.4192,43,0,0,461
original/print/text/BioNext_Data_Leak_Report(print).pdf,print,885648,37173,1,2,2,46569,True,False,38748,38748,0.8321,0.4895,27,0,0,2305
original/print/text/Digital_Minimalism(print).pdf,print,8215,96384,1,2,5,164525,True,True,160775,160775,0.9772,0.6743,110,0,0,7216
original/print/text/Digital_Minimalism(print).pdf,print,8215,96384,2,2,5,113685,True,True,107761,107761,0.9479,0.9341,0,0,0,0
original/print/text/Digital_Minimalism(print).pdf,print,8215,96384,3,2,5,74474,True,True,45541,45541,0.6115,0.4272,84,0,0,45911
original/print/text/Digital_Minimalism(print).pdf,print,8215,96384,4,2,5,24100,True,True,19423,19423,0.8059,0.541,0,0,0,0
original/print/text/Digital_Minimalism(print).pdf,print,105152,60772,1,2,3,112001,True,True,26116,26116,0.2332,0.0957,15,0,0,486
original/print/text/Digital_Minimalism(print).pdf,print,105152,60772,2,2,3,15395,True,True,1737,1737,0.1128,0.0957,14,0,0,90
original/print/text/Digital_Minimalism(print).pdf,print,165999,60550,1,2,3,111088,True,True,27019,27019,0.2432,0.1138,98,0,0,11895
original/print/text/Digital_Minimalism(print).pdf,print,165999,60550,2,2,3,15441,True,True,1707,1707,0.1105,0.0791,114,0,0,11615
original/print/text/Digital_Minimalism(print).pdf,print,226624,61384,1,2,3,112564,True,True,30174,30174,0.2681,0.105,2,0,0,4
original/print/text/Digital_Minimalism(print).pdf,print,226624,61384,2,2,3,17634,True,True,2370,2370,0.1344,0.0933,102,0,0,23991
original/print/text/Digital_Minimalism(print).pdf,print,288083,61287,1,2,3,110443,True,False,28584,28584,0.2588,0.0803,41,0,0,7184
original/print/text/Digital_Minimalism(print).pdf,print,288083,61287,2,2,3,17185,True,True,1934,1934,0.1125,0.0842,39,0,0,1292
original/print/text/Digital_Minimalism(print).pdf,print,366198,42630,1,2,2,54764,True,True,14321,14321,0.2615,0.113,71,0,0,4655
original/print/text/Digital_Minimalism(print).pdf,print,409257,33195,1,2,2,43270,True,False,42305,42305,0.9777,0.895,91,0,0,16719
original/print/text/Digital_Minimalism(print).pdf,print,450738,52844,1,2,3,79161,True,False,61325,61325,0.7747,0.51,104,0,0,21209
original/print/text/Digital_Minimalism(print).pdf,print,450738,52844,2,2,3,46888,True,False,43533,43533,0.9284,0.4666,133,0,0,7307
original/print/text/Digital_Minimalism(print).pdf,print,504216,27127,1,2,2,27727,True,True,23833,23833,0.8596,0.625,66,0,0,3831
original/print/text/Digital_Minimalism(print).pdf,print,568824,50590,1,2,3,65436,True,False,53370,53370,0.8156,0.5588,50,0,0,1172
original/print/text/Digital_Minimalism(print).pdf,print,568824,50590,2,2,3,20629,True,True,13979,13979,0.6776,0.543,0,0,0,0
original/print/text/Digital_Minimalism(print).pdf,print,639056,42872,1,2,3,41009,True,True,26802,26802,0.6536,0.4304,109,0,0,1982
original/print/text/Digital_Minimalism(print).pdf,print,639056,42872,2,2,3,2029,True,True,498,498,0.2454,0.2454,12,0,0,60
original/print/text/Digital_Minimalism(print).pdf,print,682577,51668,1,2,3,79262,True,True,66704,66704,0.8416,0.8875,44,0,0,3021
original/print/text/Digital_Minimalism(print).pdf,print,682577,51668,2,2,3,21469,True,True,13913,13913,0.6481,0.4712,0,0,0,0
original/print/text/Digital_Minimalism(print).pdf,print,744475,486357,1,2,22,844395,True,True,839215,839215,0.9939,0.3413,32,0,0,1977
original/print/text/Digital_Minimalism(print).pdf,print,744475,486357,2,2,22,799231,True,False,740927,740927,0.927,0.2236,146,0,0,18871
original/print/text/Digital_Minimalism(print).pdf,print,744475,486357,3,2,22,753149,True,True,702735,702735,0.9331,0.3491,32,0,0,893
original/print/text/Digital_Minimalism(print).pdf,print,744475,486357,4,2,22,707256,True,True,663471,663471,0.9381,0.3364,227,0,0,41943
original/print/text/Digital_Minimalism(print).pdf,print,744475,486357,5,2,22,658928,True,True,626447,626447,0.9507,0.2925,211,0,0,182637
original/print/text/Digital_Minimalism(print).pdf,print,744475,486357,6,2,22,619002,True,True,587148,587148,0.9485,0.3015,30,0,0,1076
original/print/text/Digital_Minimalism(print).pdf,print,744475,486357,7,2,22,572385,True,True,551586,551586,0.9637,0.2571,1,0,0,13
original/print/text/Digital_Minimalism(print).pdf,print,744475,486357,8,2,22,539022,True,True,502584,502584,0.9324,0.2991,10,0,0,34
original/print/text/Digital_Minimalism(print).pdf,print,744475,486357,9,2,22,499073,True,False,465402,465402,0.9325,0.3914,3,0,0,6
original/print/text/Digital_Minimalism(print).pdf,print,744475,486357,10,2,22,446357,True,False,411034,411034,0.9209,0.4417,71,0,0,4709
original/print/text/Digital_Minimalism(print).pdf,print,744475,486357,11,2,22,410637,True,True,369472,369472,0.8998,0.2676,13,0,0,456
original/print/text/Digital_Minimalism(print).pdf,print,744475,486357,12,2,22,368973,True,True,332403,332403,0.9009,0.2078,0,0,0,0
original/print/text/Digital_Minimalism(print).pdf,print,744475,486357,13,2,22,317903,True,True,294198,294198,0.9254,0.4104,19,0,0,395
original/print/text/Digital_Minimalism(print).pdf,print,744475,486357,14,2,22,275273,True,True,256057,256057,0.9302,0.3291,17,0,0,504
original/print/text/Digital_Minimalism(print).pdf,print,744475,486357,15,2,22,241724,True,True,203616,203616,0.8423,0.333,0,0,0,0
original/print/text/Digital_Minimalism(print).pdf,print,744475,486357,16,2,22,203696,True,False,167883,167883,0.8242,0.2463,8,0,0,270
original/print/text/Digital_Minimalism(print).pdf,print,744475,486357,17,2,22,163290,True,True,135346,135346,0.8289,0.3169,5,0,0,144
original/print/text/Digital_Minimalism(print).pdf,print,744475,486357,18,2,22,125006,True,True,115927,115927,0.9274,0.3677,22,0,0,621
original/print/text/Digital_Minimalism(print).pdf,print,744475,486357,19,2,22,87829,True,False,77374,77374,0.881,0.5527,21,0,0,357
original/print/text/Digital_Minimalism(print).pdf,print,744475,486357,20,2,22,55297,True,True,49137,49137,0.8886,0.533,77,0,0,20944
original/print/text/Digital_Minimalism(print).pdf,print,744475,486357,21,2,22,20320,True,True,16118,16118,0.7932,0.5117,40,0,0,402
original/print/text/Digital_Minimalism(print).pdf,print,1231479,27088,1,2,2,7750,True,False,2938,2938,0.3791,0.3196,56,0,0,1089
original/print/text/Digital_Minimalism(print).pdf,print,1271584,26061,1,2,2,12304,True,False,8073,8073,0.6561,0.5286,131,0,0,2583
original/print/text/Digital_Minimalism(print).pdf,print,1298294,41188,1,2,2,40945,True,False,33028,33028,0.8066,0.6829,11,0,0,77
original/print/text/E-Payment_Service_Outage_Report(print).pdf,print,7729,96384,1,2,5,164525,True,True,160775,160775,0.9772,0.6743,110,0,0,7216
original/print/text/E-Payment_Service_Outage_Report(print).pdf,print,7729,96384,2,2,5,113685,True,True,107761,107761,0.9479,0.9341,0,0,0,0
original/print/text/E-Payment_Service_Outage_Report(print).pdf,print,7729,96384,3,2,5,74474,True,True,45541,45541,0.6115,0.4272,84,0,0,45911
original/print/text/E-Payment_Service_Outage_Report(print).pdf,print,7729,96384,4,2,5,24100,True,True,19423,19423,0.8059,0.541,0,0,0,0
original/print/text/E-Payment_Service_Outage_Report(print).pdf,print,104666,62632,1,2,3,113362,True,True,28478,28478,0.2512,0.0974,5,0,0,27
original/print/text/E-Payment_Service_Outage_Report(print).pdf,print,104666,62632,2,2,3,21236,True,True,2489,2489,0.1172,0.0859,85,0,0,9767
original/print/text/E-Payment_Service_Outage_Report(print).pdf,print,185544,59170,1,2,3,114548,True,True,32833,32833,0.2866,0.1094,163,0,0,10786
original/print/text/E-Payment_Service_Outage_Report(print).pdf,print,185544,59170,2,2,3,19800,True,True,2650,2650,0.1338,0.0444,59,0,0,2952
original/print/text/E-Payment_Service_Outage_Report(print).pdf,print,244871,111328,1,2,6,199014,True,True,194789,194789,0.9788,0.5767,72,0,0,1447
original/print/text/E-Payment_Service_Outage_Report(print).pdf,print,244871,111328,2,2,6,158499,True,False,146941,146941,0.9271,0.2866,42,0,0,11218
original/print/text/E-Payment_Service_Outage_Report(print).pdf,print,244871,111328,3,2,6,111514,True,False,75724,75724,0.6791,0.1313,241,0,0,135142
original/print/text/E-Payment_Service_Outage_Report(print).pdf,print,244871,111328,4,2,6,60024,True,False,49479,49479,0.8243,0.5979,22,0,0,2395
original/print/text/E-Payment_Service_Outage_Report(print).pdf,print,244871,111328,5,2,6,21792,True,False,16196,16196,0.7432,0.8257,22,0,0,355
original/print/text/E-Payment_Service_Outage_Report(print).pdf,print,363220,31845,1,2,2,45464,True,True,41879,41879,0.9211,0.6316,50,0,0,768
original/print/text/E-Payment_Service_Outage_Report(print).pdf,print,395700,75116,1,2,4,100441,True,False,83551,83551,0.8318,0.6375,62,0,0,6846
original/print/text/E-Payment_Service_Outage_Report(print).pdf,print,395700,75116,2,2,4,76021,True,False,64033,64033,0.8423,0.5891,68,0,0,1181
original/print/text/E-Payment_Service_Outage_Report(print).pdf,print,395700,75116,3,2,4,51190,True,True,47115,47115,0.9204,0.5852,113,0,0,15489
original/print/text/E-Payment_Service_Outage_Report(print).pdf,print,489024,52025,1,2,3,68297,True,False,58619,58619,0.8583,0.8271,36,0,0,684
original/print/text/E-Payment_Service_Outage_Report(print).pdf,print,489024,52025,2,2,3,23940,True,True,19114,19114,0.7984,0.7051,13,0,0,85
original/print/text/E-Payment_Service_Outage_Report(print).pdf,print,541683,21162,1,2,2,2829,True,False,1107,1107,0.3913,0.3913,42,0,0,1245
original/print/text/E-Payment_Service_Outage_Report(print).pdf,print,582091,54332,1,2,3,85885,True,True,70967,70967,0.8263,0.322,102,0,0,29820
original/print/text/E-Payment_Service_Outage_Report(print).pdf,print,582091,54332,2,2,3,26968,True,False,21995,21995,0.8156,0.417,238,0,0,69760
original/print/text/E-Payment_Service_Outage_Report(print).pdf,print,637072,45872,1,2,3,48767,True,True,33252,33252,0.6819,0.3066,71,0,0,12094
original/print/text/E-Payment_Service_Outage_Report(print).pdf,print,637072,45872,2,2,3,8480,True,False,5387,5387,0.6353,0.5366,55,0,0,3225
original/print/text/E-Payment_Service_Outage_Report(print).pdf,print,693794,30370,1,2,2,14501,True,True,7661,7661,0.5283,0.5361,98,0,0,3604
original/print/text/E-Payment_Service_Outage_Report(print).pdf,print,724813,492426,1,2,22,854554,True,True,850028,850028,0.9947,0.8298,34,0,0,1499
original/print/text/E-Payment_Service_Outage_Report(print).pdf,print,724813,492426,2,2,22,811403,True,True,767634,767634,0.9461,0.429,25,0,0,1095
original/print/text/E-Payment_Service_Outage_Report(print).pdf,print,724813,492426,3,2,22,764245,True,False,719638,719638,0.9416,0.2629,82,0,0,23493
original/print/text/E-Payment_Service_Outage_Report(print).pdf,print,724813,492426,4,2,22,721024,True,False,670549,670549,0.93,0.1721,35,0,0,1183
original/print/text/E-Payment_Service_Outage_Report(print).pdf,print,724813,492426,5,2,22,672590,True,True,636345,636345,0.9461,0.2703,82,0,0,4643
original/print/text/E-Payment_Service_Outage_Report(print).pdf,print,724813,492426,6,2,22,629790,True,True,604057,604057,0.9591,0.3645,84,0,0,5287
original/print/text/E-Payment_Service_Outage_Report(print).pdf,print,724813,492426,7,2,22,586315,True,False,558653,558653,0.9528,0.3052,10,0,0,102
original/print/text/E-Payment_Service_Outage_Report(print).pdf,print,724813,492426,8,2,22,548679,True,False,528510,528510,0.9632,0.4055,0,0,0,0
original/print/text/E-Payment_Service_Outage_Report(print).pdf,print,724813,492426,9,2,22,511220,True,False,471261,471261,0.9218,0.2637,107,0,0,42385
original/print/text/E-Payment_Service_Outage_Report(print).pdf,print,724813,492426,10,2,22,464425,True,True,420246,420246,0.9049,0.3064,8,0,0,45
original/print/text/E-Payment_Service_Outage_Report(print).pdf,print,724813,492426,11,2,22,420889,True,False,380868,380868,0.9049,0.4124,248,0,0,47831
original/print/text/E-Payment_Service_Outage_Report(print).pdf,print,724813,492426,12,2,22,381622,True,False,353577,353577,0.9265,0.2786,8,0,0,580
original/print/text/E-Payment_Service_Outage_Report(print).pdf,print,724813,492426,13,2,22,329877,True,True,303795,303795,0.9209,0.187,91,0,0,7151
original/print/text/E-Payment_Service_Outage_Report(print).pdf,print,724813,492426,14,2,22,289168,True,True,265035,265035,0.9165,0.2581,127,0,0,8485
original/print/text/E-Payment_Service_Outage_Report(print).pdf,print,724813,492426,15,2,22,251872,True,True,212521,212521,0.8438,0.4304,114,0,0,18128
original/print/text/E-Payment_Service_Outage_Report(print).pdf,print,724813,492426,16,2,22,214959,True,True,183050,183050,0.8516,0.3704,60,0,0,3181
original/print/text/E-Payment_Service_Outage_Report(print).pdf,print,724813,492426,17,2,22,173267,True,True,147371,147371,0.8505,0.2898,97,0,0,10453
original/print/text/E-Payment_Service_Outage_Report(print).pdf,print,724813,492426,18,2,22,136136,True,True,120501,120501,0.8852,0.2827,44,0,0,6541
original/print/text/E-Payment_Service_Outage_Report(print).pdf,print,724813,492426,19,2,22,99490,True,True,85137,85137,0.8557,0.3989,14,0,0,1613
original/print/text/E-Payment_Service_Outage_Report(print).pdf,print,724813,492426,20,2,22,65033,True,True,58014,58014,0.8921,0.5439,6,0,0,268
original/print/text/E-Payment_Service_Outage_Report(print).pdf,print,724813,492426,21,2,22,29398,True,True,22098,22098,0.7517,0.5039,12,0,0,690
original/print/text/E-Payment_Service_Outage_Report(print).pdf,print,1230682,44587,1,2,3,47862,True,False,40989,40989,0.8564,0.4348,42,0,0,1466
original/print/text/E-Payment_Service_Outage_Report(print).pdf,print,1230682,44587,2,2,3,4011,True,False,2515,2515,0.627,0.627,5,0,0,8
original/print/text/E-Payment_Service_Outage_Report(print).pdf,print,1275916,28257,1,2,2,18809,True,False,11766,11766,0.6256,0.4136,50,0,0,4625
original/print/text/EcoWave_Sustainable_Fashion_Collection(print).pdf,print,18935,111517,1,2,6,199322,True,False,196349,196349,0.9851,0.6272,76,0,0,12949
original/print/text/EcoWave_Sustainable_Fashion_Collection(print).pdf,print,18935,111517,2,2,6,160314,True,False,150985,150985,0.9418,0.4585,0,0,0,0
original/print/text/EcoWave_Sustainable_Fashion_Collection(print).pdf,print,18935,111517,3,2,6,111720,True,False,76001,76001,0.6803,0.1768,60,0,0,4135
original/print/text/EcoWave_Sustainable_Fashion_Collection(print).pdf,print,18935,111517,4,2,6,61028,True,False,49798,49798,0.816,0.5671,200,0,0,20421
original/print/text/EcoWave_Sustainable_Fashion_Collection(print).pdf,print,18935,111517,5,2,6,22269,True,True,16470,16470,0.7396,0.783,60,0,0,2590
original/print/text/EcoWave_Sustainable_Fashion_Collection(print).pdf,print,143393,67214,1,2,4,132168,True,True,114192,114192,0.864,0.0059,69,0,0,45331
original/print/text/EcoWave_Sustainable_Fashion_Collection(print).pdf,print,143393,67214,2,2,4,83308,True,True,61116,61116,0.7336,0.6509,29,0,0,1165
original/print/text/EcoWave_Sustainable_Fashion_Collection(print).pdf,print,143393,67214,3,2,4,5754,True,True,3841,3841,0.6675,0.6577,15,0,0,2291
original/print/text/EcoWave_Sustainable_Fashion_Collection(print).pdf,print,211240,32021,1,2,2,20923,True,True,16520,16520,0.7896,0.9043,29,0,0,5547
original/print/text/EcoWave_Sustainable_Fashion_Collection(print).pdf,print,243895,96384,1,2,5,164525,True,True,160775,160775,0.9772,0.6743,110,0,0,7216
original/print/text/EcoWave_Sustainable_Fashion_Collection(print).pdf,print,243895,96384,2,2,5,113685,True,True,107761,107761,0.9479,0.9341,0,0,0,0
original/print/text/EcoWave_Sustainable_Fashion_Collection(print).pdf,print,243895,96384,3,2,5,74474,True,True,45541,45541,0.6115,0.4272,84,0,0,45911
original/print/text/EcoWave_Sustainable_Fashion_Collection(print).pdf,print,243895,96384,4,2,5,24100,True,True,19423,19423,0.8059,0.541,0,0,0,0
original/print/text/EcoWave_Sustainable_Fashion_Collection(print).pdf,print,345014,23933,1,2,2,23444,True,True,20827,20827,0.8884,0.636,67,0,0,7488
original/print/text/EcoWave_Sustainable_Fashion_Collection(print).pdf,print,369581,65353,1,2,4,87913,True,False,74187,74187,0.8439,0.6309,107,0,0,14824
original/print/text/EcoWave_Sustainable_Fashion_Collection(print).pdf,print,369581,65353,2,2,4,63513,True,False,55391,55391,0.8721,0.5918,191,0,0,58453
original/print/text/EcoWave_Sustainable_Fashion_Collection(print).pdf,print,369581,65353,3,2,4,17940,True,True,9489,9489,0.5289,0.4624,155,0,0,11062
original/print/text/EcoWave_Sustainable_Fashion_Collection(print).pdf,print,475577,53076,1,2,3,73662,True,True,62769,62769,0.8521,0.4619,78,0,0,3182
original/print/text/EcoWave_Sustainable_Fashion_Collection(print).pdf,print,475577,53076,2,2,3,26857,True,True,22212,22212,0.827,0.675,26,0,0,496
original/print/text/EcoWave_Sustainable_Fashion_Collection(print).pdf,print,554640,53049,1,2,3,82087,True,False,69094,69094,0.8417,0.6201,38,0,0,584
original/print/text/EcoWave_Sustainable_Fashion_Collection(print).pdf,print,554640,53049,2,2,3,23798,True,False,21037,21037,0.884,0.8335,113,0,0,7480
original/print/text/EcoWave_Sustainable_Fashion_Collection(print).pdf,print,622024,27473,1,2,2,8574,True,False,3284,3284,0.383,0.3296,79,0,0,2815
original/print/text/EcoWave_Sustainable_Fashion_Collection(print).pdf,print,662294,32234,1,2,2,22465,True,False,12279,12279,0.5466,0.3323,60,0,0,7723
original/print/text/EcoWave_Sustainable_Fashion_Collection(print).pdf,print,707226,34617,1,2,2,27718,True,False,22731,22731,0.8201,0.6836,12,0,0,215
original/print/text/EduBot_AI_Learning_Robot_Series(print).pdf,print,144,29629,1,2,2,17793,True,False,11350,11350,0.6379,0.437,20,0,0,408
original/print/text/EduBot_AI_Learning_Robot_Series(print).pdf,print,42708,67214,1,2,4,132168,True,True,114192,114192,0.864,0.0059,69,0,0,45331
original/print/text/EduBot_AI_Learning_Robot_Series(print).pdf,print,42708,67214,2,2,4,83308,True,True,61116,61116,0.7336,0.6509,29,0,0,1165
original/print/text/EduBot_AI_Learning_Robot_Series(print).pdf,print,42708,67214,3,2,4,5754,True,True,3841,3841,0.6675,0.6577,15,0,0,2291
original/print/text/EduBot_AI_Learning_Robot_Series(print).pdf,print,127964,96384,1,2,5,164525,True,True,160775,160775,0.9772,0.6743,110,0,0,7216
original/print/text/EduBot_AI_Learning_Robot_Series(print).pdf,print,127964,96384,2,2,5,113685,True,True,107761,107761,0.9479,0.9341,0,0,0,0
original/print/text/EduBot_AI_Learning_Robot_Series(print).pdf,print,127964,96384,3,2,5,74474,True,True,45541,45541,0.6115,0.4272,84,0,0,45911
original/print/text/EduBot_AI_Learning_Robot_Series(print).pdf,print,127964,96384,4,2,5,24100,True,True,19423,19423,0.8059,0.541,0,0,0,0
original/print/text/EduBot_AI_Learning_Robot_Series(print).pdf,print,238457,35648,1,2,2,51246,True,False,45856,45856,0.8948,0.4919,39,0,0,807
original/print/text/EduBot_AI_Learning_Robot_Series(print).pdf,print,329792,24433,1,2,2,8582,True,True,4089,4089,0.4765,0.4683,29,0,0,205
original/print/text/EduBot_AI_Learning_Robot_Series(print).pdf,print,354861,111452,1,2,6,199221,True,False,196097,196097,0.9843,0.6243,106,0,0,15381
original/print/text/EduBot_AI_Learning_Robot_Series(print).pdf,print,354861,111452,2,2,6,160117,True,True,150835,150835,0.942,0.4724,2,0,0,16
original/print/text/EduBot_AI_Learning_Robot_Series(print).pdf,print,354861,111452,3,2,6,111663,True,False,75905,75905,0.6798,0.1626,17,0,0,226
original/print/text/EduBot_AI_Learning_Robot_Series(print).pdf,print,354861,111452,4,2,6,60444,True,False,49759,49759,0.8232,0.6321,115,0,0,9901
original/print/text/EduBot_AI_Learning_Robot_Series(print).pdf,print,354861,111452,5,2,6,22108,True,False,16426,16426,0.743,0.8054,150,0,0,7331
original/print/text/EduBot_AI_Learning_Robot_Series(print).pdf,print,466950,43133,1,2,3,45806,True,False,33781,33781,0.7375,0.3276,100,0,0,10351
original/print/text/EduBot_AI_Learning_Robot_Series(print).pdf,print,466950,43133,2,2,3,2036,True,False,626,626,0.3075,0.3075,6,0,0,25
original/print/text/EduBot_AI_Learning_Robot_Series(print).pdf,print,532930,43341,1,2,3,42039,True,True,28061,28061,0.6675,0.4695,169,0,0,8052
original/print/text/EduBot_AI_Learning_Robot_Series(print).pdf,print,532930,43341,2,2,3,2859,True,False,927,927,0.3242,0.3242,65,0,0,10222
original/print/text/EduBot_AI_Learning_Robot_Series(print).pdf,print,576920,53917,1,2,3,84626,True,True,69877,69877,0.8257,0.2981,51,0,0,613
original/print/text/EduBot_AI_Learning_Robot_Series(print).pdf,print,576920,53917,2,2,3,25761,True,True,21683,21683,0.8417,0.6404,9,0,0,175
original/print/text/EduBot_AI_Learning_Robot_Series(print).pdf,print,643046,486125,1,2,22,843950,True,False,839037,839037,0.9942,0.3625,7,0,0,322
original/print/text/EduBot_AI_Learning_Robot_Series(print).pdf,print,643046,486125,2,2,22,798701,True,False,740560,740560,0.9272,0.2126,129,0,0,6078
original/print/text/EduBot_AI_Learning_Robot_Series(print).pdf,print,643046,486125,3,2,22,752646,True,False,701612,701612,0.9322,0.3452,4,0,0,1191
original/print/text/EduBot_AI_Learning_Robot_Series(print).pdf,print,643046,486125,4,2,22,706807,True,False,663321,663321,0.9385,0.3311,259,0,0,24561
original/print/text/EduBot_AI_Learning_Robot_Series(print).pdf,print,643046,486125,5,2,22,658406,True,True,626253,626253,0.9512,0.3071,137,0,0,286319
original/print/text/EduBot_AI_Learning_Robot_Series(print).pdf,print,643046,486125,6,2,22,618360,True,True,585517,585517,0.9469,0.2874,1,0,0,1
original/print/text/EduBot_AI_Learning_Robot_Series(print).pdf,print,643046,486125,7,2,22,571705,True,False,551474,551474,0.9646,0.2634,147,0,0,18866
original/print/text/EduBot_AI_Learning_Robot_Series(print).pdf,print,643046,486125,8,2,22,538576,True,False,502364,502364,0.9328,0.3103,97,0,0,2245
original/print/text/EduBot_AI_Learning_Robot_Series(print).pdf,print,643046,486125,9,2,22,498671,True,True,465262,465262,0.933,0.4275,87,0,0,6633
original/print/text/EduBot_AI_Learning_Robot_Series(print).pdf,print,643046,486125,10,2,22,446044,True,True,410822,410822,0.921,0.4109,159,0,0,51624
original/print/text/EduBot_AI_Learning_Robot_Series(print).pdf,print,643046,486125,11,2,22,410132,True,False,368880,368880,0.8994,0.2639,58,0,0,3961
original/print/text/EduBot_AI_Learning_Robot_Series(print).pdf,print,643046,486125,12,2,22,368306,True,False,331897,331897,0.9011,0.1956,27,0,0,1479
original/print/text/EduBot_AI_Learning_Robot_Series(print).pdf,print,643046,486125,13,2,22,317629,True,False,293439,293439,0.9238,0.3784,1,0,0,1
original/print/text/EduBot_AI_Learning_Robot_Series(print).pdf,print,643046,486125,14,2,22,274937,True,False,255869,255869,0.9306,0.2996,116,0,0,38652
original/print/text/EduBot_AI_Learning_Robot_Series(print).pdf,print,643046,486125,15,2,22,241316,True,False,202950,202950,0.841,0.3169,52,0,0,3863
original/print/text/EduBot_AI_Learning_Robot_Series(print).pdf,print,643046,486125,16,2,22,203100,True,True,167637,167637,0.8254,0.2432,27,0,0,301
original/print/text/EduBot_AI_Learning_Robot_Series(print).pdf,print,643046,486125,17,2,22,162867,True,False,135065,135065,0.8293,0.2944,91,0,0,7141
original/print/text/EduBot_AI_Learning_Robot_Series(print).pdf,print,643046,486125,18,2,22,124536,True,False,115723,115723,0.9292,0.4133,9,0,0,369
original/print/text/EduBot_AI_Learning_Robot_Series(print).pdf,print,643046,486125,19,2,22,87489,True,False,77021,77021,0.8804,0.5659,3,0,0,5
original/print/text/EduBot_AI_Learning_Robot_Series(print).pdf,print,643046,486125,20,2,22,54990,True,False,48753,48753,0.8866,0.5271,49,0,0,1475
original/print/text/EduBot_AI_Learning_Robot_Series(print).pdf,print,643046,486125,21,2,22,19931,True,True,15892,15892,0.7974,0.5327,159,0,0,21914
original/print/text/EduBot_AI_Learning_Robot_Series(print).pdf,print,1141398,24628,1,2,2,9910,True,False,6060,6060,0.6115,0.4348,72,0,0,6828
original/print/text/EduBot_AI_Learning_Robot_Series(print).pdf,print,1166674,26352,1,2,2,13055,True,True,8481,8481,0.6496,0.4973,152,0,0,1636
original/print/text/EduBot_AI_Learning_Robot_Series(print).pdf,print,1193674,37566,1,2,2,41276,True,True,31911,31911,0.7731,0.7871,18,0,0,1723
original/print/text/Evolution_Biodegradable_Plastics(print).pdf,print,145,96384,1,2,5,164525,True,True,160775,160775,0.9772,0.6743,110,0,0,7216
original/print/text/Evolution_Biodegradable_Plastics(print).pdf,print,145,96384,2,2,5,113685,True,True,107761,107761,0.9479,0.9341,0,0,0,0
original/print/text/Evolution_Biodegradable_Plastics(print).pdf,print,145,96384,3,2,5,74474,True,True,45541,45541,0.6115,0.4272,84,0,0,45911
original/print/text/Evolution_Biodegradable_Plastics(print).pdf,print,145,96384,4,2,5,24100,True,True,19423,19423,0.8059,0.541,0,0,0,0
original/print/text/Evolution_Biodegradable_Plastics(print).pdf,print,122642,31248,1,2,2,28331,True,True,11050,11050,0.39,0.3467,36,0,0,1678
original/print/text/Evolution_Biodegradable_Plastics(print).pdf,print,173880,23529,1,2,2,22953,True,True,20693,20693,0.9015,0.644,84,0,0,2575
original/print/text/Evolution_Biodegradable_Plastics(print).pdf,print,198043,97737,1,2,6,132117,True,True,106766,106766,0.8081,0.6145,197,0,0,19007
original/print/text/Evolution_Biodegradable_Plastics(print).pdf,print,198043,97737,2,2,6,107631,True,True,86385,86385,0.8026,0.5691,84,0,0,5162
original/print/text/Evolution_Biodegradable_Plastics(print).pdf,print,198043,97737,3,2,6,82397,True,True,68537,68537,0.8318,0.6226,100,0,0,4808
original/print/text/Evolution_Biodegradable_Plastics(print).pdf,print,198043,97737,4,2,6,57654,True,True,51433,51433,0.8921,0.583,182,0,0,18968
original/print/text/Evolution_Biodegradable_Plastics(print).pdf,print,198043,97737,5,2,6,7011,True,True,1518,1518,0.2165,0.1816,82,0,0,5278
original/print/text/Evolution_Biodegradable_Plastics(print).pdf,print,330054,54726,1,2,3,76452,True,False,69132,69132,0.9043,0.3782,3,0,0,14
original/print/text/Evolution_Biodegradable_Plastics(print).pdf,print,330054,54726,2,2,3,29826,True,False,23336,23336,0.7824,0.3242,7,0,0,105
original/print/text/Evolution_Biodegradable_Plastics(print).pdf,print,393944,40847,1,2,2,37896,True,True,23149,23149,0.6109,0.4629,70,0,0,5036
original/print/text/Evolution_Biodegradable_Plastics(print).pdf,print,448704,51742,1,2,3,79705,True,False,66817,66817,0.8383,0.8069,39,0,0,7111
original/print/text/Evolution_Biodegradable_Plastics(print).pdf,print,448704,51742,2,2,3,21581,True,True,14054,14054,0.6512,0.4915,0,0,0,0
original/print/text/Evolution_Biodegradable_Plastics(print).pdf,print,505383,26533,1,2,2,6642,True,False,2534,2534,0.3815,0.3496,87,0,0,3683
original/print/text/Evolution_Biodegradable_Plastics(print).pdf,print,532565,486272,1,2,22,844231,True,False,839141,839141,0.994,0.3467,15,0,0,129
original/print/text/Evolution_Biodegradable_Plastics(print).pdf,print,532565,486272,2,2,22,798940,True,False,740793,740793,0.9272,0.2144,76,0,0,3415
original/print/text/Evolution_Biodegradable_Plastics(print).pdf,print,532565,486272,3,2,22,752902,True,True,702336,702336,0.9328,0.3542,5,0,0,15
original/print/text/Evolution_Biodegradable_Plastics(print).pdf,print,532565,486272,4,2,22,707095,True,False,663397,663397,0.9382,0.3276,237,0,0,41594
original/print/text/Evolution_Biodegradable_Plastics(print).pdf,print,532565,486272,5,2,22,658752,True,False,626337,626337,0.9508,0.2932,171,0,0,288590
original/print/text/Evolution_Biodegradable_Plastics(print).pdf,print,532565,486272,6,2,22,618709,True,False,586551,586551,0.948,0.3015,1,0,0,2
original/print/text/Evolution_Biodegradable_Plastics(print).pdf,print,532565,486272,7,2,22,572072,True,False,551538,551538,0.9641,0.2605,32,0,0,991
original/print/text/Evolution_Biodegradable_Plastics(print).pdf,print,532565,486272,8,2,22,538850,True,False,502518,502518,0.9326,0.3005,94,0,0,9043
original/print/text/Evolution_Biodegradable_Plastics(print).pdf,print,532565,486272,9,2,22,498893,True,False,465344,465344,0.9328,0.4058,68,0,0,5166
original/print/text/Evolution_Biodegradable_Plastics(print).pdf,print,532565,486272,10,2,22,446227,True,False,410943,410943,0.9209,0.4329,81,0,0,5976
original/print/text/Evolution_Biodegradable_Plastics(print).pdf,print,532565,486272,11,2,22,410462,True,False,369161,369161,0.8994,0.262,91,0,0,10447
original/print/text/Evolution_Biodegradable_Plastics(print).pdf,print,532565,486272,12,2,22,368694,True,False,332077,332077,0.9007,0.2061,9,0,0,40
original/print/text/Evolution_Biodegradable_Plastics(print).pdf,print,532565,486272,13,2,22,317801,True,False,293814,293814,0.9245,0.3984,30,0,0,3682
original/print/text/Evolution_Biodegradable_Plastics(print).pdf,print,532565,486272,14,2,22,275136,True,False,255982,255982,0.9304,0.3171,14,0,0,125
original/print/text/Evolution_Biodegradable_Plastics(print).pdf,print,532565,486272,15,2,22,241580,True,False,203076,203076,0.8406,0.3149,36,0,0,2229
original/print/text/Evolution_Biodegradable_Plastics(print).pdf,print,532565,486272,16,2,22,203499,True,False,167808,167808,0.8246,0.2405,207,0,0,95018
original/print/text/Evolution_Biodegradable_Plastics(print).pdf,print,532565,486272,17,2,22,163097,True,True,135219,135219,0.8291,0.3074,64,0,0,19341
original/print/text/Evolution_Biodegradable_Plastics(print).pdf,print,532565,486272,18,2,22,124840,True,False,115802,115802,0.9276,0.3711,17,0,0,782
original/print/text/Evolution_Biodegradable_Plastics(print).pdf,print,532565,486272,19,2,22,87685,True,False,77141,77141,0.8798,0.551,2,0,0,5
original/print/text/Evolution_Biodegradable_Plastics(print).pdf,print,532565,486272,20,2,22,55156,True,False,48990,48990,0.8882,0.5337,78,0,0,13961
original/print/text/Evolution_Biodegradable_Plastics(print).pdf,print,532565,486272,21,2,22,20193,True,False,15995,15995,0.7921,0.5115,78,0,0,8978
original/print/text/Evolution_Biodegradable_Plastics(print).pdf,print,1039076,25490,1,2,2,11402,True,True,7616,7616,0.668,0.5793,45,0,0,429
original/print/text/Evolution_Biodegradable_Plastics(print).pdf,print,1065215,42691,1,2,3,43301,True,True,38371,38371,0.8861,0.791,1,0,0,10
original/print/text/Evolution_Biodegradable_Plastics(print).pdf,print,1065215,42691,2,2,3,550,True,False,225,225,0.4091,0.4091,1,0,0,2
original/print/text/Evolution_Food_Culture_Alternative_Foods(print).pdf,print,144,28085,1,2,2,14613,True,True,9280,9280,0.6351,0.5732,59,0,0,2239
original/print/text/Evolution_Food_Culture_Alternative_Foods(print).pdf,print,28857,96384,1,2,5,164525,True,True,160775,160775,0.9772,0.6743,110,0,0,7216
original/print/text/Evolution_Food_Culture_Alternative_Foods(print).pdf,print,28857,96384,2,2,5,113685,True,True,107761,107761,0.9479,0.9341,0,0,0,0
original/print/text/Evolution_Food_Culture_Alternative_Foods(print).pdf,print,28857,96384,3,2,5,74474,True,True,45541,45541,0.6115,0.4272,84,0,0,45911
original/print/text/Evolution_Food_Culture_Alternative_Foods(print).pdf,print,28857,96384,4,2,5,24100,True,True,19423,19423,0.8059,0.541,0,0,0,0
original/print/text/Evolution_Food_Culture_Alternative_Foods(print).pdf,print,142486,58875,1,2,3,101579,True,True,23423,23423,0.2306,0.0793,78,0,0,4608
original/print/text/Evolution_Food_Culture_Alternative_Foods(print).pdf,print,142486,58875,2,2,3,8089,True,True,1007,1007,0.1245,0.1133,133,0,0,24995
original/print/text/Evolution_Food_Culture_Alternative_Foods(print).pdf,print,201436,61363,1,2,3,113562,True,False,26661,26661,0.2348,0.1047,71,0,0,6028
original/print/text/Evolution_Food_Culture_Alternative_Foods(print).pdf,print,201436,61363,2,2,3,16708,True,True,2441,2441,0.1461,0.1218,61,0,0,5498
original/print/text/Evolution_Food_Culture_Alternative_Foods(print).pdf,print,262874,36649,1,2,2,31206,True,True,4034,4034,0.1293,0.0906,52,0,0,728
original/print/text/Evolution_Food_Culture_Alternative_Foods(print).pdf,print,299939,77231,1,2,4,103316,True,True,84688,84688,0.8197,0.6257,67,0,0,10088
original/print/text/Evolution_Food_Culture_Alternative_Foods(print).pdf,print,299939,77231,2,2,4,78837,True,True,65620,65620,0.8324,0.5732,61,0,0,4586
original/print/text/Evolution_Food_Culture_Alternative_Foods(print).pdf,print,299939,77231,3,2,4,53891,True,True,48803,48803,0.9056,0.5972,21,0,0,2685
original/print/text/Evolution_Food_Culture_Alternative_Foods(print).pdf,print,377804,51707,1,2,3,77973,True,False,59621,59621,0.7646,0.4336,74,0,0,5034
original/print/text/Evolution_Food_Culture_Alternative_Foods(print).pdf,print,377804,51707,2,2,3,45061,True,False,42298,42298,0.9387,0.4238,136,0,0,11995
original/print/text/Evolution_Food_Culture_Alternative_Foods(print).pdf,print,430065,43958,1,2,2,46993,True,False,12153,12153,0.2586,0.104,168,0,0,20686
original/print/text/Evolution_Food_Culture_Alternative_Foods(print).pdf,print,492134,51705,1,2,3,67780,True,True,57434,57434,0.8474,0.7283,11,0,0,64
original/print/text/Evolution_Food_Culture_Alternative_Foods(print).pdf,print,492134,51705,2,2,3,23435,True,True,18361,18361,0.7835,0.6323,1,0,0,1
original/print/text/Evolution_Food_Culture_Alternative_Foods(print).pdf,print,586010,51865,1,2,3,80047,True,False,67555,67555,0.8439,0.8962,0,0,0,0
original/print/text/Evolution_Food_Culture_Alternative_Foods(print).pdf,print,586010,51865,2,2,3,21857,True,False,15290,15290,0.6995,0.571,2,0,0,11
original/print/text/Evolution_Food_Culture_Alternative_Foods(print).pdf,print,638513,42256,1,2,3,40150,True,False,26025,26025,0.6482,0.4146,115,0,0,25468
original/print/text/Evolution_Food_Culture_Alternative_Foods(print).pdf,print,638513,42256,2,2,3,270,True,False,101,101,0.3741,0.3741,1,0,0,1
original/print/text/Evolution_Food_Culture_Alternative_Foods(print).pdf,print,693916,27169,1,2,2,7932,True,True,3011,3011,0.3796,0.3228,11,0,0,92
original/print/text/Evolution_Food_Culture_Alternative_Foods(print).pdf,print,721734,486129,1,2,22,843879,True,True,839033,839033,0.9943,0.3691,8,0,0,573
original/print/text/Evolution_Food_Culture_Alternative_Foods(print).pdf,print,721734,486129,2,2,22,798635,True,True,740498,740498,0.9272,0.2053,99,0,0,3158
original/print/text/Evolution_Food_Culture_Alternative_Foods(print).pdf,print,721734,486129,3,2,22,752590,True,True,701599,701599,0.9322,0.3477,26,0,0,8729
original/print/text/Evolution_Food_Culture_Alternative_Foods(print).pdf,print,721734,486129,4,2,22,706766,True,True,663299,663299,0.9385,0.3276,141,0,0,4687
original/print/text/Evolution_Food_Culture_Alternative_Foods(print).pdf,print,721734,486129,5,2,22,658254,True,True,626245,626245,0.9514,0.3196,249,0,0,112557
original/print/text/Evolution_Food_Culture_Alternative_Foods(print).pdf,print,721734,486129,6,2,22,618323,True,True,585360,585360,0.9467,0.2837,3,0,0,5
original/print/text/Evolution_Food_Culture_Alternative_Foods(print).pdf,print,721734,486129,7,2,22,571608,True,True,551465,551465,0.9648,0.27,206,0,0,21321
original/print/text/Evolution_Food_Culture_Alternative_Foods(print).pdf,print,721734,486129,8,2,22,538536,True,True,502347,502347,0.9328,0.3115,24,0,0,364
original/print/text/Evolution_Food_Culture_Alternative_Foods(print).pdf,print,721734,486129,9,2,22,498623,True,True,465253,465253,0.9331,0.427,75,0,0,5292
original/print/text/Evolution_Food_Culture_Alternative_Foods(print).pdf,print,721734,486129,10,2,22,446008,True,True,410813,410813,0.9211,0.4094,55,0,0,45455
original/print/text/Evolution_Food_Culture_Alternative_Foods(print).pdf,print,721734,486129,11,2,22,410093,True,True,368871,368871,0.8995,0.2649,50,0,0,3609
original/print/text/Evolution_Food_Culture_Alternative_Foods(print).pdf,print,721734,486129,12,2,22,368274,True,True,331872,331872,0.9012,0.1914,30,0,0,797
original/print/text/Evolution_Food_Culture_Alternative_Foods(print).pdf,print,721734,486129,13,2,22,317591,True,True,293425,293425,0.9239,0.3789,2,0,0,33
original/print/text/Evolution_Food_Culture_Alternative_Foods(print).pdf,print,721734,486129,14,2,22,274901,True,True,255854,255854,0.9307,0.2991,7,0,0,1745
original/print/text/Evolution_Food_Culture_Alternative_Foods(print).pdf,print,721734,486129,15,2,22,241268,True,True,202939,202939,0.8411,0.3208,84,0,0,9938
original/print/text/Evolution_Food_Culture_Alternative_Foods(print).pdf,print,721734,486129,16,2,22,203066,True,True,167630,167630,0.8255,0.2434,64,0,0,1855
original/print/text/Evolution_Food_Culture_Alternative_Foods(print).pdf,print,721734,486129,17,2,22,162836,True,True,135054,135054,0.8294,0.2915,92,0,0,7235
original/print/text/Evolution_Food_Culture_Alternative_Foods(print).pdf,print,721734,486129,18,2,22,124482,True,True,115720,115720,0.9296,0.4258,21,0,0,2002
original/print/text/Evolution_Food_Culture_Alternative_Foods(print).pdf,print,721734,486129,19,2,22,87461,True,True,76945,76945,0.8798,0.5627,3,0,0,5
original/print/text/Evolution_Food_Culture_Alternative_Foods(print).pdf,print,721734,486129,20,2,22,54966,True,True,48714,48714,0.8863,0.5259,41,0,0,906
original/print/text/Evolution_Food_Culture_Alternative_Foods(print).pdf,print,721734,486129,21,2,22,19907,True,True,15872,15872,0.7973,0.5291,90,0,0,9133
original/print/text/Evolution_Food_Culture_Alternative_Foods(print).pdf,print,1212673,26577,1,2,2,12897,True,True,9063,9063,0.7027,0.75,121,0,0,11282
original/print/text/Evolution_Food_Culture_Alternative_Foods(print).pdf,print,1239899,41656,1,2,2,41512,True,True,34526,34526,0.8317,0.7139,25,0,0,306
original/print/text/Evolution_Food_Culture_Alternative_Foods(print).pdf,print,1282202,26016,1,2,2,12241,True,True,8046,8046,0.6573,0.532,126,0,0,2914
original/print/text/International_Logistics_Fire_Report(print).pdf,print,15542,96384,1,2,5,164525,True,True,160775,160775,0.9772,0.6743,110,0,0,7216
original/print/text/International_Logistics_Fire_Report(print).pdf,print,15542,96384,2,2,5,113685,True,True,107761,107761,0.9479,0.9341,0,0,0,0
original/print/text/International_Logistics_Fire_Report(print).pdf,print,15542,96384,3,2,5,74474,True,True,45541,45541,0.6115,0.4272,84,0,0,45911
original/print/text/International_Logistics_Fire_Report(print).pdf,print,15542,96384,4,2,5,24100,True,True,19423,19423,0.8059,0.541,0,0,0,0
original/print/text/International_Logistics_Fire_Report(print).pdf,print,112479,62763,1,2,3,114339,True,False,27663,27663,0.2419,0.1047,8,0,0,307
original/print/text/International_Logistics_Fire_Report(print).pdf,print,112479,62763,2,2,3,20265,True,False,2269,2269,0.112,0.1089,12,0,0,211
original/print/text/International_Logistics_Fire_Report(print).pdf,print,175317,63704,1,2,3,115887,True,False,29605,29605,0.2555,0.0886,70,0,0,7095
original/print/text/International_Logistics_Fire_Report(print).pdf,print,175317,63704,2,2,3,21986,True,True,2886,2886,0.1313,0.106,42,0,0,1603
original/print/text/International_Logistics_Fire_Report(print).pdf,print,250961,32484,1,2,2,28632,True,True,10184,10184,0.3557,0.094,3,0,0,477
original/print/text/International_Logistics_Fire_Report(print).pdf,print,283861,32836,1,2,2,46659,True,True,42934,42934,0.9202,0.498,113,0,0,13909
original/print/text/International_Logistics_Fire_Report(print).pdf,print,317331,24653,1,2,2,24661,True,True,21701,21701,0.88,0.5994,83,0,0,5795
original/print/text/International_Logistics_Fire_Report(print).pdf,print,369316,42445,1,2,3,46542,True,True,39880,39880,0.8569,0.5725,162,0,0,5330
original/print/text/International_Logistics_Fire_Report(print).pdf,print,369316,42445,2,2,3,3457,True,True,1312,1312,0.3795,0.3795,10,0,0,53
original/print/text/International_Logistics_Fire_Report(print).pdf,print,456601,49807,1,2,3,76629,True,False,63854,63854,0.8333,0.7397,16,0,0,5340
original/print/text/International_Logistics_Fire_Report(print).pdf,print,456601,49807,2,2,3,18523,True,False,11730,11730,0.6333,0.3044,125,0,0,4736
original/print/text/International_Logistics_Fire_Report(print).pdf,print,507043,44568,1,2,3,45173,True,True,30300,30300,0.6708,0.3,114,0,0,4168
original/print/text/International_Logistics_Fire_Report(print).pdf,print,507043,44568,2,2,3,5657,True,True,3368,3368,0.5954,0.582,55,0,0,1829
original/print/text/International_Logistics_Fire_Report(print).pdf,print,572561,26332,1,2,2,6198,True,True,2319,2319,0.3742,0.3438,31,0,0,4896
original/print/text/International_Logistics_Fire_Report(print).pdf,print,599542,491093,1,2,22,851192,True,False,847282,847282,0.9954,0.9685,9,0,0,49
original/print/text/International_Logistics_Fire_Report(print).pdf,print,599542,491093,2,2,22,809202,True,False,761381,761381,0.9409,0.4319,249,0,0,87788
original/print/text/International_Logistics_Fire_Report(print).pdf,print,599542,491093,3,2,22,761162,True,True,718544,718544,0.944,0.3145,171,0,0,14446
original/print/text/International_Logistics_Fire_Report(print).pdf,print,599542,491093,4,2,22,717060,True,True,669074,669074,0.9331,0.2566,31,0,0,5427
original/print/text/International_Logistics_Fire_Report(print).pdf,print,599542,491093,5,2,22,669366,True,False,633473,633473,0.9464,0.2446,28,0,0,374
original/print/text/International_Logistics_Fire_Report(print).pdf,print,599542,491093,6,2,22,627748,True,False,602786,602786,0.9602,0.2329,58,0,0,908
original/print/text/International_Logistics_Fire_Report(print).pdf,print,599542,491093,7,2,22,583134,True,True,556797,556797,0.9548,0.2209,29,0,0,957
original/print/text/International_Logistics_Fire_Report(print).pdf,print,599542,491093,8,2,22,546435,True,True,527476,527476,0.9653,0.5759,65,0,0,1026
original/print/text/International_Logistics_Fire_Report(print).pdf,print,599542,491093,9,2,22,508365,True,False,470330,470330,0.9252,0.2927,26,0,0,4261
original/print/text/International_Logistics_Fire_Report(print).pdf,print,599542,491093,10,2,22,461251,True,False,417518,417518,0.9052,0.2275,43,0,0,2379
original/print/text/International_Logistics_Fire_Report(print).pdf,print,599542,491093,11,2,22,418583,True,True,378100,378100,0.9033,0.3579,130,0,0,11787
original/print/text/International_Logistics_Fire_Report(print).pdf,print,599542,491093,12,2,22,378374,True,False,352776,352776,0.9323,0.4172,9,0,0,2521
original/print/text/International_Logistics_Fire_Report(print).pdf,print,599542,491093,13,2,22,325849,True,True,302218,302218,0.9275,0.259,76,0,0,4806
original/print/text/International_Logistics_Fire_Report(print).pdf,print,599542,491093,14,2,22,285750,True,False,262414,262414,0.9183,0.2249,12,0,0,117
original/print/text/International_Logistics_Fire_Report(print).pdf,print,599542,491093,15,2,22,249850,True,False,209854,209854,0.8399,0.3137,17,0,0,184
original/print/text/International_Logistics_Fire_Report(print).pdf,print,599542,491093,16,2,22,212137,True,False,178048,178048,0.8393,0.3416,2,0,0,7
original/print/text/International_Logistics_Fire_Report(print).pdf,print,599542,491093,17,2,22,170469,True,False,145952,145952,0.8562,0.4404,31,0,0,549
original/print/text/International_Logistics_Fire_Report(print).pdf,print,599542,491093,18,2,22,133452,True,True,119457,119457,0.8951,0.2012,50,0,0,576
original/print/text/International_Logistics_Fire_Report(print).pdf,print,599542,491093,19,2,22,97138,True,True,83613,83613,0.8608,0.4592,0,0,0,0
original/print/text/International_Logistics_Fire_Report(print).pdf,print,599542,491093,20,2,22,62918,True,True,55665,55665,0.8847,0.5728,21,0,0,312
original/print/text/International_Logistics_Fire_Report(print).pdf,print,599542,491093,21,2,22,27177,True,False,20084,20084,0.739,0.4519,105,0,0,14744
original/print/text/International_Logistics_Fire_Report(print).pdf,print,1104994,34483,1,2,2,26285,True,True,15369,15369,0.5847,0.4414,132,0,0,6738
original/print/text/International_Logistics_Fire_Report(print).pdf,print,1140124,28018,1,2,2,18517,True,False,11552,11552,0.6239,0.437,110,0,0,2651
original/print/text/Lumina_Interior_Lighting_Designbook(print).pdf,print,26573,111469,1,2,6,199264,True,False,196153,196153,0.9844,0.6223,76,0,0,2247
original/print/text/Lumina_Interior_Lighting_Designbook(print).pdf,print,26573,111469,2,2,6,160203,True,False,150885,150885,0.9418,0.458,0,0,0,0
original/print/text/Lumina_Interior_Lighting_Designbook(print).pdf,print,26573,111469,3,2,6,111684,True,False,75945,75945,0.68,0.1687,6,0,0,51
original/print/text/Lumina_Interior_Lighting_Designbook(print).pdf,print,26573,111469,4,2,6,60902,True,False,49778,49778,0.8173,0.5938,84,0,0,4396
original/print/text/Lumina_Interior_Lighting_Designbook(print).pdf,print,26573,111469,5,2,6,22177,True,False,16450,16450,0.7418,0.8005,14,0,0,132
original/print/text/Lumina_Interior_Lighting_Designbook(print).pdf,print,150983,67214,1,2,4,132168,True,True,114192,114192,0.864,0.0059,69,0,0,45331
original/print/text/Lumina_Interior_Lighting_Designbook(print).pdf,print,150983,67214,2,2,4,83308,True,True,61116,61116,0.7336,0.6509,29,0,0,1165
original/print/text/Lumina_Interior_Lighting_Designbook(print).pdf,print,150983,67214,3,2,4,5754,True,True,3841,3841,0.6675,0.6577,15,0,0,2291
original/print/text/Lumina_Interior_Lighting_Designbook(print).pdf,print,242946,71692,1,2,4,96086,True,False,79666,79666,0.8291,0.6206,29,0,0,982
original/print/text/Lumina_Interior_Lighting_Designbook(print).pdf,print,242946,71692,2,2,4,71467,True,False,60597,60597,0.8479,0.6064,79,0,0,6445
original/print/text/Lumina_Interior_Lighting_Designbook(print).pdf,print,242946,71692,3,2,4,46476,True,False,44259,44259,0.9523,0.5818,108,0,0,7099
original/print/text/Lumina_Interior_Lighting_Designbook(print).pdf,print,315271,21839,1,2,2,20643,True,False,19198,19198,0.93,0.7888,37,0,0,1070
original/print/text/Lumina_Interior_Lighting_Designbook(print).pdf,print,337744,96384,1,2,5,164525,True,True,160775,160775,0.9772,0.6743,110,0,0,7216
original/print/text/Lumina_Interior_Lighting_Designbook(print).pdf,print,337744,96384,2,2,5,113685,True,True,107761,107761,0.9479,0.9341,0,0,0,0
original/print/text/Lumina_Interior_Lighting_Designbook(print).pdf,print,337744,96384,3,2,5,74474,True,True,45541,45541,0.6115,0.4272,84,0,0,45911
original/print/text/Lumina_Interior_Lighting_Designbook(print).pdf,print,337744,96384,4,2,5,24100,True,True,19423,19423,0.8059,0.541,0,0,0,0
original/print/text/Lumina_Interior_Lighting_Designbook(print).pdf,print,451839,65530,1,2,4,101140,True,False,81850,81850,0.8093,0.3088,96,0,0,30356
original/print/text/Lumina_Interior_Lighting_Designbook(print).pdf,print,451839,65530,2,2,4,51563,True,False,44659,44659,0.8661,0.3569,33,0,0,2941
original/print/text/Lumina_Interior_Lighting_Designbook(print).pdf,print,451839,65530,3,2,4,8130,True,False,3829,3829,0.471,0.4614,7,0,0,57
original/print/text/Lumina_Interior_Lighting_Designbook(print).pdf,print,518016,42950,1,2,3,45070,True,False,32061,32061,0.7114,0.2588,30,0,0,404
original/print/text/Lumina_Interior_Lighting_Designbook(print).pdf,print,518016,42950,2,2,3,1581,True,False,458,458,0.2897,0.2897,15,0,0,133
original/print/text/Lumina_Interior_Lighting_Designbook(print).pdf,print,588733,54500,1,2,3,85852,True,False,70966,70966,0.8266,0.3245,117,0,0,9650
original/print/text/Lumina_Interior_Lighting_Designbook(print).pdf,print,588733,54500,2,2,3,26942,True,True,21988,21988,0.8161,0.4219,84,0,0,10465
original/print/text/Lumina_Interior_Lighting_Designbook(print).pdf,print,647685,26006,1,2,2,5582,True,False,2049,2049,0.3671,0.3296,140,0,0,22286
original/print/text/Lumina_Interior_Lighting_Designbook(print).pdf,print,699980,26230,1,2,2,13772,True,False,8819,8819,0.6404,0.4912,90,0,0,4082
original/print/text/Lumina_Interior_Lighting_Designbook(print).pdf,print,726859,43150,1,2,3,43792,True,True,38492,38492,0.879,0.7029,2,0,0,8
original/print/text/Lumina_Interior_Lighting_Designbook(print).pdf,print,726859,43150,2,2,3,1018,True,True,339,339,0.333,0.333,54,0,0,13196
original/print/text/NeoHome_Smart_Appliances_Catalog_v5(print).pdf,print,144,25510,1,2,2,10356,True,True,5316,5316,0.5133,0.4514,42,0,0,486
original/print/text/NeoHome_Smart_Appliances_Catalog_v5(print).pdf,print,44440,111452,1,2,6,199221,True,False,196097,196097,0.9843,0.6243,106,0,0,15381
original/print/text/NeoHome_Smart_Appliances_Catalog_v5(print).pdf,print,44440,111452,2,2,6,160117,True,True,150835,150835,0.942,0.4724,2,0,0,16
original/print/text/NeoHome_Smart_Appliances_Catalog_v5(print).pdf,print,44440,111452,3,2,6,111663,True,False,75905,75905,0.6798,0.1626,17,0,0,226
original/print/text/NeoHome_Smart_Appliances_Catalog_v5(print).pdf,print,44440,111452,4,2,6,60444,True,False,49759,49759,0.8232,0.6321,115,0,0,9901
original/print/text/NeoHome_Smart_Appliances_Catalog_v5(print).pdf,print,44440,111452,5,2,6,22108,True,False,16426,16426,0.743,0.8054,150,0,0,7331
original/print/text/NeoHome_Smart_Appliances_Catalog_v5(print).pdf,print,168833,67214,1,2,4,132168,True,True,114192,114192,0.864,0.0059,69,0,0,45331
original/print/text/NeoHome_Smart_Appliances_Catalog_v5(print).pdf,print,168833,67214,2,2,4,83308,True,True,61116,61116,0.7336,0.6509,29,0,0,1165
original/print/text/NeoHome_Smart_Appliances_Catalog_v5(print).pdf,print,168833,67214,3,2,4,5754,True,True,3841,3841,0.6675,0.6577,15,0,0,2291
original/print/text/NeoHome_Smart_Appliances_Catalog_v5(print).pdf,print,236681,96384,1,2,5,164525,True,True,160775,160775,0.9772,0.6743,110,0,0,7216
original/print/text/NeoHome_Smart_Appliances_Catalog_v5(print).pdf,print,236681,96384,2,2,5,113685,True,True,107761,107761,0.9479,0.9341,0,0,0,0
original/print/text/NeoHome_Smart_Appliances_Catalog_v5(print).pdf,print,236681,96384,3,2,5,74474,True,True,45541,45541,0.6115,0.4272,84,0,0,45911
original/print/text/NeoHome_Smart_Appliances_Catalog_v5(print).pdf,print,236681,96384,4,2,5,24100,True,True,19423,19423,0.8059,0.541,0,0,0,0
original/print/text/NeoHome_Smart_Appliances_Catalog_v5(print).pdf,print,338044,28472,1,2,2,14216,True,True,4369,4369,0.3073,0.2405,13,0,0,119
original/print/text/NeoHome_Smart_Appliances_Catalog_v5(print).pdf,print,367069,77173,1,2,3,131681,True,True,45086,45086,0.3424,0.1033,68,0,0,6358
original/print/text/NeoHome_Smart_Appliances_Catalog_v5(print).pdf,print,367069,77173,2,2,3,56860,True,True,12775,12775,0.2247,0.084,41,0,0,1175
original/print/text/NeoHome_Smart_Appliances_Catalog_v5(print).pdf,print,444317,76627,1,2,3,131656,True,False,44270,44270,0.3363,0.1101,115,0,0,6714
original/print/text/NeoHome_Smart_Appliances_Catalog_v5(print).pdf,print,444317,76627,2,2,3,56031,True,False,13437,13437,0.2398,0.1211,142,0,0,7601
original/print/text/NeoHome_Smart_Appliances_Catalog_v5(print).pdf,print,521019,76327,1,2,3,130100,True,True,44902,44902,0.3451,0.0771,32,0,0,2022
original/print/text/NeoHome_Smart_Appliances_Catalog_v5(print).pdf,print,521019,76327,2,2,3,53993,True,True,12010,12010,0.2224,0.1055,22,0,0,378
original/print/text/NeoHome_Smart_Appliances_Catalog_v5(print).pdf,print,597421,75787,1,2,3,130766,True,False,43765,43765,0.3347,0.093,20,0,0,363
original/print/text/NeoHome_Smart_Appliances_Catalog_v5(print).pdf,print,597421,75787,2,2,3,55136,True,True,13289,13289,0.241,0.0994,74,0,0,4014
original/print/text/NeoHome_Smart_Appliances_Catalog_v5(print).pdf,print,673283,76915,1,2,3,131225,True,False,45800,45800,0.349,0.0994,46,0,0,2698
original/print/text/NeoHome_Smart_Appliances_Catalog_v5(print).pdf,print,673283,76915,2,2,3,56021,True,False,11916,11916,0.2127,0.1016,56,0,0,2521
original/print/text/NeoHome_Smart_Appliances_Catalog_v5(print).pdf,print,750273,76827,1,2,3,131587,True,True,44862,44862,0.3409,0.1001,191,0,0,57992
original/print/text/NeoHome_Smart_Appliances_Catalog_v5(print).pdf,print,750273,76827,2,2,3,55058,True,False,12325,12325,0.2239,0.1218,36,0,0,777
original/print/text/NeoHome_Smart_Appliances_Catalog_v5(print).pdf,print,827175,76806,1,2,3,131950,True,True,44048,44048,0.3338,0.0906,90,0,0,4725
original/print/text/NeoHome_Smart_Appliances_Catalog_v5(print).pdf,print,827175,76806,2,2,3,56828,True,True,13221,13221,0.2326,0.1028,188,0,0,24865
original/print/text/NeoHome_Smart_Appliances_Catalog_v5(print).pdf,print,904056,76769,1,2,3,131542,True,False,44840,44840,0.3409,0.0952,158,0,0,12397
original/print/text/NeoHome_Smart_Appliances_Catalog_v5(print).pdf,print,904056,76769,2,2,3,56217,True,False,13465,13465,0.2395,0.1138,31,0,0,482
original/print/text/NeoHome_Smart_Appliances_Catalog_v5(print).pdf,print,980900,76236,1,2,3,129450,True,True,40656,40656,0.3141,0.0991,6,0,0,32
original/print/text/NeoHome_Smart_Appliances_Catalog_v5(print).pdf,print,980900,76236,2,2,3,51642,True,False,12109,12109,0.2345,0.0969,97,0,0,6093
original/print/text/NeoHome_Smart_Appliances_Catalog_v5(print).pdf,print,1057211,54332,1,2,2,71734,True,True,18815,18815,0.2623,0.0762,84,0,0,4236
original/print/text/NeoHome_Smart_Appliances_Catalog_v5(print).pdf,print,1112019,38222,1,2,2,39448,True,False,30726,30726,0.7789,0.4338,122,0,0,1945
original/print/text/NeoHome_Smart_Appliances_Catalog_v5(print).pdf,print,1150875,28615,1,2,2,15975,True,True,11124,11124,0.6963,0.8369,152,0,0,12685
original/print/text/NeoHome_Smart_Appliances_Catalog_v5(print).pdf,print,1203547,53872,1,2,3,84422,True,False,69769,69769,0.8264,0.314,29,0,0,690
original/print/text/NeoHome_Smart_Appliances_Catalog_v5(print).pdf,print,1203547,53872,2,2,3,25562,True,False,21633,21633,0.8463,0.6692,10,0,0,50
original/print/text/NeoHome_Smart_Appliances_Catalog_v5(print).pdf,print,1270143,29831,1,2,2,13300,True,False,6055,6055,0.4553,0.4236,103,0,0,2563
original/print/text/NeoHome_Smart_Appliances_Catalog_v5(print).pdf,print,1304740,23634,1,2,2,6592,True,False,4522,4522,0.686,0.6213,52,0,0,3602
original/print/text/NeoHome_Smart_Appliances_Catalog_v5(print).pdf,print,1329023,45691,1,2,3,52866,True,False,46259,46259,0.875,0.7642,1,0,0,1
original/print/text/NeoHome_Smart_Appliances_Catalog_v5(print).pdf,print,1329023,45691,2,2,3,6099,True,False,4274,4274,0.7008,0.6599,20,0,0,2455
original/print/text/New_Care_Models_Aging_Society(print).pdf,print,145,96384,1,2,5,164525,True,True,160775,160775,0.9772,0.6743,110,0,0,7216
original/print/text/New_Care_Models_Aging_Society(print).pdf,print,145,96384,2,2,5,113685,True,True,107761,107761,0.9479,0.9341,0,0,0,0
original/print/text/New_Care_Models_Aging_Society(print).pdf,print,145,96384,3,2,5,74474,True,True,45541,45541,0.6115,0.4272,84,0,0,45911
original/print/text/New_Care_Models_Aging_Society(print).pdf,print,145,96384,4,2,5,24100,True,True,19423,19423,0.8059,0.541,0,0,0,0
original/print/text/New_Care_Models_Aging_Society(print).pdf,print,109251,29013,1,2,2,4160,True,False,61,61,0.0147,0.0115,126,0,0,14057
original/print/text/New_Care_Models_Aging_Society(print).pdf,print,154593,76482,1,2,3,131586,True,True,45192,45192,0.3434,0.1079,85,0,0,9129
original/print/text/New_Care_Models_Aging_Society(print).pdf,print,154593,76482,2,2,3,55783,True,True,11678,11678,0.2093,0.1003,17,0,0,210
original/print/text/New_Care_Models_Aging_Society(print).pdf,print,231150,77119,1,2,3,131164,True,True,40812,40812,0.3112,0.0994,127,0,0,9077
original/print/text/New_Care_Models_Aging_Society(print).pdf,print,231150,77119,2,2,3,57196,True,True,12307,12307,0.2152,0.1101,125,0,0,16212
original/print/text/New_Care_Models_Aging_Society(print).pdf,print,308344,76972,1,2,3,132206,True,False,42767,42767,0.3235,0.0823,101,0,0,20073
original/print/text/New_Care_Models_Aging_Society(print).pdf,print,308344,76972,2,2,3,56452,True,False,13105,13105,0.2321,0.0896,10,0,0,113
original/print/text/New_Care_Models_Aging_Society(print).pdf,print,385391,77026,1,2,3,131634,True,False,42542,42542,0.3232,0.105,59,0,0,1849
original/print/text/New_Care_Models_Aging_Society(print).pdf,print,385391,77026,2,2,3,55329,True,True,11186,11186,0.2022,0.1079,32,0,0,1952
original/print/text/New_Care_Models_Aging_Society(print).pdf,print,462492,75796,1,2,3,131449,True,False,40968,40968,0.3117,0.093,88,0,0,20665
original/print/text/New_Care_Models_Aging_Society(print).pdf,print,462492,75796,2,2,3,52889,True,False,12063,12063,0.2281,0.1128,43,0,0,633
original/print/text/New_Care_Models_Aging_Society(print).pdf,print,538363,76362,1,2,3,130169,True,False,41664,41664,0.3201,0.0996,35,0,0,717
original/print/text/New_Care_Models_Aging_Society(print).pdf,print,538363,76362,2,2,3,54915,True,False,10655,10655,0.194,0.0999,132,0,0,22897
original/print/text/New_Care_Models_Aging_Society(print).pdf,print,614800,76590,1,2,3,131148,True,True,41363,41363,0.3154,0.0908,31,0,0,4655
original/print/text/New_Care_Models_Aging_Society(print).pdf,print,614800,76590,2,2,3,54943,True,True,12435,12435,0.2263,0.0935,19,0,0,386
original/print/text/New_Care_Models_Aging_Society(print).pdf,print,691465,76194,1,2,3,129766,True,True,42117,42117,0.3246,0.0891,34,0,0,547
original/print/text/New_Care_Models_Aging_Society(print).pdf,print,691465,76194,2,2,3,54183,True,True,11686,11686,0.2157,0.0845,94,0,0,5073
original/print/text/New_Care_Models_Aging_Society(print).pdf,print,767734,76365,1,2,3,130909,True,True,41823,41823,0.3195,0.1028,8,0,0,35
original/print/text/New_Care_Models_Aging_Society(print).pdf,print,767734,76365,2,2,3,53223,True,True,10877,10877,0.2044,0.1226,12,0,0,150
original/print/text/New_Care_Models_Aging_Society(print).pdf,print,844174,76631,1,2,3,131052,True,True,43283,43283,0.3303,0.1052,13,0,0,124
original/print/text/New_Care_Models_Aging_Society(print).pdf,print,844174,76631,2,2,3,54716,True,True,12500,12500,0.2285,0.0964,79,0,0,26317
original/print/text/New_Care_Models_Aging_Society(print).pdf,print,920880,77066,1,2,3,131918,True,False,42906,42906,0.3252,0.1077,170,0,0,12433
original/print/text/New_Care_Models_Aging_Society(print).pdf,print,920880,77066,2,2,3,56850,True,False,11872,11872,0.2088,0.0833,32,0,0,427
original/print/text/New_Care_Models_Aging_Society(print).pdf,print,998021,76942,1,2,3,130253,True,False,40832,40832,0.3135,0.113,122,0,0,50858
original/print/text/New_Care_Models_Aging_Society(print).pdf,print,998021,76942,2,2,3,54547,True,False,11847,11847,0.2172,0.1074,67,0,0,4512
original/print/text/New_Care_Models_Aging_Society(print).pdf,print,1075038,34870,1,2,2,21454,True,False,2880,2880,0.1342,0.0854,116,0,0,16653
original/print/text/New_Care_Models_Aging_Society(print).pdf,print,1110383,34470,1,2,2,29343,True,True,19485,19485,0.664,0.645,27,0,0,403
original/print/text/New_Care_Models_Aging_Society(print).pdf,print,1145487,26630,1,2,2,12277,True,True,6437,6437,0.5243,0.5005,92,0,0,2521
original/print/text/New_Care_Models_Aging_Society(print).pdf,print,1221469,27414,1,2,2,8358,True,True,3222,3222,0.3855,0.335,108,0,0,7204
original/print/text/New_Care_Models_Aging_Society(print).pdf,print,1253481,28577,1,2,2,18006,True,False,11154,11154,0.6195,0.427,154,0,0,18287
original/print/text/New_Care_Models_Aging_Society(print).pdf,print,1282706,33944,1,2,2,37927,True,False,32319,32319,0.8521,0.8235,16,0,0,74
original/print/text/Next_Decade_Space_Exploration(print).pdf,print,8617,96384,1,2,5,164525,True,True,160775,160775,0.9772,0.6743,110,0,0,7216
original/print/text/Next_Decade_Space_Exploration(print).pdf,print,8617,96384,2,2,5,113685,True,True,107761,107761,0.9479,0.9341,0,0,0,0
original/print/text/Next_Decade_Space_Exploration(print).pdf,print,8617,96384,3,2,5,74474,True,True,45541,45541,0.6115,0.4272,84,0,0,45911
original/print/text/Next_Decade_Space_Exploration(print).pdf,print,8617,96384,4,2,5,24100,True,True,19423,19423,0.8059,0.541,0,0,0,0
original/print/text/Next_Decade_Space_Exploration(print).pdf,print,145989,88168,1,2,5,118849,True,True,98321,98321,0.8273,0.6396,187,0,0,34312
original/print/text/Next_Decade_Space_Exploration(print).pdf,print,145989,88168,2,2,5,94447,True,True,77256,77256,0.818,0.6106,33,0,0,849
original/print/text/Next_Decade_Space_Exploration(print).pdf,print,145989,88168,3,2,5,69650,True,True,59351,59351,0.8521,0.5876,84,0,0,6390
original/print/text/Next_Decade_Space_Exploration(print).pdf,print,145989,88168,4,2,5,44727,True,True,43210,43210,0.9661,0.7544,84,0,0,5038
original/print/text/Next_Decade_Space_Exploration(print).pdf,print,234791,82646,1,2,4,111816,True,False,69208,69208,0.6189,0.436,85,0,0,13517
original/print/text/Next_Decade_Space_Exploration(print).pdf,print,234791,82646,2,2,4,79516,True,True,47573,47573,0.5983,0.364,132,0,0,11791
original/print/text/Next_Decade_Space_Exploration(print).pdf,print,234791,82646,3,2,4,46559,True,True,28764,28764,0.6178,0.3557,93,0,0,14134
original/print/text/Next_Decade_Space_Exploration(print).pdf,print,320226,30871,1,2,2,23154,True,True,13352,13352,0.5767,0.7415,12,0,0,66
original/print/text/Next_Decade_Space_Exploration(print).pdf,print,371305,55438,1,2,3,78880,True,True,64557,64557,0.8184,0.2808,17,0,0,243
original/print/text/Next_Decade_Space_Exploration(print).pdf,print,371305,55438,2,2,3,30673,True,True,23589,23589,0.769,0.2959,71,0,0,4898
original/print/text/Next_Decade_Space_Exploration(print).pdf,print,447687,52515,1,2,3,80788,True,False,68539,68539,0.8484,0.8513,102,0,0,6540
original/print/text/Next_Decade_Space_Exploration(print).pdf,print,447687,52515,2,2,3,23017,True,True,16690,16690,0.7251,0.5818,10,0,0,123
original/print/text/Next_Decade_Space_Exploration(print).pdf,print,515356,27540,1,2,2,8638,True,True,3314,3314,0.3837,0.3323,91,0,0,4558
original/print/text/Next_Decade_Space_Exploration(print).pdf,print,554917,29148,1,2,2,19172,True,True,12020,12020,0.627,0.4041,14,0,0,50
original/print/text/Next_Decade_Space_Exploration(print).pdf,print,584714,42723,1,2,3,43714,True,False,38504,38504,0.8808,0.717,80,0,0,3942
original/print/text/Next_Decade_Space_Exploration(print).pdf,print,584714,42723,2,2,3,813,True,False,329,329,0.4047,0.4047,0,0,0,0
original/print/text/OceanQuest_Modular_Water_Leisure_Equipment_Guide(print).pdf,print,21764,96384,1,2,5,164525,True,True,160775,160775,0.9772,0.6743,110,0,0,7216
original/print/text/OceanQuest_Modular_Water_Leisure_Equipment_Guide(print).pdf,print,21764,96384,2,2,5,113685,True,True,107761,107761,0.9479,0.9341,0,0,0,0
original/print/text/OceanQuest_Modular_Water_Leisure_Equipment_Guide(print).pdf,print,21764,96384,3,2,5,74474,True,True,45541,45541,0.6115,0.4272,84,0,0,45911
original/print/text/OceanQuest_Modular_Water_Leisure_Equipment_Guide(print).pdf,print,21764,96384,4,2,5,24100,True,True,19423,19423,0.8059,0.541,0,0,0,0
original/print/text/OceanQuest_Modular_Water_Leisure_Equipment_Guide(print).pdf,print,122266,76334,1,2,3,131367,True,True,41965,41965,0.3194,0.0964,84,0,0,6919
original/print/text/OceanQuest_Modular_Water_Leisure_Equipment_Guide(print).pdf,print,122266,76334,2,2,3,54356,True,True,10718,10718,0.1972,0.0664,78,0,0,9340
original/print/text/OceanQuest_Modular_Water_Leisure_Equipment_Guide(print).pdf,print,198675,76002,1,2,3,130334,True,False,44073,44073,0.3382,0.1091,117,0,0,4593
original/print/text/OceanQuest_Modular_Water_Leisure_Equipment_Guide(print).pdf,print,198675,76002,2,2,3,54208,True,False,12508,12508,0.2307,0.095,74,0,0,2037
original/print/text/OceanQuest_Modular_Water_Leisure_Equipment_Guide(print).pdf,print,274752,76581,1,2,3,131108,True,True,44751,44751,0.3413,0.1016,173,0,0,10990
original/print/text/OceanQuest_Modular_Water_Leisure_Equipment_Guide(print).pdf,print,274752,76581,2,2,3,56024,True,True,11448,11448,0.2043,0.1057,4,0,0,25
original/print/text/OceanQuest_Modular_Water_Leisure_Equipment_Guide(print).pdf,print,351408,75953,1,2,3,129954,True,False,41619,41619,0.3203,0.0911,135,0,0,10036
original/print/text/OceanQuest_Modular_Water_Leisure_Equipment_Guide(print).pdf,print,351408,75953,2,2,3,54393,True,False,11949,11949,0.2197,0.0935,54,0,0,1694
original/print/text/OceanQuest_Modular_Water_Leisure_Equipment_Guide(print).pdf,print,427436,76620,1,2,3,130789,True,True,44169,44169,0.3377,0.1177,203,0,0,53208
original/print/text/OceanQuest_Modular_Water_Leisure_Equipment_Guide(print).pdf,print,427436,76620,2,2,3,55136,True,True,12142,12142,0.2202,0.1072,32,0,0,1775
original/print/text/OceanQuest_Modular_Water_Leisure_Equipment_Guide(print).pdf,print,504131,75990,1,2,3,130441,True,False,42364,42364,0.3248,0.1072,142,0,0,6267
original/print/text/OceanQuest_Modular_Water_Leisure_Equipment_Guide(print).pdf,print,504131,75990,2,2,3,54058,True,False,11372,11372,0.2104,0.0957,61,0,0,2241
original/print/text/OceanQuest_Modular_Water_Leisure_Equipment_Guide(print).pdf,print,580196,76012,1,2,3,129789,True,False,43663,43663,0.3364,0.1113,164,0,0,23924
original/print/text/OceanQuest_Modular_Water_Leisure_Equipment_Guide(print).pdf,print,580196,76012,2,2,3,54721,True,False,13579,13579,0.2481,0.1008,84,0,0,11520
original/print/text/OceanQuest_Modular_Water_Leisure_Equipment_Guide(print).pdf,print,656283,76905,1,2,3,131171,True,False,45014,45014,0.3432,0.105,103,0,0,8937
original/print/text/OceanQuest_Modular_Water_Leisure_Equipment_Guide(print).pdf,print,656283,76905,2,2,3,55558,True,False,11689,11689,0.2104,0.1106,41,0,0,1010
original/print/text/OceanQuest_Modular_Water_Leisure_Equipment_Guide(print).pdf,print,733263,76280,1,2,3,131092,True,False,43212,43212,0.3296,0.1162,56,0,0,2525
original/print/text/OceanQuest_Modular_Water_Leisure_Equipment_Guide(print).pdf,print,733263,76280,2,2,3,55516,True,False,13342,13342,0.2403,0.0967,101,0,0,6213
original/print/text/OceanQuest_Modular_Water_Leisure_Equipment_Guide(print).pdf,print,809618,76501,1,2,3,130973,True,True,44773,44773,0.3418,0.0942,139,0,0,26393
original/print/text/OceanQuest_Modular_Water_Leisure_Equipment_Guide(print).pdf,print,809618,76501,2,2,3,55057,True,False,12291,12291,0.2232,0.0886,79,0,0,3759
original/print/text/OceanQuest_Modular_Water_Leisure_Equipment_Guide(print).pdf,print,886194,76170,1,2,3,131267,True,True,40874,40874,0.3114,0.0935,68,0,0,4490
original/print/text/OceanQuest_Modular_Water_Leisure_Equipment_Guide(print).pdf,print,886194,76170,2,2,3,54530,True,True,12007,12007,0.2202,0.0964,51,0,0,1664
original/print/text/OceanQuest_Modular_Water_Leisure_Equipment_Guide(print).pdf,print,962439,75844,1,2,3,129841,True,True,42639,42639,0.3284,0.0754,0,0,0,0
original/print/text/OceanQuest_Modular_Water_Leisure_Equipment_Guide(print).pdf,print,962439,75844,2,2,3,54868,True,False,12767,12767,0.2327,0.0991,110,0,0,16696
original/print/text/OceanQuest_Modular_Water_Leisure_Equipment_Guide(print).pdf,print,1074618,42027,1,2,2,43846,True,True,31752,31752,0.7242,0.3154,159,0,0,39916
original/print/text/OceanQuest_Modular_Water_Leisure_Equipment_Guide(print).pdf,print,1150711,52075,1,2,3,80288,True,True,67832,67832,0.8449,0.8777,9,0,0,44
original/print/text/OceanQuest_Modular_Water_Leisure_Equipment_Guide(print).pdf,print,1150711,52075,2,2,3,22229,True,True,15656,15656,0.7043,0.5732,252,0,0,28861
original/print/text/OceanQuest_Modular_Water_Leisure_Equipment_Guide(print).pdf,print,1207047,27133,1,2,2,7901,True,False,3005,3005,0.3803,0.325,13,0,0,135
original/print/text/OceanQuest_Modular_Water_Leisure_Equipment_Guide(print).pdf,print,1234818,486166,1,2,22,844090,True,True,839078,839078,0.9941,0.3508,66,0,0,7436
original/print/text/OceanQuest_Modular_Water_Leisure_Equipment_Guide(print).pdf,print,1234818,486166,2,2,22,798808,True,True,740633,740633,0.9272,0.22,72,0,0,1555
original/print/text/OceanQuest_Modular_Water_Leisure_Equipment_Guide(print).pdf,print,1234818,486166,3,2,22,752748,True,True,702113,702113,0.9327,0.3599,6,0,0,271
original/print/text/OceanQuest_Modular_Water_Leisure_Equipment_Guide(print).pdf,print,1234818,486166,4,2,22,706971,True,True,663354,663354,0.9383,0.3235,287,0,0,20824
original/print/text/OceanQuest_Modular_Water_Leisure_Equipment_Guide(print).pdf,print,1234818,486166,5,2,22,658565,True,False,626306,626306,0.951,0.2996,203,0,0,390997
original/print/text/OceanQuest_Modular_Water_Leisure_Equipment_Guide(print).pdf,print,1234818,486166,6,2,22,618562,True,True,586138,586138,0.9476,0.2891,110,0,0,43124
original/print/text/OceanQuest_Modular_Water_Leisure_Equipment_Guide(print).pdf,print,1234818,486166,7,2,22,571893,True,True,551509,551509,0.9644,0.2659,41,0,0,1437
original/print/text/OceanQuest_Modular_Water_Leisure_Equipment_Guide(print).pdf,print,1234818,486166,8,2,22,538704,True,False,502429,502429,0.9327,0.2991,71,0,0,2761
original/print/text/OceanQuest_Modular_Water_Leisure_Equipment_Guide(print).pdf,print,1234818,486166,9,2,22,498774,True,True,465303,465303,0.9329,0.4177,72,0,0,5421
original/print/text/OceanQuest_Modular_Water_Leisure_Equipment_Guide(print).pdf,print,1234818,486166,10,2,22,446125,True,True,410864,410864,0.921,0.4187,32,0,0,672
original/print/text/OceanQuest_Modular_Water_Leisure_Equipment_Guide(print).pdf,print,1234818,486166,11,2,22,410262,True,True,368974,368974,0.8994,0.2637,2,0,0,23
original/print/text/OceanQuest_Modular_Water_Leisure_Equipment_Guide(print).pdf,print,1234818,486166,12,2,22,368416,True,True,331943,331943,0.901,0.1978,4,0,0,12
original/print/text/OceanQuest_Modular_Water_Leisure_Equipment_Guide(print).pdf,print,1234818,486166,13,2,22,317724,True,True,293747,293747,0.9245,0.3918,6,0,0,1332
original/print/text/OceanQuest_Modular_Water_Leisure_Equipment_Guide(print).pdf,print,1234818,486166,14,2,22,275018,True,True,255936,255936,0.9306,0.3125,1,0,0,606
original/print/text/OceanQuest_Modular_Water_Leisure_Equipment_Guide(print).pdf,print,1234818,486166,15,2,22,241461,True,True,202989,202989,0.8407,0.312,62,0,0,4633
original/print/text/OceanQuest_Modular_Water_Leisure_Equipment_Guide(print).pdf,print,1234818,486166,16,2,22,203306,True,True,167765,167765,0.8252,0.2451,64,0,0,2119
original/print/text/OceanQuest_Modular_Water_Leisure_Equipment_Guide(print).pdf,print,1234818,486166,17,2,22,162965,True,True,135148,135148,0.8293,0.3052,92,0,0,9671
original/print/text/OceanQuest_Modular_Water_Leisure_Equipment_Guide(print).pdf,print,1234818,486166,18,2,22,124709,True,True,115764,115764,0.9283,0.3838,66,0,0,11164
original/print/text/OceanQuest_Modular_Water_Leisure_Equipment_Guide(print).pdf,print,1234818,486166,19,2,22,87583,True,True,77088,77088,0.8802,0.561,34,0,0,877
original/print/text/OceanQuest_Modular_Water_Leisure_Equipment_Guide(print).pdf,print,1234818,486166,20,2,22,55066,True,True,48872,48872,0.8875,0.532,66,0,0,7902
original/print/text/OceanQuest_Modular_Water_Leisure_Equipment_Guide(print).pdf,print,1234818,486166,21,2,22,20053,True,True,15933,15933,0.7945,0.5247,58,0,0,1993
original/print/text/OceanQuest_Modular_Water_Leisure_Equipment_Guide(print).pdf,print,1724784,26108,1,2,2,12588,True,False,8158,8158,0.6481,0.4934,113,0,0,3964
original/print/text/PetPal_Smart_PetCare_Products(print).pdf,print,144,29443,1,2,2,17464,True,True,10974,10974,0.6284,0.3906,23,0,0,375
original/print/text/PetPal_Smart_PetCare_Products(print).pdf,print,42522,67214,1,2,4,132168,True,True,114192,114192,0.864,0.0059,69,0,0,45331
original/print/text/PetPal_Smart_PetCare_Products(print).pdf,print,42522,67214,2,2,4,83308,True,True,61116,61116,0.7336,0.6509,29,0,0,1165
original/print/text/PetPal_Smart_PetCare_Products(print).pdf,print,42522,67214,3,2,4,5754,True,True,3841,3841,0.6675,0.6577,15,0,0,2291
original/print/text/PetPal_Smart_PetCare_Products(print).pdf,print,127448,111452,1,2,6,199221,True,False,196097,196097,0.9843,0.6243,106,0,0,15381
original/print/text/PetPal_Smart_PetCare_Products(print).pdf,print,127448,111452,2,2,6,160117,True,True,150835,150835,0.942,0.4724,2,0,0,16
original/print/text/PetPal_Smart_PetCare_Products(print).pdf,print,127448,111452,3,2,6,111663,True,False,75905,75905,0.6798,0.1626,17,0,0,226
original/print/text/PetPal_Smart_PetCare_Products(print).pdf,print,127448,111452,4,2,6,60444,True,False,49759,49759,0.8232,0.6321,115,0,0,9901
original/print/text/PetPal_Smart_PetCare_Products(print).pdf,print,127448,111452,5,2,6,22108,True,False,16426,16426,0.743,0.8054,150,0,0,7331
original/print/text/PetPal_Smart_PetCare_Products(print).pdf,print,239534,96384,1,2,5,164525,True,True,160775,160775,0.9772,0.6743,110,0,0,7216
original/print/text/PetPal_Smart_PetCare_Products(print).pdf,print,239534,96384,2,2,5,113685,True,True,107761,107761,0.9479,0.9341,0,0,0,0
original/print/text/PetPal_Smart_PetCare_Products(print).pdf,print,239534,96384,3,2,5,74474,True,True,45541,45541,0.6115,0.4272,84,0,0,45911
original/print/text/PetPal_Smart_PetCare_Products(print).pdf,print,239534,96384,4,2,5,24100,True,True,19423,19423,0.8059,0.541,0,0,0,0
original/print/text/PetPal_Smart_PetCare_Products(print).pdf,print,350122,29154,1,2,2,16484,True,False,6016,6016,0.365,0.2751,137,0,0,27553
original/print/text/PetPal_Smart_PetCare_Products(print).pdf,print,379829,75807,1,2,3,130927,True,True,45823,45823,0.35,0.1123,146,0,0,9434
original/print/text/PetPal_Smart_PetCare_Products(print).pdf,print,379829,75807,2,2,3,55313,True,True,12777,12777,0.231,0.0957,87,0,0,3475
original/print/text/PetPal_Smart_PetCare_Products(print).pdf,print,455711,75634,1,2,3,130636,True,False,46574,46574,0.3565,0.0967,122,0,0,12373
original/print/text/PetPal_Smart_PetCare_Products(print).pdf,print,455711,75634,2,2,3,54656,True,True,12238,12238,0.2239,0.1204,148,0,0,27925
original/print/text/PetPal_Smart_PetCare_Products(print).pdf,print,531420,75422,1,2,3,131652,True,False,45825,45825,0.3481,0.1064,134,0,0,17469
original/print/text/PetPal_Smart_PetCare_Products(print).pdf,print,531420,75422,2,2,3,54380,True,False,12022,12022,0.2211,0.1143,49,0,0,1012
original/print/text/PetPal_Smart_PetCare_Products(print).pdf,print,606917,76508,1,2,3,131142,True,True,43879,43879,0.3346,0.1104,77,0,0,25443
original/print/text/PetPal_Smart_PetCare_Products(print).pdf,print,606917,76508,2,2,3,57410,True,True,13440,13440,0.2341,0.1008,5,0,0,26
original/print/text/PetPal_Smart_PetCare_Products(print).pdf,print,683500,76111,1,2,3,129040,True,True,41234,41234,0.3195,0.0972,72,0,0,4732
original/print/text/PetPal_Smart_PetCare_Products(print).pdf,print,683500,76111,2,2,3,53546,True,False,10821,10821,0.2021,0.1013,23,0,0,200
original/print/text/PetPal_Smart_PetCare_Products(print).pdf,print,759686,76572,1,2,3,130648,True,True,42479,42479,0.3251,0.1077,38,0,0,1941
original/print/text/PetPal_Smart_PetCare_Products(print).pdf,print,759686,76572,2,2,3,55487,True,False,11525,11525,0.2077,0.0754,113,0,0,20653
original/print/text/PetPal_Smart_PetCare_Products(print).pdf,print,836413,28380,1,2,2,27257,True,False,19955,19955,0.7321,0.408,48,0,0,3529
original/print/text/PetPal_Smart_PetCare_Products(print).pdf,print,958187,52141,1,2,3,80356,True,True,67934,67934,0.8454,0.875,0,0,0,0
original/print/text/PetPal_Smart_PetCare_Products(print).pdf,print,958187,52141,2,2,3,22349,True,True,15714,15714,0.7031,0.5728,30,0,0,2450
original/print/text/PetPal_Smart_PetCare_Products(print).pdf,print,1022018,27279,1,2,2,8120,True,True,3084,3084,0.3798,0.3267,98,0,0,10412
original/print/text/PetPal_Smart_PetCare_Products(print).pdf,print,1049946,487080,1,2,22,845712,True,False,840892,840892,0.9943,0.4626,55,0,0,5537
original/print/text/PetPal_Smart_PetCare_Products(print).pdf,print,1049946,487080,2,2,22,800788,True,False,742669,742669,0.9274,0.2732,48,0,0,1475
original/print/text/PetPal_Smart_PetCare_Products(print).pdf,print,1049946,487080,3,2,22,754506,True,False,712673,712673,0.9446,0.5286,126,0,0,12762
original/print/text/PetPal_Smart_PetCare_Products(print).pdf,print,1049946,487080,4,2,22,708905,True,False,664122,664122,0.9368,0.3127,68,0,0,2103
original/print/text/PetPal_Smart_PetCare_Products(print).pdf,print,1049946,487080,5,2,22,660217,True,False,627698,627698,0.9507,0.3774,46,0,0,1289
original/print/text/PetPal_Smart_PetCare_Products(print).pdf,print,1049946,487080,6,2,22,620619,True,True,591844,591844,0.9536,0.3928,227,0,0,52699
original/print/text/PetPal_Smart_PetCare_Products(print).pdf,print,1049946,487080,7,2,22,573610,True,False,552197,552197,0.9627,0.3149,45,0,0,1609
original/print/text/PetPal_Smart_PetCare_Products(print).pdf,print,1049946,487080,8,2,22,540365,True,False,504274,504274,0.9332,0.2932,13,0,0,531
original/print/text/PetPal_Smart_PetCare_Products(print).pdf,print,1049946,487080,9,2,22,501096,True,False,466017,466017,0.93,0.251,26,0,0,513
original/print/text/PetPal_Smart_PetCare_Products(print).pdf,print,1049946,487080,10,2,22,448026,True,True,411571,411571,0.9186,0.3689,6,0,0,46
original/print/text/PetPal_Smart_PetCare_Products(print).pdf,print,1049946,487080,11,2,22,412089,True,True,370496,370496,0.8991,0.2864,267,0,0,59421
original/print/text/PetPal_Smart_PetCare_Products(print).pdf,print,1049946,487080,12,2,22,370880,True,False,334643,334643,0.9023,0.2261,34,0,0,3674
original/print/text/PetPal_Smart_PetCare_Products(print).pdf,print,1049946,487080,13,2,22,318991,True,True,297127,297127,0.9315,0.4805,8,0,0,239
original/print/text/PetPal_Smart_PetCare_Products(print).pdf,print,1049946,487080,14,2,22,276468,True,True,256531,256531,0.9279,0.3489,18,0,0,2996
original/print/text/PetPal_Smart_PetCare_Products(print).pdf,print,1049946,487080,15,2,22,243331,True,True,204403,204403,0.84,0.3103,18,0,0,912
original/print/text/PetPal_Smart_PetCare_Products(print).pdf,print,1049946,487080,16,2,22,205160,True,False,168615,168615,0.8219,0.2693,24,0,0,463
original/print/text/PetPal_Smart_PetCare_Products(print).pdf,print,1049946,487080,17,2,22,164504,True,False,137941,137941,0.8385,0.4084,162,0,0,21804
original/print/text/PetPal_Smart_PetCare_Products(print).pdf,print,1049946,487080,18,2,22,126302,True,False,116670,116670,0.9237,0.3438,137,0,0,23758
original/print/text/PetPal_Smart_PetCare_Products(print).pdf,print,1049946,487080,19,2,22,88982,True,True,78506,78506,0.8823,0.4944,54,0,0,1421
original/print/text/PetPal_Smart_PetCare_Products(print).pdf,print,1049946,487080,20,2,22,56957,True,False,49533,49533,0.8697,0.4585,16,0,0,103
original/print/text/PetPal_Smart_PetCare_Products(print).pdf,print,1049946,487080,21,2,22,21429,True,False,16671,16671,0.778,0.4348,0,0,0,0
original/print/text/PetPal_Smart_PetCare_Products(print).pdf,print,1541781,23957,1,2,2,6957,True,True,4775,4775,0.6864,0.5996,108,0,0,3984
original/print/text/PetPal_Smart_PetCare_Products(print).pdf,print,1566387,42534,1,2,3,43166,True,True,38221,38221,0.8854,0.7964,9,0,0,234
original/print/text/PetPal_Smart_PetCare_Products(print).pdf,print,1566387,42534,2,2,3,359,True,True,156,156,0.4345,0.4345,109,0,0,13943
original/print/text/Quantum_Computing_Race(print).pdf,print,7970,96384,1,2,5,164525,True,True,160775,160775,0.9772,0.6743,110,0,0,7216
original/print/text/Quantum_Computing_Race(print).pdf,print,7970,96384,2,2,5,113685,True,True,107761,107761,0.9479,0.9341,0,0,0,0
original/print/text/Quantum_Computing_Race(print).pdf,print,7970,96384,3,2,5,74474,True,True,45541,45541,0.6115,0.4272,84,0,0,45911
original/print/text/Quantum_Computing_Race(print).pdf,print,7970,96384,4,2,5,24100,True,True,19423,19423,0.8059,0.541,0,0,0,0
original/print/text/Quantum_Computing_Race(print).pdf,print,104987,30376,1,2,2,18743,True,True,12728,12728,0.6791,0.6235,92,0,0,1639
original/print/text/Quantum_Computing_Race(print).pdf,print,170498,47249,1,2,3,70692,True,True,56210,56210,0.7951,0.4697,25,0,0,211
original/print/text/Quantum_Computing_Race(print).pdf,print,170498,47249,2,2,3,22864,True,False,15530,15530,0.6792,0.5796,41,0,0,1778
original/print/text/Quantum_Computing_Race(print).pdf,print,218381,27934,1,2,2,28991,True,True,24440,24440,0.843,0.6033,304,0,0,59498
original/print/text/Quantum_Computing_Race(print).pdf,print,265813,42371,1,2,2,44639,True,False,31641,31641,0.7088,0.2932,102,0,0,14460
original/print/text/Quantum_Computing_Race(print).pdf,print,308819,34731,1,2,2,26328,True,True,13479,13479,0.512,0.3071,3,0,0,12
original/print/text/Quantum_Computing_Race(print).pdf,print,372963,52519,1,2,3,80758,True,True,68494,68494,0.8481,0.8538,95,0,0,3870
original/print/text/Quantum_Computing_Race(print).pdf,print,372963,52519,2,2,3,22972,True,True,16576,16576,0.7216,0.5776,75,0,0,15166
original/print/text/Quantum_Computing_Race(print).pdf,print,430244,484769,1,2,22,840939,True,True,837577,837577,0.996,0.5112,31,0,0,387
original/print/text/Quantum_Computing_Race(print).pdf,print,430244,484769,2,2,22,794559,True,True,739104,739104,0.9302,0.4609,25,0,0,370
original/print/text/Quantum_Computing_Race(print).pdf,print,430244,484769,3,2,22,749662,True,True,697188,697188,0.93,0.2605,90,0,0,23675
original/print/text/Quantum_Computing_Race(print).pdf,print,430244,484769,4,2,22,704205,True,True,662143,662143,0.9403,0.2883,11,0,0,241
original/print/text/Quantum_Computing_Race(print).pdf,print,430244,484769,5,2,22,655526,True,True,623559,623559,0.9512,0.2822,118,0,0,8143
original/print/text/Quantum_Computing_Race(print).pdf,print,430244,484769,6,2,22,615335,True,True,582343,582343,0.9464,0.2751,84,0,0,6677
original/print/text/Quantum_Computing_Race(print).pdf,print,430244,484769,7,2,22,568895,True,True,550430,550430,0.9675,0.3896,21,0,0,558
original/print/text/Quantum_Computing_Race(print).pdf,print,430244,484769,8,2,22,535751,True,True,496755,496755,0.9272,0.2874,85,0,0,5702
original/print/text/Quantum_Computing_Race(print).pdf,print,430244,484769,9,2,22,495918,True,False,456553,456553,0.9206,0.3809,0,0,0,0
original/print/text/Quantum_Computing_Race(print).pdf,print,430244,484769,10,2,22,443692,True,True,409482,409482,0.9229,0.282,4,0,0,30
original/print/text/Quantum_Computing_Race(print).pdf,print,430244,484769,11,2,22,407352,True,True,367404,367404,0.9019,0.2727,60,0,0,10682
original/print/text/Quantum_Computing_Race(print).pdf,print,430244,484769,12,2,22,364399,True,True,329836,329836,0.9052,0.1792,36,0,0,539
original/print/text/Quantum_Computing_Race(print).pdf,print,430244,484769,13,2,22,315293,True,True,291347,291347,0.9241,0.3762,14,0,0,177
original/print/text/Quantum_Computing_Race(print).pdf,print,430244,484769,14,2,22,272346,True,True,254424,254424,0.9342,0.3733,28,0,0,820
original/print/text/Quantum_Computing_Race(print).pdf,print,430244,484769,15,2,22,238946,True,True,201577,201577,0.8436,0.3345,66,0,0,8346
original/print/text/Quantum_Computing_Race(print).pdf,print,430244,484769,16,2,22,200244,True,False,166455,166455,0.8313,0.2268,116,0,0,5308
original/print/text/Quantum_Computing_Race(print).pdf,print,430244,484769,17,2,22,160490,True,False,133669,133669,0.8329,0.2534,22,0,0,444
original/print/text/Quantum_Computing_Race(print).pdf,print,430244,484769,18,2,22,122128,True,True,114490,114490,0.9375,0.6282,19,0,0,5002
original/print/text/Quantum_Computing_Race(print).pdf,print,430244,484769,19,2,22,85436,True,True,74349,74349,0.8702,0.5591,34,0,0,408
original/print/text/Quantum_Computing_Race(print).pdf,print,430244,484769,20,2,22,53317,True,True,46463,46463,0.8714,0.4851,125,0,0,61374
original/print/text/Quantum_Computing_Race(print).pdf,print,430244,484769,21,2,22,17606,True,True,14813,14813,0.8414,0.6936,70,0,0,4448
original/print/text/Quantum_Computing_Race(print).pdf,print,915660,27381,1,2,2,8303,True,True,3180,3180,0.383,0.3308,65,0,0,4340
original/print/text/Quantum_Computing_Race(print).pdf,print,955883,111328,1,2,6,199014,True,True,194789,194789,0.9788,0.5767,72,0,0,1447
original/print/text/Quantum_Computing_Race(print).pdf,print,955883,111328,2,2,6,158499,True,False,146941,146941,0.9271,0.2866,42,0,0,11218
original/print/text/Quantum_Computing_Race(print).pdf,print,955883,111328,3,2,6,111514,True,False,75724,75724,0.6791,0.1313,241,0,0,135142
original/print/text/Quantum_Computing_Race(print).pdf,print,955883,111328,4,2,6,60024,True,False,49479,49479,0.8243,0.5979,22,0,0,2395
original/print/text/Quantum_Computing_Race(print).pdf,print,955883,111328,5,2,6,21792,True,False,16196,16196,0.7432,0.8257,22,0,0,355
original/print/text/Quantum_Computing_Race(print).pdf,print,1072076,36516,1,2,2,30621,True,True,17874,17874,0.5837,0.3833,76,0,0,4362
original/print/text/Quantum_Computing_Race(print).pdf,print,1109239,25820,1,2,2,11857,True,True,7985,7985,0.6734,0.5708,128,0,0,3163
original/print/text/Robots_Automation_Future_Work(print).pdf,print,11245,96384,1,2,5,164525,True,True,160775,160775,0.9772,0.6743,110,0,0,7216
original/print/text/Robots_Automation_Future_Work(print).pdf,print,11245,96384,2,2,5,113685,True,True,107761,107761,0.9479,0.9341,0,0,0,0
original/print/text/Robots_Automation_Future_Work(print).pdf,print,11245,96384,3,2,5,74474,True,True,45541,45541,0.6115,0.4272,84,0,0,45911
original/print/text/Robots_Automation_Future_Work(print).pdf,print,11245,96384,4,2,5,24100,True,True,19423,19423,0.8059,0.541,0,0,0,0
original/print/text/Robots_Automation_Future_Work(print).pdf,print,108262,29414,1,2,2,17421,True,True,10910,10910,0.6263,0.3857,74,0,0,1216
original/print/text/Robots_Automation_Future_Work(print).pdf,print,138229,60269,1,2,3,109200,True,True,27156,27156,0.2487,0.1038,139,0,0,15343
original/print/text/Robots_Automation_Future_Work(print).pdf,print,138229,60269,2,2,3,12643,True,True,1519,1519,0.1201,0.1118,77,0,0,2645
original/print/text/Robots_Automation_Future_Work(print).pdf,print,198573,61172,1,2,3,112428,True,True,25468,25468,0.2265,0.0967,76,0,0,4960
original/print/text/Robots_Automation_Future_Work(print).pdf,print,198573,61172,2,2,3,16478,True,True,1852,1852,0.1124,0.0732,32,0,0,1851
original/print/text/Robots_Automation_Future_Work(print).pdf,print,259820,60055,1,2,3,108155,True,True,27059,27059,0.2502,0.1597,191,0,0,77782
original/print/text/Robots_Automation_Future_Work(print).pdf,print,259820,60055,2,2,3,13532,True,True,1502,1502,0.111,0.0891,92,0,0,3995
original/print/text/Robots_Automation_Future_Work(print).pdf,print,319950,60755,1,2,3,110487,True,True,23436,23436,0.2121,0.1206,6,0,0,27
original/print/text/Robots_Automation_Future_Work(print).pdf,print,319950,60755,2,2,3,13205,True,True,1556,1556,0.1178,0.0857,114,0,0,13099
original/print/text/Robots_Automation_Future_Work(print).pdf,print,380780,50442,1,2,2,76916,True,False,15776,15776,0.2051,0.1003,222,0,0,31666
original/print/text/Robots_Automation_Future_Work(print).pdf,print,431652,84430,1,2,5,114105,True,True,93724,93724,0.8214,0.6348,36,0,0,1038
original/print/text/Robots_Automation_Future_Work(print).pdf,print,431652,84430,2,2,5,89667,True,True,73862,73862,0.8237,0.592,159,0,0,14897
original/print/text/Robots_Automation_Future_Work(print).pdf,print,431652,84430,3,2,5,64759,True,True,56214,56214,0.868,0.5852,94,0,0,12063
original/print/text/Robots_Automation_Future_Work(print).pdf,print,431652,84430,4,2,5,20002,True,True,13707,13707,0.6853,0.647,45,0,0,511
original/print/text/Robots_Automation_Future_Work(print).pdf,print,516716,37011,1,2,2,53375,True,True,46538,46538,0.8719,0.4673,114,0,0,8221
original/print/text/Robots_Automation_Future_Work(print).pdf,print,554363,111328,1,2,6,199014,True,True,194789,194789,0.9788,0.5767,72,0,0,1447
original/print/text/Robots_Automation_Future_Work(print).pdf,print,554363,111328,2,2,6,158499,True,False,146941,146941,0.9271,0.2866,42,0,0,11218
original/print/text/Robots_Automation_Future_Work(print).pdf,print,554363,111328,3,2,6,111514,True,False,75724,75724,0.6791,0.1313,241,0,0,135142
original/print/text/Robots_Automation_Future_Work(print).pdf,print,554363,111328,4,2,6,60024,True,False,49479,49479,0.8243,0.5979,22,0,0,2395
original/print/text/Robots_Automation_Future_Work(print).pdf,print,554363,111328,5,2,6,21792,True,False,16196,16196,0.7432,0.8257,22,0,0,355
original/print/text/Robots_Automation_Future_Work(print).pdf,print,666244,40964,1,2,2,37917,True,False,10906,10906,0.2876,0.106,83,0,0,6148
original/print/text/Robots_Automation_Future_Work(print).pdf,print,724316,57240,1,2,3,83856,True,True,66709,66709,0.7955,0.2722,192,0,0,35187
original/print/text/Robots_Automation_Future_Work(print).pdf,print,724316,57240,2,2,3,34424,True,True,27599,27599,0.8017,0.6768,89,0,0,4886
original/print/text/Robots_Automation_Future_Work(print).pdf,print,825568,51973,1,2,3,80174,True,False,67678,67678,0.8441,0.8835,0,0,0,0
original/print/text/Robots_Automation_Future_Work(print).pdf,print,825568,51973,2,2,3,22037,True,True,15566,15566,0.7064,0.5757,8,0,0,1596
original/print/text/Robots_Automation_Future_Work(print).pdf,print,903812,27081,1,2,2,7761,True,True,2945,2945,0.3795,0.3208,32,0,0,1395
original/print/text/Robots_Automation_Future_Work(print).pdf,print,942762,37593,1,2,2,32684,True,True,20739,20739,0.6345,0.5413,85,0,0,10048
original/print/text/Robots_Automation_Future_Work(print).pdf,print,981002,25212,1,2,2,10638,True,True,7278,7278,0.6842,0.6194,44,0,0,5096
original/print/text/Security_Breach_Investigation_Report(print).pdf,print,15947,96384,1,2,5,164525,True,True,160775,160775,0.9772,0.6743,110,0,0,7216
original/print/text/Security_Breach_Investigation_Report(print).pdf,print,15947,96384,2,2,5,113685,True,True,107761,107761,0.9479,0.9341,0,0,0,0
original/print/text/Security_Breach_Investigation_Report(print).pdf,print,15947,96384,3,2,5,74474,True,True,45541,45541,0.6115,0.4272,84,0,0,45911
original/print/text/Security_Breach_Investigation_Report(print).pdf,print,15947,96384,4,2,5,24100,True,True,19423,19423,0.8059,0.541,0,0,0,0
original/print/text/Security_Breach_Investigation_Report(print).pdf,print,125117,60763,1,2,3,103239,True,True,25692,25692,0.2489,0.116,1,0,0,10
original/print/text/Security_Breach_Investigation_Report(print).pdf,print,125117,60763,2,2,3,11394,True,True,1055,1055,0.0926,0.082,108,0,0,5813
