file	page	tag	obj	bytes	status	read_fonts	skrifa	fonttools	obs0907	num_glyphs
original/print/text/AI_Development_MultiLanguage(print).pdf	0	/F1	11	21080	ok	Open Sans	Open Sans	Open Sans	Open Sans	938
original/print/text/AI_Development_MultiLanguage(print).pdf	0	/F2	19	230284	ok	Cambria	Cambria	Cambria	Cambria	7614
original/print/text/AI_Development_MultiLanguage(print).pdf	0	/F3	27	75740	ok	Cormorant	Cormorant	Cormorant	Cormorant	1860
original/print/text/AI_Development_MultiLanguage(print).pdf	0	/F4	35	38328	ok	Oswald Medium	Oswald Medium	Oswald Medium	Oswald Medium	869
original/print/text/AI_Development_MultiLanguage(print).pdf	1	/F1	46	45580	ok	dinglieciweifont	dinglieciweifont	dinglieciweifont	dinglieciweifont	7415
original/print/text/AI_Development_MultiLanguage(print).pdf	1	/F2	19	230284	ok	Cambria	Cambria	Cambria	<no row>	7614
original/print/text/AI_Development_MultiLanguage(print).pdf	1	/F3	58	131580	ok	MaoKenWangXingYuan	MaoKenWangXingYuan	MaoKenWangXingYuan	MaoKenWangXingYuan	7764
original/print/text/AI_Development_MultiLanguage(print).pdf	2	/F1	69	78408	ok	Biryani	Biryani	Biryani	Biryani	878
original/print/text/AI_Development_MultiLanguage(print).pdf	2	/F2	19	230284	ok	Cambria	Cambria	Cambria	<no row>	7614
original/print/text/AI_Development_MultiLanguage(print).pdf	2	/F3	77	56904	ok	Hind	Hind	Hind	Hind	987
original/print/text/AI_Development_MultiLanguage(print).pdf	2	/F4	85	119812	ok	Mukta	Mukta	Mukta	Mukta	1356
original/print/text/AI_Development_MultiLanguage(print).pdf	3	/F1	96	11404	ok	Belgrano	Belgrano	Belgrano	Belgrano	229
original/print/text/AI_Development_MultiLanguage(print).pdf	3	/F2	19	230284	ok	Cambria	Cambria	Cambria	<no row>	7614
original/print/text/AI_Development_MultiLanguage(print).pdf	3	/F3	104	42092	ok	Big Shoulders Medium	Big Shoulders Medium	Big Shoulders Medium	Big Shoulders Medium	1065
original/print/text/AI_Development_MultiLanguage(print).pdf	3	/F4	112	133580	ok	Noto Serif Thin	Noto Serif Thin	Noto Serif Thin	Noto Serif Thin	3784
original/print/text/AI_Development_MultiLanguage(print).pdf	4	/F1	123	28016	ok	Abril Fatface	Abril Fatface	Abril Fatface	Abril Fatface	425
original/print/text/AI_Development_MultiLanguage(print).pdf	4	/F2	131	18464	ok	Archivo Black	Archivo Black	Archivo Black	Archivo Black	426
original/print/text/AI_Development_MultiLanguage(print).pdf	4	/F3	19	230284	ok	Cambria	Cambria	Cambria	<no row>	7614
original/print/text/AI_Development_MultiLanguage(print).pdf	4	/F4	139	52672	ok	Bricolage Grotesque Light	Bricolage Grotesque Light	Bricolage Grotesque Light	Bricolage Grotesque Light	597
original/print/text/AI_Development_MultiLanguage(print).pdf	5	/F1	150	57096	ok	Harmattan	Harmattan	Harmattan	Harmattan	1074
original/print/text/AI_Development_MultiLanguage(print).pdf	5	/F2	19	230284	ok	Cambria	Cambria	Cambria	<no row>	7614
original/print/text/AI_Development_MultiLanguage(print).pdf	5	/F3	158	75556	ok	Kawkab Mono Light	Kawkab Mono Light	Kawkab Mono Light	Kawkab Mono Light	1852
original/print/text/AI_Development_MultiLanguage(print).pdf	5	/F4	166	108776	ok	Rubik Medium	Rubik Medium	Rubik Medium	Rubik Medium	1154
original/print/text/AeroChef_Drone_Delivery_Cooking_Service(print).pdf	0	/F1	11	37164	ok	Oswald Medium	Oswald Medium	Oswald Medium	Oswald Medium	869
original/print/text/AeroChef_Drone_Delivery_Cooking_Service(print).pdf	0	/F2	19	22696	ok	Open Sans	Open Sans	Open Sans	Open Sans	938
original/print/text/AeroChef_Drone_Delivery_Cooking_Service(print).pdf	0	/F3	27	23900	ok	Symbol	Symbol	Symbol	Symbol	192
original/print/text/AeroChef_Drone_Delivery_Cooking_Service(print).pdf	0	/F4	35	347616	ok	Arial	Arial	Arial	Arial	4503
original/print/text/AeroChef_Drone_Delivery_Cooking_Service(print).pdf	0	/F5	43	16336	ok	Nobile	Nobile	Nobile	Nobile	344
original/print/text/AeroChef_Drone_Delivery_Cooking_Service(print).pdf	0	/F6	51	268232	ok	Cambria Math	Cambria Math	Cambria Math	Cambria Math	7614
original/print/text/AeroChef_Drone_Delivery_Cooking_Service(print).pdf	1	/F1	62	53024	ok	zihunbiantaoti	zihunbiantaoti	zihunbiantaoti	zihunbiantaoti	7665
original/print/text/AeroChef_Drone_Delivery_Cooking_Service(print).pdf	1	/F2	70	142012	ok	AaGuDianKeBenSong	AaGuDianKeBenSong	AaGuDianKeBenSong	AaGuDianKeBenSong	10021
original/print/text/AeroChef_Drone_Delivery_Cooking_Service(print).pdf	1	/F3	27	23900	ok	Symbol	Symbol	Symbol	<no row>	192
original/print/text/AeroChef_Drone_Delivery_Cooking_Service(print).pdf	1	/F4	35	347616	ok	Arial	Arial	Arial	<no row>	4503
original/print/text/AeroChef_Drone_Delivery_Cooking_Service(print).pdf	1	/F5	78	96832	ok	MaoKenWangXingYuan	MaoKenWangXingYuan	MaoKenWangXingYuan	MaoKenWangXingYuan	7764
original/print/text/AeroChef_Drone_Delivery_Cooking_Service(print).pdf	1	/F6	86	230284	ok	Cambria	Cambria	Cambria	Cambria	7614
original/print/text/AeroChef_Drone_Delivery_Cooking_Service(print).pdf	2	/F1	97	27576	ok	Poppins	Poppins	Poppins	Poppins	1059
original/print/text/AeroChef_Drone_Delivery_Cooking_Service(print).pdf	2	/F2	105	57064	ok	Teko Light	Teko Light	Teko Light	Teko Light	991
original/print/text/AeroChef_Drone_Delivery_Cooking_Service(print).pdf	2	/F3	27	23900	ok	Symbol	Symbol	Symbol	<no row>	192
original/print/text/AeroChef_Drone_Delivery_Cooking_Service(print).pdf	2	/F4	35	347616	ok	Arial	Arial	Arial	<no row>	4503
original/print/text/AeroChef_Drone_Delivery_Cooking_Service(print).pdf	2	/F5	113	99888	ok	Biryani	Biryani	Biryani	Biryani	878
original/print/text/AeroChef_Drone_Delivery_Cooking_Service(print).pdf	2	/F6	86	230284	ok	Cambria	Cambria	Cambria	<no row>	7614
original/print/text/AeroChef_Drone_Delivery_Cooking_Service(print).pdf	3	/F1	124	96708	ok	Playfair Display	Playfair Display	Playfair Display	Playfair Display	1101
original/print/text/AeroChef_Drone_Delivery_Cooking_Service(print).pdf	3	/F2	132	133716	ok	Noto Serif Thin	Noto Serif Thin	Noto Serif Thin	Noto Serif Thin	3784
original/print/text/AeroChef_Drone_Delivery_Cooking_Service(print).pdf	3	/F3	27	23900	ok	Symbol	Symbol	Symbol	<no row>	192
original/print/text/AeroChef_Drone_Delivery_Cooking_Service(print).pdf	3	/F4	35	347616	ok	Arial	Arial	Arial	<no row>	4503
original/print/text/AeroChef_Drone_Delivery_Cooking_Service(print).pdf	3	/F5	140	12532	ok	Belgrano	Belgrano	Belgrano	Belgrano	229
original/print/text/AeroChef_Drone_Delivery_Cooking_Service(print).pdf	3	/F6	86	230284	ok	Cambria	Cambria	Cambria	<no row>	7614
original/print/text/AeroChef_Drone_Delivery_Cooking_Service(print).pdf	4	/F1	151	28244	ok	Abril Fatface	Abril Fatface	Abril Fatface	Abril Fatface	425
original/print/text/AeroChef_Drone_Delivery_Cooking_Service(print).pdf	4	/F2	159	888988	ok	Merriweather 36pt	Merriweather 36pt	Merriweather 36pt	Merriweather 36pt	2298
original/print/text/AeroChef_Drone_Delivery_Cooking_Service(print).pdf	4	/F3	27	23900	ok	Symbol	Symbol	Symbol	<no row>	192
original/print/text/AeroChef_Drone_Delivery_Cooking_Service(print).pdf	4	/F4	35	347616	ok	Arial	Arial	Arial	<no row>	4503
original/print/text/AeroChef_Drone_Delivery_Cooking_Service(print).pdf	4	/F5	167	53304	ok	Bricolage Grotesque Light	Bricolage Grotesque Light	Bricolage Grotesque Light	Bricolage Grotesque Light	597
original/print/text/AeroChef_Drone_Delivery_Cooking_Service(print).pdf	4	/F6	86	230284	ok	Cambria	Cambria	Cambria	<no row>	7614
original/print/text/AeroChef_Drone_Delivery_Cooking_Service(print).pdf	5	/F1	178	48116	ok	Marhey Light	Marhey Light	Marhey Light	Marhey Light	1209
original/print/text/AeroChef_Drone_Delivery_Cooking_Service(print).pdf	5	/F2	186	76912	ok	Harmattan	Harmattan	Harmattan	Harmattan	1074
original/print/text/AeroChef_Drone_Delivery_Cooking_Service(print).pdf	5	/F3	27	23900	ok	Symbol	Symbol	Symbol	<no row>	192
original/print/text/AeroChef_Drone_Delivery_Cooking_Service(print).pdf	5	/F4	35	347616	ok	Arial	Arial	Arial	<no row>	4503
original/print/text/AeroChef_Drone_Delivery_Cooking_Service(print).pdf	5	/F5	194	79944	ok	Kawkab Mono Light	Kawkab Mono Light	Kawkab Mono Light	Kawkab Mono Light	1852
original/print/text/AeroChef_Drone_Delivery_Cooking_Service(print).pdf	5	/F6	86	230284	ok	Cambria	Cambria	Cambria	<no row>	7614
original/print/text/Aurora_VR_AR_Game_Lineup_Multilingual(print).pdf	0	/F1	11	76304	ok	Cormorant	Cormorant	Cormorant	Cormorant	1860
original/print/text/Aurora_VR_AR_Game_Lineup_Multilingual(print).pdf	0	/F2	20	230284	ok	Cambria	Cambria	Cambria	Cambria	7614
original/print/text/Aurora_VR_AR_Game_Lineup_Multilingual(print).pdf	1	/F1	45	61516	ok	zihunbiantaoti	zihunbiantaoti	zihunbiantaoti	zihunbiantaoti	7665
original/print/text/Aurora_VR_AR_Game_Lineup_Multilingual(print).pdf	1	/F2	20	230284	ok	Cambria	Cambria	Cambria	<no row>	7614
original/print/text/Aurora_VR_AR_Game_Lineup_Multilingual(print).pdf	2	/F1	56	93908	ok	Poppins	Poppins	Poppins	Poppins	1059
original/print/text/Aurora_VR_AR_Game_Lineup_Multilingual(print).pdf	2	/F2	64	93732	ok	Biryani	Biryani	Biryani	Biryani	878
original/print/text/Aurora_VR_AR_Game_Lineup_Multilingual(print).pdf	2	/F3	20	230284	ok	Cambria	Cambria	Cambria	<no row>	7614
original/print/text/Aurora_VR_AR_Game_Lineup_Multilingual(print).pdf	3	/F1	75	102792	ok	Playfair Display	Playfair Display	Playfair Display	Playfair Display	1101
original/print/text/Aurora_VR_AR_Game_Lineup_Multilingual(print).pdf	3	/F2	83	12284	ok	Belgrano	Belgrano	Belgrano	Belgrano	229
original/print/text/Aurora_VR_AR_Game_Lineup_Multilingual(print).pdf	3	/F3	20	230284	ok	Cambria	Cambria	Cambria	<no row>	7614
original/print/text/Aurora_VR_AR_Game_Lineup_Multilingual(print).pdf	4	/F1	94	52680	ok	Bricolage Grotesque Light	Bricolage Grotesque Light	Bricolage Grotesque Light	Bricolage Grotesque Light	597
original/print/text/Aurora_VR_AR_Game_Lineup_Multilingual(print).pdf	4	/F2	102	887288	ok	Merriweather 36pt	Merriweather 36pt	Merriweather 36pt	Merriweather 36pt	2298
original/print/text/Aurora_VR_AR_Game_Lineup_Multilingual(print).pdf	4	/F3	20	230284	ok	Cambria	Cambria	Cambria	<no row>	7614
original/print/text/Aurora_VR_AR_Game_Lineup_Multilingual(print).pdf	5	/F1	113	56916	ok	Marhey Light	Marhey Light	Marhey Light	Marhey Light	1209
original/print/text/Aurora_VR_AR_Game_Lineup_Multilingual(print).pdf	5	/F2	121	70440	ok	Harmattan	Harmattan	Harmattan	Harmattan	1074
original/print/text/Aurora_VR_AR_Game_Lineup_Multilingual(print).pdf	5	/F3	20	230284	ok	Cambria	Cambria	Cambria	<no row>	7614
original/print/text/Autonomous_Vehicle_Accident_Report(print).pdf	0	/F1	11	65348	ok	Cormorant	Cormorant	Cormorant	Cormorant	1860
original/print/text/Autonomous_Vehicle_Accident_Report(print).pdf	0	/F2	19	230284	ok	Cambria	Cambria	Cambria	Cambria	7614
original/print/text/Autonomous_Vehicle_Accident_Report(print).pdf	0	/F3	27	40120	ok	Oswald Medium	Oswald Medium	Oswald Medium	Oswald Medium	869
original/print/text/Autonomous_Vehicle_Accident_Report(print).pdf	1	/F1	39	77048	ok	AaGuDianKeBenSong	AaGuDianKeBenSong	AaGuDianKeBenSong	AaGuDianKeBenSong	10021
original/print/text/Autonomous_Vehicle_Accident_Report(print).pdf	1	/F2	19	230284	ok	Cambria	Cambria	Cambria	<no row>	7614
original/print/text/Autonomous_Vehicle_Accident_Report(print).pdf	1	/F3	47	81156	ok	zihunbiantaoti	zihunbiantaoti	zihunbiantaoti	zihunbiantaoti	7665
original/print/text/Autonomous_Vehicle_Accident_Report(print).pdf	1	/F4	55	88240	ok	dinglieciweifont	dinglieciweifont	dinglieciweifont	dinglieciweifont	7415
original/print/text/Autonomous_Vehicle_Accident_Report(print).pdf	2	/F1	66	37776	ok	Hind	Hind	Hind	Hind	987
original/print/text/Autonomous_Vehicle_Accident_Report(print).pdf	2	/F2	19	230284	ok	Cambria	Cambria	Cambria	<no row>	7614
original/print/text/Autonomous_Vehicle_Accident_Report(print).pdf	2	/F3	74	122308	ok	Mukta	Mukta	Mukta	Mukta	1356
original/print/text/Autonomous_Vehicle_Accident_Report(print).pdf	2	/F4	82	43080	ok	Teko Light	Teko Light	Teko Light	Teko Light	991
original/print/text/Autonomous_Vehicle_Accident_Report(print).pdf	2	/F5	90	268232	ok	Cambria Math	Cambria Math	Cambria Math	Cambria Math	7614
original/print/text/Autonomous_Vehicle_Accident_Report(print).pdf	3	/F1	101	130760	ok	Noto Serif Thin	Noto Serif Thin	Noto Serif Thin	Noto Serif Thin	3784
original/print/text/Autonomous_Vehicle_Accident_Report(print).pdf	3	/F2	19	230284	ok	Cambria	Cambria	Cambria	<no row>	7614
original/print/text/Autonomous_Vehicle_Accident_Report(print).pdf	3	/F3	109	108052	ok	Playfair Display	Playfair Display	Playfair Display	Playfair Display	1101
original/print/text/Autonomous_Vehicle_Accident_Report(print).pdf	3	/F4	117	43912	ok	Big Shoulders Medium	Big Shoulders Medium	Big Shoulders Medium	Big Shoulders Medium	1065
original/print/text/Autonomous_Vehicle_Accident_Report(print).pdf	3	/F5	90	268232	ok	Cambria Math	Cambria Math	Cambria Math	<no row>	7614
original/print/text/Autonomous_Vehicle_Accident_Report(print).pdf	3	/F6	125	19624	ok	Archivo Black	Archivo Black	Archivo Black	Archivo Black	426
original/print/text/Autonomous_Vehicle_Accident_Report(print).pdf	4	/F1	125	19624	ok	Archivo Black	Archivo Black	Archivo Black	<no row>	426
original/print/text/Autonomous_Vehicle_Accident_Report(print).pdf	4	/F2	19	230284	ok	Cambria	Cambria	Cambria	<no row>	7614
original/print/text/Autonomous_Vehicle_Accident_Report(print).pdf	4	/F3	136	894172	ok	Merriweather 36pt	Merriweather 36pt	Merriweather 36pt	Merriweather 36pt	2298
original/print/text/Autonomous_Vehicle_Accident_Report(print).pdf	4	/F4	90	268232	ok	Cambria Math	Cambria Math	Cambria Math	<no row>	7614
original/print/text/Autonomous_Vehicle_Accident_Report(print).pdf	5	/F1	147	80380	ok	Rubik Medium	Rubik Medium	Rubik Medium	Rubik Medium	1154
original/print/text/Autonomous_Vehicle_Accident_Report(print).pdf	5	/F2	19	230284	ok	Cambria	Cambria	Cambria	<no row>	7614
original/print/text/Autonomous_Vehicle_Accident_Report(print).pdf	5	/F3	155	65392	ok	Marhey Light	Marhey Light	Marhey Light	Marhey Light	1209
original/print/text/Autonomous_Vehicle_Accident_Report(print).pdf	5	/F4	163	20016	ok	Tajawal	Tajawal	Tajawal	Tajawal	457
original/print/text/BioNext_Data_Leak_Report(print).pdf	0	/F1	11	11948	ok	Nobile	Nobile	Nobile	Nobile	344
original/print/text/BioNext_Data_Leak_Report(print).pdf	0	/F2	19	230284	ok	Cambria	Cambria	Cambria	Cambria	7614
original/print/text/BioNext_Data_Leak_Report(print).pdf	0	/F3	27	40316	ok	Oswald Medium	Oswald Medium	Oswald Medium	Oswald Medium	869
original/print/text/BioNext_Data_Leak_Report(print).pdf	0	/F4	35	82676	ok	Cormorant	Cormorant	Cormorant	Cormorant	1860
original/print/text/BioNext_Data_Leak_Report(print).pdf	1	/F1	46	82076	ok	MaoKenWangXingYuan	MaoKenWangXingYuan	MaoKenWangXingYuan	MaoKenWangXingYuan	7764
original/print/text/BioNext_Data_Leak_Report(print).pdf	1	/F2	19	230284	ok	Cambria	Cambria	Cambria	<no row>	7614
original/print/text/BioNext_Data_Leak_Report(print).pdf	1	/F3	59	101924	ok	AaGuDianKeBenSong	AaGuDianKeBenSong	AaGuDianKeBenSong	AaGuDianKeBenSong	10021
original/print/text/BioNext_Data_Leak_Report(print).pdf	2	/F1	70	91172	ok	Mukta	Mukta	Mukta	Mukta	1356
original/print/text/BioNext_Data_Leak_Report(print).pdf	2	/F2	78	37384	ok	Poppins	Poppins	Poppins	Poppins	1059
original/print/text/BioNext_Data_Leak_Report(print).pdf	2	/F3	19	230284	ok	Cambria	Cambria	Cambria	<no row>	7614
original/print/text/BioNext_Data_Leak_Report(print).pdf	2	/F4	86	100668	ok	Biryani	Biryani	Biryani	Biryani	878
original/print/text/BioNext_Data_Leak_Report(print).pdf	3	/F1	97	11424	ok	Belgrano	Belgrano	Belgrano	Belgrano	229
original/print/text/BioNext_Data_Leak_Report(print).pdf	3	/F2	19	230284	ok	Cambria	Cambria	Cambria	<no row>	7614
original/print/text/BioNext_Data_Leak_Report(print).pdf	3	/F3	105	111248	ok	Playfair Display	Playfair Display	Playfair Display	Playfair Display	1101
original/print/text/BioNext_Data_Leak_Report(print).pdf	3	/F4	113	36680	ok	Prompt Black	Prompt Black	Prompt Black	Prompt Black	764
original/print/text/BioNext_Data_Leak_Report(print).pdf	4	/F1	124	12908	ok	Peignot	Peignot	Peignot	Peignot	260
original/print/text/BioNext_Data_Leak_Report(print).pdf	4	/F2	19	230284	ok	Cambria	Cambria	Cambria	<no row>	7614
original/print/text/BioNext_Data_Leak_Report(print).pdf	4	/F3	132	21140	ok	Archivo Black	Archivo Black	Archivo Black	Archivo Black	426
original/print/text/BioNext_Data_Leak_Report(print).pdf	4	/F4	140	49804	ok	zihunbiantaoti	zihunbiantaoti	zihunbiantaoti	zihunbiantaoti	7665
original/print/text/BioNext_Data_Leak_Report(print).pdf	4	/F5	148	31332	ok	Abril Fatface	Abril Fatface	Abril Fatface	Abril Fatface	425
original/print/text/BioNext_Data_Leak_Report(print).pdf	5	/F1	159	81112	ok	Rubik Medium	Rubik Medium	Rubik Medium	Rubik Medium	1154
original/print/text/BioNext_Data_Leak_Report(print).pdf	5	/F2	19	230284	ok	Cambria	Cambria	Cambria	<no row>	7614
original/print/text/BioNext_Data_Leak_Report(print).pdf	5	/F3	167	86420	ok	Kawkab Mono Light	Kawkab Mono Light	Kawkab Mono Light	Kawkab Mono Light	1852
original/print/text/BioNext_Data_Leak_Report(print).pdf	5	/F4	175	21676	ok	Tajawal	Tajawal	Tajawal	Tajawal	457
original/print/text/Digital_Minimalism(print).pdf	0	/F1	11	13160	ok	Nobile	Nobile	Nobile	Nobile	344
original/print/text/Digital_Minimalism(print).pdf	0	/F2	19	230284	ok	Cambria	Cambria	Cambria	Cambria	7614
original/print/text/Digital_Minimalism(print).pdf	0	/F3	31	38508	ok	Oswald Medium	Oswald Medium	Oswald Medium	Oswald Medium	869
original/print/text/Digital_Minimalism(print).pdf	1	/F1	42	77380	ok	AaGuDianKeBenSong	AaGuDianKeBenSong	AaGuDianKeBenSong	AaGuDianKeBenSong	10021
original/print/text/Digital_Minimalism(print).pdf	1	/F2	50	56676	ok	ZCOOL XiaoWei	ZCOOL XiaoWei	ZCOOL XiaoWei	ZCOOL XiaoWei	7019
original/print/text/Digital_Minimalism(print).pdf	1	/F3	19	230284	ok	Cambria	Cambria	Cambria	<no row>	7614
original/print/text/Digital_Minimalism(print).pdf	1	/F4	58	138340	ok	MaoKenWangXingYuan	MaoKenWangXingYuan	MaoKenWangXingYuan	MaoKenWangXingYuan	7764
original/print/text/Digital_Minimalism(print).pdf	1	/F5	66	82508	ok	zihunbiantaoti	zihunbiantaoti	zihunbiantaoti	zihunbiantaoti	7665
original/print/text/Digital_Minimalism(print).pdf	2	/F1	77	42740	ok	Teko Light	Teko Light	Teko Light	Teko Light	991
original/print/text/Digital_Minimalism(print).pdf	2	/F2	19	230284	ok	Cambria	Cambria	Cambria	<no row>	7614
original/print/text/Digital_Minimalism(print).pdf	2	/F3	85	37968	ok	Poppins	Poppins	Poppins	Poppins	1059
original/print/text/Digital_Minimalism(print).pdf	2	/F4	93	114832	ok	Mukta	Mukta	Mukta	Mukta	1356
original/print/text/Digital_Minimalism(print).pdf	3	/F1	104	30716	ok	Prompt Black	Prompt Black	Prompt Black	Prompt Black	764
original/print/text/Digital_Minimalism(print).pdf	3	/F2	19	230284	ok	Cambria	Cambria	Cambria	<no row>	7614
original/print/text/Digital_Minimalism(print).pdf	3	/F3	112	101816	ok	Playfair Display	Playfair Display	Playfair Display	Playfair Display	1101
original/print/text/Digital_Minimalism(print).pdf	3	/F4	120	132472	ok	Noto Serif Thin	Noto Serif Thin	Noto Serif Thin	Noto Serif Thin	3784
original/print/text/Digital_Minimalism(print).pdf	4	/F1	131	12604	ok	Peignot	Peignot	Peignot	Peignot	260
original/print/text/Digital_Minimalism(print).pdf	4	/F2	19	230284	ok	Cambria	Cambria	Cambria	<no row>	7614
original/print/text/Digital_Minimalism(print).pdf	4	/F3	139	887340	ok	Merriweather 36pt	Merriweather 36pt	Merriweather 36pt	Merriweather 36pt	2298
original/print/text/Digital_Minimalism(print).pdf	4	/F4	147	52784	ok	Bricolage Grotesque Light	Bricolage Grotesque Light	Bricolage Grotesque Light	Bricolage Grotesque Light	597
original/print/text/Digital_Minimalism(print).pdf	5	/F1	158	15972	ok	Tajawal	Tajawal	Tajawal	Tajawal	457
original/print/text/Digital_Minimalism(print).pdf	5	/F2	19	230284	ok	Cambria	Cambria	Cambria	<no row>	7614
original/print/text/Digital_Minimalism(print).pdf	5	/F3	166	58220	ok	Marhey Light	Marhey Light	Marhey Light	Marhey Light	1209
original/print/text/Digital_Minimalism(print).pdf	5	/F4	174	105080	ok	Rubik Medium	Rubik Medium	Rubik Medium	Rubik Medium	1154
original/print/text/E-Payment_Service_Outage_Report(print).pdf	0	/F1	11	12196	ok	Nobile	Nobile	Nobile	Nobile	344
original/print/text/E-Payment_Service_Outage_Report(print).pdf	0	/F2	19	230284	ok	Cambria	Cambria	Cambria	Cambria	7614
original/print/text/E-Payment_Service_Outage_Report(print).pdf	0	/F3	28	40184	ok	Oswald Medium	Oswald Medium	Oswald Medium	Oswald Medium	869
original/print/text/E-Payment_Service_Outage_Report(print).pdf	0	/F4	37	268232	ok	Cambria Math	Cambria Math	Cambria Math	Cambria Math	7614
original/print/text/E-Payment_Service_Outage_Report(print).pdf	1	/F1	48	52636	ok	zihunbiantaoti	zihunbiantaoti	zihunbiantaoti	zihunbiantaoti	7665
original/print/text/E-Payment_Service_Outage_Report(print).pdf	1	/F2	19	230284	ok	Cambria	Cambria	Cambria	<no row>	7614
original/print/text/E-Payment_Service_Outage_Report(print).pdf	1	/F3	56	105380	ok	MaoKenWangXingYuan	MaoKenWangXingYuan	MaoKenWangXingYuan	MaoKenWangXingYuan	7764
original/print/text/E-Payment_Service_Outage_Report(print).pdf	1	/F4	64	137052	ok	AaGuDianKeBenSong	AaGuDianKeBenSong	AaGuDianKeBenSong	AaGuDianKeBenSong	10021
original/print/text/E-Payment_Service_Outage_Report(print).pdf	1	/F5	37	268232	ok	Cambria Math	Cambria Math	Cambria Math	<no row>	7614
original/print/text/E-Payment_Service_Outage_Report(print).pdf	2	/F1	75	39540	ok	Teko Light	Teko Light	Teko Light	Teko Light	991
original/print/text/E-Payment_Service_Outage_Report(print).pdf	2	/F2	19	230284	ok	Cambria	Cambria	Cambria	<no row>	7614
original/print/text/E-Payment_Service_Outage_Report(print).pdf	2	/F3	83	115832	ok	Mukta	Mukta	Mukta	Mukta	1356
original/print/text/E-Payment_Service_Outage_Report(print).pdf	2	/F4	91	41544	ok	Poppins	Poppins	Poppins	Poppins	1059
original/print/text/E-Payment_Service_Outage_Report(print).pdf	3	/F1	102	30916	ok	Prompt Black	Prompt Black	Prompt Black	Prompt Black	764
original/print/text/E-Payment_Service_Outage_Report(print).pdf	3	/F2	19	230284	ok	Cambria	Cambria	Cambria	<no row>	7614
original/print/text/E-Payment_Service_Outage_Report(print).pdf	3	/F3	110	137696	ok	Noto Serif Thin	Noto Serif Thin	Noto Serif Thin	Noto Serif Thin	3784
original/print/text/E-Payment_Service_Outage_Report(print).pdf	3	/F4	118	108576	ok	Playfair Display	Playfair Display	Playfair Display	Playfair Display	1101
original/print/text/E-Payment_Service_Outage_Report(print).pdf	4	/F1	129	12368	ok	Peignot	Peignot	Peignot	Peignot	260
original/print/text/E-Payment_Service_Outage_Report(print).pdf	4	/F2	19	230284	ok	Cambria	Cambria	Cambria	<no row>	7614
original/print/text/E-Payment_Service_Outage_Report(print).pdf	4	/F3	137	57896	ok	Bricolage Grotesque Light	Bricolage Grotesque Light	Bricolage Grotesque Light	Bricolage Grotesque Light	597
original/print/text/E-Payment_Service_Outage_Report(print).pdf	4	/F4	145	894800	ok	Merriweather 36pt	Merriweather 36pt	Merriweather 36pt	Merriweather 36pt	2298
original/print/text/E-Payment_Service_Outage_Report(print).pdf	5	/F1	156	14932	ok	Tajawal	Tajawal	Tajawal	Tajawal	457
original/print/text/E-Payment_Service_Outage_Report(print).pdf	5	/F2	19	230284	ok	Cambria	Cambria	Cambria	<no row>	7614
original/print/text/E-Payment_Service_Outage_Report(print).pdf	5	/F3	164	119568	ok	Rubik Medium	Rubik Medium	Rubik Medium	Rubik Medium	1154
original/print/text/E-Payment_Service_Outage_Report(print).pdf	5	/F4	172	62216	ok	Marhey Light	Marhey Light	Marhey Light	Marhey Light	1209
original/print/text/EcoWave_Sustainable_Fashion_Collection(print).pdf	0	/F1	11	18008	ok	Open Sans	Open Sans	Open Sans	Open Sans	938
original/print/text/EcoWave_Sustainable_Fashion_Collection(print).pdf	0	/F2	19	14376	ok	Nobile	Nobile	Nobile	Nobile	344
original/print/text/EcoWave_Sustainable_Fashion_Collection(print).pdf	0	/F3	27	275704	ok	Cambria Math	Cambria Math	Cambria Math	Cambria Math	7614
original/print/text/EcoWave_Sustainable_Fashion_Collection(print).pdf	0	/F4	35	23900	ok	Symbol	Symbol	Symbol	Symbol	192
original/print/text/EcoWave_Sustainable_Fashion_Collection(print).pdf	0	/F5	43	347616	ok	Arial	Arial	Arial	Arial	4503
original/print/text/EcoWave_Sustainable_Fashion_Collection(print).pdf	0	/F6	51	79596	ok	Cormorant	Cormorant	Cormorant	Cormorant	1860
original/print/text/EcoWave_Sustainable_Fashion_Collection(print).pdf	0	/F7	59	230284	ok	Cambria	Cambria	Cambria	Cambria	7614
original/print/text/EcoWave_Sustainable_Fashion_Collection(print).pdf	1	/F1	70	77592	ok	zihunbiantaoti	zihunbiantaoti	zihunbiantaoti	zihunbiantaoti	7665
original/print/text/EcoWave_Sustainable_Fashion_Collection(print).pdf	1	/F2	35	23900	ok	Symbol	Symbol	Symbol	<no row>	192
original/print/text/EcoWave_Sustainable_Fashion_Collection(print).pdf	1	/F3	43	347616	ok	Arial	Arial	Arial	<no row>	4503
original/print/text/EcoWave_Sustainable_Fashion_Collection(print).pdf	1	/F4	78	123884	ok	AaGuDianKeBenSong	AaGuDianKeBenSong	AaGuDianKeBenSong	AaGuDianKeBenSong	10021
original/print/text/EcoWave_Sustainable_Fashion_Collection(print).pdf	1	/F5	59	230284	ok	Cambria	Cambria	Cambria	<no row>	7614
original/print/text/EcoWave_Sustainable_Fashion_Collection(print).pdf	2	/F1	89	47172	ok	Teko Light	Teko Light	Teko Light	Teko Light	991
original/print/text/EcoWave_Sustainable_Fashion_Collection(print).pdf	2	/F2	97	111548	ok	Mukta	Mukta	Mukta	Mukta	1356
original/print/text/EcoWave_Sustainable_Fashion_Collection(print).pdf	2	/F3	35	23900	ok	Symbol	Symbol	Symbol	<no row>	192
original/print/text/EcoWave_Sustainable_Fashion_Collection(print).pdf	2	/F4	43	347616	ok	Arial	Arial	Arial	<no row>	4503
original/print/text/EcoWave_Sustainable_Fashion_Collection(print).pdf	2	/F5	27	275704	ok	Cambria Math	Cambria Math	Cambria Math	<no row>	7614
original/print/text/EcoWave_Sustainable_Fashion_Collection(print).pdf	2	/F6	59	230284	ok	Cambria	Cambria	Cambria	<no row>	7614
original/print/text/EcoWave_Sustainable_Fashion_Collection(print).pdf	3	/F1	108	30248	ok	Prompt Black	Prompt Black	Prompt Black	Prompt Black	764
original/print/text/EcoWave_Sustainable_Fashion_Collection(print).pdf	3	/F2	116	12796	ok	Belgrano	Belgrano	Belgrano	Belgrano	229
original/print/text/EcoWave_Sustainable_Fashion_Collection(print).pdf	3	/F3	35	23900	ok	Symbol	Symbol	Symbol	<no row>	192
original/print/text/EcoWave_Sustainable_Fashion_Collection(print).pdf	3	/F4	43	347616	ok	Arial	Arial	Arial	<no row>	4503
original/print/text/EcoWave_Sustainable_Fashion_Collection(print).pdf	3	/F5	124	136132	ok	Noto Serif Thin	Noto Serif Thin	Noto Serif Thin	Noto Serif Thin	3784
original/print/text/EcoWave_Sustainable_Fashion_Collection(print).pdf	3	/F6	59	230284	ok	Cambria	Cambria	Cambria	<no row>	7614
original/print/text/EcoWave_Sustainable_Fashion_Collection(print).pdf	4	/F1	135	27160	ok	Abril Fatface	Abril Fatface	Abril Fatface	Abril Fatface	425
original/print/text/EcoWave_Sustainable_Fashion_Collection(print).pdf	4	/F2	143	53240	ok	Bricolage Grotesque Light	Bricolage Grotesque Light	Bricolage Grotesque Light	Bricolage Grotesque Light	597
original/print/text/EcoWave_Sustainable_Fashion_Collection(print).pdf	4	/F3	27	275704	ok	Cambria Math	Cambria Math	Cambria Math	<no row>	7614
original/print/text/EcoWave_Sustainable_Fashion_Collection(print).pdf	4	/F4	35	23900	ok	Symbol	Symbol	Symbol	<no row>	192
original/print/text/EcoWave_Sustainable_Fashion_Collection(print).pdf	4	/F5	43	347616	ok	Arial	Arial	Arial	<no row>	4503
original/print/text/EcoWave_Sustainable_Fashion_Collection(print).pdf	4	/F6	151	17188	ok	Peignot	Peignot	Peignot	Peignot	260
original/print/text/EcoWave_Sustainable_Fashion_Collection(print).pdf	4	/F7	59	230284	ok	Cambria	Cambria	Cambria	<no row>	7614
original/print/text/EcoWave_Sustainable_Fashion_Collection(print).pdf	5	/F1	162	70380	ok	Rubik Medium	Rubik Medium	Rubik Medium	Rubik Medium	1154
original/print/text/EcoWave_Sustainable_Fashion_Collection(print).pdf	5	/F2	170	23516	ok	Tajawal	Tajawal	Tajawal	Tajawal	457
original/print/text/EcoWave_Sustainable_Fashion_Collection(print).pdf	5	/F3	35	23900	ok	Symbol	Symbol	Symbol	<no row>	192
original/print/text/EcoWave_Sustainable_Fashion_Collection(print).pdf	5	/F4	43	347616	ok	Arial	Arial	Arial	<no row>	4503
original/print/text/EcoWave_Sustainable_Fashion_Collection(print).pdf	5	/F5	178	73952	ok	Harmattan	Harmattan	Harmattan	Harmattan	1074
original/print/text/EcoWave_Sustainable_Fashion_Collection(print).pdf	5	/F6	59	230284	ok	Cambria	Cambria	Cambria	<no row>	7614
original/print/text/EduBot_AI_Learning_Robot_Series(print).pdf	0	/F1	11	75428	ok	Cormorant	Cormorant	Cormorant	Cormorant	1860
original/print/text/EduBot_AI_Learning_Robot_Series(print).pdf	0	/F2	19	23900	ok	Symbol	Symbol	Symbol	Symbol	192
original/print/text/EduBot_AI_Learning_Robot_Series(print).pdf	0	/F3	27	347616	ok	Arial	Arial	Arial	Arial	4503
original/print/text/EduBot_AI_Learning_Robot_Series(print).pdf	0	/F4	35	39216	ok	Oswald Medium	Oswald Medium	Oswald Medium	Oswald Medium	869
original/print/text/EduBot_AI_Learning_Robot_Series(print).pdf	0	/F5	43	230284	ok	Cambria	Cambria	Cambria	Cambria	7614
original/print/text/EduBot_AI_Learning_Robot_Series(print).pdf	1	/F1	54	110688	ok	MaoKenWangXingYuan	MaoKenWangXingYuan	MaoKenWangXingYuan	MaoKenWangXingYuan	7764
original/print/text/EduBot_AI_Learning_Robot_Series(print).pdf	1	/F2	19	23900	ok	Symbol	Symbol	Symbol	<no row>	192
original/print/text/EduBot_AI_Learning_Robot_Series(print).pdf	1	/F3	27	347616	ok	Arial	Arial	Arial	<no row>	4503
original/print/text/EduBot_AI_Learning_Robot_Series(print).pdf	1	/F4	62	67884	ok	zihunbiantaoti	zihunbiantaoti	zihunbiantaoti	zihunbiantaoti	7665
original/print/text/EduBot_AI_Learning_Robot_Series(print).pdf	1	/F5	43	230284	ok	Cambria	Cambria	Cambria	<no row>	7614
original/print/text/EduBot_AI_Learning_Robot_Series(print).pdf	2	/F1	73	26984	ok	Poppins	Poppins	Poppins	Poppins	1059
original/print/text/EduBot_AI_Learning_Robot_Series(print).pdf	2	/F2	81	52916	ok	Hind	Hind	Hind	Hind	987
original/print/text/EduBot_AI_Learning_Robot_Series(print).pdf	2	/F3	89	268468	ok	Cambria Math	Cambria Math	Cambria Math	Cambria Math	7614
original/print/text/EduBot_AI_Learning_Robot_Series(print).pdf	2	/F4	19	23900	ok	Symbol	Symbol	Symbol	<no row>	192
original/print/text/EduBot_AI_Learning_Robot_Series(print).pdf	2	/F5	27	347616	ok	Arial	Arial	Arial	<no row>	4503
original/print/text/EduBot_AI_Learning_Robot_Series(print).pdf	2	/F6	97	103432	ok	Biryani	Biryani	Biryani	Biryani	878
original/print/text/EduBot_AI_Learning_Robot_Series(print).pdf	2	/F7	43	230284	ok	Cambria	Cambria	Cambria	<no row>	7614
original/print/text/EduBot_AI_Learning_Robot_Series(print).pdf	3	/F1	108	39596	ok	Big Shoulders Medium	Big Shoulders Medium	Big Shoulders Medium	Big Shoulders Medium	1065
original/print/text/EduBot_AI_Learning_Robot_Series(print).pdf	3	/F2	116	102528	ok	Playfair Display	Playfair Display	Playfair Display	Playfair Display	1101
original/print/text/EduBot_AI_Learning_Robot_Series(print).pdf	3	/F3	19	23900	ok	Symbol	Symbol	Symbol	<no row>	192
original/print/text/EduBot_AI_Learning_Robot_Series(print).pdf	3	/F4	27	347616	ok	Arial	Arial	Arial	<no row>	4503
original/print/text/EduBot_AI_Learning_Robot_Series(print).pdf	3	/F5	124	135964	ok	Noto Serif Thin	Noto Serif Thin	Noto Serif Thin	Noto Serif Thin	3784
original/print/text/EduBot_AI_Learning_Robot_Series(print).pdf	3	/F6	43	230284	ok	Cambria	Cambria	Cambria	<no row>	7614
original/print/text/EduBot_AI_Learning_Robot_Series(print).pdf	4	/F1	135	15236	ok	Archivo Black	Archivo Black	Archivo Black	Archivo Black	426
original/print/text/EduBot_AI_Learning_Robot_Series(print).pdf	4	/F2	143	887088	ok	Merriweather 36pt	Merriweather 36pt	Merriweather 36pt	Merriweather 36pt	2298
original/print/text/EduBot_AI_Learning_Robot_Series(print).pdf	4	/F3	19	23900	ok	Symbol	Symbol	Symbol	<no row>	192
original/print/text/EduBot_AI_Learning_Robot_Series(print).pdf	4	/F4	27	347616	ok	Arial	Arial	Arial	<no row>	4503
original/print/text/EduBot_AI_Learning_Robot_Series(print).pdf	4	/F5	151	16300	ok	Peignot	Peignot	Peignot	Peignot	260
original/print/text/EduBot_AI_Learning_Robot_Series(print).pdf	4	/F6	43	230284	ok	Cambria	Cambria	Cambria	<no row>	7614
original/print/text/EduBot_AI_Learning_Robot_Series(print).pdf	5	/F1	162	64812	ok	Kawkab Mono Light	Kawkab Mono Light	Kawkab Mono Light	Kawkab Mono Light	1852
original/print/text/EduBot_AI_Learning_Robot_Series(print).pdf	5	/F2	170	58344	ok	Marhey Light	Marhey Light	Marhey Light	Marhey Light	1209
original/print/text/EduBot_AI_Learning_Robot_Series(print).pdf	5	/F3	19	23900	ok	Symbol	Symbol	Symbol	<no row>	192
original/print/text/EduBot_AI_Learning_Robot_Series(print).pdf	5	/F4	27	347616	ok	Arial	Arial	Arial	<no row>	4503
original/print/text/EduBot_AI_Learning_Robot_Series(print).pdf	5	/F5	178	79596	ok	Harmattan	Harmattan	Harmattan	Harmattan	1074
original/print/text/EduBot_AI_Learning_Robot_Series(print).pdf	5	/F6	43	230284	ok	Cambria	Cambria	Cambria	<no row>	7614
original/print/text/Evolution_Biodegradable_Plastics(print).pdf	0	/F1	11	230284	ok	Cambria	Cambria	Cambria	Cambria	7614
original/print/text/Evolution_Biodegradable_Plastics(print).pdf	0	/F2	19	14552	ok	Nobile	Nobile	Nobile	Nobile	344
original/print/text/Evolution_Biodegradable_Plastics(print).pdf	0	/F3	27	38156	ok	Oswald Medium	Oswald Medium	Oswald Medium	Oswald Medium	869
original/print/text/Evolution_Biodegradable_Plastics(print).pdf	1	/F1	38	84216	ok	MaoKenWangXingYuan	MaoKenWangXingYuan	MaoKenWangXingYuan	MaoKenWangXingYuan	7764
original/print/text/Evolution_Biodegradable_Plastics(print).pdf	1	/F2	11	230284	ok	Cambria	Cambria	Cambria	<no row>	7614
original/print/text/Evolution_Biodegradable_Plastics(print).pdf	1	/F3	46	77168	ok	zihunbiantaoti	zihunbiantaoti	zihunbiantaoti	zihunbiantaoti	7665
original/print/text/Evolution_Biodegradable_Plastics(print).pdf	1	/F4	54	170380	ok	AaGuDianKeBenSong	AaGuDianKeBenSong	AaGuDianKeBenSong	AaGuDianKeBenSong	10021
original/print/text/Evolution_Biodegradable_Plastics(print).pdf	2	/F1	65	29156	ok	Poppins	Poppins	Poppins	Poppins	1059
original/print/text/Evolution_Biodegradable_Plastics(print).pdf	2	/F2	11	230284	ok	Cambria	Cambria	Cambria	<no row>	7614
original/print/text/Evolution_Biodegradable_Plastics(print).pdf	2	/F3	73	46472	ok	Teko Light	Teko Light	Teko Light	Teko Light	991
original/print/text/Evolution_Biodegradable_Plastics(print).pdf	2	/F4	81	115000	ok	Mukta	Mukta	Mukta	Mukta	1356
original/print/text/Evolution_Biodegradable_Plastics(print).pdf	3	/F1	92	96320	ok	Playfair Display	Playfair Display	Playfair Display	Playfair Display	1101
original/print/text/Evolution_Biodegradable_Plastics(print).pdf	3	/F2	11	230284	ok	Cambria	Cambria	Cambria	<no row>	7614
original/print/text/Evolution_Biodegradable_Plastics(print).pdf	3	/F3	100	33024	ok	Prompt Black	Prompt Black	Prompt Black	Prompt Black	764
original/print/text/Evolution_Biodegradable_Plastics(print).pdf	3	/F4	108	132544	ok	Noto Serif Thin	Noto Serif Thin	Noto Serif Thin	Noto Serif Thin	3784
original/print/text/Evolution_Biodegradable_Plastics(print).pdf	4	/F1	119	51984	ok	Bricolage Grotesque Light	Bricolage Grotesque Light	Bricolage Grotesque Light	Bricolage Grotesque Light	597
original/print/text/Evolution_Biodegradable_Plastics(print).pdf	4	/F2	11	230284	ok	Cambria	Cambria	Cambria	<no row>	7614
original/print/text/Evolution_Biodegradable_Plastics(print).pdf	4	/F3	127	887396	ok	Merriweather 36pt	Merriweather 36pt	Merriweather 36pt	Merriweather 36pt	2298
original/print/text/Evolution_Biodegradable_Plastics(print).pdf	4	/F4	135	14588	ok	Peignot	Peignot	Peignot	Peignot	260
original/print/text/Evolution_Biodegradable_Plastics(print).pdf	5	/F1	146	15912	ok	Tajawal	Tajawal	Tajawal	Tajawal	457
original/print/text/Evolution_Biodegradable_Plastics(print).pdf	5	/F2	11	230284	ok	Cambria	Cambria	Cambria	<no row>	7614
original/print/text/Evolution_Biodegradable_Plastics(print).pdf	5	/F3	154	56368	ok	Marhey Light	Marhey Light	Marhey Light	Marhey Light	1209
original/print/text/Evolution_Biodegradable_Plastics(print).pdf	5	/F4	162	108928	ok	Rubik Medium	Rubik Medium	Rubik Medium	Rubik Medium	1154
original/print/text/Evolution_Food_Culture_Alternative_Foods(print).pdf	0	/F1	11	71868	ok	Cormorant	Cormorant	Cormorant	Cormorant	1860
original/print/text/Evolution_Food_Culture_Alternative_Foods(print).pdf	0	/F2	19	230284	ok	Cambria	Cambria	Cambria	Cambria	7614
original/print/text/Evolution_Food_Culture_Alternative_Foods(print).pdf	0	/F3	27	38384	ok	Oswald Medium	Oswald Medium	Oswald Medium	Oswald Medium	869
original/print/text/Evolution_Food_Culture_Alternative_Foods(print).pdf	1	/F1	19	230284	ok	Cambria	Cambria	Cambria	<no row>	7614
original/print/text/Evolution_Food_Culture_Alternative_Foods(print).pdf	1	/F2	40	140132	ok	AaGuDianKeBenSong	AaGuDianKeBenSong	AaGuDianKeBenSong	AaGuDianKeBenSong	10021
original/print/text/Evolution_Food_Culture_Alternative_Foods(print).pdf	1	/F3	48	137208	ok	MaoKenWangXingYuan	MaoKenWangXingYuan	MaoKenWangXingYuan	MaoKenWangXingYuan	7764
original/print/text/Evolution_Food_Culture_Alternative_Foods(print).pdf	2	/F1	59	38712	ok	Hind	Hind	Hind	Hind	987
original/print/text/Evolution_Food_Culture_Alternative_Foods(print).pdf	2	/F2	19	230284	ok	Cambria	Cambria	Cambria	<no row>	7614
original/print/text/Evolution_Food_Culture_Alternative_Foods(print).pdf	2	/F3	67	109520	ok	Mukta	Mukta	Mukta	Mukta	1356
original/print/text/Evolution_Food_Culture_Alternative_Foods(print).pdf	2	/F4	75	36624	ok	Poppins	Poppins	Poppins	Poppins	1059
original/print/text/Evolution_Food_Culture_Alternative_Foods(print).pdf	3	/F1	86	39948	ok	Big Shoulders Medium	Big Shoulders Medium	Big Shoulders Medium	Big Shoulders Medium	1065
original/print/text/Evolution_Food_Culture_Alternative_Foods(print).pdf	3	/F2	19	230284	ok	Cambria	Cambria	Cambria	<no row>	7614
original/print/text/Evolution_Food_Culture_Alternative_Foods(print).pdf	3	/F3	94	132852	ok	Noto Serif Thin	Noto Serif Thin	Noto Serif Thin	Noto Serif Thin	3784
original/print/text/Evolution_Food_Culture_Alternative_Foods(print).pdf	3	/F4	102	100628	ok	Playfair Display	Playfair Display	Playfair Display	Playfair Display	1101
original/print/text/Evolution_Food_Culture_Alternative_Foods(print).pdf	4	/F1	113	15932	ok	Archivo Black	Archivo Black	Archivo Black	Archivo Black	426
original/print/text/Evolution_Food_Culture_Alternative_Foods(print).pdf	4	/F2	19	230284	ok	Cambria	Cambria	Cambria	<no row>	7614
original/print/text/Evolution_Food_Culture_Alternative_Foods(print).pdf	4	/F3	121	52776	ok	Bricolage Grotesque Light	Bricolage Grotesque Light	Bricolage Grotesque Light	Bricolage Grotesque Light	597
original/print/text/Evolution_Food_Culture_Alternative_Foods(print).pdf	4	/F4	129	887136	ok	Merriweather 36pt	Merriweather 36pt	Merriweather 36pt	Merriweather 36pt	2298
original/print/text/Evolution_Food_Culture_Alternative_Foods(print).pdf	5	/F1	140	65896	ok	Kawkab Mono Light	Kawkab Mono Light	Kawkab Mono Light	Kawkab Mono Light	1852
original/print/text/Evolution_Food_Culture_Alternative_Foods(print).pdf	5	/F2	19	230284	ok	Cambria	Cambria	Cambria	<no row>	7614
original/print/text/Evolution_Food_Culture_Alternative_Foods(print).pdf	5	/F3	148	106160	ok	Rubik Medium	Rubik Medium	Rubik Medium	Rubik Medium	1154
original/print/text/Evolution_Food_Culture_Alternative_Foods(print).pdf	5	/F4	156	58152	ok	Marhey Light	Marhey Light	Marhey Light	Marhey Light	1209
original/print/text/International_Logistics_Fire_Report(print).pdf	0	/F1	11	36708	ok	Oswald Medium	Oswald Medium	Oswald Medium	Oswald Medium	869
original/print/text/International_Logistics_Fire_Report(print).pdf	0	/F2	19	230284	ok	Cambria	Cambria	Cambria	Cambria	7614
original/print/text/International_Logistics_Fire_Report(print).pdf	0	/F3	29	18332	ok	Nobile	Nobile	Nobile	Nobile	344
original/print/text/International_Logistics_Fire_Report(print).pdf	1	/F1	19	230284	ok	Cambria	Cambria	Cambria	<no row>	7614
original/print/text/International_Logistics_Fire_Report(print).pdf	1	/F2	40	106612	ok	MaoKenWangXingYuan	MaoKenWangXingYuan	MaoKenWangXingYuan	MaoKenWangXingYuan	7764
original/print/text/International_Logistics_Fire_Report(print).pdf	1	/F3	48	78708	ok	zihunbiantaoti	zihunbiantaoti	zihunbiantaoti	zihunbiantaoti	7665
original/print/text/International_Logistics_Fire_Report(print).pdf	2	/F1	59	95692	ok	Mukta	Mukta	Mukta	Mukta	1356
original/print/text/International_Logistics_Fire_Report(print).pdf	2	/F2	19	230284	ok	Cambria	Cambria	Cambria	<no row>	7614
original/print/text/International_Logistics_Fire_Report(print).pdf	2	/F3	67	36248	ok	Poppins	Poppins	Poppins	Poppins	1059
original/print/text/International_Logistics_Fire_Report(print).pdf	2	/F4	75	49196	ok	Teko Light	Teko Light	Teko Light	Teko Light	991
original/print/text/International_Logistics_Fire_Report(print).pdf	3	/F1	86	129724	ok	Noto Serif Thin	Noto Serif Thin	Noto Serif Thin	Noto Serif Thin	3784
original/print/text/International_Logistics_Fire_Report(print).pdf	3	/F2	19	230284	ok	Cambria	Cambria	Cambria	<no row>	7614
original/print/text/International_Logistics_Fire_Report(print).pdf	3	/F3	94	105828	ok	Playfair Display	Playfair Display	Playfair Display	Playfair Display	1101
original/print/text/International_Logistics_Fire_Report(print).pdf	3	/F4	102	37808	ok	Prompt Black	Prompt Black	Prompt Black	Prompt Black	764
original/print/text/International_Logistics_Fire_Report(print).pdf	4	/F1	113	51620	ok	Bricolage Grotesque Light	Bricolage Grotesque Light	Bricolage Grotesque Light	Bricolage Grotesque Light	597
original/print/text/International_Logistics_Fire_Report(print).pdf	4	/F2	19	230284	ok	Cambria	Cambria	Cambria	<no row>	7614
original/print/text/International_Logistics_Fire_Report(print).pdf	4	/F3	121	893016	ok	Merriweather 36pt	Merriweather 36pt	Merriweather 36pt	Merriweather 36pt	2298
original/print/text/International_Logistics_Fire_Report(print).pdf	4	/F4	129	18212	ok	Peignot	Peignot	Peignot	Peignot	260
original/print/text/International_Logistics_Fire_Report(print).pdf	5	/F1	140	80480	ok	Rubik Medium	Rubik Medium	Rubik Medium	Rubik Medium	1154
original/print/text/International_Logistics_Fire_Report(print).pdf	5	/F2	19	230284	ok	Cambria	Cambria	Cambria	<no row>	7614
original/print/text/International_Logistics_Fire_Report(print).pdf	5	/F3	148	60440	ok	Marhey Light	Marhey Light	Marhey Light	Marhey Light	1209
original/print/text/International_Logistics_Fire_Report(print).pdf	5	/F4	156	22340	ok	Tajawal	Tajawal	Tajawal	Tajawal	457
original/print/text/Lumina_Interior_Lighting_Designbook(print).pdf	0	/F1	11	19844	ok	Open Sans	Open Sans	Open Sans	Open Sans	938
original/print/text/Lumina_Interior_Lighting_Designbook(print).pdf	0	/F2	19	38024	ok	Oswald Medium	Oswald Medium	Oswald Medium	Oswald Medium	869
original/print/text/Lumina_Interior_Lighting_Designbook(print).pdf	0	/F3	27	268508	ok	Cambria Math	Cambria Math	Cambria Math	Cambria Math	7614
original/print/text/Lumina_Interior_Lighting_Designbook(print).pdf	0	/F4	35	23900	ok	Symbol	Symbol	Symbol	Symbol	192
original/print/text/Lumina_Interior_Lighting_Designbook(print).pdf	0	/F5	43	347616	ok	Arial	Arial	Arial	Arial	4503
original/print/text/Lumina_Interior_Lighting_Designbook(print).pdf	0	/F6	51	18772	ok	Nobile	Nobile	Nobile	Nobile	344
original/print/text/Lumina_Interior_Lighting_Designbook(print).pdf	1	/F1	62	40104	ok	dinglieciweifont	dinglieciweifont	dinglieciweifont	dinglieciweifont	7415
original/print/text/Lumina_Interior_Lighting_Designbook(print).pdf	1	/F2	70	132932	ok	AaGuDianKeBenSong	AaGuDianKeBenSong	AaGuDianKeBenSong	AaGuDianKeBenSong	10021
original/print/text/Lumina_Interior_Lighting_Designbook(print).pdf	1	/F3	35	23900	ok	Symbol	Symbol	Symbol	<no row>	192
original/print/text/Lumina_Interior_Lighting_Designbook(print).pdf	1	/F4	43	347616	ok	Arial	Arial	Arial	<no row>	4503
original/print/text/Lumina_Interior_Lighting_Designbook(print).pdf	1	/F5	78	74936	ok	zihunbiantaoti	zihunbiantaoti	zihunbiantaoti	zihunbiantaoti	7665
original/print/text/Lumina_Interior_Lighting_Designbook(print).pdf	1	/F6	86	230284	ok	Cambria	Cambria	Cambria	Cambria	7614
original/print/text/Lumina_Interior_Lighting_Designbook(print).pdf	2	/F1	97	38452	ok	Teko Light	Teko Light	Teko Light	Teko Light	991
original/print/text/Lumina_Interior_Lighting_Designbook(print).pdf	2	/F2	105	139664	ok	Mukta	Mukta	Mukta	Mukta	1356
original/print/text/Lumina_Interior_Lighting_Designbook(print).pdf	2	/F3	27	268508	ok	Cambria Math	Cambria Math	Cambria Math	<no row>	7614
original/print/text/Lumina_Interior_Lighting_Designbook(print).pdf	2	/F4	35	23900	ok	Symbol	Symbol	Symbol	<no row>	192
original/print/text/Lumina_Interior_Lighting_Designbook(print).pdf	2	/F5	43	347616	ok	Arial	Arial	Arial	<no row>	4503
original/print/text/Lumina_Interior_Lighting_Designbook(print).pdf	2	/F6	113	102548	ok	Biryani	Biryani	Biryani	Biryani	878
original/print/text/Lumina_Interior_Lighting_Designbook(print).pdf	2	/F7	86	230284	ok	Cambria	Cambria	Cambria	<no row>	7614
original/print/text/Lumina_Interior_Lighting_Designbook(print).pdf	3	/F1	124	11192	ok	Belgrano	Belgrano	Belgrano	Belgrano	229
original/print/text/Lumina_Interior_Lighting_Designbook(print).pdf	3	/F2	132	33744	ok	Prompt Black	Prompt Black	Prompt Black	Prompt Black	764
original/print/text/Lumina_Interior_Lighting_Designbook(print).pdf	3	/F3	27	268508	ok	Cambria Math	Cambria Math	Cambria Math	<no row>	7614
original/print/text/Lumina_Interior_Lighting_Designbook(print).pdf	3	/F4	35	23900	ok	Symbol	Symbol	Symbol	<no row>	192
original/print/text/Lumina_Interior_Lighting_Designbook(print).pdf	3	/F5	43	347616	ok	Arial	Arial	Arial	<no row>	4503
original/print/text/Lumina_Interior_Lighting_Designbook(print).pdf	3	/F6	140	138432	ok	Noto Serif Thin	Noto Serif Thin	Noto Serif Thin	Noto Serif Thin	3784
original/print/text/Lumina_Interior_Lighting_Designbook(print).pdf	3	/F7	86	230284	ok	Cambria	Cambria	Cambria	<no row>	7614
original/print/text/Lumina_Interior_Lighting_Designbook(print).pdf	4	/F1	151	51192	ok	Bricolage Grotesque Light	Bricolage Grotesque Light	Bricolage Grotesque Light	Bricolage Grotesque Light	597
original/print/text/Lumina_Interior_Lighting_Designbook(print).pdf	4	/F2	159	30240	ok	Abril Fatface	Abril Fatface	Abril Fatface	Abril Fatface	425
original/print/text/Lumina_Interior_Lighting_Designbook(print).pdf	4	/F3	27	268508	ok	Cambria Math	Cambria Math	Cambria Math	<no row>	7614
original/print/text/Lumina_Interior_Lighting_Designbook(print).pdf	4	/F4	35	23900	ok	Symbol	Symbol	Symbol	<no row>	192
original/print/text/Lumina_Interior_Lighting_Designbook(print).pdf	4	/F5	43	347616	ok	Arial	Arial	Arial	<no row>	4503
original/print/text/Lumina_Interior_Lighting_Designbook(print).pdf	4	/F6	167	19212	ok	Peignot	Peignot	Peignot	Peignot	260
original/print/text/Lumina_Interior_Lighting_Designbook(print).pdf	4	/F7	86	230284	ok	Cambria	Cambria	Cambria	<no row>	7614
original/print/text/Lumina_Interior_Lighting_Designbook(print).pdf	5	/F1	178	58576	ok	Harmattan	Harmattan	Harmattan	Harmattan	1074
original/print/text/Lumina_Interior_Lighting_Designbook(print).pdf	5	/F2	186	115992	ok	Rubik Medium	Rubik Medium	Rubik Medium	Rubik Medium	1154
original/print/text/Lumina_Interior_Lighting_Designbook(print).pdf	5	/F3	27	268508	ok	Cambria Math	Cambria Math	Cambria Math	<no row>	7614
original/print/text/Lumina_Interior_Lighting_Designbook(print).pdf	5	/F4	35	23900	ok	Symbol	Symbol	Symbol	<no row>	192
original/print/text/Lumina_Interior_Lighting_Designbook(print).pdf	5	/F5	43	347616	ok	Arial	Arial	Arial	<no row>	4503
original/print/text/Lumina_Interior_Lighting_Designbook(print).pdf	5	/F6	194	24688	ok	Tajawal	Tajawal	Tajawal	Tajawal	457
original/print/text/Lumina_Interior_Lighting_Designbook(print).pdf	5	/F7	86	230284	ok	Cambria	Cambria	Cambria	<no row>	7614
original/print/text/NeoHome_Smart_Appliances_Catalog_v5(print).pdf	0	/F1	11	63012	ok	Cormorant	Cormorant	Cormorant	Cormorant	1860
original/print/text/NeoHome_Smart_Appliances_Catalog_v5(print).pdf	0	/F2	19	40268	ok	Oswald Medium	Oswald Medium	Oswald Medium	Oswald Medium	869
original/print/text/NeoHome_Smart_Appliances_Catalog_v5(print).pdf	0	/F3	27	268468	ok	Cambria Math	Cambria Math	Cambria Math	Cambria Math	7614
original/print/text/NeoHome_Smart_Appliances_Catalog_v5(print).pdf	0	/F4	35	23900	ok	Symbol	Symbol	Symbol	Symbol	192
original/print/text/NeoHome_Smart_Appliances_Catalog_v5(print).pdf	0	/F5	43	347616	ok	Arial	Arial	Arial	Arial	4503
original/print/text/NeoHome_Smart_Appliances_Catalog_v5(print).pdf	0	/F6	51	230284	ok	Cambria	Cambria	Cambria	Cambria	7614
original/print/text/NeoHome_Smart_Appliances_Catalog_v5(print).pdf	1	/F1	62	70952	ok	AaGuDianKeBenSong	AaGuDianKeBenSong	AaGuDianKeBenSong	AaGuDianKeBenSong	10021
original/print/text/NeoHome_Smart_Appliances_Catalog_v5(print).pdf	1	/F2	35	23900	ok	Symbol	Symbol	Symbol	<no row>	192
original/print/text/NeoHome_Smart_Appliances_Catalog_v5(print).pdf	1	/F3	43	347616	ok	Arial	Arial	Arial	<no row>	4503
original/print/text/NeoHome_Smart_Appliances_Catalog_v5(print).pdf	1	/F4	51	230284	ok	Cambria	Cambria	Cambria	<no row>	7614
original/print/text/NeoHome_Smart_Appliances_Catalog_v5(print).pdf	2	/F1	82	85044	ok	Mukta	Mukta	Mukta	Mukta	1356
original/print/text/NeoHome_Smart_Appliances_Catalog_v5(print).pdf	2	/F2	90	61728	ok	Hind	Hind	Hind	Hind	987
original/print/text/NeoHome_Smart_Appliances_Catalog_v5(print).pdf	2	/F3	27	268468	ok	Cambria Math	Cambria Math	Cambria Math	<no row>	7614
original/print/text/NeoHome_Smart_Appliances_Catalog_v5(print).pdf	2	/F4	35	23900	ok	Symbol	Symbol	Symbol	<no row>	192
original/print/text/NeoHome_Smart_Appliances_Catalog_v5(print).pdf	2	/F5	43	347616	ok	Arial	Arial	Arial	<no row>	4503
original/print/text/NeoHome_Smart_Appliances_Catalog_v5(print).pdf	2	/F6	51	230284	ok	Cambria	Cambria	Cambria	<no row>	7614
original/print/text/NeoHome_Smart_Appliances_Catalog_v5(print).pdf	3	/F1	101	39324	ok	Big Shoulders Medium	Big Shoulders Medium	Big Shoulders Medium	Big Shoulders Medium	1065
original/print/text/NeoHome_Smart_Appliances_Catalog_v5(print).pdf	3	/F2	109	136048	ok	Noto Serif Thin	Noto Serif Thin	Noto Serif Thin	Noto Serif Thin	3784
original/print/text/NeoHome_Smart_Appliances_Catalog_v5(print).pdf	3	/F3	35	23900	ok	Symbol	Symbol	Symbol	<no row>	192
original/print/text/NeoHome_Smart_Appliances_Catalog_v5(print).pdf	3	/F4	43	347616	ok	Arial	Arial	Arial	<no row>	4503
original/print/text/NeoHome_Smart_Appliances_Catalog_v5(print).pdf	3	/F5	51	230284	ok	Cambria	Cambria	Cambria	<no row>	7614
original/print/text/NeoHome_Smart_Appliances_Catalog_v5(print).pdf	4	/F1	120	15104	ok	Archivo Black	Archivo Black	Archivo Black	Archivo Black	426
original/print/text/NeoHome_Smart_Appliances_Catalog_v5(print).pdf	4	/F2	128	56992	ok	Bricolage Grotesque Light	Bricolage Grotesque Light	Bricolage Grotesque Light	Bricolage Grotesque Light	597
original/print/text/NeoHome_Smart_Appliances_Catalog_v5(print).pdf	4	/F3	35	23900	ok	Symbol	Symbol	Symbol	<no row>	192
original/print/text/NeoHome_Smart_Appliances_Catalog_v5(print).pdf	4	/F4	43	347616	ok	Arial	Arial	Arial	<no row>	4503
original/print/text/NeoHome_Smart_Appliances_Catalog_v5(print).pdf	4	/F5	27	268468	ok	Cambria Math	Cambria Math	Cambria Math	<no row>	7614
original/print/text/NeoHome_Smart_Appliances_Catalog_v5(print).pdf	4	/F6	51	230284	ok	Cambria	Cambria	Cambria	<no row>	7614
original/print/text/NeoHome_Smart_Appliances_Catalog_v5(print).pdf	5	/F1	139	63800	ok	Kawkab Mono Light	Kawkab Mono Light	Kawkab Mono Light	Kawkab Mono Light	1852
original/print/text/NeoHome_Smart_Appliances_Catalog_v5(print).pdf	5	/F2	147	125756	ok	Rubik Medium	Rubik Medium	Rubik Medium	Rubik Medium	1154
original/print/text/NeoHome_Smart_Appliances_Catalog_v5(print).pdf	5	/F3	35	23900	ok	Symbol	Symbol	Symbol	<no row>	192
original/print/text/NeoHome_Smart_Appliances_Catalog_v5(print).pdf	5	/F4	43	347616	ok	Arial	Arial	Arial	<no row>	4503
original/print/text/NeoHome_Smart_Appliances_Catalog_v5(print).pdf	5	/F5	51	230284	ok	Cambria	Cambria	Cambria	<no row>	7614
original/print/text/New_Care_Models_Aging_Society(print).pdf	0	/F1	11	230284	ok	Cambria	Cambria	Cambria	Cambria	7614
original/print/text/New_Care_Models_Aging_Society(print).pdf	0	/F2	19	22940	ok	Open Sans	Open Sans	Open Sans	Open Sans	938
original/print/text/New_Care_Models_Aging_Society(print).pdf	1	/F1	30	52292	ok	dinglieciweifont	dinglieciweifont	dinglieciweifont	dinglieciweifont	7415
original/print/text/New_Care_Models_Aging_Society(print).pdf	1	/F2	11	230284	ok	Cambria	Cambria	Cambria	<no row>	7614
original/print/text/New_Care_Models_Aging_Society(print).pdf	2	/F1	53	87352	ok	Biryani	Biryani	Biryani	Biryani	878
original/print/text/New_Care_Models_Aging_Society(print).pdf	2	/F2	11	230284	ok	Cambria	Cambria	Cambria	<no row>	7614
original/print/text/New_Care_Models_Aging_Society(print).pdf	2	/F3	61	59264	ok	Hind	Hind	Hind	Hind	987
original/print/text/New_Care_Models_Aging_Society(print).pdf	3	/F1	72	11492	ok	Belgrano	Belgrano	Belgrano	Belgrano	229
original/print/text/New_Care_Models_Aging_Society(print).pdf	3	/F2	11	230284	ok	Cambria	Cambria	Cambria	<no row>	7614
original/print/text/New_Care_Models_Aging_Society(print).pdf	3	/F3	80	42316	ok	Big Shoulders Medium	Big Shoulders Medium	Big Shoulders Medium	Big Shoulders Medium	1065
original/print/text/New_Care_Models_Aging_Society(print).pdf	4	/F1	91	28124	ok	Abril Fatface	Abril Fatface	Abril Fatface	Abril Fatface	425
original/print/text/New_Care_Models_Aging_Society(print).pdf	4	/F2	11	230284	ok	Cambria	Cambria	Cambria	<no row>	7614
original/print/text/New_Care_Models_Aging_Society(print).pdf	4	/F3	99	53184	ok	Bricolage Grotesque Light	Bricolage Grotesque Light	Bricolage Grotesque Light	Bricolage Grotesque Light	597
original/print/text/New_Care_Models_Aging_Society(print).pdf	5	/F1	110	62908	ok	Harmattan	Harmattan	Harmattan	Harmattan	1074
original/print/text/New_Care_Models_Aging_Society(print).pdf	5	/F2	11	230284	ok	Cambria	Cambria	Cambria	<no row>	7614
original/print/text/New_Care_Models_Aging_Society(print).pdf	5	/F3	118	78852	ok	Kawkab Mono Light	Kawkab Mono Light	Kawkab Mono Light	Kawkab Mono Light	1852
original/print/text/Next_Decade_Space_Exploration(print).pdf	0	/F1	11	13856	ok	Nobile	Nobile	Nobile	Nobile	344
original/print/text/Next_Decade_Space_Exploration(print).pdf	0	/F2	19	230284	ok	Cambria	Cambria	Cambria	Cambria	7614
original/print/text/Next_Decade_Space_Exploration(print).pdf	0	/F3	27	38840	ok	Oswald Medium	Oswald Medium	Oswald Medium	Oswald Medium	869
original/print/text/Next_Decade_Space_Exploration(print).pdf	0	/F4	35	22320	ok	Open Sans	Open Sans	Open Sans	Open Sans	938
original/print/text/Next_Decade_Space_Exploration(print).pdf	1	/F1	46	54524	ok	zihunbiantaoti	zihunbiantaoti	zihunbiantaoti	zihunbiantaoti	7665
original/print/text/Next_Decade_Space_Exploration(print).pdf	1	/F2	19	230284	ok	Cambria	Cambria	Cambria	<no row>	7614
original/print/text/Next_Decade_Space_Exploration(print).pdf	1	/F3	54	157064	ok	AaGuDianKeBenSong	AaGuDianKeBenSong	AaGuDianKeBenSong	AaGuDianKeBenSong	10021
original/print/text/Next_Decade_Space_Exploration(print).pdf	1	/F4	62	156640	ok	dinglieciweifont	dinglieciweifont	dinglieciweifont	dinglieciweifont	7415
original/print/text/Next_Decade_Space_Exploration(print).pdf	2	/F1	73	65376	ok	Biryani	Biryani	Biryani	Biryani	878
original/print/text/Next_Decade_Space_Exploration(print).pdf	2	/F2	19	230284	ok	Cambria	Cambria	Cambria	<no row>	7614
original/print/text/Next_Decade_Space_Exploration(print).pdf	2	/F3	81	49544	ok	Teko Light	Teko Light	Teko Light	Teko Light	991
original/print/text/Next_Decade_Space_Exploration(print).pdf	2	/F4	89	119020	ok	Mukta	Mukta	Mukta	Mukta	1356
original/print/text/Next_Decade_Space_Exploration(print).pdf	3	/F1	100	33320	ok	Prompt Black	Prompt Black	Prompt Black	Prompt Black	764
original/print/text/Next_Decade_Space_Exploration(print).pdf	3	/F2	19	230284	ok	Cambria	Cambria	Cambria	<no row>	7614
original/print/text/Next_Decade_Space_Exploration(print).pdf	3	/F3	108	134044	ok	Noto Serif Thin	Noto Serif Thin	Noto Serif Thin	Noto Serif Thin	3784
original/print/text/Next_Decade_Space_Exploration(print).pdf	4	/F1	119	27576	ok	Abril Fatface	Abril Fatface	Abril Fatface	Abril Fatface	425
original/print/text/Next_Decade_Space_Exploration(print).pdf	4	/F2	19	230284	ok	Cambria	Cambria	Cambria	<no row>	7614
original/print/text/Next_Decade_Space_Exploration(print).pdf	4	/F3	127	53312	ok	Bricolage Grotesque Light	Bricolage Grotesque Light	Bricolage Grotesque Light	Bricolage Grotesque Light	597
original/print/text/Next_Decade_Space_Exploration(print).pdf	4	/F4	135	15356	ok	Peignot	Peignot	Peignot	Peignot	260
original/print/text/Next_Decade_Space_Exploration(print).pdf	5	/F1	146	63952	ok	Harmattan	Harmattan	Harmattan	Harmattan	1074
original/print/text/Next_Decade_Space_Exploration(print).pdf	5	/F2	154	104752	ok	Rubik Medium	Rubik Medium	Rubik Medium	Rubik Medium	1154
original/print/text/Next_Decade_Space_Exploration(print).pdf	5	/F3	19	230284	ok	Cambria	Cambria	Cambria	<no row>	7614
original/print/text/Next_Decade_Space_Exploration(print).pdf	5	/F4	162	24104	ok	Tajawal	Tajawal	Tajawal	Tajawal	457
original/print/text/OceanQuest_Modular_Water_Leisure_Equipment_Guide(print).pdf	0	/F1	11	21884	ok	Open Sans	Open Sans	Open Sans	Open Sans	938
original/print/text/OceanQuest_Modular_Water_Leisure_Equipment_Guide(print).pdf	0	/F2	19	16048	ok	Nobile	Nobile	Nobile	Nobile	344
original/print/text/OceanQuest_Modular_Water_Leisure_Equipment_Guide(print).pdf	0	/F3	27	230284	ok	Cambria	Cambria	Cambria	Cambria	7614
original/print/text/OceanQuest_Modular_Water_Leisure_Equipment_Guide(print).pdf	1	/F1	50	60836	ok	zihunbiantaoti	zihunbiantaoti	zihunbiantaoti	zihunbiantaoti	7665
original/print/text/OceanQuest_Modular_Water_Leisure_Equipment_Guide(print).pdf	1	/F2	27	230284	ok	Cambria	Cambria	Cambria	<no row>	7614
original/print/text/OceanQuest_Modular_Water_Leisure_Equipment_Guide(print).pdf	2	/F1	61	101780	ok	Biryani	Biryani	Biryani	Biryani	878
original/print/text/OceanQuest_Modular_Water_Leisure_Equipment_Guide(print).pdf	2	/F2	69	52496	ok	Teko Light	Teko Light	Teko Light	Teko Light	991
original/print/text/OceanQuest_Modular_Water_Leisure_Equipment_Guide(print).pdf	2	/F3	27	230284	ok	Cambria	Cambria	Cambria	<no row>	7614
original/print/text/OceanQuest_Modular_Water_Leisure_Equipment_Guide(print).pdf	3	/F1	80	12544	ok	Belgrano	Belgrano	Belgrano	Belgrano	229
original/print/text/OceanQuest_Modular_Water_Leisure_Equipment_Guide(print).pdf	3	/F2	88	133172	ok	Noto Serif Thin	Noto Serif Thin	Noto Serif Thin	Noto Serif Thin	3784
original/print/text/OceanQuest_Modular_Water_Leisure_Equipment_Guide(print).pdf	3	/F3	27	230284	ok	Cambria	Cambria	Cambria	<no row>	7614
original/print/text/OceanQuest_Modular_Water_Leisure_Equipment_Guide(print).pdf	4	/F1	99	52540	ok	Bricolage Grotesque Light	Bricolage Grotesque Light	Bricolage Grotesque Light	Bricolage Grotesque Light	597
original/print/text/OceanQuest_Modular_Water_Leisure_Equipment_Guide(print).pdf	4	/F2	107	887196	ok	Merriweather 36pt	Merriweather 36pt	Merriweather 36pt	Merriweather 36pt	2298
original/print/text/OceanQuest_Modular_Water_Leisure_Equipment_Guide(print).pdf	4	/F3	27	230284	ok	Cambria	Cambria	Cambria	<no row>	7614
original/print/text/OceanQuest_Modular_Water_Leisure_Equipment_Guide(print).pdf	5	/F1	118	56844	ok	Marhey Light	Marhey Light	Marhey Light	Marhey Light	1209
original/print/text/OceanQuest_Modular_Water_Leisure_Equipment_Guide(print).pdf	5	/F2	126	18960	ok	Tajawal	Tajawal	Tajawal	Tajawal	457
original/print/text/OceanQuest_Modular_Water_Leisure_Equipment_Guide(print).pdf	5	/F3	27	230284	ok	Cambria	Cambria	Cambria	<no row>	7614
original/print/text/PetPal_Smart_PetCare_Products(print).pdf	0	/F1	11	75508	ok	Cormorant	Cormorant	Cormorant	Cormorant	1860
original/print/text/PetPal_Smart_PetCare_Products(print).pdf	0	/F2	19	23900	ok	Symbol	Symbol	Symbol	Symbol	192
original/print/text/PetPal_Smart_PetCare_Products(print).pdf	0	/F3	27	347616	ok	Arial	Arial	Arial	Arial	4503
original/print/text/PetPal_Smart_PetCare_Products(print).pdf	0	/F4	35	38912	ok	Oswald Medium	Oswald Medium	Oswald Medium	Oswald Medium	869
original/print/text/PetPal_Smart_PetCare_Products(print).pdf	0	/F5	43	268468	ok	Cambria Math	Cambria Math	Cambria Math	Cambria Math	7614
original/print/text/PetPal_Smart_PetCare_Products(print).pdf	0	/F6	51	230284	ok	Cambria	Cambria	Cambria	Cambria	7614
original/print/text/PetPal_Smart_PetCare_Products(print).pdf	1	/F1	62	71896	ok	AaGuDianKeBenSong	AaGuDianKeBenSong	AaGuDianKeBenSong	AaGuDianKeBenSong	10021
original/print/text/PetPal_Smart_PetCare_Products(print).pdf	1	/F2	19	23900	ok	Symbol	Symbol	Symbol	<no row>	192
original/print/text/PetPal_Smart_PetCare_Products(print).pdf	1	/F3	27	347616	ok	Arial	Arial	Arial	<no row>	4503
original/print/text/PetPal_Smart_PetCare_Products(print).pdf	1	/F4	76	71608	ok	dinglieciweifont	dinglieciweifont	dinglieciweifont	dinglieciweifont	7415
original/print/text/PetPal_Smart_PetCare_Products(print).pdf	1	/F5	51	230284	ok	Cambria	Cambria	Cambria	<no row>	7614
original/print/text/PetPal_Smart_PetCare_Products(print).pdf	2	/F1	87	31804	ok	Hind	Hind	Hind	Hind	987
original/print/text/PetPal_Smart_PetCare_Products(print).pdf	2	/F2	43	268468	ok	Cambria Math	Cambria Math	Cambria Math	<no row>	7614
original/print/text/PetPal_Smart_PetCare_Products(print).pdf	2	/F3	95	36324	ok	Poppins	Poppins	Poppins	Poppins	1059
original/print/text/PetPal_Smart_PetCare_Products(print).pdf	2	/F4	19	23900	ok	Symbol	Symbol	Symbol	<no row>	192
original/print/text/PetPal_Smart_PetCare_Products(print).pdf	2	/F5	27	347616	ok	Arial	Arial	Arial	<no row>	4503
original/print/text/PetPal_Smart_PetCare_Products(print).pdf	2	/F6	103	49508	ok	Teko Light	Teko Light	Teko Light	Teko Light	991
original/print/text/PetPal_Smart_PetCare_Products(print).pdf	2	/F7	51	230284	ok	Cambria	Cambria	Cambria	<no row>	7614
original/print/text/PetPal_Smart_PetCare_Products(print).pdf	3	/F1	114	39116	ok	Big Shoulders Medium	Big Shoulders Medium	Big Shoulders Medium	Big Shoulders Medium	1065
original/print/text/PetPal_Smart_PetCare_Products(print).pdf	3	/F2	122	33972	ok	Prompt Black	Prompt Black	Prompt Black	Prompt Black	764
original/print/text/PetPal_Smart_PetCare_Products(print).pdf	3	/F3	19	23900	ok	Symbol	Symbol	Symbol	<no row>	192
original/print/text/PetPal_Smart_PetCare_Products(print).pdf	3	/F4	27	347616	ok	Arial	Arial	Arial	<no row>	4503
original/print/text/PetPal_Smart_PetCare_Products(print).pdf	3	/F5	43	268468	ok	Cambria Math	Cambria Math	Cambria Math	<no row>	7614
original/print/text/PetPal_Smart_PetCare_Products(print).pdf	3	/F6	130	133436	ok	Noto Serif Thin	Noto Serif Thin	Noto Serif Thin	Noto Serif Thin	3784
original/print/text/PetPal_Smart_PetCare_Products(print).pdf	3	/F7	51	230284	ok	Cambria	Cambria	Cambria	<no row>	7614
original/print/text/PetPal_Smart_PetCare_Products(print).pdf	4	/F1	141	14224	ok	Archivo Black	Archivo Black	Archivo Black	Archivo Black	426
original/print/text/PetPal_Smart_PetCare_Products(print).pdf	4	/F2	149	53004	ok	Bricolage Grotesque Light	Bricolage Grotesque Light	Bricolage Grotesque Light	Bricolage Grotesque Light	597
original/print/text/PetPal_Smart_PetCare_Products(print).pdf	4	/F3	43	268468	ok	Cambria Math	Cambria Math	Cambria Math	<no row>	7614
original/print/text/PetPal_Smart_PetCare_Products(print).pdf	4	/F4	19	23900	ok	Symbol	Symbol	Symbol	<no row>	192
original/print/text/PetPal_Smart_PetCare_Products(print).pdf	4	/F5	27	347616	ok	Arial	Arial	Arial	<no row>	4503
original/print/text/PetPal_Smart_PetCare_Products(print).pdf	4	/F6	157	888068	ok	Merriweather 36pt	Merriweather 36pt	Merriweather 36pt	Merriweather 36pt	2298
original/print/text/PetPal_Smart_PetCare_Products(print).pdf	4	/F7	51	230284	ok	Cambria	Cambria	Cambria	<no row>	7614
original/print/text/PetPal_Smart_PetCare_Products(print).pdf	5	/F1	168	64252	ok	Kawkab Mono Light	Kawkab Mono Light	Kawkab Mono Light	Kawkab Mono Light	1852
original/print/text/PetPal_Smart_PetCare_Products(print).pdf	5	/F2	176	107324	ok	Rubik Medium	Rubik Medium	Rubik Medium	Rubik Medium	1154
original/print/text/PetPal_Smart_PetCare_Products(print).pdf	5	/F3	19	23900	ok	Symbol	Symbol	Symbol	<no row>	192
original/print/text/PetPal_Smart_PetCare_Products(print).pdf	5	/F4	27	347616	ok	Arial	Arial	Arial	<no row>	4503
original/print/text/PetPal_Smart_PetCare_Products(print).pdf	5	/F5	184	23316	ok	Tajawal	Tajawal	Tajawal	Tajawal	457
original/print/text/PetPal_Smart_PetCare_Products(print).pdf	5	/F6	51	230284	ok	Cambria	Cambria	Cambria	<no row>	7614
original/print/text/Quantum_Computing_Race(print).pdf	0	/F1	11	12508	ok	Nobile	Nobile	Nobile	Nobile	344
original/print/text/Quantum_Computing_Race(print).pdf	0	/F2	19	230284	ok	Cambria	Cambria	Cambria	Cambria	7614
original/print/text/Quantum_Computing_Race(print).pdf	0	/F3	27	77588	ok	Cormorant	Cormorant	Cormorant	Cormorant	1860
original/print/text/Quantum_Computing_Race(print).pdf	0	/F4	35	22588	ok	Open Sans	Open Sans	Open Sans	Open Sans	938
original/print/text/Quantum_Computing_Race(print).pdf	1	/F1	46	55272	ok	dinglieciweifont	dinglieciweifont	dinglieciweifont	dinglieciweifont	7415
original/print/text/Quantum_Computing_Race(print).pdf	1	/F2	19	230284	ok	Cambria	Cambria	Cambria	<no row>	7614
original/print/text/Quantum_Computing_Race(print).pdf	1	/F3	54	129432	ok	MaoKenWangXingYuan	MaoKenWangXingYuan	MaoKenWangXingYuan	MaoKenWangXingYuan	7764
original/print/text/Quantum_Computing_Race(print).pdf	1	/F4	62	83296	ok	zihunbiantaoti	zihunbiantaoti	zihunbiantaoti	zihunbiantaoti	7665
original/print/text/Quantum_Computing_Race(print).pdf	2	/F1	73	36052	ok	Hind	Hind	Hind	Hind	987
original/print/text/Quantum_Computing_Race(print).pdf	2	/F2	19	230284	ok	Cambria	Cambria	Cambria	<no row>	7614
original/print/text/Quantum_Computing_Race(print).pdf	2	/F3	81	103824	ok	Biryani	Biryani	Biryani	Biryani	878
original/print/text/Quantum_Computing_Race(print).pdf	2	/F4	89	109348	ok	Teko Light	Teko Light	Teko Light	Teko Light	991
original/print/text/Quantum_Computing_Race(print).pdf	3	/F1	100	31904	ok	Prompt Black	Prompt Black	Prompt Black	Prompt Black	764
original/print/text/Quantum_Computing_Race(print).pdf	3	/F2	19	230284	ok	Cambria	Cambria	Cambria	<no row>	7614
original/print/text/Quantum_Computing_Race(print).pdf	3	/F3	108	12236	ok	Belgrano	Belgrano	Belgrano	Belgrano	229
original/print/text/Quantum_Computing_Race(print).pdf	3	/F4	116	133968	ok	Noto Serif Thin	Noto Serif Thin	Noto Serif Thin	Noto Serif Thin	3784
original/print/text/Quantum_Computing_Race(print).pdf	4	/F1	127	885508	ok	Merriweather 36pt	Merriweather 36pt	Merriweather 36pt	Merriweather 36pt	2298
original/print/text/Quantum_Computing_Race(print).pdf	4	/F2	135	53124	ok	Bricolage Grotesque Light	Bricolage Grotesque Light	Bricolage Grotesque Light	Bricolage Grotesque Light	597
original/print/text/Quantum_Computing_Race(print).pdf	4	/F3	143	30076	ok	Abril Fatface	Abril Fatface	Abril Fatface	Abril Fatface	425
original/print/text/Quantum_Computing_Race(print).pdf	4	/F4	151	268232	ok	Cambria Math	Cambria Math	Cambria Math	Cambria Math	7614
original/print/text/Quantum_Computing_Race(print).pdf	5	/F1	162	85816	ok	Rubik Medium	Rubik Medium	Rubik Medium	Rubik Medium	1154
original/print/text/Quantum_Computing_Race(print).pdf	5	/F2	19	230284	ok	Cambria	Cambria	Cambria	<no row>	7614
original/print/text/Quantum_Computing_Race(print).pdf	5	/F3	170	57856	ok	Marhey Light	Marhey Light	Marhey Light	Marhey Light	1209
original/print/text/Quantum_Computing_Race(print).pdf	5	/F4	178	22224	ok	Tajawal	Tajawal	Tajawal	Tajawal	457
original/print/text/Robots_Automation_Future_Work(print).pdf	0	/F1	11	21368	ok	Open Sans	Open Sans	Open Sans	Open Sans	938
original/print/text/Robots_Automation_Future_Work(print).pdf	0	/F2	19	230284	ok	Cambria	Cambria	Cambria	Cambria	7614
original/print/text/Robots_Automation_Future_Work(print).pdf	0	/F3	27	75992	ok	Cormorant	Cormorant	Cormorant	Cormorant	1860
original/print/text/Robots_Automation_Future_Work(print).pdf	1	/F1	19	230284	ok	Cambria	Cambria	Cambria	<no row>	7614
original/print/text/Robots_Automation_Future_Work(print).pdf	1	/F2	42	151752	ok	AaGuDianKeBenSong	AaGuDianKeBenSong	AaGuDianKeBenSong	AaGuDianKeBenSong	10021
original/print/text/Robots_Automation_Future_Work(print).pdf	1	/F3	50	112892	ok	MaoKenWangXingYuan	MaoKenWangXingYuan	MaoKenWangXingYuan	MaoKenWangXingYuan	7764
original/print/text/Robots_Automation_Future_Work(print).pdf	1	/F4	58	268232	ok	Cambria Math	Cambria Math	Cambria Math	Cambria Math	7614
original/print/text/Robots_Automation_Future_Work(print).pdf	2	/F1	69	35524	ok	Hind	Hind	Hind	Hind	987
original/print/text/Robots_Automation_Future_Work(print).pdf	2	/F2	19	230284	ok	Cambria	Cambria	Cambria	<no row>	7614
original/print/text/Robots_Automation_Future_Work(print).pdf	2	/F3	77	123128	ok	Mukta	Mukta	Mukta	Mukta	1356
original/print/text/Robots_Automation_Future_Work(print).pdf	2	/F4	85	49956	ok	Teko Light	Teko Light	Teko Light	Teko Light	991
original/print/text/Robots_Automation_Future_Work(print).pdf	3	/F1	96	40756	ok	Big Shoulders Medium	Big Shoulders Medium	Big Shoulders Medium	Big Shoulders Medium	1065
original/print/text/Robots_Automation_Future_Work(print).pdf	3	/F2	19	230284	ok	Cambria	Cambria	Cambria	<no row>	7614
original/print/text/Robots_Automation_Future_Work(print).pdf	3	/F3	104	133032	ok	Noto Serif Thin	Noto Serif Thin	Noto Serif Thin	Noto Serif Thin	3784
original/print/text/Robots_Automation_Future_Work(print).pdf	3	/F4	112	33444	ok	Prompt Black	Prompt Black	Prompt Black	Prompt Black	764
original/print/text/Robots_Automation_Future_Work(print).pdf	4	/F1	123	15536	ok	Archivo Black	Archivo Black	Archivo Black	Archivo Black	426
original/print/text/Robots_Automation_Future_Work(print).pdf	4	/F2	19	230284	ok	Cambria	Cambria	Cambria	<no row>	7614
original/print/text/Robots_Automation_Future_Work(print).pdf	4	/F3	131	52780	ok	Bricolage Grotesque Light	Bricolage Grotesque Light	Bricolage Grotesque Light	Bricolage Grotesque Light	597
original/print/text/Robots_Automation_Future_Work(print).pdf	4	/F4	139	15108	ok	Peignot	Peignot	Peignot	Peignot	260
original/print/text/Robots_Automation_Future_Work(print).pdf	4	/F5	58	268232	ok	Cambria Math	Cambria Math	Cambria Math	<no row>	7614
original/print/text/Robots_Automation_Future_Work(print).pdf	5	/F1	150	89272	ok	Rubik Medium	Rubik Medium	Rubik Medium	Rubik Medium	1154
original/print/text/Robots_Automation_Future_Work(print).pdf	5	/F2	19	230284	ok	Cambria	Cambria	Cambria	<no row>	7614
original/print/text/Robots_Automation_Future_Work(print).pdf	5	/F3	158	56300	ok	Marhey Light	Marhey Light	Marhey Light	Marhey Light	1209
original/print/text/Robots_Automation_Future_Work(print).pdf	5	/F4	166	23384	ok	Tajawal	Tajawal	Tajawal	Tajawal	457
original/print/text/Security_Breach_Investigation_Report(print).pdf	0	/F1	11	37172	ok	Oswald Medium	Oswald Medium	Oswald Medium	Oswald Medium	869
original/print/text/Security_Breach_Investigation_Report(print).pdf	0	/F2	19	230284	ok	Cambria	Cambria	Cambria	Cambria	7614
original/print/text/Security_Breach_Investigation_Report(print).pdf	0	/F3	27	18732	ok	Nobile	Nobile	Nobile	Nobile	344
original/print/text/Security_Breach_Investigation_Report(print).pdf	1	/F1	39	76248	ok	AaGuDianKeBenSong	AaGuDianKeBenSong	AaGuDianKeBenSong	AaGuDianKeBenSong	10021
original/print/text/Security_Breach_Investigation_Report(print).pdf	1	/F2	19	230284	ok	Cambria	Cambria	Cambria	<no row>	7614
original/print/text/Security_Breach_Investigation_Report(print).pdf	1	/F3	47	85072	ok	zihunbiantaoti	zihunbiantaoti	zihunbiantaoti	zihunbiantaoti	7665
original/print/text/Security_Breach_Investigation_Report(print).pdf	1	/F4	56	100204	ok	Courier New	Courier New	Courier New	Courier New	3763
original/print/text/Security_Breach_Investigation_Report(print).pdf	2	/F1	68	29180	ok	Poppins	Poppins	Poppins	Poppins	1059
original/print/text/Security_Breach_Investigation_Report(print).pdf	2	/F2	19	230284	ok	Cambria	Cambria	Cambria	<no row>	7614
original/print/text/Security_Breach_Investigation_Report(print).pdf	2	/F3	76	109312	ok	Biryani	Biryani	Biryani	Biryani	878
original/print/text/Security_Breach_Investigation_Report(print).pdf	2	/F4	84	112020	ok	Mukta	Mukta	Mukta	Mukta	1356
original/print/text/Security_Breach_Investigation_Report(print).pdf	3	/F1	95	31196	ok	Prompt Black	Prompt Black	Prompt Black	Prompt Black	764
original/print/text/Security_Breach_Investigation_Report(print).pdf	3	/F2	103	45976	ok	Big Shoulders Medium	Big Shoulders Medium	Big Shoulders Medium	Big Shoulders Medium	1065
original/print/text/Security_Breach_Investigation_Report(print).pdf	3	/F3	111	136632	ok	Noto Serif Thin	Noto Serif Thin	Noto Serif Thin	Noto Serif Thin	3784
original/print/text/Security_Breach_Investigation_Report(print).pdf	4	/F1	122	15688	ok	Archivo Black	Archivo Black	Archivo Black	Archivo Black	426
original/print/text/Security_Breach_Investigation_Report(print).pdf	4	/F2	19	230284	ok	Cambria	Cambria	Cambria	<no row>	7614
original/print/text/Security_Breach_Investigation_Report(print).pdf	4	/F3	130	896664	ok	Merriweather 36pt	Merriweather 36pt	Merriweather 36pt	Merriweather 36pt	2298
original/print/text/Security_Breach_Investigation_Report(print).pdf	4	/F4	138	31204	ok	Abril Fatface	Abril Fatface	Abril Fatface	Abril Fatface	425
original/print/text/Security_Breach_Investigation_Report(print).pdf	4	/F5	146	268232	ok	Cambria Math	Cambria Math	Cambria Math	Cambria Math	7614
original/print/text/Security_Breach_Investigation_Report(print).pdf	5	/F1	157	58748	ok	Harmattan	Harmattan	Harmattan	Harmattan	1074
original/print/text/Security_Breach_Investigation_Report(print).pdf	5	/F2	19	230284	ok	Cambria	Cambria	Cambria	<no row>	7614
original/print/text/Security_Breach_Investigation_Report(print).pdf	5	/F3	165	115228	ok	Rubik Medium	Rubik Medium	Rubik Medium	Rubik Medium	1154
original/print/text/Security_Breach_Investigation_Report(print).pdf	5	/F4	173	60516	ok	Marhey Light	Marhey Light	Marhey Light	Marhey Light	1209
original/print/text/SkyGarden_Indoor_Vertical_Garden_Solutions(print).pdf	0	/F1	11	62068	ok	Cormorant	Cormorant	Cormorant	Cormorant	1860
original/print/text/SkyGarden_Indoor_Vertical_Garden_Solutions(print).pdf	0	/F2	19	242092	ok	Cambria	Cambria	Cambria	Cambria	7614
original/print/text/SkyGarden_Indoor_Vertical_Garden_Solutions(print).pdf	0	/F3	28	268508	ok	Cambria Math	Cambria Math	Cambria Math	Cambria Math	7614
original/print/text/SkyGarden_Indoor_Vertical_Garden_Solutions(print).pdf	0	/F4	37	23900	ok	Symbol	Symbol	Symbol	Symbol	192
original/print/text/SkyGarden_Indoor_Vertical_Garden_Solutions(print).pdf	0	/F5	45	347616	ok	Arial	Arial	Arial	Arial	4503
original/print/text/SkyGarden_Indoor_Vertical_Garden_Solutions(print).pdf	0	/F6	54	15948	ok	Nobile	Nobile	Nobile	Nobile	344
original/print/text/SkyGarden_Indoor_Vertical_Garden_Solutions(print).pdf	1	/F1	65	73552	ok	AaGuDianKeBenSong	AaGuDianKeBenSong	AaGuDianKeBenSong	AaGuDianKeBenSong	10021
original/print/text/SkyGarden_Indoor_Vertical_Garden_Solutions(print).pdf	1	/F2	73	125692	ok	MaoKenWangXingYuan	MaoKenWangXingYuan	MaoKenWangXingYuan	MaoKenWangXingYuan	7764
original/print/text/SkyGarden_Indoor_Vertical_Garden_Solutions(print).pdf	1	/F3	37	23900	ok	Symbol	Symbol	Symbol	<no row>	192
original/print/text/SkyGarden_Indoor_Vertical_Garden_Solutions(print).pdf	1	/F4	45	347616	ok	Arial	Arial	Arial	<no row>	4503
original/print/text/SkyGarden_Indoor_Vertical_Garden_Solutions(print).pdf	1	/F5	81	72048	ok	dinglieciweifont	dinglieciweifont	dinglieciweifont	dinglieciweifont	7415
original/print/text/SkyGarden_Indoor_Vertical_Garden_Solutions(print).pdf	1	/F6	19	242092	ok	Cambria	Cambria	Cambria	<no row>	7614
original/print/text/SkyGarden_Indoor_Vertical_Garden_Solutions(print).pdf	2	/F1	92	90128	ok	Mukta	Mukta	Mukta	Mukta	1356
original/print/text/SkyGarden_Indoor_Vertical_Garden_Solutions(print).pdf	2	/F2	100	111496	ok	Poppins	Poppins	Poppins	Poppins	1059
original/print/text/SkyGarden_Indoor_Vertical_Garden_Solutions(print).pdf	2	/F3	28	268508	ok	Cambria Math	Cambria Math	Cambria Math	<no row>	7614
original/print/text/SkyGarden_Indoor_Vertical_Garden_Solutions(print).pdf	2	/F4	37	23900	ok	Symbol	Symbol	Symbol	<no row>	192
original/print/text/SkyGarden_Indoor_Vertical_Garden_Solutions(print).pdf	2	/F5	45	347616	ok	Arial	Arial	Arial	<no row>	4503
original/print/text/SkyGarden_Indoor_Vertical_Garden_Solutions(print).pdf	2	/F6	108	96272	ok	Biryani	Biryani	Biryani	Biryani	878
original/print/text/SkyGarden_Indoor_Vertical_Garden_Solutions(print).pdf	2	/F7	19	242092	ok	Cambria	Cambria	Cambria	<no row>	7614
original/print/text/SkyGarden_Indoor_Vertical_Garden_Solutions(print).pdf	3	/F1	119	39288	ok	Big Shoulders Medium	Big Shoulders Medium	Big Shoulders Medium	Big Shoulders Medium	1065
original/print/text/SkyGarden_Indoor_Vertical_Garden_Solutions(print).pdf	3	/F2	127	134212	ok	Noto Serif Thin	Noto Serif Thin	Noto Serif Thin	Noto Serif Thin	3784
original/print/text/SkyGarden_Indoor_Vertical_Garden_Solutions(print).pdf	3	/F3	37	23900	ok	Symbol	Symbol	Symbol	<no row>	192
original/print/text/SkyGarden_Indoor_Vertical_Garden_Solutions(print).pdf	3	/F4	45	347616	ok	Arial	Arial	Arial	<no row>	4503
original/print/text/SkyGarden_Indoor_Vertical_Garden_Solutions(print).pdf	3	/F5	135	12776	ok	Belgrano	Belgrano	Belgrano	Belgrano	229
original/print/text/SkyGarden_Indoor_Vertical_Garden_Solutions(print).pdf	3	/F6	19	242092	ok	Cambria	Cambria	Cambria	<no row>	7614
original/print/text/SkyGarden_Indoor_Vertical_Garden_Solutions(print).pdf	4	/F1	146	51592	ok	Bricolage Grotesque Light	Bricolage Grotesque Light	Bricolage Grotesque Light	Bricolage Grotesque Light	597
original/print/text/SkyGarden_Indoor_Vertical_Garden_Solutions(print).pdf	4	/F2	154	888340	ok	Merriweather 36pt	Merriweather 36pt	Merriweather 36pt	Merriweather 36pt	2298
original/print/text/SkyGarden_Indoor_Vertical_Garden_Solutions(print).pdf	4	/F3	37	23900	ok	Symbol	Symbol	Symbol	<no row>	192
original/print/text/SkyGarden_Indoor_Vertical_Garden_Solutions(print).pdf	4	/F4	45	347616	ok	Arial	Arial	Arial	<no row>	4503
original/print/text/SkyGarden_Indoor_Vertical_Garden_Solutions(print).pdf	4	/F5	162	30420	ok	Abril Fatface	Abril Fatface	Abril Fatface	Abril Fatface	425
original/print/text/SkyGarden_Indoor_Vertical_Garden_Solutions(print).pdf	4	/F6	19	242092	ok	Cambria	Cambria	Cambria	<no row>	7614
original/print/text/SkyGarden_Indoor_Vertical_Garden_Solutions(print).pdf	5	/F1	173	13944	ok	Tajawal	Tajawal	Tajawal	Tajawal	457
original/print/text/SkyGarden_Indoor_Vertical_Garden_Solutions(print).pdf	5	/F2	181	77416	ok	Harmattan	Harmattan	Harmattan	Harmattan	1074
original/print/text/SkyGarden_Indoor_Vertical_Garden_Solutions(print).pdf	5	/F3	37	23900	ok	Symbol	Symbol	Symbol	<no row>	192
original/print/text/SkyGarden_Indoor_Vertical_Garden_Solutions(print).pdf	5	/F4	45	347616	ok	Arial	Arial	Arial	<no row>	4503
original/print/text/SkyGarden_Indoor_Vertical_Garden_Solutions(print).pdf	5	/F5	189	55624	ok	Marhey Light	Marhey Light	Marhey Light	Marhey Light	1209
original/print/text/SkyGarden_Indoor_Vertical_Garden_Solutions(print).pdf	5	/F6	19	242092	ok	Cambria	Cambria	Cambria	<no row>	7614
original/print/text/Sustainable_Fashion_Innovation(print).pdf	0	/F1	11	15532	ok	Nobile	Nobile	Nobile	Nobile	344
original/print/text/Sustainable_Fashion_Innovation(print).pdf	0	/F2	19	230284	ok	Cambria	Cambria	Cambria	Cambria	7614
original/print/text/Sustainable_Fashion_Innovation(print).pdf	0	/F3	27	22368	ok	Open Sans	Open Sans	Open Sans	Open Sans	938
original/print/text/Sustainable_Fashion_Innovation(print).pdf	1	/F1	38	52180	ok	dinglieciweifont	dinglieciweifont	dinglieciweifont	dinglieciweifont	7415
original/print/text/Sustainable_Fashion_Innovation(print).pdf	1	/F2	46	85872	ok	zihunbiantaoti	zihunbiantaoti	zihunbiantaoti	zihunbiantaoti	7665
original/print/text/Sustainable_Fashion_Innovation(print).pdf	1	/F3	19	230284	ok	Cambria	Cambria	Cambria	<no row>	7614
original/print/text/Sustainable_Fashion_Innovation(print).pdf	1	/F4	54	132684	ok	MaoKenWangXingYuan	MaoKenWangXingYuan	MaoKenWangXingYuan	MaoKenWangXingYuan	7764
original/print/text/Sustainable_Fashion_Innovation(print).pdf	2	/F1	65	38012	ok	Hind	Hind	Hind	Hind	987
original/print/text/Sustainable_Fashion_Innovation(print).pdf	2	/F2	19	230284	ok	Cambria	Cambria	Cambria	<no row>	7614
original/print/text/Sustainable_Fashion_Innovation(print).pdf	2	/F3	73	40396	ok	Poppins	Poppins	Poppins	Poppins	1059
original/print/text/Sustainable_Fashion_Innovation(print).pdf	3	/F1	84	11652	ok	Belgrano	Belgrano	Belgrano	Belgrano	229
original/print/text/Sustainable_Fashion_Innovation(print).pdf	3	/F2	19	230284	ok	Cambria	Cambria	Cambria	<no row>	7614
original/print/text/Sustainable_Fashion_Innovation(print).pdf	3	/F3	92	103968	ok	Playfair Display	Playfair Display	Playfair Display	Playfair Display	1101
original/print/text/Sustainable_Fashion_Innovation(print).pdf	3	/F4	100	32724	ok	Prompt Black	Prompt Black	Prompt Black	Prompt Black	764
original/print/text/Sustainable_Fashion_Innovation(print).pdf	4	/F1	111	51884	ok	Bricolage Grotesque Light	Bricolage Grotesque Light	Bricolage Grotesque Light	Bricolage Grotesque Light	597
original/print/text/Sustainable_Fashion_Innovation(print).pdf	4	/F2	19	230284	ok	Cambria	Cambria	Cambria	<no row>	7614
original/print/text/Sustainable_Fashion_Innovation(print).pdf	4	/F3	119	888660	ok	Merriweather 36pt	Merriweather 36pt	Merriweather 36pt	Merriweather 36pt	2298
original/print/text/Sustainable_Fashion_Innovation(print).pdf	4	/F4	127	29560	ok	Abril Fatface	Abril Fatface	Abril Fatface	Abril Fatface	425
original/print/text/Sustainable_Fashion_Innovation(print).pdf	5	/F1	138	49020	ok	Marhey Light	Marhey Light	Marhey Light	Marhey Light	1209
original/print/text/Sustainable_Fashion_Innovation(print).pdf	5	/F2	19	230284	ok	Cambria	Cambria	Cambria	<no row>	7614
original/print/text/Sustainable_Fashion_Innovation(print).pdf	5	/F3	146	77648	ok	Kawkab Mono Light	Kawkab Mono Light	Kawkab Mono Light	Kawkab Mono Light	1852
original/print/text/Sustainable_Fashion_Innovation(print).pdf	5	/F4	154	107996	ok	Rubik Medium	Rubik Medium	Rubik Medium	Rubik Medium	1154
original/print/text/UrbanRide_Electric_Bike_Scooter_Series(print).pdf	0	/F1	11	36820	ok	Oswald Medium	Oswald Medium	Oswald Medium	Oswald Medium	869
original/print/text/UrbanRide_Electric_Bike_Scooter_Series(print).pdf	0	/F2	19	22172	ok	Open Sans	Open Sans	Open Sans	Open Sans	938
original/print/text/UrbanRide_Electric_Bike_Scooter_Series(print).pdf	0	/F3	27	275744	ok	Cambria Math	Cambria Math	Cambria Math	Cambria Math	7614
original/print/text/UrbanRide_Electric_Bike_Scooter_Series(print).pdf	0	/F4	35	23900	ok	Symbol	Symbol	Symbol	Symbol	192
original/print/text/UrbanRide_Electric_Bike_Scooter_Series(print).pdf	0	/F5	43	347616	ok	Arial	Arial	Arial	Arial	4503
original/print/text/UrbanRide_Electric_Bike_Scooter_Series(print).pdf	0	/F6	52	342756	ok	Times New Roman	Times New Roman	Times New Roman	Times New Roman	4685
original/print/text/UrbanRide_Electric_Bike_Scooter_Series(print).pdf	1	/F1	64	113788	ok	MaoKenWangXingYuan	MaoKenWangXingYuan	MaoKenWangXingYuan	MaoKenWangXingYuan	7764
original/print/text/UrbanRide_Electric_Bike_Scooter_Series(print).pdf	1	/F2	35	23900	ok	Symbol	Symbol	Symbol	<no row>	192
original/print/text/UrbanRide_Electric_Bike_Scooter_Series(print).pdf	1	/F3	43	347616	ok	Arial	Arial	Arial	<no row>	4503
original/print/text/UrbanRide_Electric_Bike_Scooter_Series(print).pdf	1	/F4	72	71688	ok	zihunbiantaoti	zihunbiantaoti	zihunbiantaoti	zihunbiantaoti	7665
original/print/text/UrbanRide_Electric_Bike_Scooter_Series(print).pdf	1	/F5	27	275744	ok	Cambria Math	Cambria Math	Cambria Math	<no row>	7614
original/print/text/UrbanRide_Electric_Bike_Scooter_Series(print).pdf	2	/F1	83	42148	ok	Hind	Hind	Hind	Hind	987
original/print/text/UrbanRide_Electric_Bike_Scooter_Series(print).pdf	2	/F2	91	42768	ok	Poppins	Poppins	Poppins	Poppins	1059
original/print/text/UrbanRide_Electric_Bike_Scooter_Series(print).pdf	2	/F3	35	23900	ok	Symbol	Symbol	Symbol	<no row>	192
original/print/text/UrbanRide_Electric_Bike_Scooter_Series(print).pdf	2	/F4	43	347616	ok	Arial	Arial	Arial	<no row>	4503
original/print/text/UrbanRide_Electric_Bike_Scooter_Series(print).pdf	2	/F5	99	44144	ok	Teko Light	Teko Light	Teko Light	Teko Light	991
original/print/text/UrbanRide_Electric_Bike_Scooter_Series(print).pdf	2	/F6	27	275744	ok	Cambria Math	Cambria Math	Cambria Math	<no row>	7614
original/print/text/UrbanRide_Electric_Bike_Scooter_Series(print).pdf	2	/F7	107	230284	ok	Cambria	Cambria	Cambria	Cambria	7614
original/print/text/UrbanRide_Electric_Bike_Scooter_Series(print).pdf	3	/F1	118	129052	ok	Noto Serif Thin	Noto Serif Thin	Noto Serif Thin	Noto Serif Thin	3784
original/print/text/UrbanRide_Electric_Bike_Scooter_Series(print).pdf	3	/F2	126	12620	ok	Belgrano	Belgrano	Belgrano	Belgrano	229
original/print/text/UrbanRide_Electric_Bike_Scooter_Series(print).pdf	3	/F3	27	275744	ok	Cambria Math	Cambria Math	Cambria Math	<no row>	7614
original/print/text/UrbanRide_Electric_Bike_Scooter_Series(print).pdf	3	/F4	35	23900	ok	Symbol	Symbol	Symbol	<no row>	192
original/print/text/UrbanRide_Electric_Bike_Scooter_Series(print).pdf	3	/F5	43	347616	ok	Arial	Arial	Arial	<no row>	4503
original/print/text/UrbanRide_Electric_Bike_Scooter_Series(print).pdf	3	/F6	134	44616	ok	Big Shoulders Medium	Big Shoulders Medium	Big Shoulders Medium	Big Shoulders Medium	1065
original/print/text/UrbanRide_Electric_Bike_Scooter_Series(print).pdf	3	/F7	107	230284	ok	Cambria	Cambria	Cambria	<no row>	7614
original/print/text/UrbanRide_Electric_Bike_Scooter_Series(print).pdf	4	/F1	145	20056	ok	Archivo Black	Archivo Black	Archivo Black	Archivo Black	426
original/print/text/UrbanRide_Electric_Bike_Scooter_Series(print).pdf	4	/F2	27	275744	ok	Cambria Math	Cambria Math	Cambria Math	<no row>	7614
original/print/text/UrbanRide_Electric_Bike_Scooter_Series(print).pdf	4	/F3	35	23900	ok	Symbol	Symbol	Symbol	<no row>	192
original/print/text/UrbanRide_Electric_Bike_Scooter_Series(print).pdf	4	/F4	43	347616	ok	Arial	Arial	Arial	<no row>	4503
original/print/text/UrbanRide_Electric_Bike_Scooter_Series(print).pdf	4	/F5	153	891764	ok	Merriweather 36pt	Merriweather 36pt	Merriweather 36pt	Merriweather 36pt	2298
original/print/text/UrbanRide_Electric_Bike_Scooter_Series(print).pdf	4	/F6	107	230284	ok	Cambria	Cambria	Cambria	<no row>	7614
original/print/text/UrbanRide_Electric_Bike_Scooter_Series(print).pdf	5	/F1	164	46296	ok	Marhey Light	Marhey Light	Marhey Light	Marhey Light	1209
original/print/text/UrbanRide_Electric_Bike_Scooter_Series(print).pdf	5	/F2	172	77528	ok	Kawkab Mono Light	Kawkab Mono Light	Kawkab Mono Light	Kawkab Mono Light	1852
original/print/text/UrbanRide_Electric_Bike_Scooter_Series(print).pdf	5	/F3	35	23900	ok	Symbol	Symbol	Symbol	<no row>	192
original/print/text/UrbanRide_Electric_Bike_Scooter_Series(print).pdf	5	/F4	43	347616	ok	Arial	Arial	Arial	<no row>	4503
original/print/text/UrbanRide_Electric_Bike_Scooter_Series(print).pdf	5	/F5	180	112048	ok	Rubik Medium	Rubik Medium	Rubik Medium	Rubik Medium	1154
original/print/text/UrbanRide_Electric_Bike_Scooter_Series(print).pdf	5	/F6	107	230284	ok	Cambria	Cambria	Cambria	<no row>	7614
original/print/text/Urban_Fine_Particulate_Matter(print).pdf	0	/F1	11	230284	ok	Cambria	Cambria	Cambria	Cambria	7614
original/print/text/Urban_Fine_Particulate_Matter(print).pdf	0	/F2	19	16900	ok	Nobile	Nobile	Nobile	Nobile	344
original/print/text/Urban_Fine_Particulate_Matter(print).pdf	0	/F3	27	21696	ok	Open Sans	Open Sans	Open Sans	Open Sans	938
original/print/text/Urban_Fine_Particulate_Matter(print).pdf	1	/F1	38	52088	ok	dinglieciweifont	dinglieciweifont	dinglieciweifont	dinglieciweifont	7415
original/print/text/Urban_Fine_Particulate_Matter(print).pdf	1	/F2	46	161488	ok	AaGuDianKeBenSong	AaGuDianKeBenSong	AaGuDianKeBenSong	AaGuDianKeBenSong	10021
original/print/text/Urban_Fine_Particulate_Matter(print).pdf	1	/F3	54	129408	ok	MaoKenWangXingYuan	MaoKenWangXingYuan	MaoKenWangXingYuan	MaoKenWangXingYuan	7764
original/print/text/Urban_Fine_Particulate_Matter(print).pdf	1	/F4	11	230284	ok	Cambria	Cambria	Cambria	<no row>	7614
original/print/text/Urban_Fine_Particulate_Matter(print).pdf	2	/F1	65	87388	ok	Mukta	Mukta	Mukta	Mukta	1356
original/print/text/Urban_Fine_Particulate_Matter(print).pdf	2	/F2	11	230284	ok	Cambria	Cambria	Cambria	<no row>	7614
original/print/text/Urban_Fine_Particulate_Matter(print).pdf	2	/F3	73	40072	ok	Poppins	Poppins	Poppins	Poppins	1059
original/print/text/Urban_Fine_Particulate_Matter(print).pdf	2	/F4	81	104960	ok	Biryani	Biryani	Biryani	Biryani	878
original/print/text/Urban_Fine_Particulate_Matter(print).pdf	2	/F5	89	211148	ok	MS Mincho	MS Mincho	MS Mincho	MS Mincho	19410
original/print/text/Urban_Fine_Particulate_Matter(print).pdf	3	/F1	100	39648	ok	Big Shoulders Medium	Big Shoulders Medium	Big Shoulders Medium	Big Shoulders Medium	1065
original/print/text/Urban_Fine_Particulate_Matter(print).pdf	3	/F2	11	230284	ok	Cambria	Cambria	Cambria	<no row>	7614
original/print/text/Urban_Fine_Particulate_Matter(print).pdf	3	/F3	108	134332	ok	Noto Serif Thin	Noto Serif Thin	Noto Serif Thin	Noto Serif Thin	3784
original/print/text/Urban_Fine_Particulate_Matter(print).pdf	3	/F4	116	12748	ok	Belgrano	Belgrano	Belgrano	Belgrano	229
original/print/text/Urban_Fine_Particulate_Matter(print).pdf	4	/F1	127	15848	ok	Archivo Black	Archivo Black	Archivo Black	Archivo Black	426
original/print/text/Urban_Fine_Particulate_Matter(print).pdf	4	/F2	11	230284	ok	Cambria	Cambria	Cambria	<no row>	7614
original/print/text/Urban_Fine_Particulate_Matter(print).pdf	4	/F3	135	54512	ok	Bricolage Grotesque Light	Bricolage Grotesque Light	Bricolage Grotesque Light	Bricolage Grotesque Light	597
original/print/text/Urban_Fine_Particulate_Matter(print).pdf	4	/F4	143	13996	ok	Peignot	Peignot	Peignot	Peignot	260
original/print/text/Urban_Fine_Particulate_Matter(print).pdf	5	/F1	154	66396	ok	Kawkab Mono Light	Kawkab Mono Light	Kawkab Mono Light	Kawkab Mono Light	1852
original/print/text/Urban_Fine_Particulate_Matter(print).pdf	5	/F2	11	230284	ok	Cambria	Cambria	Cambria	<no row>	7614
original/print/text/Urban_Fine_Particulate_Matter(print).pdf	5	/F3	162	59816	ok	Marhey Light	Marhey Light	Marhey Light	Marhey Light	1209
original/print/text/Urban_Fine_Particulate_Matter(print).pdf	5	/F4	170	72740	ok	Harmattan	Harmattan	Harmattan	Harmattan	1074
original/print/text/ai_ethics_responsible_use_guidelines_multilang(print).pdf	0	/F1	11	36772	ok	Oswald Medium	Oswald Medium	Oswald Medium	Oswald Medium	869
original/print/text/ai_ethics_responsible_use_guidelines_multilang(print).pdf	0	/F2	19	14048	ok	Nobile	Nobile	Nobile	Nobile	344
original/print/text/ai_ethics_responsible_use_guidelines_multilang(print).pdf	0	/F3	27	25056	ok	Open Sans	Open Sans	Open Sans	Open Sans	938
original/print/text/ai_ethics_responsible_use_guidelines_multilang(print).pdf	0	/F4	35	230284	ok	Cambria	Cambria	Cambria	Cambria	7614
original/print/text/ai_ethics_responsible_use_guidelines_multilang(print).pdf	1	/F1	46	73300	ok	AaGuDianKeBenSong	AaGuDianKeBenSong	AaGuDianKeBenSong	AaGuDianKeBenSong	10021
original/print/text/ai_ethics_responsible_use_guidelines_multilang(print).pdf	1	/F2	54	60216	ok	zihunbiantaoti	zihunbiantaoti	zihunbiantaoti	zihunbiantaoti	7665
original/print/text/ai_ethics_responsible_use_guidelines_multilang(print).pdf	1	/F3	62	195860	ok	dinglieciweifont	dinglieciweifont	dinglieciweifont	dinglieciweifont	7415
original/print/text/ai_ethics_responsible_use_guidelines_multilang(print).pdf	2	/F1	73	86340	ok	Mukta	Mukta	Mukta	Mukta	1356
original/print/text/ai_ethics_responsible_use_guidelines_multilang(print).pdf	2	/F2	81	41944	ok	Teko Light	Teko Light	Teko Light	Teko Light	991
original/print/text/ai_ethics_responsible_use_guidelines_multilang(print).pdf	2	/F3	35	230284	ok	Cambria	Cambria	Cambria	<no row>	7614
original/print/text/ai_ethics_responsible_use_guidelines_multilang(print).pdf	2	/F4	89	103116	ok	Biryani	Biryani	Biryani	Biryani	878
original/print/text/ai_ethics_responsible_use_guidelines_multilang(print).pdf	3	/F1	100	129600	ok	Noto Serif Thin	Noto Serif Thin	Noto Serif Thin	Noto Serif Thin	3784
original/print/text/ai_ethics_responsible_use_guidelines_multilang(print).pdf	3	/F2	108	31796	ok	Prompt Black	Prompt Black	Prompt Black	Prompt Black	764
original/print/text/ai_ethics_responsible_use_guidelines_multilang(print).pdf	3	/F3	116	13864	ok	Belgrano	Belgrano	Belgrano	Belgrano	229
original/print/text/ai_ethics_responsible_use_guidelines_multilang(print).pdf	4	/F1	127	51720	ok	Bricolage Grotesque Light	Bricolage Grotesque Light	Bricolage Grotesque Light	Bricolage Grotesque Light	597
original/print/text/ai_ethics_responsible_use_guidelines_multilang(print).pdf	4	/F2	135	13584	ok	Peignot	Peignot	Peignot	Peignot	260
original/print/text/ai_ethics_responsible_use_guidelines_multilang(print).pdf	4	/F3	35	230284	ok	Cambria	Cambria	Cambria	<no row>	7614
original/print/text/ai_ethics_responsible_use_guidelines_multilang(print).pdf	4	/F4	143	31940	ok	Abril Fatface	Abril Fatface	Abril Fatface	Abril Fatface	425
original/print/text/ai_ethics_responsible_use_guidelines_multilang(print).pdf	4	/F5	151	268232	ok	Cambria Math	Cambria Math	Cambria Math	Cambria Math	7614
original/print/text/ai_ethics_responsible_use_guidelines_multilang(print).pdf	5	/F1	162	88996	ok	Rubik Medium	Rubik Medium	Rubik Medium	Rubik Medium	1154
original/print/text/ai_ethics_responsible_use_guidelines_multilang(print).pdf	5	/F2	170	19280	ok	Tajawal	Tajawal	Tajawal	Tajawal	457
original/print/text/ai_ethics_responsible_use_guidelines_multilang(print).pdf	5	/F3	178	81196	ok	Harmattan	Harmattan	Harmattan	Harmattan	1074
original/print/text/climate_crisis_preparedness_community_action_guidelines_multilang(print).pdf	0	/F1	11	62604	ok	Cormorant	Cormorant	Cormorant	Cormorant	1860
original/print/text/climate_crisis_preparedness_community_action_guidelines_multilang(print).pdf	0	/F2	19	25628	ok	Open Sans	Open Sans	Open Sans	Open Sans	938
original/print/text/climate_crisis_preparedness_community_action_guidelines_multilang(print).pdf	0	/F3	28	230284	ok	Cambria	Cambria	Cambria	Cambria	7614
original/print/text/climate_crisis_preparedness_community_action_guidelines_multilang(print).pdf	1	/F1	39	79380	ok	MaoKenWangXingYuan	MaoKenWangXingYuan	MaoKenWangXingYuan	MaoKenWangXingYuan	7764
original/print/text/climate_crisis_preparedness_community_action_guidelines_multilang(print).pdf	1	/F2	28	230284	ok	Cambria	Cambria	Cambria	<no row>	7614
original/print/text/climate_crisis_preparedness_community_action_guidelines_multilang(print).pdf	1	/F3	47	60932	ok	zihunbiantaoti	zihunbiantaoti	zihunbiantaoti	zihunbiantaoti	7665
original/print/text/climate_crisis_preparedness_community_action_guidelines_multilang(print).pdf	2	/F1	67	37364	ok	Hind	Hind	Hind	Hind	987
original/print/text/climate_crisis_preparedness_community_action_guidelines_multilang(print).pdf	2	/F2	75	90256	ok	Biryani	Biryani	Biryani	Biryani	878
original/print/text/climate_crisis_preparedness_community_action_guidelines_multilang(print).pdf	2	/F3	83	38588	ok	Poppins	Poppins	Poppins	Poppins	1059
original/print/text/climate_crisis_preparedness_community_action_guidelines_multilang(print).pdf	2	/F4	28	230284	ok	Cambria	Cambria	Cambria	<no row>	7614
original/print/text/climate_crisis_preparedness_community_action_guidelines_multilang(print).pdf	3	/F1	94	95792	ok	Playfair Display	Playfair Display	Playfair Display	Playfair Display	1101
original/print/text/climate_crisis_preparedness_community_action_guidelines_multilang(print).pdf	3	/F2	102	31452	ok	Prompt Black	Prompt Black	Prompt Black	Prompt Black	764
original/print/text/climate_crisis_preparedness_community_action_guidelines_multilang(print).pdf	3	/F3	28	230284	ok	Cambria	Cambria	Cambria	<no row>	7614
original/print/text/climate_crisis_preparedness_community_action_guidelines_multilang(print).pdf	3	/F4	110	45220	ok	Big Shoulders Medium	Big Shoulders Medium	Big Shoulders Medium	Big Shoulders Medium	1065
original/print/text/climate_crisis_preparedness_community_action_guidelines_multilang(print).pdf	4	/F1	121	27560	ok	Abril Fatface	Abril Fatface	Abril Fatface	Abril Fatface	425
original/print/text/climate_crisis_preparedness_community_action_guidelines_multilang(print).pdf	4	/F2	129	885720	ok	Merriweather 36pt	Merriweather 36pt	Merriweather 36pt	Merriweather 36pt	2298
original/print/text/climate_crisis_preparedness_community_action_guidelines_multilang(print).pdf	4	/F3	28	230284	ok	Cambria	Cambria	Cambria	<no row>	7614
original/print/text/climate_crisis_preparedness_community_action_guidelines_multilang(print).pdf	4	/F4	137	21436	ok	Archivo Black	Archivo Black	Archivo Black	Archivo Black	426
original/print/text/climate_crisis_preparedness_community_action_guidelines_multilang(print).pdf	5	/F1	148	65196	ok	Kawkab Mono Light	Kawkab Mono Light	Kawkab Mono Light	Kawkab Mono Light	1852
original/print/text/climate_crisis_preparedness_community_action_guidelines_multilang(print).pdf	5	/F2	156	81160	ok	Rubik Medium	Rubik Medium	Rubik Medium	Rubik Medium	1154
original/print/text/climate_crisis_preparedness_community_action_guidelines_multilang(print).pdf	5	/F3	164	64292	ok	Marhey Light	Marhey Light	Marhey Light	Marhey Light	1209
original/print/text/confidential_doc_leak_collusion_investigation(print).pdf	0	/F1	11	37640	ok	Oswald Medium	Oswald Medium	Oswald Medium	Oswald Medium	869
original/print/text/confidential_doc_leak_collusion_investigation(print).pdf	0	/F2	19	80636	ok	Cormorant	Cormorant	Cormorant	Cormorant	1860
original/print/text/confidential_doc_leak_collusion_investigation(print).pdf	0	/F3	27	100168	ok	Courier New	Courier New	Courier New	Courier New	3763
original/print/text/confidential_doc_leak_collusion_investigation(print).pdf	0	/F4	35	21380	ok	Open Sans	Open Sans	Open Sans	Open Sans	938
original/print/text/confidential_doc_leak_collusion_investigation(print).pdf	0	/F5	43	537536	ok	Calibri	Calibri	Calibri	Calibri	6954
original/print/text/confidential_doc_leak_collusion_investigation(print).pdf	1	/F1	27	100168	ok	Courier New	Courier New	Courier New	<no row>	3763
original/print/text/confidential_doc_leak_collusion_investigation(print).pdf	1	/F2	54	108284	ok	MaoKenWangXingYuan	MaoKenWangXingYuan	MaoKenWangXingYuan	MaoKenWangXingYuan	7764
original/print/text/confidential_doc_leak_collusion_investigation(print).pdf	1	/F3	62	83856	ok	AaGuDianKeBenSong	AaGuDianKeBenSong	AaGuDianKeBenSong	AaGuDianKeBenSong	10021
original/print/text/confidential_doc_leak_collusion_investigation(print).pdf	1	/F4	43	537536	ok	Calibri	Calibri	Calibri	<no row>	6954
original/print/text/confidential_doc_leak_collusion_investigation(print).pdf	2	/F1	73	39980	ok	Hind	Hind	Hind	Hind	987
original/print/text/confidential_doc_leak_collusion_investigation(print).pdf	2	/F2	27	100168	ok	Courier New	Courier New	Courier New	<no row>	3763
original/print/text/confidential_doc_leak_collusion_investigation(print).pdf	2	/F3	81	34224	ok	Poppins	Poppins	Poppins	Poppins	1059
original/print/text/confidential_doc_leak_collusion_investigation(print).pdf	2	/F4	89	42540	ok	Teko Light	Teko Light	Teko Light	Teko Light	991
original/print/text/confidential_doc_leak_collusion_investigation(print).pdf	2	/F5	43	537536	ok	Calibri	Calibri	Calibri	<no row>	6954
original/print/text/confidential_doc_leak_collusion_investigation(print).pdf	3	/F1	100	99864	ok	Playfair Display	Playfair Display	Playfair Display	Playfair Display	1101
original/print/text/confidential_doc_leak_collusion_investigation(print).pdf	3	/F2	27	100168	ok	Courier New	Courier New	Courier New	<no row>	3763
original/print/text/confidential_doc_leak_collusion_investigation(print).pdf	3	/F3	108	135672	ok	Noto Serif Thin	Noto Serif Thin	Noto Serif Thin	Noto Serif Thin	3784
original/print/text/confidential_doc_leak_collusion_investigation(print).pdf	3	/F4	116	11648	ok	Belgrano	Belgrano	Belgrano	Belgrano	229
original/print/text/confidential_doc_leak_collusion_investigation(print).pdf	3	/F5	43	537536	ok	Calibri	Calibri	Calibri	<no row>	6954
original/print/text/confidential_doc_leak_collusion_investigation(print).pdf	4	/F1	127	16348	ok	Archivo Black	Archivo Black	Archivo Black	Archivo Black	426
original/print/text/confidential_doc_leak_collusion_investigation(print).pdf	4	/F2	135	891436	ok	Merriweather 36pt	Merriweather 36pt	Merriweather 36pt	Merriweather 36pt	2298
original/print/text/confidential_doc_leak_collusion_investigation(print).pdf	4	/F3	27	100168	ok	Courier New	Courier New	Courier New	<no row>	3763
original/print/text/confidential_doc_leak_collusion_investigation(print).pdf	4	/F4	143	30148	ok	Abril Fatface	Abril Fatface	Abril Fatface	Abril Fatface	425
original/print/text/confidential_doc_leak_collusion_investigation(print).pdf	4	/F5	43	537536	ok	Calibri	Calibri	Calibri	<no row>	6954
original/print/text/confidential_doc_leak_collusion_investigation(print).pdf	5	/F1	154	67156	ok	Kawkab Mono Light	Kawkab Mono Light	Kawkab Mono Light	Kawkab Mono Light	1852
original/print/text/confidential_doc_leak_collusion_investigation(print).pdf	5	/F2	27	100168	ok	Courier New	Courier New	Courier New	<no row>	3763
original/print/text/confidential_doc_leak_collusion_investigation(print).pdf	5	/F3	162	76560	ok	Harmattan	Harmattan	Harmattan	Harmattan	1074
original/print/text/confidential_doc_leak_collusion_investigation(print).pdf	5	/F4	170	54724	ok	Marhey Light	Marhey Light	Marhey Light	Marhey Light	1209
original/print/text/digital_data_security_guidelines(print).pdf	0	/F1	11	19856	ok	Open Sans	Open Sans	Open Sans	Open Sans	938
original/print/text/digital_data_security_guidelines(print).pdf	0	/F2	19	230284	ok	Cambria	Cambria	Cambria	Cambria	7614
original/print/text/digital_data_security_guidelines(print).pdf	0	/F3	27	74804	ok	Cormorant	Cormorant	Cormorant	Cormorant	1860
original/print/text/digital_data_security_guidelines(print).pdf	0	/F4	35	39828	ok	Oswald Medium	Oswald Medium	Oswald Medium	Oswald Medium	869
original/print/text/digital_data_security_guidelines(print).pdf	1	/F1	46	41884	ok	dinglieciweifont	dinglieciweifont	dinglieciweifont	dinglieciweifont	7415
original/print/text/digital_data_security_guidelines(print).pdf	1	/F2	19	230284	ok	Cambria	Cambria	Cambria	<no row>	7614
original/print/text/digital_data_security_guidelines(print).pdf	1	/F3	54	166672	ok	AaGuDianKeBenSong	AaGuDianKeBenSong	AaGuDianKeBenSong	AaGuDianKeBenSong	10021
original/print/text/digital_data_security_guidelines(print).pdf	2	/F1	66	58380	ok	Biryani	Biryani	Biryani	Biryani	878
original/print/text/digital_data_security_guidelines(print).pdf	2	/F2	74	44548	ok	Hind	Hind	Hind	Hind	987
original/print/text/digital_data_security_guidelines(print).pdf	2	/F3	19	230284	ok	Cambria	Cambria	Cambria	<no row>	7614
original/print/text/digital_data_security_guidelines(print).pdf	2	/F4	82	131016	ok	Mukta	Mukta	Mukta	Mukta	1356
original/print/text/digital_data_security_guidelines(print).pdf	2	/F5	90	211148	ok	MS Mincho	MS Mincho	MS Mincho	MS Mincho	19410
original/print/text/digital_data_security_guidelines(print).pdf	3	/F1	101	11156	ok	Belgrano	Belgrano	Belgrano	Belgrano	229
original/print/text/digital_data_security_guidelines(print).pdf	3	/F2	109	40872	ok	Big Shoulders Medium	Big Shoulders Medium	Big Shoulders Medium	Big Shoulders Medium	1065
original/print/text/digital_data_security_guidelines(print).pdf	3	/F3	117	136048	ok	Noto Serif Thin	Noto Serif Thin	Noto Serif Thin	Noto Serif Thin	3784
original/print/text/digital_data_security_guidelines(print).pdf	3	/F4	19	230284	ok	Cambria	Cambria	Cambria	<no row>	7614
original/print/text/digital_data_security_guidelines(print).pdf	4	/F1	128	27352	ok	Abril Fatface	Abril Fatface	Abril Fatface	Abril Fatface	425
original/print/text/digital_data_security_guidelines(print).pdf	4	/F2	136	16552	ok	Archivo Black	Archivo Black	Archivo Black	Archivo Black	426
original/print/text/digital_data_security_guidelines(print).pdf	4	/F3	144	57260	ok	Bricolage Grotesque Light	Bricolage Grotesque Light	Bricolage Grotesque Light	Bricolage Grotesque Light	597
original/print/text/digital_data_security_guidelines(print).pdf	4	/F4	19	230284	ok	Cambria	Cambria	Cambria	<no row>	7614
original/print/text/digital_data_security_guidelines(print).pdf	5	/F1	155	57544	ok	Harmattan	Harmattan	Harmattan	Harmattan	1074
original/print/text/digital_data_security_guidelines(print).pdf	5	/F2	19	230284	ok	Cambria	Cambria	Cambria	<no row>	7614
original/print/text/digital_data_security_guidelines(print).pdf	5	/F3	163	70568	ok	Kawkab Mono Light	Kawkab Mono Light	Kawkab Mono Light	Kawkab Mono Light	1852
original/print/text/digital_data_security_guidelines(print).pdf	5	/F4	171	110628	ok	Rubik Medium	Rubik Medium	Rubik Medium	Rubik Medium	1154
original/print/text/educational_technology_elearning_safety_guidelines_multilang(print).pdf	0	/F1	11	72036	ok	Cormorant	Cormorant	Cormorant	Cormorant	1860
original/print/text/educational_technology_elearning_safety_guidelines_multilang(print).pdf	0	/F2	19	40068	ok	Oswald Medium	Oswald Medium	Oswald Medium	Oswald Medium	869
original/print/text/educational_technology_elearning_safety_guidelines_multilang(print).pdf	1	/F1	30	85692	ok	MaoKenWangXingYuan	MaoKenWangXingYuan	MaoKenWangXingYuan	MaoKenWangXingYuan	7764
original/print/text/educational_technology_elearning_safety_guidelines_multilang(print).pdf	1	/F2	38	224752	ok	dinglieciweifont	dinglieciweifont	dinglieciweifont	dinglieciweifont	7415
original/print/text/educational_technology_elearning_safety_guidelines_multilang(print).pdf	1	/F3	46	230284	ok	Cambria	Cambria	Cambria	Cambria	7614
original/print/text/educational_technology_elearning_safety_guidelines_multilang(print).pdf	2	/F1	57	88068	ok	Mukta	Mukta	Mukta	Mukta	1356
original/print/text/educational_technology_elearning_safety_guidelines_multilang(print).pdf	2	/F2	65	29352	ok	Poppins	Poppins	Poppins	Poppins	1059
original/print/text/educational_technology_elearning_safety_guidelines_multilang(print).pdf	2	/F3	73	107512	ok	Biryani	Biryani	Biryani	Biryani	878
original/print/text/educational_technology_elearning_safety_guidelines_multilang(print).pdf	3	/F1	84	11576	ok	Belgrano	Belgrano	Belgrano	Belgrano	229
original/print/text/educational_technology_elearning_safety_guidelines_multilang(print).pdf	3	/F2	46	230284	ok	Cambria	Cambria	Cambria	<no row>	7614
original/print/text/educational_technology_elearning_safety_guidelines_multilang(print).pdf	3	/F3	92	130880	ok	Noto Serif Thin	Noto Serif Thin	Noto Serif Thin	Noto Serif Thin	3784
original/print/text/educational_technology_elearning_safety_guidelines_multilang(print).pdf	3	/F4	100	108616	ok	Playfair Display	Playfair Display	Playfair Display	Playfair Display	1101
original/print/text/educational_technology_elearning_safety_guidelines_multilang(print).pdf	4	/F1	111	28364	ok	Abril Fatface	Abril Fatface	Abril Fatface	Abril Fatface	425
original/print/text/educational_technology_elearning_safety_guidelines_multilang(print).pdf	4	/F2	119	52104	ok	Bricolage Grotesque Light	Bricolage Grotesque Light	Bricolage Grotesque Light	Bricolage Grotesque Light	597
original/print/text/educational_technology_elearning_safety_guidelines_multilang(print).pdf	4	/F3	46	230284	ok	Cambria	Cambria	Cambria	<no row>	7614
original/print/text/educational_technology_elearning_safety_guidelines_multilang(print).pdf	4	/F4	127	19080	ok	Peignot	Peignot	Peignot	Peignot	260
original/print/text/educational_technology_elearning_safety_guidelines_multilang(print).pdf	5	/F1	138	15388	ok	Tajawal	Tajawal	Tajawal	Tajawal	457
original/print/text/educational_technology_elearning_safety_guidelines_multilang(print).pdf	5	/F2	146	89000	ok	Rubik Medium	Rubik Medium	Rubik Medium	Rubik Medium	1154
original/print/text/educational_technology_elearning_safety_guidelines_multilang(print).pdf	5	/F3	154	84336	ok	Kawkab Mono Light	Kawkab Mono Light	Kawkab Mono Light	Kawkab Mono Light	1852
original/print/text/educational_technology_elearning_safety_guidelines_multilang(print).pdf	5	/F4	46	230284	ok	Cambria	Cambria	Cambria	<no row>	7614
original/print/text/global_cloud_datacenter_cooling_failure_report(print).pdf	0	/F1	11	20716	ok	Open Sans	Open Sans	Open Sans	Open Sans	938
original/print/text/global_cloud_datacenter_cooling_failure_report(print).pdf	0	/F2	19	77688	ok	Cormorant	Cormorant	Cormorant	Cormorant	1860
original/print/text/global_cloud_datacenter_cooling_failure_report(print).pdf	0	/F3	27	23900	ok	Symbol	Symbol	Symbol	Symbol	192
original/print/text/global_cloud_datacenter_cooling_failure_report(print).pdf	0	/F4	35	347616	ok	Arial	Arial	Arial	Arial	4503
original/print/text/global_cloud_datacenter_cooling_failure_report(print).pdf	0	/F5	43	38472	ok	Oswald Medium	Oswald Medium	Oswald Medium	Oswald Medium	869
original/print/text/global_cloud_datacenter_cooling_failure_report(print).pdf	0	/F6	51	275468	ok	Cambria Math	Cambria Math	Cambria Math	Cambria Math	7614
original/print/text/global_cloud_datacenter_cooling_failure_report(print).pdf	0	/F7	59	537536	ok	Calibri	Calibri	Calibri	Calibri	6954
original/print/text/global_cloud_datacenter_cooling_failure_report(print).pdf	1	/F1	70	49252	ok	dinglieciweifont	dinglieciweifont	dinglieciweifont	dinglieciweifont	7415
original/print/text/global_cloud_datacenter_cooling_failure_report(print).pdf	1	/F2	27	23900	ok	Symbol	Symbol	Symbol	<no row>	192
original/print/text/global_cloud_datacenter_cooling_failure_report(print).pdf	1	/F3	35	347616	ok	Arial	Arial	Arial	<no row>	4503
original/print/text/global_cloud_datacenter_cooling_failure_report(print).pdf	1	/F4	80	82124	ok	AaGuDianKeBenSong	AaGuDianKeBenSong	AaGuDianKeBenSong	AaGuDianKeBenSong	10021
original/print/text/global_cloud_datacenter_cooling_failure_report(print).pdf	1	/F5	51	275468	ok	Cambria Math	Cambria Math	Cambria Math	<no row>	7614
original/print/text/global_cloud_datacenter_cooling_failure_report(print).pdf	2	/F1	91	83412	ok	Biryani	Biryani	Biryani	Biryani	878
original/print/text/global_cloud_datacenter_cooling_failure_report(print).pdf	2	/F2	99	48796	ok	Hind	Hind	Hind	Hind	987
original/print/text/global_cloud_datacenter_cooling_failure_report(print).pdf	2	/F3	27	23900	ok	Symbol	Symbol	Symbol	<no row>	192
original/print/text/global_cloud_datacenter_cooling_failure_report(print).pdf	2	/F4	35	347616	ok	Arial	Arial	Arial	<no row>	4503
original/print/text/global_cloud_datacenter_cooling_failure_report(print).pdf	2	/F5	107	99772	ok	Mukta	Mukta	Mukta	Mukta	1356
original/print/text/global_cloud_datacenter_cooling_failure_report(print).pdf	2	/F6	51	275468	ok	Cambria Math	Cambria Math	Cambria Math	<no row>	7614
original/print/text/global_cloud_datacenter_cooling_failure_report(print).pdf	2	/F7	59	537536	ok	Calibri	Calibri	Calibri	<no row>	6954
original/print/text/global_cloud_datacenter_cooling_failure_report(print).pdf	3	/F1	118	11792	ok	Belgrano	Belgrano	Belgrano	Belgrano	229
original/print/text/global_cloud_datacenter_cooling_failure_report(print).pdf	3	/F2	126	42140	ok	Big Shoulders Medium	Big Shoulders Medium	Big Shoulders Medium	Big Shoulders Medium	1065
original/print/text/global_cloud_datacenter_cooling_failure_report(print).pdf	3	/F3	27	23900	ok	Symbol	Symbol	Symbol	<no row>	192
original/print/text/global_cloud_datacenter_cooling_failure_report(print).pdf	3	/F4	35	347616	ok	Arial	Arial	Arial	<no row>	4503
original/print/text/global_cloud_datacenter_cooling_failure_report(print).pdf	3	/F5	134	135324	ok	Noto Serif Thin	Noto Serif Thin	Noto Serif Thin	Noto Serif Thin	3784
original/print/text/global_cloud_datacenter_cooling_failure_report(print).pdf	4	/F1	145	28956	ok	Abril Fatface	Abril Fatface	Abril Fatface	Abril Fatface	425
original/print/text/global_cloud_datacenter_cooling_failure_report(print).pdf	4	/F2	153	18632	ok	Archivo Black	Archivo Black	Archivo Black	Archivo Black	426
original/print/text/global_cloud_datacenter_cooling_failure_report(print).pdf	4	/F3	27	23900	ok	Symbol	Symbol	Symbol	<no row>	192
original/print/text/global_cloud_datacenter_cooling_failure_report(print).pdf	4	/F4	35	347616	ok	Arial	Arial	Arial	<no row>	4503
original/print/text/global_cloud_datacenter_cooling_failure_report(print).pdf	4	/F5	161	54824	ok	Bricolage Grotesque Light	Bricolage Grotesque Light	Bricolage Grotesque Light	Bricolage Grotesque Light	597
original/print/text/global_cloud_datacenter_cooling_failure_report(print).pdf	4	/F6	59	537536	ok	Calibri	Calibri	Calibri	<no row>	6954
original/print/text/global_cloud_datacenter_cooling_failure_report(print).pdf	5	/F1	172	58280	ok	Harmattan	Harmattan	Harmattan	Harmattan	1074
original/print/text/global_cloud_datacenter_cooling_failure_report(print).pdf	5	/F2	180	72908	ok	Kawkab Mono Light	Kawkab Mono Light	Kawkab Mono Light	Kawkab Mono Light	1852
original/print/text/global_cloud_datacenter_cooling_failure_report(print).pdf	5	/F3	27	23900	ok	Symbol	Symbol	Symbol	<no row>	192
original/print/text/global_cloud_datacenter_cooling_failure_report(print).pdf	5	/F4	35	347616	ok	Arial	Arial	Arial	<no row>	4503
original/print/text/global_cloud_datacenter_cooling_failure_report(print).pdf	5	/F5	188	105824	ok	Rubik Medium	Rubik Medium	Rubik Medium	Rubik Medium	1154
original/print/text/global_cloud_datacenter_cooling_failure_report(print).pdf	5	/F6	59	537536	ok	Calibri	Calibri	Calibri	<no row>	6954
original/print/text/green_energy_sustainable_living_guidelines_multilang(print).pdf	0	/F1	11	63532	ok	Cormorant	Cormorant	Cormorant	Cormorant	1860
original/print/text/green_energy_sustainable_living_guidelines_multilang(print).pdf	0	/F2	19	37724	ok	Oswald Medium	Oswald Medium	Oswald Medium	Oswald Medium	869
original/print/text/green_energy_sustainable_living_guidelines_multilang(print).pdf	0	/F3	27	230284	ok	Cambria	Cambria	Cambria	Cambria	7614
original/print/text/green_energy_sustainable_living_guidelines_multilang(print).pdf	1	/F1	42	92376	ok	AaGuDianKeBenSong	AaGuDianKeBenSong	AaGuDianKeBenSong	AaGuDianKeBenSong	10021
original/print/text/green_energy_sustainable_living_guidelines_multilang(print).pdf	1	/F2	50	133000	ok	MaoKenWangXingYuan	MaoKenWangXingYuan	MaoKenWangXingYuan	MaoKenWangXingYuan	7764
original/print/text/green_energy_sustainable_living_guidelines_multilang(print).pdf	1	/F3	27	230284	ok	Cambria	Cambria	Cambria	<no row>	7614
original/print/text/green_energy_sustainable_living_guidelines_multilang(print).pdf	2	/F1	61	34280	ok	Hind	Hind	Hind	Hind	987
original/print/text/green_energy_sustainable_living_guidelines_multilang(print).pdf	2	/F2	27	230284	ok	Cambria	Cambria	Cambria	<no row>	7614
original/print/text/green_energy_sustainable_living_guidelines_multilang(print).pdf	2	/F3	69	95808	ok	Mukta	Mukta	Mukta	Mukta	1356
original/print/text/green_energy_sustainable_living_guidelines_multilang(print).pdf	2	/F4	77	42192	ok	Poppins	Poppins	Poppins	Poppins	1059
original/print/text/green_energy_sustainable_living_guidelines_multilang(print).pdf	3	/F1	88	39584	ok	Big Shoulders Medium	Big Shoulders Medium	Big Shoulders Medium	Big Shoulders Medium	1065
original/print/text/green_energy_sustainable_living_guidelines_multilang(print).pdf	3	/F2	27	230284	ok	Cambria	Cambria	Cambria	<no row>	7614
original/print/text/green_energy_sustainable_living_guidelines_multilang(print).pdf	3	/F3	96	131148	ok	Noto Serif Thin	Noto Serif Thin	Noto Serif Thin	Noto Serif Thin	3784
original/print/text/green_energy_sustainable_living_guidelines_multilang(print).pdf	3	/F4	104	107192	ok	Playfair Display	Playfair Display	Playfair Display	Playfair Display	1101
original/print/text/green_energy_sustainable_living_guidelines_multilang(print).pdf	4	/F1	115	14476	ok	Archivo Black	Archivo Black	Archivo Black	Archivo Black	426
original/print/text/green_energy_sustainable_living_guidelines_multilang(print).pdf	4	/F2	123	52444	ok	Bricolage Grotesque Light	Bricolage Grotesque Light	Bricolage Grotesque Light	Bricolage Grotesque Light	597
original/print/text/green_energy_sustainable_living_guidelines_multilang(print).pdf	4	/F3	131	892396	ok	Merriweather 36pt	Merriweather 36pt	Merriweather 36pt	Merriweather 36pt	2298
original/print/text/green_energy_sustainable_living_guidelines_multilang(print).pdf	4	/F4	27	230284	ok	Cambria	Cambria	Cambria	<no row>	7614
original/print/text/green_energy_sustainable_living_guidelines_multilang(print).pdf	5	/F1	142	64804	ok	Kawkab Mono Light	Kawkab Mono Light	Kawkab Mono Light	Kawkab Mono Light	1852
original/print/text/green_energy_sustainable_living_guidelines_multilang(print).pdf	5	/F2	150	99916	ok	Rubik Medium	Rubik Medium	Rubik Medium	Rubik Medium	1154
original/print/text/green_energy_sustainable_living_guidelines_multilang(print).pdf	5	/F3	158	64152	ok	Marhey Light	Marhey Light	Marhey Light	Marhey Light	1209
original/print/text/green_energy_sustainable_living_guidelines_multilang(print).pdf	5	/F4	27	230284	ok	Cambria	Cambria	Cambria	<no row>	7614
original/print/text/health_wellbeing_digital_age_guidelines_multilang(print).pdf	0	/F1	11	63296	ok	Cormorant	Cormorant	Cormorant	Cormorant	1860
original/print/text/health_wellbeing_digital_age_guidelines_multilang(print).pdf	0	/F2	19	18196	ok	Nobile	Nobile	Nobile	Nobile	344
original/print/text/health_wellbeing_digital_age_guidelines_multilang(print).pdf	0	/F3	27	230284	ok	Cambria	Cambria	Cambria	Cambria	7614
original/print/text/health_wellbeing_digital_age_guidelines_multilang(print).pdf	1	/F1	38	80112	ok	MaoKenWangXingYuan	MaoKenWangXingYuan	MaoKenWangXingYuan	MaoKenWangXingYuan	7764
original/print/text/health_wellbeing_digital_age_guidelines_multilang(print).pdf	1	/F2	46	97304	ok	zihunbiantaoti	zihunbiantaoti	zihunbiantaoti	zihunbiantaoti	7665
original/print/text/health_wellbeing_digital_age_guidelines_multilang(print).pdf	1	/F3	27	230284	ok	Cambria	Cambria	Cambria	<no row>	7614
original/print/text/health_wellbeing_digital_age_guidelines_multilang(print).pdf	2	/F1	57	26720	ok	Poppins	Poppins	Poppins	Poppins	1059
original/print/text/health_wellbeing_digital_age_guidelines_multilang(print).pdf	2	/F2	65	74468	ok	Hind	Hind	Hind	Hind	987
original/print/text/health_wellbeing_digital_age_guidelines_multilang(print).pdf	3	/F1	76	30240	ok	Prompt Black	Prompt Black	Prompt Black	Prompt Black	764
original/print/text/health_wellbeing_digital_age_guidelines_multilang(print).pdf	3	/F2	84	108952	ok	Playfair Display	Playfair Display	Playfair Display	Playfair Display	1101
original/print/text/health_wellbeing_digital_age_guidelines_multilang(print).pdf	4	/F1	84	108952	ok	Playfair Display	Playfair Display	Playfair Display	<no row>	1101
original/print/text/health_wellbeing_digital_age_guidelines_multilang(print).pdf	4	/F2	95	15648	ok	Archivo Black	Archivo Black	Archivo Black	Archivo Black	426
original/print/text/health_wellbeing_digital_age_guidelines_multilang(print).pdf	4	/F3	103	57844	ok	Bricolage Grotesque Light	Bricolage Grotesque Light	Bricolage Grotesque Light	Bricolage Grotesque Light	597
original/print/text/health_wellbeing_digital_age_guidelines_multilang(print).pdf	5	/F1	114	82232	ok	Rubik Medium	Rubik Medium	Rubik Medium	Rubik Medium	1154
original/print/text/health_wellbeing_digital_age_guidelines_multilang(print).pdf	5	/F2	122	24904	ok	Tajawal	Tajawal	Tajawal	Tajawal	457
original/print/text/illegal_item_trading_money_laundering_in_games(print).pdf	0	/F1	11	74404	ok	Cormorant	Cormorant	Cormorant	Cormorant	1860
original/print/text/illegal_item_trading_money_laundering_in_games(print).pdf	0	/F2	19	100168	ok	Courier New	Courier New	Courier New	Courier New	3763
original/print/text/illegal_item_trading_money_laundering_in_games(print).pdf	0	/F3	27	38556	ok	Oswald Medium	Oswald Medium	Oswald Medium	Oswald Medium	869
original/print/text/illegal_item_trading_money_laundering_in_games(print).pdf	0	/F4	36	537536	ok	Calibri	Calibri	Calibri	Calibri	6954
original/print/text/illegal_item_trading_money_laundering_in_games(print).pdf	1	/F1	47	100128	ok	AaGuDianKeBenSong	AaGuDianKeBenSong	AaGuDianKeBenSong	AaGuDianKeBenSong	10021
original/print/text/illegal_item_trading_money_laundering_in_games(print).pdf	1	/F2	19	100168	ok	Courier New	Courier New	Courier New	<no row>	3763
original/print/text/illegal_item_trading_money_laundering_in_games(print).pdf	1	/F3	55	106032	ok	MaoKenWangXingYuan	MaoKenWangXingYuan	MaoKenWangXingYuan	MaoKenWangXingYuan	7764
original/print/text/illegal_item_trading_money_laundering_in_games(print).pdf	1	/F4	36	537536	ok	Calibri	Calibri	Calibri	<no row>	6954
original/print/text/illegal_item_trading_money_laundering_in_games(print).pdf	2	/F1	66	50684	ok	Hind	Hind	Hind	Hind	987
original/print/text/illegal_item_trading_money_laundering_in_games(print).pdf	2	/F2	19	100168	ok	Courier New	Courier New	Courier New	<no row>	3763
original/print/text/illegal_item_trading_money_laundering_in_games(print).pdf	2	/F3	74	110040	ok	Mukta	Mukta	Mukta	Mukta	1356
original/print/text/illegal_item_trading_money_laundering_in_games(print).pdf	2	/F4	82	38360	ok	Poppins	Poppins	Poppins	Poppins	1059
original/print/text/illegal_item_trading_money_laundering_in_games(print).pdf	2	/F5	36	537536	ok	Calibri	Calibri	Calibri	<no row>	6954
original/print/text/illegal_item_trading_money_laundering_in_games(print).pdf	3	/F1	93	40636	ok	Big Shoulders Medium	Big Shoulders Medium	Big Shoulders Medium	Big Shoulders Medium	1065
original/print/text/illegal_item_trading_money_laundering_in_games(print).pdf	3	/F2	19	100168	ok	Courier New	Courier New	Courier New	<no row>	3763
original/print/text/illegal_item_trading_money_laundering_in_games(print).pdf	3	/F3	101	133964	ok	Noto Serif Thin	Noto Serif Thin	Noto Serif Thin	Noto Serif Thin	3784
original/print/text/illegal_item_trading_money_laundering_in_games(print).pdf	3	/F4	109	106952	ok	Playfair Display	Playfair Display	Playfair Display	Playfair Display	1101
original/print/text/illegal_item_trading_money_laundering_in_games(print).pdf	3	/F5	117	275428	ok	Cambria Math	Cambria Math	Cambria Math	Cambria Math	7614
original/print/text/illegal_item_trading_money_laundering_in_games(print).pdf	3	/F6	36	537536	ok	Calibri	Calibri	Calibri	<no row>	6954
original/print/text/illegal_item_trading_money_laundering_in_games(print).pdf	4	/F1	128	16208	ok	Archivo Black	Archivo Black	Archivo Black	Archivo Black	426
original/print/text/illegal_item_trading_money_laundering_in_games(print).pdf	4	/F2	19	100168	ok	Courier New	Courier New	Courier New	<no row>	3763
original/print/text/illegal_item_trading_money_laundering_in_games(print).pdf	4	/F3	136	53980	ok	Bricolage Grotesque Light	Bricolage Grotesque Light	Bricolage Grotesque Light	Bricolage Grotesque Light	597
original/print/text/illegal_item_trading_money_laundering_in_games(print).pdf	4	/F4	144	894020	ok	Merriweather 36pt	Merriweather 36pt	Merriweather 36pt	Merriweather 36pt	2298
original/print/text/illegal_item_trading_money_laundering_in_games(print).pdf	4	/F5	36	537536	ok	Calibri	Calibri	Calibri	<no row>	6954
original/print/text/illegal_item_trading_money_laundering_in_games(print).pdf	5	/F1	155	71144	ok	Kawkab Mono Light	Kawkab Mono Light	Kawkab Mono Light	Kawkab Mono Light	1852
original/print/text/illegal_item_trading_money_laundering_in_games(print).pdf	5	/F2	19	100168	ok	Courier New	Courier New	Courier New	<no row>	3763
original/print/text/illegal_item_trading_money_laundering_in_games(print).pdf	5	/F3	163	99040	ok	Rubik Medium	Rubik Medium	Rubik Medium	Rubik Medium	1154
original/print/text/illegal_item_trading_money_laundering_in_games(print).pdf	5	/F4	171	60852	ok	Marhey Light	Marhey Light	Marhey Light	Marhey Light	1209
original/print/text/messenger_app_data_misuse_investigation(print).pdf	0	/F1	11	11172	ok	Nobile	Nobile	Nobile	Nobile	344
original/print/text/messenger_app_data_misuse_investigation(print).pdf	0	/F2	19	23900	ok	Symbol	Symbol	Symbol	Symbol	192
original/print/text/messenger_app_data_misuse_investigation(print).pdf	0	/F3	27	347616	ok	Arial	Arial	Arial	Arial	4503
original/print/text/messenger_app_data_misuse_investigation(print).pdf	0	/F4	37	537536	ok	Calibri	Calibri	Calibri	Calibri	6954
original/print/text/messenger_app_data_misuse_investigation(print).pdf	1	/F1	48	56192	ok	zihunbiantaoti	zihunbiantaoti	zihunbiantaoti	zihunbiantaoti	7665
original/print/text/messenger_app_data_misuse_investigation(print).pdf	1	/F2	56	115716	ok	MaoKenWangXingYuan	MaoKenWangXingYuan	MaoKenWangXingYuan	MaoKenWangXingYuan	7764
original/print/text/messenger_app_data_misuse_investigation(print).pdf	1	/F3	19	23900	ok	Symbol	Symbol	Symbol	<no row>	192
original/print/text/messenger_app_data_misuse_investigation(print).pdf	1	/F4	27	347616	ok	Arial	Arial	Arial	<no row>	4503
original/print/text/messenger_app_data_misuse_investigation(print).pdf	1	/F5	64	275468	ok	Cambria Math	Cambria Math	Cambria Math	Cambria Math	7614
original/print/text/messenger_app_data_misuse_investigation(print).pdf	1	/F6	72	33036	ok	dinglieciweifont	dinglieciweifont	dinglieciweifont	dinglieciweifont	7415
original/print/text/messenger_app_data_misuse_investigation(print).pdf	2	/F1	83	40204	ok	Teko Light	Teko Light	Teko Light	Teko Light	991
original/print/text/messenger_app_data_misuse_investigation(print).pdf	2	/F2	91	42768	ok	Poppins	Poppins	Poppins	Poppins	1059
original/print/text/messenger_app_data_misuse_investigation(print).pdf	2	/F3	19	23900	ok	Symbol	Symbol	Symbol	<no row>	192
original/print/text/messenger_app_data_misuse_investigation(print).pdf	2	/F4	27	347616	ok	Arial	Arial	Arial	<no row>	4503
original/print/text/messenger_app_data_misuse_investigation(print).pdf	2	/F5	64	275468	ok	Cambria Math	Cambria Math	Cambria Math	<no row>	7614
original/print/text/messenger_app_data_misuse_investigation(print).pdf	3	/F1	102	31368	ok	Prompt Black	Prompt Black	Prompt Black	Prompt Black	764
original/print/text/messenger_app_data_misuse_investigation(print).pdf	3	/F2	110	108636	ok	Playfair Display	Playfair Display	Playfair Display	Playfair Display	1101
original/print/text/messenger_app_data_misuse_investigation(print).pdf	3	/F3	19	23900	ok	Symbol	Symbol	Symbol	<no row>	192
original/print/text/messenger_app_data_misuse_investigation(print).pdf	3	/F4	27	347616	ok	Arial	Arial	Arial	<no row>	4503
original/print/text/messenger_app_data_misuse_investigation(print).pdf	3	/F5	37	537536	ok	Calibri	Calibri	Calibri	<no row>	6954
original/print/text/messenger_app_data_misuse_investigation(print).pdf	4	/F1	121	12744	ok	Peignot	Peignot	Peignot	Peignot	260
original/print/text/messenger_app_data_misuse_investigation(print).pdf	4	/F2	110	108636	ok	Playfair Display	Playfair Display	Playfair Display	<no row>	1101
original/print/text/messenger_app_data_misuse_investigation(print).pdf	4	/F3	19	23900	ok	Symbol	Symbol	Symbol	<no row>	192
original/print/text/messenger_app_data_misuse_investigation(print).pdf	4	/F4	27	347616	ok	Arial	Arial	Arial	<no row>	4503
original/print/text/messenger_app_data_misuse_investigation(print).pdf	4	/F5	64	275468	ok	Cambria Math	Cambria Math	Cambria Math	<no row>	7614
original/print/text/messenger_app_data_misuse_investigation(print).pdf	4	/F6	37	537536	ok	Calibri	Calibri	Calibri	<no row>	6954
original/print/text/messenger_app_data_misuse_investigation(print).pdf	5	/F1	132	17308	ok	Tajawal	Tajawal	Tajawal	Tajawal	457
original/print/text/messenger_app_data_misuse_investigation(print).pdf	5	/F2	140	62708	ok	Marhey Light	Marhey Light	Marhey Light	Marhey Light	1209
original/print/text/messenger_app_data_misuse_investigation(print).pdf	5	/F3	19	23900	ok	Symbol	Symbol	Symbol	<no row>	192
original/print/text/messenger_app_data_misuse_investigation(print).pdf	5	/F4	27	347616	ok	Arial	Arial	Arial	<no row>	4503
original/print/text/messenger_app_data_misuse_investigation(print).pdf	5	/F5	37	537536	ok	Calibri	Calibri	Calibri	<no row>	6954
original/print/text/open_source_software_contribution_guidelines_multilang(print).pdf	0	/F1	11	13296	ok	Nobile	Nobile	Nobile	Nobile	344
original/print/text/open_source_software_contribution_guidelines_multilang(print).pdf	0	/F2	19	37852	ok	Oswald Medium	Oswald Medium	Oswald Medium	Oswald Medium	869
original/print/text/open_source_software_contribution_guidelines_multilang(print).pdf	0	/F3	27	230284	ok	Cambria	Cambria	Cambria	Cambria	7614
original/print/text/open_source_software_contribution_guidelines_multilang(print).pdf	0	/F4	35	85904	ok	Cormorant	Cormorant	Cormorant	Cormorant	1860
original/print/text/open_source_software_contribution_guidelines_multilang(print).pdf	1	/F1	46	148232	ok	MaoKenWangXingYuan	MaoKenWangXingYuan	MaoKenWangXingYuan	MaoKenWangXingYuan	7764
original/print/text/open_source_software_contribution_guidelines_multilang(print).pdf	1	/F2	55	268232	ok	Cambria Math	Cambria Math	Cambria Math	Cambria Math	7614
original/print/text/open_source_software_contribution_guidelines_multilang(print).pdf	2	/F1	66	33660	ok	Hind	Hind	Hind	Hind	987
original/print/text/open_source_software_contribution_guidelines_multilang(print).pdf	2	/F2	27	230284	ok	Cambria	Cambria	Cambria	<no row>	7614
original/print/text/open_source_software_contribution_guidelines_multilang(print).pdf	2	/F3	74	30264	ok	Poppins	Poppins	Poppins	Poppins	1059
original/print/text/open_source_software_contribution_guidelines_multilang(print).pdf	2	/F4	82	53872	ok	Teko Light	Teko Light	Teko Light	Teko Light	991
original/print/text/open_source_software_contribution_guidelines_multilang(print).pdf	3	/F1	93	40388	ok	Big Shoulders Medium	Big Shoulders Medium	Big Shoulders Medium	Big Shoulders Medium	1065
original/print/text/open_source_software_contribution_guidelines_multilang(print).pdf	3	/F2	101	131220	ok	Noto Serif Thin	Noto Serif Thin	Noto Serif Thin	Noto Serif Thin	3784
original/print/text/open_source_software_contribution_guidelines_multilang(print).pdf	3	/F3	109	37772	ok	Prompt Black	Prompt Black	Prompt Black	Prompt Black	764
original/print/text/open_source_software_contribution_guidelines_multilang(print).pdf	3	/F4	27	230284	ok	Cambria	Cambria	Cambria	<no row>	7614
original/print/text/open_source_software_contribution_guidelines_multilang(print).pdf	4	/F1	120	884536	ok	Merriweather 36pt	Merriweather 36pt	Merriweather 36pt	Merriweather 36pt	2298
original/print/text/open_source_software_contribution_guidelines_multilang(print).pdf	4	/F2	128	17144	ok	Archivo Black	Archivo Black	Archivo Black	Archivo Black	426
original/print/text/open_source_software_contribution_guidelines_multilang(print).pdf	4	/F3	27	230284	ok	Cambria	Cambria	Cambria	<no row>	7614
original/print/text/open_source_software_contribution_guidelines_multilang(print).pdf	4	/F4	136	32232	ok	Abril Fatface	Abril Fatface	Abril Fatface	Abril Fatface	425
original/print/text/open_source_software_contribution_guidelines_multilang(print).pdf	5	/F1	147	60164	ok	Harmattan	Harmattan	Harmattan	Harmattan	1074
original/print/text/open_source_software_contribution_guidelines_multilang(print).pdf	5	/F2	155	90760	ok	Rubik Medium	Rubik Medium	Rubik Medium	Rubik Medium	1154
original/print/text/open_source_software_contribution_guidelines_multilang(print).pdf	5	/F3	27	230284	ok	Cambria	Cambria	Cambria	<no row>	7614
original/print/text/open_source_software_contribution_guidelines_multilang(print).pdf	5	/F4	163	64160	ok	Marhey Light	Marhey Light	Marhey Light	Marhey Light	1209
original/print/text/personal_finance_cyber_fraud_prevention_guidelines_multilang(print).pdf	0	/F1	11	11532	ok	Nobile	Nobile	Nobile	Nobile	344
original/print/text/personal_finance_cyber_fraud_prevention_guidelines_multilang(print).pdf	0	/F2	19	39772	ok	Oswald Medium	Oswald Medium	Oswald Medium	Oswald Medium	869
original/print/text/personal_finance_cyber_fraud_prevention_guidelines_multilang(print).pdf	0	/F3	27	20212	ok	Open Sans	Open Sans	Open Sans	Open Sans	938
original/print/text/personal_finance_cyber_fraud_prevention_guidelines_multilang(print).pdf	0	/F4	35	268232	ok	Cambria Math	Cambria Math	Cambria Math	Cambria Math	7614
original/print/text/personal_finance_cyber_fraud_prevention_guidelines_multilang(print).pdf	1	/F1	46	44492	ok	dinglieciweifont	dinglieciweifont	dinglieciweifont	dinglieciweifont	7415
original/print/text/personal_finance_cyber_fraud_prevention_guidelines_multilang(print).pdf	1	/F2	62	83616	ok	MaoKenWangXingYuan	MaoKenWangXingYuan	MaoKenWangXingYuan	MaoKenWangXingYuan	7764
original/print/text/personal_finance_cyber_fraud_prevention_guidelines_multilang(print).pdf	1	/F3	70	230284	ok	Cambria	Cambria	Cambria	Cambria	7614
original/print/text/personal_finance_cyber_fraud_prevention_guidelines_multilang(print).pdf	2	/F1	81	87496	ok	Mukta	Mukta	Mukta	Mukta	1356
original/print/text/personal_finance_cyber_fraud_prevention_guidelines_multilang(print).pdf	2	/F2	89	42336	ok	Poppins	Poppins	Poppins	Poppins	1059
original/print/text/personal_finance_cyber_fraud_prevention_guidelines_multilang(print).pdf	2	/F3	97	39376	ok	Teko Light	Teko Light	Teko Light	Teko Light	991
original/print/text/personal_finance_cyber_fraud_prevention_guidelines_multilang(print).pdf	2	/F4	70	230284	ok	Cambria	Cambria	Cambria	<no row>	7614
original/print/text/personal_finance_cyber_fraud_prevention_guidelines_multilang(print).pdf	3	/F1	108	39740	ok	Big Shoulders Medium	Big Shoulders Medium	Big Shoulders Medium	Big Shoulders Medium	1065
original/print/text/personal_finance_cyber_fraud_prevention_guidelines_multilang(print).pdf	3	/F2	116	108972	ok	Playfair Display	Playfair Display	Playfair Display	Playfair Display	1101
original/print/text/personal_finance_cyber_fraud_prevention_guidelines_multilang(print).pdf	3	/F3	124	31372	ok	Prompt Black	Prompt Black	Prompt Black	Prompt Black	764
original/print/text/personal_finance_cyber_fraud_prevention_guidelines_multilang(print).pdf	4	/F1	135	51408	ok	Bricolage Grotesque Light	Bricolage Grotesque Light	Bricolage Grotesque Light	Bricolage Grotesque Light	597
original/print/text/personal_finance_cyber_fraud_prevention_guidelines_multilang(print).pdf	4	/F2	143	893432	ok	Merriweather 36pt	Merriweather 36pt	Merriweather 36pt	Merriweather 36pt	2298
original/print/text/personal_finance_cyber_fraud_prevention_guidelines_multilang(print).pdf	4	/F3	151	12016	ok	Peignot	Peignot	Peignot	Peignot	260
original/print/text/personal_finance_cyber_fraud_prevention_guidelines_multilang(print).pdf	4	/F4	70	230284	ok	Cambria	Cambria	Cambria	<no row>	7614
original/print/text/personal_finance_cyber_fraud_prevention_guidelines_multilang(print).pdf	5	/F1	162	49772	ok	Marhey Light	Marhey Light	Marhey Light	Marhey Light	1209
original/print/text/personal_finance_cyber_fraud_prevention_guidelines_multilang(print).pdf	5	/F2	170	24808	ok	Tajawal	Tajawal	Tajawal	Tajawal	457
original/print/text/personal_finance_cyber_fraud_prevention_guidelines_multilang(print).pdf	5	/F3	178	89128	ok	Rubik Medium	Rubik Medium	Rubik Medium	Rubik Medium	1154
original/print/text/personal_finance_cyber_fraud_prevention_guidelines_multilang(print).pdf	5	/F4	70	230284	ok	Cambria	Cambria	Cambria	<no row>	7614
original/print/text/remote_work_home_office_guidelines(print).pdf	0	/F1	11	13276	ok	Nobile	Nobile	Nobile	Nobile	344
original/print/text/remote_work_home_office_guidelines(print).pdf	0	/F2	19	230284	ok	Cambria	Cambria	Cambria	Cambria	7614
original/print/text/remote_work_home_office_guidelines(print).pdf	0	/F3	27	25352	ok	Open Sans	Open Sans	Open Sans	Open Sans	938
original/print/text/remote_work_home_office_guidelines(print).pdf	1	/F1	39	51776	ok	zihunbiantaoti	zihunbiantaoti	zihunbiantaoti	zihunbiantaoti	7665
original/print/text/remote_work_home_office_guidelines(print).pdf	1	/F2	19	230284	ok	Cambria	Cambria	Cambria	<no row>	7614
original/print/text/remote_work_home_office_guidelines(print).pdf	1	/F3	47	89404	ok	MaoKenWangXingYuan	MaoKenWangXingYuan	MaoKenWangXingYuan	MaoKenWangXingYuan	7764
original/print/text/remote_work_home_office_guidelines(print).pdf	1	/F4	55	200512	ok	dinglieciweifont	dinglieciweifont	dinglieciweifont	dinglieciweifont	7415
original/print/text/remote_work_home_office_guidelines(print).pdf	2	/F1	66	38608	ok	Teko Light	Teko Light	Teko Light	Teko Light	991
original/print/text/remote_work_home_office_guidelines(print).pdf	2	/F2	74	30984	ok	Poppins	Poppins	Poppins	Poppins	1059
original/print/text/remote_work_home_office_guidelines(print).pdf	2	/F3	19	230284	ok	Cambria	Cambria	Cambria	<no row>	7614
original/print/text/remote_work_home_office_guidelines(print).pdf	2	/F4	82	106380	ok	Biryani	Biryani	Biryani	Biryani	878
original/print/text/remote_work_home_office_guidelines(print).pdf	3	/F1	93	31296	ok	Prompt Black	Prompt Black	Prompt Black	Prompt Black	764
original/print/text/remote_work_home_office_guidelines(print).pdf	3	/F2	19	230284	ok	Cambria	Cambria	Cambria	<no row>	7614
original/print/text/remote_work_home_office_guidelines(print).pdf	3	/F3	101	99688	ok	Playfair Display	Playfair Display	Playfair Display	Playfair Display	1101
original/print/text/remote_work_home_office_guidelines(print).pdf	3	/F4	109	13976	ok	Belgrano	Belgrano	Belgrano	Belgrano	229
original/print/text/remote_work_home_office_guidelines(print).pdf	4	/F1	120	11912	ok	Peignot	Peignot	Peignot	Peignot	260
original/print/text/remote_work_home_office_guidelines(print).pdf	4	/F2	19	230284	ok	Cambria	Cambria	Cambria	<no row>	7614
original/print/text/remote_work_home_office_guidelines(print).pdf	4	/F3	128	885548	ok	Merriweather 36pt	Merriweather 36pt	Merriweather 36pt	Merriweather 36pt	2298
original/print/text/remote_work_home_office_guidelines(print).pdf	4	/F4	136	32092	ok	Abril Fatface	Abril Fatface	Abril Fatface	Abril Fatface	425
original/print/text/remote_work_home_office_guidelines(print).pdf	5	/F1	147	14960	ok	Tajawal	Tajawal	Tajawal	Tajawal	457
original/print/text/remote_work_home_office_guidelines(print).pdf	5	/F2	155	50056	ok	Marhey Light	Marhey Light	Marhey Light	Marhey Light	1209
original/print/text/remote_work_home_office_guidelines(print).pdf	5	/F3	163	82824	ok	Harmattan	Harmattan	Harmattan	Harmattan	1074
original/print/text/remote_work_home_office_guidelines(print).pdf	5	/F4	19	230284	ok	Cambria	Cambria	Cambria	<no row>	7614
original/print/text/smart_city_data_privacy_guidelines_multilang(print).pdf	0	/F1	11	17744	ok	Nobile	Nobile	Nobile	Nobile	344
original/print/text/smart_city_data_privacy_guidelines_multilang(print).pdf	0	/F2	19	64796	ok	Cormorant	Cormorant	Cormorant	Cormorant	1860
original/print/text/smart_city_data_privacy_guidelines_multilang(print).pdf	0	/F3	27	230284	ok	Cambria	Cambria	Cambria	Cambria	7614
original/print/text/smart_city_data_privacy_guidelines_multilang(print).pdf	1	/F1	38	79888	ok	MaoKenWangXingYuan	MaoKenWangXingYuan	MaoKenWangXingYuan	MaoKenWangXingYuan	7764
original/print/text/smart_city_data_privacy_guidelines_multilang(print).pdf	1	/F2	46	213000	ok	dinglieciweifont	dinglieciweifont	dinglieciweifont	dinglieciweifont	7415
original/print/text/smart_city_data_privacy_guidelines_multilang(print).pdf	2	/F1	57	25116	ok	Poppins	Poppins	Poppins	Poppins	1059
original/print/text/smart_city_data_privacy_guidelines_multilang(print).pdf	2	/F2	27	230284	ok	Cambria	Cambria	Cambria	<no row>	7614
original/print/text/smart_city_data_privacy_guidelines_multilang(print).pdf	2	/F3	65	69380	ok	Hind	Hind	Hind	Hind	987
original/print/text/smart_city_data_privacy_guidelines_multilang(print).pdf	3	/F1	76	30652	ok	Prompt Black	Prompt Black	Prompt Black	Prompt Black	764
original/print/text/smart_city_data_privacy_guidelines_multilang(print).pdf	3	/F2	84	44724	ok	Big Shoulders Medium	Big Shoulders Medium	Big Shoulders Medium	Big Shoulders Medium	1065
original/print/text/smart_city_data_privacy_guidelines_multilang(print).pdf	3	/F3	92	97664	ok	Playfair Display	Playfair Display	Playfair Display	Playfair Display	1101
original/print/text/smart_city_data_privacy_guidelines_multilang(print).pdf	3	/F4	27	230284	ok	Cambria	Cambria	Cambria	<no row>	7614
original/print/text/smart_city_data_privacy_guidelines_multilang(print).pdf	4	/F1	103	15492	ok	Archivo Black	Archivo Black	Archivo Black	Archivo Black	426
original/print/text/smart_city_data_privacy_guidelines_multilang(print).pdf	4	/F2	111	894092	ok	Merriweather 36pt	Merriweather 36pt	Merriweather 36pt	Merriweather 36pt	2298
original/print/text/smart_city_data_privacy_guidelines_multilang(print).pdf	5	/F1	122	75056	ok	Rubik Medium	Rubik Medium	Rubik Medium	Rubik Medium	1154
original/print/text/smart_city_data_privacy_guidelines_multilang(print).pdf	5	/F2	130	51704	ok	Marhey Light	Marhey Light	Marhey Light	Marhey Light	1209
original/print/text/smart_city_data_privacy_guidelines_multilang(print).pdf	5	/F3	138	25992	ok	Tajawal	Tajawal	Tajawal	Tajawal	457
original/print/text/smart_city_data_privacy_guidelines_multilang(print).pdf	5	/F4	27	230284	ok	Cambria	Cambria	Cambria	<no row>	7614
original/print/text/smart_factory_robot_malfunction_analysis(print).pdf	0	/F1	11	14040	ok	Nobile	Nobile	Nobile	Nobile	344
original/print/text/smart_factory_robot_malfunction_analysis(print).pdf	0	/F2	19	100168	ok	Courier New	Courier New	Courier New	Courier New	3763
original/print/text/smart_factory_robot_malfunction_analysis(print).pdf	0	/F3	27	40044	ok	Oswald Medium	Oswald Medium	Oswald Medium	Oswald Medium	869
original/print/text/smart_factory_robot_malfunction_analysis(print).pdf	0	/F4	35	275468	ok	Cambria Math	Cambria Math	Cambria Math	Cambria Math	7614
original/print/text/smart_factory_robot_malfunction_analysis(print).pdf	1	/F1	46	82216	ok	AaGuDianKeBenSong	AaGuDianKeBenSong	AaGuDianKeBenSong	AaGuDianKeBenSong	10021
original/print/text/smart_factory_robot_malfunction_analysis(print).pdf	1	/F2	35	275468	ok	Cambria Math	Cambria Math	Cambria Math	<no row>	7614
original/print/text/smart_factory_robot_malfunction_analysis(print).pdf	2	/F1	61	99316	ok	Mukta	Mukta	Mukta	Mukta	1356
original/print/text/smart_factory_robot_malfunction_analysis(print).pdf	2	/F2	19	100168	ok	Courier New	Courier New	Courier New	<no row>	3763
original/print/text/smart_factory_robot_malfunction_analysis(print).pdf	2	/F3	69	54776	ok	Teko Light	Teko Light	Teko Light	Teko Light	991
original/print/text/smart_factory_robot_malfunction_analysis(print).pdf	3	/F1	80	32012	ok	Prompt Black	Prompt Black	Prompt Black	Prompt Black	764
original/print/text/smart_factory_robot_malfunction_analysis(print).pdf	3	/F2	88	107680	ok	Playfair Display	Playfair Display	Playfair Display	Playfair Display	1101
original/print/text/smart_factory_robot_malfunction_analysis(print).pdf	3	/F3	35	275468	ok	Cambria Math	Cambria Math	Cambria Math	<no row>	7614
original/print/text/smart_factory_robot_malfunction_analysis(print).pdf	4	/F1	99	16544	ok	Archivo Black	Archivo Black	Archivo Black	Archivo Black	426
original/print/text/smart_factory_robot_malfunction_analysis(print).pdf	4	/F2	107	893928	ok	Merriweather 36pt	Merriweather 36pt	Merriweather 36pt	Merriweather 36pt	2298
original/print/text/smart_factory_robot_malfunction_analysis(print).pdf	4	/F3	115	537536	ok	Calibri	Calibri	Calibri	Calibri	6954
original/print/text/smart_factory_robot_malfunction_analysis(print).pdf	5	/F1	126	94156	ok	Rubik Medium	Rubik Medium	Rubik Medium	Rubik Medium	1154
original/print/text/smart_factory_robot_malfunction_analysis(print).pdf	5	/F2	19	100168	ok	Courier New	Courier New	Courier New	<no row>	3763
original/print/text/smart_factory_robot_malfunction_analysis(print).pdf	5	/F3	134	61328	ok	Marhey Light	Marhey Light	Marhey Light	Marhey Light	1209
original/print/text+img/global_agriculture_food_security_climate_impact(print).pdf	0	/F1	11	65800	ok	Cormorant	Cormorant	Cormorant	Cormorant	1860
original/print/text+img/global_agriculture_food_security_climate_impact(print).pdf	0	/F2	19	24720	ok	Open Sans	Open Sans	Open Sans	Open Sans	938
original/print/text+img/global_agriculture_food_security_climate_impact(print).pdf	0	/F3	27	38196	ok	Oswald Medium	Oswald Medium	Oswald Medium	Oswald Medium	869
original/print/text+img/global_agriculture_food_security_climate_impact(print).pdf	0	/F4	35	262604	ok	Cambria	Cambria	Cambria	Cambria	7614
original/print/text+img/global_agriculture_food_security_climate_impact(print).pdf	1	/F1	35	262604	ok	Cambria	Cambria	Cambria	<no row>	7614
original/print/text+img/global_agriculture_food_security_climate_impact(print).pdf	1	/F2	46	108916	ok	zihunbiantaoti	zihunbiantaoti	zihunbiantaoti	zihunbiantaoti	7665
original/print/text+img/global_agriculture_food_security_climate_impact(print).pdf	1	/F3	54	268232	ok	Cambria Math	Cambria Math	Cambria Math	Cambria Math	7614
original/print/text+img/global_agriculture_food_security_climate_impact(print).pdf	2	/F1	65	95292	ok	Mukta	Mukta	Mukta	Mukta	1356
original/print/text+img/global_agriculture_food_security_climate_impact(print).pdf	2	/F2	73	38628	ok	Poppins	Poppins	Poppins	Poppins	1059
original/print/text+img/global_agriculture_food_security_climate_impact(print).pdf	2	/F3	81	53568	ok	Teko Light	Teko Light	Teko Light	Teko Light	991
original/print/text+img/global_agriculture_food_security_climate_impact(print).pdf	2	/F4	35	262604	ok	Cambria	Cambria	Cambria	<no row>	7614
original/print/text+img/global_agriculture_food_security_climate_impact(print).pdf	3	/F1	93	32044	ok	Prompt Black	Prompt Black	Prompt Black	Prompt Black	764
original/print/text+img/global_agriculture_food_security_climate_impact(print).pdf	3	/F2	101	13728	ok	Belgrano	Belgrano	Belgrano	Belgrano	229
original/print/text+img/global_agriculture_food_security_climate_impact(print).pdf	3	/F3	35	262604	ok	Cambria	Cambria	Cambria	<no row>	7614
original/print/text+img/global_agriculture_food_security_climate_impact(print).pdf	4	/F1	112	28312	ok	Abril Fatface	Abril Fatface	Abril Fatface	Abril Fatface	425
original/print/text+img/global_agriculture_food_security_climate_impact(print).pdf	4	/F2	120	55932	ok	Bricolage Grotesque Light	Bricolage Grotesque Light	Bricolage Grotesque Light	Bricolage Grotesque Light	597
original/print/text+img/global_agriculture_food_security_climate_impact(print).pdf	4	/F3	35	262604	ok	Cambria	Cambria	Cambria	<no row>	7614
original/print/text+img/global_agriculture_food_security_climate_impact(print).pdf	5	/F1	131	85956	ok	Rubik Medium	Rubik Medium	Rubik Medium	Rubik Medium	1154
original/print/text+img/global_agriculture_food_security_climate_impact(print).pdf	5	/F2	139	61772	ok	Marhey Light	Marhey Light	Marhey Light	Marhey Light	1209
original/print/text+img/global_agriculture_food_security_climate_impact(print).pdf	5	/F3	35	262604	ok	Cambria	Cambria	Cambria	<no row>	7614
original/print/text+img/global_ai_technology_investment_and_industry_adoption(print).pdf	0	/F1	11	37100	ok	Oswald Medium	Oswald Medium	Oswald Medium	Oswald Medium	869
original/print/text+img/global_ai_technology_investment_and_industry_adoption(print).pdf	0	/F2	19	230284	ok	Cambria	Cambria	Cambria	Cambria	7614
original/print/text+img/global_ai_technology_investment_and_industry_adoption(print).pdf	0	/F3	27	19408	ok	Nobile	Nobile	Nobile	Nobile	344
original/print/text+img/global_ai_technology_investment_and_industry_adoption(print).pdf	0	/F4	35	23180	ok	Open Sans	Open Sans	Open Sans	Open Sans	938
original/print/text+img/global_ai_technology_investment_and_industry_adoption(print).pdf	1	/F1	46	74700	ok	AaGuDianKeBenSong	AaGuDianKeBenSong	AaGuDianKeBenSong	AaGuDianKeBenSong	10021
original/print/text+img/global_ai_technology_investment_and_industry_adoption(print).pdf	1	/F2	54	166788	ok	dinglieciweifont	dinglieciweifont	dinglieciweifont	dinglieciweifont	7415
original/print/text+img/global_ai_technology_investment_and_industry_adoption(print).pdf	1	/F3	19	230284	ok	Cambria	Cambria	Cambria	<no row>	7614
original/print/text+img/global_ai_technology_investment_and_industry_adoption(print).pdf	1	/F4	62	76144	ok	zihunbiantaoti	zihunbiantaoti	zihunbiantaoti	zihunbiantaoti	7665
original/print/text+img/global_ai_technology_investment_and_industry_adoption(print).pdf	1	/F5	70	268232	ok	Cambria Math	Cambria Math	Cambria Math	Cambria Math	7614
original/print/text+img/global_ai_technology_investment_and_industry_adoption(print).pdf	2	/F1	82	93900	ok	Mukta	Mukta	Mukta	Mukta	1356
original/print/text+img/global_ai_technology_investment_and_industry_adoption(print).pdf	2	/F2	90	136072	ok	Noto Serif Thin	Noto Serif Thin	Noto Serif Thin	Noto Serif Thin	3784
original/print/text+img/global_ai_technology_investment_and_industry_adoption(print).pdf	2	/F3	98	46820	ok	Teko Light	Teko Light	Teko Light	Teko Light	991
original/print/text+img/global_ai_technology_investment_and_industry_adoption(print).pdf	2	/F4	106	107084	ok	Biryani	Biryani	Biryani	Biryani	878
original/print/text+img/global_ai_technology_investment_and_industry_adoption(print).pdf	2	/F5	19	230284	ok	Cambria	Cambria	Cambria	<no row>	7614
original/print/text+img/global_ai_technology_investment_and_industry_adoption(print).pdf	3	/F1	117	32096	ok	Prompt Black	Prompt Black	Prompt Black	Prompt Black	764
original/print/text+img/global_ai_technology_investment_and_industry_adoption(print).pdf	3	/F2	19	230284	ok	Cambria	Cambria	Cambria	<no row>	7614
original/print/text+img/global_ai_technology_investment_and_industry_adoption(print).pdf	3	/F3	125	13588	ok	Belgrano	Belgrano	Belgrano	Belgrano	229
original/print/text+img/global_ai_technology_investment_and_industry_adoption(print).pdf	3	/F4	90	136072	ok	Noto Serif Thin	Noto Serif Thin	Noto Serif Thin	<no row>	3784
original/print/text+img/global_ai_technology_investment_and_industry_adoption(print).pdf	4	/F1	137	56136	ok	Bricolage Grotesque Light	Bricolage Grotesque Light	Bricolage Grotesque Light	Bricolage Grotesque Light	597
original/print/text+img/global_ai_technology_investment_and_industry_adoption(print).pdf	4	/F2	19	230284	ok	Cambria	Cambria	Cambria	<no row>	7614
original/print/text+img/global_ai_technology_investment_and_industry_adoption(print).pdf	4	/F3	145	31192	ok	Abril Fatface	Abril Fatface	Abril Fatface	Abril Fatface	425
original/print/text+img/global_ai_technology_investment_and_industry_adoption(print).pdf	4	/F4	70	268232	ok	Cambria Math	Cambria Math	Cambria Math	<no row>	7614
original/print/text+img/global_ai_technology_investment_and_industry_adoption(print).pdf	5	/F1	156	84160	ok	Rubik Medium	Rubik Medium	Rubik Medium	Rubik Medium	1154
original/print/text+img/global_ai_technology_investment_and_industry_adoption(print).pdf	5	/F2	164	22284	ok	Tajawal	Tajawal	Tajawal	Tajawal	457
original/print/text+img/global_ai_technology_investment_and_industry_adoption(print).pdf	5	/F3	172	79044	ok	Harmattan	Harmattan	Harmattan	Harmattan	1074
original/print/text+img/global_ai_technology_investment_and_industry_adoption(print).pdf	5	/F4	19	230284	ok	Cambria	Cambria	Cambria	<no row>	7614
original/print/text+img/global_climate_change_indicators_and_ghg_emissions(print).pdf	0	/F1	11	12004	ok	Nobile	Nobile	Nobile	Nobile	344
original/print/text+img/global_climate_change_indicators_and_ghg_emissions(print).pdf	0	/F2	19	230284	ok	Cambria	Cambria	Cambria	Cambria	7614
original/print/text+img/global_climate_change_indicators_and_ghg_emissions(print).pdf	0	/F3	27	77768	ok	Cormorant	Cormorant	Cormorant	Cormorant	1860
original/print/text+img/global_climate_change_indicators_and_ghg_emissions(print).pdf	0	/F4	35	25208	ok	Open Sans	Open Sans	Open Sans	Open Sans	938
original/print/text+img/global_climate_change_indicators_and_ghg_emissions(print).pdf	0	/F5	43	275776	ok	Cambria Math	Cambria Math	Cambria Math	Cambria Math	7614
original/print/text+img/global_climate_change_indicators_and_ghg_emissions(print).pdf	1	/F1	55	53360	ok	zihunbiantaoti	zihunbiantaoti	zihunbiantaoti	zihunbiantaoti	7665
original/print/text+img/global_climate_change_indicators_and_ghg_emissions(print).pdf	1	/F2	19	230284	ok	Cambria	Cambria	Cambria	<no row>	7614
original/print/text+img/global_climate_change_indicators_and_ghg_emissions(print).pdf	1	/F3	63	152092	ok	AaGuDianKeBenSong	AaGuDianKeBenSong	AaGuDianKeBenSong	AaGuDianKeBenSong	10021
original/print/text+img/global_climate_change_indicators_and_ghg_emissions(print).pdf	1	/F4	43	275776	ok	Cambria Math	Cambria Math	Cambria Math	<no row>	7614
original/print/text+img/global_climate_change_indicators_and_ghg_emissions(print).pdf	2	/F1	77	92876	ok	Mukta	Mukta	Mukta	Mukta	1356
original/print/text+img/global_climate_change_indicators_and_ghg_emissions(print).pdf	2	/F2	19	230284	ok	Cambria	Cambria	Cambria	<no row>	7614
original/print/text+img/global_climate_change_indicators_and_ghg_emissions(print).pdf	2	/F3	85	37788	ok	Poppins	Poppins	Poppins	Poppins	1059
original/print/text+img/global_climate_change_indicators_and_ghg_emissions(print).pdf	2	/F4	43	275776	ok	Cambria Math	Cambria Math	Cambria Math	<no row>	7614
original/print/text+img/global_climate_change_indicators_and_ghg_emissions(print).pdf	2	/F5	93	52408	ok	Teko Light	Teko Light	Teko Light	Teko Light	991
original/print/text+img/global_climate_change_indicators_and_ghg_emissions(print).pdf	3	/F1	104	130376	ok	Noto Serif Thin	Noto Serif Thin	Noto Serif Thin	Noto Serif Thin	3784
original/print/text+img/global_climate_change_indicators_and_ghg_emissions(print).pdf	3	/F2	112	36852	ok	Prompt Black	Prompt Black	Prompt Black	Prompt Black	764
original/print/text+img/global_climate_change_indicators_and_ghg_emissions(print).pdf	3	/F3	43	275776	ok	Cambria Math	Cambria Math	Cambria Math	<no row>	7614
original/print/text+img/global_climate_change_indicators_and_ghg_emissions(print).pdf	3	/F4	120	13124	ok	Belgrano	Belgrano	Belgrano	Belgrano	229
original/print/text+img/global_climate_change_indicators_and_ghg_emissions(print).pdf	3	/F5	19	230284	ok	Cambria	Cambria	Cambria	<no row>	7614
original/print/text+img/global_climate_change_indicators_and_ghg_emissions(print).pdf	4	/F1	131	52520	ok	Bricolage Grotesque Light	Bricolage Grotesque Light	Bricolage Grotesque Light	Bricolage Grotesque Light	597
original/print/text+img/global_climate_change_indicators_and_ghg_emissions(print).pdf	4	/F2	139	893300	ok	Merriweather 36pt	Merriweather 36pt	Merriweather 36pt	Merriweather 36pt	2298
original/print/text+img/global_climate_change_indicators_and_ghg_emissions(print).pdf	4	/F3	147	15464	ok	Peignot	Peignot	Peignot	Peignot	260
original/print/text+img/global_climate_change_indicators_and_ghg_emissions(print).pdf	4	/F4	43	275776	ok	Cambria Math	Cambria Math	Cambria Math	<no row>	7614
original/print/text+img/global_climate_change_indicators_and_ghg_emissions(print).pdf	4	/F5	19	230284	ok	Cambria	Cambria	Cambria	<no row>	7614
original/print/text+img/global_climate_change_indicators_and_ghg_emissions(print).pdf	5	/F1	158	65828	ok	Kawkab Mono Light	Kawkab Mono Light	Kawkab Mono Light	Kawkab Mono Light	1852
original/print/text+img/global_climate_change_indicators_and_ghg_emissions(print).pdf	5	/F2	19	230284	ok	Cambria	Cambria	Cambria	<no row>	7614
original/print/text+img/global_climate_change_indicators_and_ghg_emissions(print).pdf	5	/F3	166	124968	ok	Rubik Medium	Rubik Medium	Rubik Medium	Rubik Medium	1154
original/print/text+img/global_climate_change_indicators_and_ghg_emissions(print).pdf	5	/F4	43	275776	ok	Cambria Math	Cambria Math	Cambria Math	<no row>	7614
original/print/text+img/global_climate_change_indicators_and_ghg_emissions(print).pdf	5	/F5	174	23544	ok	Tajawal	Tajawal	Tajawal	Tajawal	457
original/print/text+img/global_esports_and_gaming_industry_growth(print).pdf	0	/F1	11	230284	ok	Cambria	Cambria	Cambria	Cambria	7614
original/print/text+img/global_esports_and_gaming_industry_growth(print).pdf	0	/F2	19	17728	ok	Nobile	Nobile	Nobile	Nobile	344
original/print/text+img/global_esports_and_gaming_industry_growth(print).pdf	0	/F3	27	275428	ok	Cambria Math	Cambria Math	Cambria Math	Cambria Math	7614
original/print/text+img/global_esports_and_gaming_industry_growth(print).pdf	0	/F4	35	39016	ok	Oswald Medium	Oswald Medium	Oswald Medium	Oswald Medium	869
original/print/text+img/global_esports_and_gaming_industry_growth(print).pdf	1	/F1	11	230284	ok	Cambria	Cambria	Cambria	<no row>	7614
original/print/text+img/global_esports_and_gaming_industry_growth(print).pdf	1	/F2	46	153488	ok	AaGuDianKeBenSong	AaGuDianKeBenSong	AaGuDianKeBenSong	AaGuDianKeBenSong	10021
original/print/text+img/global_esports_and_gaming_industry_growth(print).pdf	1	/F3	54	145440	ok	dinglieciweifont	dinglieciweifont	dinglieciweifont	dinglieciweifont	7415
original/print/text+img/global_esports_and_gaming_industry_growth(print).pdf	2	/F1	66	36052	ok	Hind	Hind	Hind	Hind	987
original/print/text+img/global_esports_and_gaming_industry_growth(print).pdf	2	/F2	11	230284	ok	Cambria	Cambria	Cambria	<no row>	7614
original/print/text+img/global_esports_and_gaming_industry_growth(print).pdf	2	/F3	74	102880	ok	Teko Light	Teko Light	Teko Light	Teko Light	991
original/print/text+img/global_esports_and_gaming_industry_growth(print).pdf	2	/F4	82	109324	ok	Biryani	Biryani	Biryani	Biryani	878
original/print/text+img/global_esports_and_gaming_industry_growth(print).pdf	2	/F5	90	211148	ok	MS Mincho	MS Mincho	MS Mincho	MS Mincho	19410
original/print/text+img/global_esports_and_gaming_industry_growth(print).pdf	3	/F1	102	41196	ok	Big Shoulders Medium	Big Shoulders Medium	Big Shoulders Medium	Big Shoulders Medium	1065
original/print/text+img/global_esports_and_gaming_industry_growth(print).pdf	3	/F2	11	230284	ok	Cambria	Cambria	Cambria	<no row>	7614
original/print/text+img/global_esports_and_gaming_industry_growth(print).pdf	3	/F3	110	104212	ok	Playfair Display	Playfair Display	Playfair Display	Playfair Display	1101
original/print/text+img/global_esports_and_gaming_industry_growth(print).pdf	3	/F4	118	36060	ok	Prompt Black	Prompt Black	Prompt Black	Prompt Black	764
original/print/text+img/global_esports_and_gaming_industry_growth(print).pdf	4	/F1	129	51696	ok	Bricolage Grotesque Light	Bricolage Grotesque Light	Bricolage Grotesque Light	Bricolage Grotesque Light	597
original/print/text+img/global_esports_and_gaming_industry_growth(print).pdf	4	/F2	137	890936	ok	Merriweather 36pt	Merriweather 36pt	Merriweather 36pt	Merriweather 36pt	2298
original/print/text+img/global_esports_and_gaming_industry_growth(print).pdf	4	/F3	145	31164	ok	Abril Fatface	Abril Fatface	Abril Fatface	Abril Fatface	425
original/print/text+img/global_esports_and_gaming_industry_growth(print).pdf	4	/F4	11	230284	ok	Cambria	Cambria	Cambria	<no row>	7614
original/print/text+img/global_esports_and_gaming_industry_growth(print).pdf	5	/F1	156	44988	ok	Marhey Light	Marhey Light	Marhey Light	Marhey Light	1209
original/print/text+img/global_esports_and_gaming_industry_growth(print).pdf	5	/F2	11	230284	ok	Cambria	Cambria	Cambria	<no row>	7614
original/print/text+img/global_esports_and_gaming_industry_growth(print).pdf	5	/F3	164	23116	ok	Tajawal	Tajawal	Tajawal	Tajawal	457
original/print/text+img/global_esports_and_gaming_industry_growth(print).pdf	5	/F4	172	83108	ok	Harmattan	Harmattan	Harmattan	Harmattan	1074
original/print/text+img/global_ev_market_growth_statistics(print).pdf	0	/F1	11	19020	ok	Open Sans	Open Sans	Open Sans	Open Sans	938
original/print/text+img/global_ev_market_growth_statistics(print).pdf	0	/F2	19	230284	ok	Cambria	Cambria	Cambria	Cambria	7614
original/print/text+img/global_ev_market_growth_statistics(print).pdf	0	/F3	27	83304	ok	Cormorant	Cormorant	Cormorant	Cormorant	1860
original/print/text+img/global_ev_market_growth_statistics(print).pdf	0	/F4	35	39964	ok	Oswald Medium	Oswald Medium	Oswald Medium	Oswald Medium	869
original/print/text+img/global_ev_market_growth_statistics(print).pdf	0	/F5	43	268232	ok	Cambria Math	Cambria Math	Cambria Math	Cambria Math	7614
original/print/text+img/global_ev_market_growth_statistics(print).pdf	1	/F1	55	47504	ok	dinglieciweifont	dinglieciweifont	dinglieciweifont	dinglieciweifont	7415
original/print/text+img/global_ev_market_growth_statistics(print).pdf	1	/F2	19	230284	ok	Cambria	Cambria	Cambria	<no row>	7614
original/print/text+img/global_ev_market_growth_statistics(print).pdf	1	/F3	68	107644	ok	MaoKenWangXingYuan	MaoKenWangXingYuan	MaoKenWangXingYuan	MaoKenWangXingYuan	7764
original/print/text+img/global_ev_market_growth_statistics(print).pdf	2	/F1	79	81872	ok	Biryani	Biryani	Biryani	Biryani	878
original/print/text+img/global_ev_market_growth_statistics(print).pdf	2	/F2	87	66340	ok	Hind	Hind	Hind	Hind	987
original/print/text+img/global_ev_market_growth_statistics(print).pdf	2	/F3	95	121228	ok	Mukta	Mukta	Mukta	Mukta	1356
original/print/text+img/global_ev_market_growth_statistics(print).pdf	2	/F4	43	268232	ok	Cambria Math	Cambria Math	Cambria Math	<no row>	7614
original/print/text+img/global_ev_market_growth_statistics(print).pdf	2	/F5	19	230284	ok	Cambria	Cambria	Cambria	<no row>	7614
original/print/text+img/global_ev_market_growth_statistics(print).pdf	3	/F1	106	12164	ok	Belgrano	Belgrano	Belgrano	Belgrano	229
original/print/text+img/global_ev_market_growth_statistics(print).pdf	3	/F2	19	230284	ok	Cambria	Cambria	Cambria	<no row>	7614
original/print/text+img/global_ev_market_growth_statistics(print).pdf	3	/F3	114	44716	ok	Big Shoulders Medium	Big Shoulders Medium	Big Shoulders Medium	Big Shoulders Medium	1065
original/print/text+img/global_ev_market_growth_statistics(print).pdf	3	/F4	122	135360	ok	Noto Serif Thin	Noto Serif Thin	Noto Serif Thin	Noto Serif Thin	3784
original/print/text+img/global_ev_market_growth_statistics(print).pdf	4	/F1	133	27992	ok	Abril Fatface	Abril Fatface	Abril Fatface	Abril Fatface	425
original/print/text+img/global_ev_market_growth_statistics(print).pdf	4	/F2	19	230284	ok	Cambria	Cambria	Cambria	<no row>	7614
original/print/text+img/global_ev_market_growth_statistics(print).pdf	4	/F3	141	19812	ok	Archivo Black	Archivo Black	Archivo Black	Archivo Black	426
original/print/text+img/global_ev_market_growth_statistics(print).pdf	4	/F4	149	56048	ok	Bricolage Grotesque Light	Bricolage Grotesque Light	Bricolage Grotesque Light	Bricolage Grotesque Light	597
original/print/text+img/global_ev_market_growth_statistics(print).pdf	5	/F1	160	61752	ok	Harmattan	Harmattan	Harmattan	Harmattan	1074
original/print/text+img/global_ev_market_growth_statistics(print).pdf	5	/F2	168	80724	ok	Kawkab Mono Light	Kawkab Mono Light	Kawkab Mono Light	Kawkab Mono Light	1852
original/print/text+img/global_ev_market_growth_statistics(print).pdf	5	/F3	176	105416	ok	Rubik Medium	Rubik Medium	Rubik Medium	Rubik Medium	1154
original/print/text+img/global_ev_market_growth_statistics(print).pdf	5	/F4	19	230284	ok	Cambria	Cambria	Cambria	<no row>	7614
original/print/text+img/global_healthcare_digital_health_patient_data_trends(print).pdf	0	/F1	11	37340	ok	Oswald Medium	Oswald Medium	Oswald Medium	Oswald Medium	869
original/print/text+img/global_healthcare_digital_health_patient_data_trends(print).pdf	0	/F2	19	230284	ok	Cambria	Cambria	Cambria	Cambria	7614
original/print/text+img/global_healthcare_digital_health_patient_data_trends(print).pdf	0	/F3	28	342172	ok	Times New Roman	Times New Roman	Times New Roman	Times New Roman	4685
original/print/text+img/global_healthcare_digital_health_patient_data_trends(print).pdf	1	/F1	47	389344	ok	Batang	Batang	Batang	Batang	39680
original/print/text+img/global_healthcare_digital_health_patient_data_trends(print).pdf	1	/F2	55	352592	ok	Noto Sans KR	Noto Sans KR	Noto Sans KR	Noto Sans KR	24964
original/print/text+img/global_healthcare_digital_health_patient_data_trends(print).pdf	1	/F3	63	457564	ok	SimSun	SimSun	SimSun	SimSun	28905
original/print/text+img/global_healthcare_digital_health_patient_data_trends(print).pdf	1	/F4	71	136244	ok	MaoKenWangXingYuan	MaoKenWangXingYuan	MaoKenWangXingYuan	MaoKenWangXingYuan	7764
original/print/text+img/global_healthcare_digital_health_patient_data_trends(print).pdf	1	/F5	19	230284	ok	Cambria	Cambria	Cambria	<no row>	7614
original/print/text+img/global_healthcare_digital_health_patient_data_trends(print).pdf	2	/F1	86	40600	ok	Hind	Hind	Hind	Hind	987
original/print/text+img/global_healthcare_digital_health_patient_data_trends(print).pdf	2	/F2	94	125416	ok	Mukta	Mukta	Mukta	Mukta	1356
original/print/text+img/global_healthcare_digital_health_patient_data_trends(print).pdf	2	/F3	102	43768	ok	Poppins	Poppins	Poppins	Poppins	1059
original/print/text+img/global_healthcare_digital_health_patient_data_trends(print).pdf	2	/F4	19	230284	ok	Cambria	Cambria	Cambria	<no row>	7614
original/print/text+img/global_healthcare_digital_health_patient_data_trends(print).pdf	3	/F1	113	41064	ok	Big Shoulders Medium	Big Shoulders Medium	Big Shoulders Medium	Big Shoulders Medium	1065
original/print/text+img/global_healthcare_digital_health_patient_data_trends(print).pdf	3	/F2	121	107252	ok	Playfair Display	Playfair Display	Playfair Display	Playfair Display	1101
original/print/text+img/global_healthcare_digital_health_patient_data_trends(print).pdf	3	/F3	129	13888	ok	Peignot	Peignot	Peignot	Peignot	260
original/print/text+img/global_healthcare_digital_health_patient_data_trends(print).pdf	4	/F1	129	13888	ok	Peignot	Peignot	Peignot	<no row>	260
original/print/text+img/global_healthcare_digital_health_patient_data_trends(print).pdf	4	/F2	141	31968	ok	Abril Fatface	Abril Fatface	Abril Fatface	Abril Fatface	425
original/print/text+img/global_healthcare_digital_health_patient_data_trends(print).pdf	4	/F3	149	275468	ok	Cambria Math	Cambria Math	Cambria Math	Cambria Math	7614
original/print/text+img/global_healthcare_digital_health_patient_data_trends(print).pdf	4	/F4	19	230284	ok	Cambria	Cambria	Cambria	<no row>	7614
original/print/text+img/global_healthcare_digital_health_patient_data_trends(print).pdf	5	/F1	160	59748	ok	Harmattan	Harmattan	Harmattan	Harmattan	1074
original/print/text+img/global_healthcare_digital_health_patient_data_trends(print).pdf	5	/F2	168	85956	ok	Kawkab Mono Light	Kawkab Mono Light	Kawkab Mono Light	Kawkab Mono Light	1852
original/print/text+img/global_healthcare_digital_health_patient_data_trends(print).pdf	5	/F3	19	230284	ok	Cambria	Cambria	Cambria	<no row>	7614
original/print/text+img/global_renewable_energy_generation_and_carbon_reduction_analysis(print).pdf	0	/F1	11	12300	ok	Nobile	Nobile	Nobile	Nobile	344
original/print/text+img/global_renewable_energy_generation_and_carbon_reduction_analysis(print).pdf	0	/F2	22	39340	ok	Oswald Medium	Oswald Medium	Oswald Medium	Oswald Medium	869
original/print/text+img/global_renewable_energy_generation_and_carbon_reduction_analysis(print).pdf	0	/F3	30	268580	ok	Cambria Math	Cambria Math	Cambria Math	Cambria Math	7614
original/print/text+img/global_renewable_energy_generation_and_carbon_reduction_analysis(print).pdf	1	/F1	42	54112	ok	zihunbiantaoti	zihunbiantaoti	zihunbiantaoti	zihunbiantaoti	7665
original/print/text+img/global_renewable_energy_generation_and_carbon_reduction_analysis(print).pdf	1	/F2	50	118456	ok	MaoKenWangXingYuan	MaoKenWangXingYuan	MaoKenWangXingYuan	MaoKenWangXingYuan	7764
original/print/text+img/global_renewable_energy_generation_and_carbon_reduction_analysis(print).pdf	1	/F3	58	127144	ok	AaGuDianKeBenSong	AaGuDianKeBenSong	AaGuDianKeBenSong	AaGuDianKeBenSong	10021
original/print/text+img/global_renewable_energy_generation_and_carbon_reduction_analysis(print).pdf	1	/F4	66	230284	ok	Cambria	Cambria	Cambria	Cambria	7614
original/print/text+img/global_renewable_energy_generation_and_carbon_reduction_analysis(print).pdf	2	/F1	77	41124	ok	Teko Light	Teko Light	Teko Light	Teko Light	991
original/print/text+img/global_renewable_energy_generation_and_carbon_reduction_analysis(print).pdf	2	/F2	85	36140	ok	Poppins	Poppins	Poppins	Poppins	1059
original/print/text+img/global_renewable_energy_generation_and_carbon_reduction_analysis(print).pdf	2	/F3	66	230284	ok	Cambria	Cambria	Cambria	<no row>	7614
original/print/text+img/global_renewable_energy_generation_and_carbon_reduction_analysis(print).pdf	2	/F4	93	121524	ok	Mukta	Mukta	Mukta	Mukta	1356
original/print/text+img/global_renewable_energy_generation_and_carbon_reduction_analysis(print).pdf	3	/F1	105	32252	ok	Prompt Black	Prompt Black	Prompt Black	Prompt Black	764
original/print/text+img/global_renewable_energy_generation_and_carbon_reduction_analysis(print).pdf	3	/F2	113	106048	ok	Playfair Display	Playfair Display	Playfair Display	Playfair Display	1101
original/print/text+img/global_renewable_energy_generation_and_carbon_reduction_analysis(print).pdf	3	/F3	121	136668	ok	Noto Serif Thin	Noto Serif Thin	Noto Serif Thin	Noto Serif Thin	3784
original/print/text+img/global_renewable_energy_generation_and_carbon_reduction_analysis(print).pdf	4	/F1	132	13132	ok	Peignot	Peignot	Peignot	Peignot	260
original/print/text+img/global_renewable_energy_generation_and_carbon_reduction_analysis(print).pdf	4	/F2	66	230284	ok	Cambria	Cambria	Cambria	<no row>	7614
original/print/text+img/global_renewable_energy_generation_and_carbon_reduction_analysis(print).pdf	4	/F3	140	893208	ok	Merriweather 36pt	Merriweather 36pt	Merriweather 36pt	Merriweather 36pt	2298
original/print/text+img/global_renewable_energy_generation_and_carbon_reduction_analysis(print).pdf	4	/F4	148	56320	ok	Bricolage Grotesque Light	Bricolage Grotesque Light	Bricolage Grotesque Light	Bricolage Grotesque Light	597
original/print/text+img/global_renewable_energy_generation_and_carbon_reduction_analysis(print).pdf	5	/F1	160	16232	ok	Tajawal	Tajawal	Tajawal	Tajawal	457
original/print/text+img/global_renewable_energy_generation_and_carbon_reduction_analysis(print).pdf	5	/F2	168	61588	ok	Marhey Light	Marhey Light	Marhey Light	Marhey Light	1209
original/print/text+img/global_renewable_energy_generation_and_carbon_reduction_analysis(print).pdf	5	/F3	176	109632	ok	Rubik Medium	Rubik Medium	Rubik Medium	Rubik Medium	1154
original/print/text+img/global_renewable_energy_generation_and_carbon_reduction_analysis(print).pdf	5	/F4	66	230284	ok	Cambria	Cambria	Cambria	<no row>	7614
original/print/text+img/international_tourism_trends_country_spending_patterns_multilang(print).pdf	0	/F1	11	66212	ok	Cormorant	Cormorant	Cormorant	Cormorant	1860
original/print/text+img/international_tourism_trends_country_spending_patterns_multilang(print).pdf	0	/F2	19	230284	ok	Cambria	Cambria	Cambria	Cambria	7614
original/print/text+img/international_tourism_trends_country_spending_patterns_multilang(print).pdf	0	/F3	27	39944	ok	Oswald Medium	Oswald Medium	Oswald Medium	Oswald Medium	869
original/print/text+img/international_tourism_trends_country_spending_patterns_multilang(print).pdf	0	/F4	35	16072	ok	Nobile	Nobile	Nobile	Nobile	344
original/print/text+img/international_tourism_trends_country_spending_patterns_multilang(print).pdf	1	/F1	46	74380	ok	AaGuDianKeBenSong	AaGuDianKeBenSong	AaGuDianKeBenSong	AaGuDianKeBenSong	10021
original/print/text+img/international_tourism_trends_country_spending_patterns_multilang(print).pdf	1	/F2	19	230284	ok	Cambria	Cambria	Cambria	<no row>	7614
original/print/text+img/international_tourism_trends_country_spending_patterns_multilang(print).pdf	1	/F3	54	138860	ok	MaoKenWangXingYuan	MaoKenWangXingYuan	MaoKenWangXingYuan	MaoKenWangXingYuan	7764
original/print/text+img/international_tourism_trends_country_spending_patterns_multilang(print).pdf	1	/F4	62	67496	ok	zihunbiantaoti	zihunbiantaoti	zihunbiantaoti	zihunbiantaoti	7665
original/print/text+img/international_tourism_trends_country_spending_patterns_multilang(print).pdf	2	/F1	74	28008	ok	Poppins	Poppins	Poppins	Poppins	1059
original/print/text+img/international_tourism_trends_country_spending_patterns_multilang(print).pdf	2	/F2	82	56192	ok	Teko Light	Teko Light	Teko Light	Teko Light	991
original/print/text+img/international_tourism_trends_country_spending_patterns_multilang(print).pdf	2	/F3	90	104484	ok	Biryani	Biryani	Biryani	Biryani	878
original/print/text+img/international_tourism_trends_country_spending_patterns_multilang(print).pdf	3	/F1	101	98208	ok	Playfair Display	Playfair Display	Playfair Display	Playfair Display	1101
original/print/text+img/international_tourism_trends_country_spending_patterns_multilang(print).pdf	3	/F2	109	44672	ok	Big Shoulders Medium	Big Shoulders Medium	Big Shoulders Medium	Big Shoulders Medium	1065
original/print/text+img/international_tourism_trends_country_spending_patterns_multilang(print).pdf	3	/F3	117	136348	ok	Noto Serif Thin	Noto Serif Thin	Noto Serif Thin	Noto Serif Thin	3784
original/print/text+img/international_tourism_trends_country_spending_patterns_multilang(print).pdf	4	/F1	128	27580	ok	Abril Fatface	Abril Fatface	Abril Fatface	Abril Fatface	425
original/print/text+img/international_tourism_trends_country_spending_patterns_multilang(print).pdf	4	/F2	136	57088	ok	Bricolage Grotesque Light	Bricolage Grotesque Light	Bricolage Grotesque Light	Bricolage Grotesque Light	597
original/print/text+img/international_tourism_trends_country_spending_patterns_multilang(print).pdf	4	/F3	144	890868	ok	Merriweather 36pt	Merriweather 36pt	Merriweather 36pt	Merriweather 36pt	2298
original/print/text+img/international_tourism_trends_country_spending_patterns_multilang(print).pdf	4	/F4	19	230284	ok	Cambria	Cambria	Cambria	<no row>	7614
original/print/text+img/international_tourism_trends_country_spending_patterns_multilang(print).pdf	5	/F1	156	73452	ok	Rubik Medium	Rubik Medium	Rubik Medium	Rubik Medium	1154
original/print/text+img/international_tourism_trends_country_spending_patterns_multilang(print).pdf	5	/F2	19	230284	ok	Cambria	Cambria	Cambria	<no row>	7614
original/print/text+img/international_tourism_trends_country_spending_patterns_multilang(print).pdf	5	/F3	164	23836	ok	Tajawal	Tajawal	Tajawal	Tajawal	457
original/print/text+img/international_tourism_trends_country_spending_patterns_multilang(print).pdf	5	/F4	172	77620	ok	Harmattan	Harmattan	Harmattan	Harmattan	1074
original/print/text+img/mobile_payment_and_fintech_service_expansion(print).pdf	0	/F1	11	36944	ok	Oswald Medium	Oswald Medium	Oswald Medium	Oswald Medium	869
original/print/text+img/mobile_payment_and_fintech_service_expansion(print).pdf	0	/F2	19	230284	ok	Cambria	Cambria	Cambria	Cambria	7614
original/print/text+img/mobile_payment_and_fintech_service_expansion(print).pdf	0	/F3	31	76964	ok	Cormorant	Cormorant	Cormorant	Cormorant	1860
original/print/text+img/mobile_payment_and_fintech_service_expansion(print).pdf	1	/F1	42	74632	ok	AaGuDianKeBenSong	AaGuDianKeBenSong	AaGuDianKeBenSong	AaGuDianKeBenSong	10021
original/print/text+img/mobile_payment_and_fintech_service_expansion(print).pdf	1	/F2	19	230284	ok	Cambria	Cambria	Cambria	<no row>	7614
original/print/text+img/mobile_payment_and_fintech_service_expansion(print).pdf	1	/F3	50	120308	ok	MaoKenWangXingYuan	MaoKenWangXingYuan	MaoKenWangXingYuan	MaoKenWangXingYuan	7764
original/print/text+img/mobile_payment_and_fintech_service_expansion(print).pdf	1	/F4	58	161608	ok	dinglieciweifont	dinglieciweifont	dinglieciweifont	dinglieciweifont	7415
original/print/text+img/mobile_payment_and_fintech_service_expansion(print).pdf	1	/F5	66	275468	ok	Cambria Math	Cambria Math	Cambria Math	Cambria Math	7614
original/print/text+img/mobile_payment_and_fintech_service_expansion(print).pdf	2	/F1	77	79160	ok	Biryani	Biryani	Biryani	Biryani	878
original/print/text+img/mobile_payment_and_fintech_service_expansion(print).pdf	2	/F2	85	37532	ok	Poppins	Poppins	Poppins	Poppins	1059
original/print/text+img/mobile_payment_and_fintech_service_expansion(print).pdf	2	/F3	93	56696	ok	Teko Light	Teko Light	Teko Light	Teko Light	991
original/print/text+img/mobile_payment_and_fintech_service_expansion(print).pdf	2	/F4	19	230284	ok	Cambria	Cambria	Cambria	<no row>	7614
original/print/text+img/mobile_payment_and_fintech_service_expansion(print).pdf	3	/F1	104	100168	ok	Playfair Display	Playfair Display	Playfair Display	Playfair Display	1101
original/print/text+img/mobile_payment_and_fintech_service_expansion(print).pdf	3	/F2	112	13316	ok	Belgrano	Belgrano	Belgrano	Belgrano	229
original/print/text+img/mobile_payment_and_fintech_service_expansion(print).pdf	3	/F3	120	43012	ok	Big Shoulders Medium	Big Shoulders Medium	Big Shoulders Medium	Big Shoulders Medium	1065
original/print/text+img/mobile_payment_and_fintech_service_expansion(print).pdf	3	/F4	66	275468	ok	Cambria Math	Cambria Math	Cambria Math	<no row>	7614
original/print/text+img/mobile_payment_and_fintech_service_expansion(print).pdf	4	/F1	131	15308	ok	Archivo Black	Archivo Black	Archivo Black	Archivo Black	426
original/print/text+img/mobile_payment_and_fintech_service_expansion(print).pdf	4	/F2	139	17376	ok	Peignot	Peignot	Peignot	Peignot	260
original/print/text+img/mobile_payment_and_fintech_service_expansion(print).pdf	4	/F3	66	275468	ok	Cambria Math	Cambria Math	Cambria Math	<no row>	7614
original/print/text+img/mobile_payment_and_fintech_service_expansion(print).pdf	4	/F4	147	30424	ok	Abril Fatface	Abril Fatface	Abril Fatface	Abril Fatface	425
original/print/text+img/mobile_payment_and_fintech_service_expansion(print).pdf	4	/F5	19	230284	ok	Cambria	Cambria	Cambria	<no row>	7614
original/print/text+img/mobile_payment_and_fintech_service_expansion(print).pdf	5	/F1	159	73468	ok	Rubik Medium	Rubik Medium	Rubik Medium	Rubik Medium	1154
original/print/text+img/mobile_payment_and_fintech_service_expansion(print).pdf	5	/F2	167	60836	ok	Marhey Light	Marhey Light	Marhey Light	Marhey Light	1209
original/print/text+img/mobile_payment_and_fintech_service_expansion(print).pdf	5	/F3	175	23900	ok	Tajawal	Tajawal	Tajawal	Tajawal	457
original/print/text+img/mobile_payment_and_fintech_service_expansion(print).pdf	5	/F4	19	230284	ok	Cambria	Cambria	Cambria	<no row>	7614
original/print/text+img/online_education_elearning_market_growth_analysis(print).pdf	0	/F1	11	12536	ok	Nobile	Nobile	Nobile	Nobile	344
original/print/text+img/online_education_elearning_market_growth_analysis(print).pdf	0	/F2	19	83104	ok	Cormorant	Cormorant	Cormorant	Cormorant	1860
original/print/text+img/online_education_elearning_market_growth_analysis(print).pdf	1	/F1	31	76180	ok	AaGuDianKeBenSong	AaGuDianKeBenSong	AaGuDianKeBenSong	AaGuDianKeBenSong	10021
original/print/text+img/online_education_elearning_market_growth_analysis(print).pdf	1	/F2	39	230284	ok	Cambria	Cambria	Cambria	Cambria	7614
original/print/text+img/online_education_elearning_market_growth_analysis(print).pdf	1	/F3	58	268232	ok	Cambria Math	Cambria Math	Cambria Math	Cambria Math	7614
original/print/text+img/online_education_elearning_market_growth_analysis(print).pdf	2	/F1	70	92960	ok	Mukta	Mukta	Mukta	Mukta	1356
original/print/text+img/online_education_elearning_market_growth_analysis(print).pdf	2	/F2	39	230284	ok	Cambria	Cambria	Cambria	<no row>	7614
original/print/text+img/online_education_elearning_market_growth_analysis(print).pdf	2	/F3	78	110312	ok	Biryani	Biryani	Biryani	Biryani	878
original/print/text+img/online_education_elearning_market_growth_analysis(print).pdf	2	/F4	58	268232	ok	Cambria Math	Cambria Math	Cambria Math	<no row>	7614
original/print/text+img/online_education_elearning_market_growth_analysis(print).pdf	3	/F1	89	40352	ok	Big Shoulders Medium	Big Shoulders Medium	Big Shoulders Medium	Big Shoulders Medium	1065
original/print/text+img/online_education_elearning_market_growth_analysis(print).pdf	3	/F2	97	106712	ok	Playfair Display	Playfair Display	Playfair Display	Playfair Display	1101
original/print/text+img/online_education_elearning_market_growth_analysis(print).pdf	4	/F1	108	15532	ok	Archivo Black	Archivo Black	Archivo Black	Archivo Black	426
original/print/text+img/online_education_elearning_market_growth_analysis(print).pdf	4	/F2	116	892752	ok	Merriweather 36pt	Merriweather 36pt	Merriweather 36pt	Merriweather 36pt	2298
original/print/text+img/online_education_elearning_market_growth_analysis(print).pdf	4	/F3	39	230284	ok	Cambria	Cambria	Cambria	<no row>	7614
original/print/text+img/online_education_elearning_market_growth_analysis(print).pdf	5	/F1	127	46136	ok	Marhey Light	Marhey Light	Marhey Light	Marhey Light	1209
original/print/text+img/online_education_elearning_market_growth_analysis(print).pdf	5	/F2	39	230284	ok	Cambria	Cambria	Cambria	<no row>	7614
original/print/text+img/online_education_elearning_market_growth_analysis(print).pdf	5	/F3	135	84848	ok	Harmattan	Harmattan	Harmattan	Harmattan	1074
