path	lib	status	pages	text_chars	diagnostics	ms	error
corrupted/print/text+img/global_agriculture_food_security_climate_impact(print)_font_mapping_loss.pdf	lopdf-0.45.0	ok	6	0	-1	28	
corrupted/print/text+img/global_agriculture_food_security_climate_impact(print)_font_mapping_loss.pdf	pdfrum-0.4.0	ok	6	14167	4098	155	
corrupted/print/text+img/global_agriculture_food_security_climate_impact(print)_font_mapping_loss.pdf	hayro-syntax-0.8.0	ok	6	-1	-1	1	
corrupted/print/text+img/global_agriculture_food_security_climate_impact(print)_header.pdf	lopdf-0.45.0	err	0	0	-1	0	couldn't parse input
corrupted/print/text+img/global_agriculture_food_security_climate_impact(print)_header.pdf	pdfrum-0.4.0	err	0	0	-1	0	cannot open document: not a PDF file
corrupted/print/text+img/global_agriculture_food_security_climate_impact(print)_header.pdf	hayro-syntax-0.8.0	ok	6	-1	-1	1	
corrupted/print/text+img/global_agriculture_food_security_climate_impact(print)_object_header.pdf	lopdf-0.45.0	ok	0	0	-1	0	
corrupted/print/text+img/global_agriculture_food_security_climate_impact(print)_object_header.pdf	pdfrum-0.4.0	ok	6	9759	1173	38	
corrupted/print/text+img/global_agriculture_food_security_climate_impact(print)_object_header.pdf	hayro-syntax-0.8.0	ok	6	-1	-1	1	
corrupted/print/text+img/global_agriculture_food_security_climate_impact(print)_page_tree.pdf	lopdf-0.45.0	ok	0	0	-1	1	
corrupted/print/text+img/global_agriculture_food_security_climate_impact(print)_page_tree.pdf	pdfrum-0.4.0	ok	1	0	8	0	
corrupted/print/text+img/global_agriculture_food_security_climate_impact(print)_page_tree.pdf	hayro-syntax-0.8.0	ok	6	-1	-1	1	
corrupted/print/text+img/global_agriculture_food_security_climate_impact(print)_partial_cut.pdf	lopdf-0.45.0	err	0	0	-1	0	failed parsing cross reference table
corrupted/print/text+img/global_agriculture_food_security_climate_impact(print)_partial_cut.pdf	pdfrum-0.4.0	err	0	0	-1	0	cannot open document: damaged beyond recovery: no usable cross-reference information
corrupted/print/text+img/global_agriculture_food_security_climate_impact(print)_partial_cut.pdf	hayro-syntax-0.8.0	err	0	0	-1	1	Invalid
corrupted/print/text+img/global_agriculture_food_security_climate_impact(print)_remove_fonts.pdf	lopdf-0.45.0	ok	6	9760	-1	23	
corrupted/print/text+img/global_agriculture_food_security_climate_impact(print)_remove_fonts.pdf	pdfrum-0.4.0	ok	6	9682	1212	120	
corrupted/print/text+img/global_agriculture_food_security_climate_impact(print)_remove_fonts.pdf	hayro-syntax-0.8.0	ok	6	-1	-1	4	
corrupted/print/text+img/global_agriculture_food_security_climate_impact(print)_remove_unicode_fonts.pdf	lopdf-0.45.0	ok	6	6985	-1	28	
corrupted/print/text+img/global_agriculture_food_security_climate_impact(print)_remove_unicode_fonts.pdf	pdfrum-0.4.0	ok	6	10456	2134	118	
corrupted/print/text+img/global_agriculture_food_security_climate_impact(print)_remove_unicode_fonts.pdf	hayro-syntax-0.8.0	ok	6	-1	-1	2	
corrupted/print/text+img/global_agriculture_food_security_climate_impact(print)_stream_zlib.pdf	lopdf-0.45.0	ok	6	6408	-1	16	
corrupted/print/text+img/global_agriculture_food_security_climate_impact(print)_stream_zlib.pdf	pdfrum-0.4.0	ok	6	8570	1928	38	
corrupted/print/text+img/global_agriculture_food_security_climate_impact(print)_stream_zlib.pdf	hayro-syntax-0.8.0	ok	6	-1	-1	2	
corrupted/print/text+img/global_agriculture_food_security_climate_impact(print)_trailer.pdf	lopdf-0.45.0	ok	6	9760	-1	22	
corrupted/print/text+img/global_agriculture_food_security_climate_impact(print)_trailer.pdf	pdfrum-0.4.0	ok	6	9759	1174	37	
corrupted/print/text+img/global_agriculture_food_security_climate_impact(print)_trailer.pdf	hayro-syntax-0.8.0	ok	6	-1	-1	3	
corrupted/print/text+img/global_agriculture_food_security_climate_impact(print)_xref.pdf	lopdf-0.45.0	ok	6	9760	-1	26	
corrupted/print/text+img/global_agriculture_food_security_climate_impact(print)_xref.pdf	pdfrum-0.4.0	ok	6	9759	1173	40	
corrupted/print/text+img/global_agriculture_food_security_climate_impact(print)_xref.pdf	hayro-syntax-0.8.0	ok	6	-1	-1	1	
corrupted/print/text+img/global_ai_technology_investment_and_industry_adoption(print)_font_mapping_loss.pdf	lopdf-0.45.0	ok	6	0	-1	11	
corrupted/print/text+img/global_ai_technology_investment_and_industry_adoption(print)_font_mapping_loss.pdf	pdfrum-0.4.0	ok	6	9957	4098	84	
corrupted/print/text+img/global_ai_technology_investment_and_industry_adoption(print)_font_mapping_loss.pdf	hayro-syntax-0.8.0	ok	6	-1	-1	2	
corrupted/print/text+img/global_ai_technology_investment_and_industry_adoption(print)_header.pdf	lopdf-0.45.0	err	0	0	-1	0	couldn't parse input
corrupted/print/text+img/global_ai_technology_investment_and_industry_adoption(print)_header.pdf	pdfrum-0.4.0	err	0	0	-1	0	cannot open document: not a PDF file
corrupted/print/text+img/global_ai_technology_investment_and_industry_adoption(print)_header.pdf	hayro-syntax-0.8.0	ok	6	-1	-1	2	
corrupted/print/text+img/global_ai_technology_investment_and_industry_adoption(print)_object_header.pdf	lopdf-0.45.0	ok	0	0	-1	0	
corrupted/print/text+img/global_ai_technology_investment_and_industry_adoption(print)_object_header.pdf	pdfrum-0.4.0	ok	6	7325	642	34	
corrupted/print/text+img/global_ai_technology_investment_and_industry_adoption(print)_object_header.pdf	hayro-syntax-0.8.0	ok	6	-1	-1	2	
corrupted/print/text+img/global_ai_technology_investment_and_industry_adoption(print)_page_tree.pdf	lopdf-0.45.0	err	0	0	-1	1	couldn't parse input
corrupted/print/text+img/global_ai_technology_investment_and_industry_adoption(print)_page_tree.pdf	pdfrum-0.4.0	err	0	0	-1	0	cannot open document: damaged beyond recovery: no document catalog
corrupted/print/text+img/global_ai_technology_investment_and_industry_adoption(print)_page_tree.pdf	hayro-syntax-0.8.0	err	0	0	-1	2	Invalid
corrupted/print/text+img/global_ai_technology_investment_and_industry_adoption(print)_partial_cut.pdf	lopdf-0.45.0	err	0	0	-1	1	failed parsing cross reference table
corrupted/print/text+img/global_ai_technology_investment_and_industry_adoption(print)_partial_cut.pdf	pdfrum-0.4.0	err	0	0	-1	0	cannot open document: damaged beyond recovery: no usable cross-reference information
corrupted/print/text+img/global_ai_technology_investment_and_industry_adoption(print)_partial_cut.pdf	hayro-syntax-0.8.0	err	0	0	-1	2	Invalid
corrupted/print/text+img/global_ai_technology_investment_and_industry_adoption(print)_remove_fonts.pdf	lopdf-0.45.0	ok	6	7313	-1	14	
corrupted/print/text+img/global_ai_technology_investment_and_industry_adoption(print)_remove_fonts.pdf	pdfrum-0.4.0	ok	6	7232	704	70	
corrupted/print/text+img/global_ai_technology_investment_and_industry_adoption(print)_remove_fonts.pdf	hayro-syntax-0.8.0	ok	6	-1	-1	3	
corrupted/print/text+img/global_ai_technology_investment_and_industry_adoption(print)_remove_unicode_fonts.pdf	lopdf-0.45.0	ok	6	5554	-1	11	
corrupted/print/text+img/global_ai_technology_investment_and_industry_adoption(print)_remove_unicode_fonts.pdf	pdfrum-0.4.0	ok	6	7596	1508	69	
corrupted/print/text+img/global_ai_technology_investment_and_industry_adoption(print)_remove_unicode_fonts.pdf	hayro-syntax-0.8.0	ok	6	-1	-1	4	
corrupted/print/text+img/global_ai_technology_investment_and_industry_adoption(print)_stream_zlib.pdf	lopdf-0.45.0	ok	6	4300	-1	11	
corrupted/print/text+img/global_ai_technology_investment_and_industry_adoption(print)_stream_zlib.pdf	pdfrum-0.4.0	ok	6	4399	815	33	
corrupted/print/text+img/global_ai_technology_investment_and_industry_adoption(print)_stream_zlib.pdf	hayro-syntax-0.8.0	ok	6	-1	-1	3	
corrupted/print/text+img/global_ai_technology_investment_and_industry_adoption(print)_trailer.pdf	lopdf-0.45.0	ok	6	7313	-1	16	
corrupted/print/text+img/global_ai_technology_investment_and_industry_adoption(print)_trailer.pdf	pdfrum-0.4.0	ok	6	7325	643	43	
corrupted/print/text+img/global_ai_technology_investment_and_industry_adoption(print)_trailer.pdf	hayro-syntax-0.8.0	ok	6	-1	-1	5	
corrupted/print/text+img/global_ai_technology_investment_and_industry_adoption(print)_xref.pdf	lopdf-0.45.0	ok	6	7313	-1	21	
corrupted/print/text+img/global_ai_technology_investment_and_industry_adoption(print)_xref.pdf	pdfrum-0.4.0	ok	6	7325	642	45	
corrupted/print/text+img/global_ai_technology_investment_and_industry_adoption(print)_xref.pdf	hayro-syntax-0.8.0	ok	6	-1	-1	2	
corrupted/print/text+img/global_climate_change_indicators_and_ghg_emissions(print)_font_mapping_loss.pdf	lopdf-0.45.0	ok	6	0	-1	34	
corrupted/print/text+img/global_climate_change_indicators_and_ghg_emissions(print)_font_mapping_loss.pdf	pdfrum-0.4.0	ok	6	10891	4098	98	
corrupted/print/text+img/global_climate_change_indicators_and_ghg_emissions(print)_font_mapping_loss.pdf	hayro-syntax-0.8.0	ok	6	-1	-1	4	
corrupted/print/text+img/global_climate_change_indicators_and_ghg_emissions(print)_header.pdf	lopdf-0.45.0	err	0	0	-1	1	couldn't parse input
corrupted/print/text+img/global_climate_change_indicators_and_ghg_emissions(print)_header.pdf	pdfrum-0.4.0	err	0	0	-1	0	cannot open document: not a PDF file
corrupted/print/text+img/global_climate_change_indicators_and_ghg_emissions(print)_header.pdf	hayro-syntax-0.8.0	ok	6	-1	-1	4	
corrupted/print/text+img/global_climate_change_indicators_and_ghg_emissions(print)_object_header.pdf	lopdf-0.45.0	ok	0	0	-1	0	
corrupted/print/text+img/global_climate_change_indicators_and_ghg_emissions(print)_object_header.pdf	pdfrum-0.4.0	ok	6	7816	646	53	
corrupted/print/text+img/global_climate_change_indicators_and_ghg_emissions(print)_object_header.pdf	hayro-syntax-0.8.0	ok	6	-1	-1	3	
corrupted/print/text+img/global_climate_change_indicators_and_ghg_emissions(print)_page_tree.pdf	lopdf-0.45.0	err	0	0	-1	2	couldn't parse input
corrupted/print/text+img/global_climate_change_indicators_and_ghg_emissions(print)_page_tree.pdf	pdfrum-0.4.0	err	0	0	-1	0	cannot open document: damaged beyond recovery: no document catalog
corrupted/print/text+img/global_climate_change_indicators_and_ghg_emissions(print)_page_tree.pdf	hayro-syntax-0.8.0	err	0	0	-1	3	Invalid
corrupted/print/text+img/global_climate_change_indicators_and_ghg_emissions(print)_partial_cut.pdf	lopdf-0.45.0	err	0	0	-1	2	failed parsing cross reference table
corrupted/print/text+img/global_climate_change_indicators_and_ghg_emissions(print)_partial_cut.pdf	pdfrum-0.4.0	err	0	0	-1	2	cannot open document: damaged beyond recovery: no usable cross-reference information
corrupted/print/text+img/global_climate_change_indicators_and_ghg_emissions(print)_partial_cut.pdf	hayro-syntax-0.8.0	err	0	0	-1	4	Invalid
corrupted/print/text+img/global_climate_change_indicators_and_ghg_emissions(print)_remove_fonts.pdf	lopdf-0.45.0	ok	6	7800	-1	28	
corrupted/print/text+img/global_climate_change_indicators_and_ghg_emissions(print)_remove_fonts.pdf	pdfrum-0.4.0	ok	6	7774	659	85	
corrupted/print/text+img/global_climate_change_indicators_and_ghg_emissions(print)_remove_fonts.pdf	hayro-syntax-0.8.0	ok	6	-1	-1	6	
corrupted/print/text+img/global_climate_change_indicators_and_ghg_emissions(print)_remove_unicode_fonts.pdf	lopdf-0.45.0	ok	6	6041	-1	27	
corrupted/print/text+img/global_climate_change_indicators_and_ghg_emissions(print)_remove_unicode_fonts.pdf	pdfrum-0.4.0	ok	6	8292	1394	69	
corrupted/print/text+img/global_climate_change_indicators_and_ghg_emissions(print)_remove_unicode_fonts.pdf	hayro-syntax-0.8.0	ok	6	-1	-1	7	
corrupted/print/text+img/global_climate_change_indicators_and_ghg_emissions(print)_stream_zlib.pdf	lopdf-0.45.0	ok	6	5237	-1	14	
corrupted/print/text+img/global_climate_change_indicators_and_ghg_emissions(print)_stream_zlib.pdf	pdfrum-0.4.0	ok	6	53279	1380	136	
corrupted/print/text+img/global_climate_change_indicators_and_ghg_emissions(print)_stream_zlib.pdf	hayro-syntax-0.8.0	ok	6	-1	-1	3	
corrupted/print/text+img/global_climate_change_indicators_and_ghg_emissions(print)_trailer.pdf	lopdf-0.45.0	ok	6	7800	-1	34	
corrupted/print/text+img/global_climate_change_indicators_and_ghg_emissions(print)_trailer.pdf	pdfrum-0.4.0	ok	6	7816	647	58	
corrupted/print/text+img/global_climate_change_indicators_and_ghg_emissions(print)_trailer.pdf	hayro-syntax-0.8.0	ok	6	-1	-1	5	
corrupted/print/text+img/global_climate_change_indicators_and_ghg_emissions(print)_xref.pdf	lopdf-0.45.0	ok	6	7800	-1	29	
corrupted/print/text+img/global_climate_change_indicators_and_ghg_emissions(print)_xref.pdf	pdfrum-0.4.0	ok	6	7816	646	50	
corrupted/print/text+img/global_climate_change_indicators_and_ghg_emissions(print)_xref.pdf	hayro-syntax-0.8.0	ok	6	-1	-1	3	
corrupted/print/text+img/global_esports_and_gaming_industry_growth(print)_font_mapping_loss.pdf	lopdf-0.45.0	ok	6	0	-1	14	
corrupted/print/text+img/global_esports_and_gaming_industry_growth(print)_font_mapping_loss.pdf	pdfrum-0.4.0	ok	6	12053	4098	82	
corrupted/print/text+img/global_esports_and_gaming_industry_growth(print)_font_mapping_loss.pdf	hayro-syntax-0.8.0	ok	6	-1	-1	3	
corrupted/print/text+img/global_esports_and_gaming_industry_growth(print)_header.pdf	lopdf-0.45.0	err	0	0	-1	0	couldn't parse input
corrupted/print/text+img/global_esports_and_gaming_industry_growth(print)_header.pdf	pdfrum-0.4.0	err	0	0	-1	0	cannot open document: not a PDF file
corrupted/print/text+img/global_esports_and_gaming_industry_growth(print)_header.pdf	hayro-syntax-0.8.0	ok	6	-1	-1	3	
corrupted/print/text+img/global_esports_and_gaming_industry_growth(print)_object_header.pdf	lopdf-0.45.0	ok	0	0	-1	0	
corrupted/print/text+img/global_esports_and_gaming_industry_growth(print)_object_header.pdf	pdfrum-0.4.0	ok	6	7692	682	38	
corrupted/print/text+img/global_esports_and_gaming_industry_growth(print)_object_header.pdf	hayro-syntax-0.8.0	ok	6	-1	-1	3	
corrupted/print/text+img/global_esports_and_gaming_industry_growth(print)_page_tree.pdf	lopdf-0.45.0	err	0	0	-1	2	couldn't parse input
corrupted/print/text+img/global_esports_and_gaming_industry_growth(print)_page_tree.pdf	pdfrum-0.4.0	err	0	0	-1	0	cannot open document: damaged beyond recovery: no document catalog
corrupted/print/text+img/global_esports_and_gaming_industry_growth(print)_page_tree.pdf	hayro-syntax-0.8.0	err	0	0	-1	3	Invalid
corrupted/print/text+img/global_esports_and_gaming_industry_growth(print)_partial_cut.pdf	lopdf-0.45.0	err	0	0	-1	2	failed parsing cross reference table
corrupted/print/text+img/global_esports_and_gaming_industry_growth(print)_partial_cut.pdf	pdfrum-0.4.0	err	0	0	-1	1	cannot open document: damaged beyond recovery: no usable cross-reference information
corrupted/print/text+img/global_esports_and_gaming_industry_growth(print)_partial_cut.pdf	hayro-syntax-0.8.0	err	0	0	-1	3	Invalid
corrupted/print/text+img/global_esports_and_gaming_industry_growth(print)_remove_fonts.pdf	lopdf-0.45.0	ok	6	7676	-1	16	
corrupted/print/text+img/global_esports_and_gaming_industry_growth(print)_remove_fonts.pdf	pdfrum-0.4.0	ok	6	7635	703	100	
corrupted/print/text+img/global_esports_and_gaming_industry_growth(print)_remove_fonts.pdf	hayro-syntax-0.8.0	ok	6	-1	-1	5	
corrupted/print/text+img/global_esports_and_gaming_industry_growth(print)_remove_unicode_fonts.pdf	lopdf-0.45.0	ok	6	5415	-1	15	
corrupted/print/text+img/global_esports_and_gaming_industry_growth(print)_remove_unicode_fonts.pdf	pdfrum-0.4.0	ok	6	8262	1454	62	
corrupted/print/text+img/global_esports_and_gaming_industry_growth(print)_remove_unicode_fonts.pdf	hayro-syntax-0.8.0	ok	6	-1	-1	5	
corrupted/print/text+img/global_esports_and_gaming_industry_growth(print)_stream_zlib.pdf	lopdf-0.45.0	ok	6	4975	-1	13	
corrupted/print/text+img/global_esports_and_gaming_industry_growth(print)_stream_zlib.pdf	pdfrum-0.4.0	ok	6	5002	797	30	
corrupted/print/text+img/global_esports_and_gaming_industry_growth(print)_stream_zlib.pdf	hayro-syntax-0.8.0	ok	6	-1	-1	3	
corrupted/print/text+img/global_esports_and_gaming_industry_growth(print)_trailer.pdf	lopdf-0.45.0	ok	6	7676	-1	17	
corrupted/print/text+img/global_esports_and_gaming_industry_growth(print)_trailer.pdf	pdfrum-0.4.0	ok	6	7692	683	38	
corrupted/print/text+img/global_esports_and_gaming_industry_growth(print)_trailer.pdf	hayro-syntax-0.8.0	ok	6	-1	-1	4	
corrupted/print/text+img/global_esports_and_gaming_industry_growth(print)_xref.pdf	lopdf-0.45.0	ok	6	7676	-1	16	
corrupted/print/text+img/global_esports_and_gaming_industry_growth(print)_xref.pdf	pdfrum-0.4.0	ok	6	7692	682	38	
corrupted/print/text+img/global_esports_and_gaming_industry_growth(print)_xref.pdf	hayro-syntax-0.8.0	ok	6	-1	-1	3	
corrupted/print/text+img/global_ev_market_growth_statistics(print)_font_mapping_loss.pdf	lopdf-0.45.0	ok	6	0	-1	36	
corrupted/print/text+img/global_ev_market_growth_statistics(print)_font_mapping_loss.pdf	pdfrum-0.4.0	ok	6	9094	3738	79	
corrupted/print/text+img/global_ev_market_growth_statistics(print)_font_mapping_loss.pdf	hayro-syntax-0.8.0	ok	6	-1	-1	2	
corrupted/print/text+img/global_ev_market_growth_statistics(print)_header.pdf	lopdf-0.45.0	err	0	0	-1	0	couldn't parse input
corrupted/print/text+img/global_ev_market_growth_statistics(print)_header.pdf	pdfrum-0.4.0	err	0	0	-1	0	cannot open document: not a PDF file
corrupted/print/text+img/global_ev_market_growth_statistics(print)_header.pdf	hayro-syntax-0.8.0	ok	6	-1	-1	2	
corrupted/print/text+img/global_ev_market_growth_statistics(print)_object_header.pdf	lopdf-0.45.0	ok	0	0	-1	0	
corrupted/print/text+img/global_ev_market_growth_statistics(print)_object_header.pdf	pdfrum-0.4.0	ok	6	5803	530	41	
corrupted/print/text+img/global_ev_market_growth_statistics(print)_object_header.pdf	hayro-syntax-0.8.0	ok	6	-1	-1	2	
corrupted/print/text+img/global_ev_market_growth_statistics(print)_page_tree.pdf	lopdf-0.45.0	err	0	0	-1	2	couldn't parse input
corrupted/print/text+img/global_ev_market_growth_statistics(print)_page_tree.pdf	pdfrum-0.4.0	err	0	0	-1	0	cannot open document: damaged beyond recovery: no document catalog
corrupted/print/text+img/global_ev_market_growth_statistics(print)_page_tree.pdf	hayro-syntax-0.8.0	err	0	0	-1	2	Invalid
corrupted/print/text+img/global_ev_market_growth_statistics(print)_partial_cut.pdf	lopdf-0.45.0	err	0	0	-1	1	failed parsing cross reference table
corrupted/print/text+img/global_ev_market_growth_statistics(print)_partial_cut.pdf	pdfrum-0.4.0	err	0	0	-1	0	cannot open document: damaged beyond recovery: no usable cross-reference information
corrupted/print/text+img/global_ev_market_growth_statistics(print)_partial_cut.pdf	hayro-syntax-0.8.0	err	0	0	-1	2	Invalid
corrupted/print/text+img/global_ev_market_growth_statistics(print)_remove_fonts.pdf	lopdf-0.45.0	ok	6	5794	-1	35	
corrupted/print/text+img/global_ev_market_growth_statistics(print)_remove_fonts.pdf	pdfrum-0.4.0	ok	6	5755	546	72	
corrupted/print/text+img/global_ev_market_growth_statistics(print)_remove_fonts.pdf	hayro-syntax-0.8.0	ok	6	-1	-1	4	
corrupted/print/text+img/global_ev_market_growth_statistics(print)_remove_unicode_fonts.pdf	lopdf-0.45.0	ok	6	4065	-1	33	
corrupted/print/text+img/global_ev_market_growth_statistics(print)_remove_unicode_fonts.pdf	pdfrum-0.4.0	ok	6	6363	1233	48	
corrupted/print/text+img/global_ev_market_growth_statistics(print)_remove_unicode_fonts.pdf	hayro-syntax-0.8.0	ok	6	-1	-1	4	
corrupted/print/text+img/global_ev_market_growth_statistics(print)_stream_zlib.pdf	lopdf-0.45.0	ok	6	3041	-1	12	
corrupted/print/text+img/global_ev_market_growth_statistics(print)_stream_zlib.pdf	pdfrum-0.4.0	ok	6	4243	4100	40	
corrupted/print/text+img/global_ev_market_growth_statistics(print)_stream_zlib.pdf	hayro-syntax-0.8.0	ok	6	-1	-1	2	
corrupted/print/text+img/global_ev_market_growth_statistics(print)_trailer.pdf	lopdf-0.45.0	ok	6	5794	-1	34	
corrupted/print/text+img/global_ev_market_growth_statistics(print)_trailer.pdf	pdfrum-0.4.0	ok	6	5803	531	40	
corrupted/print/text+img/global_ev_market_growth_statistics(print)_trailer.pdf	hayro-syntax-0.8.0	ok	6	-1	-1	3	
corrupted/print/text+img/global_ev_market_growth_statistics(print)_xref.pdf	lopdf-0.45.0	ok	6	5794	-1	33	
corrupted/print/text+img/global_ev_market_growth_statistics(print)_xref.pdf	pdfrum-0.4.0	ok	6	5803	530	41	
corrupted/print/text+img/global_ev_market_growth_statistics(print)_xref.pdf	hayro-syntax-0.8.0	ok	6	-1	-1	2	
corrupted/print/text+img/global_healthcare_digital_health_patient_data_trends(print)_font_mapping_loss.pdf	lopdf-0.45.0	ok	6	0	-1	68	
corrupted/print/text+img/global_healthcare_digital_health_patient_data_trends(print)_font_mapping_loss.pdf	pdfrum-0.4.0	ok	6	9888	4098	150	
corrupted/print/text+img/global_healthcare_digital_health_patient_data_trends(print)_font_mapping_loss.pdf	hayro-syntax-0.8.0	ok	6	-1	-1	2	
corrupted/print/text+img/global_healthcare_digital_health_patient_data_trends(print)_header.pdf	lopdf-0.45.0	err	0	0	-1	0	couldn't parse input
corrupted/print/text+img/global_healthcare_digital_health_patient_data_trends(print)_header.pdf	pdfrum-0.4.0	err	0	0	-1	0	cannot open document: not a PDF file
corrupted/print/text+img/global_healthcare_digital_health_patient_data_trends(print)_header.pdf	hayro-syntax-0.8.0	ok	6	-1	-1	2	
corrupted/print/text+img/global_healthcare_digital_health_patient_data_trends(print)_object_header.pdf	lopdf-0.45.0	ok	0	0	-1	0	
corrupted/print/text+img/global_healthcare_digital_health_patient_data_trends(print)_object_header.pdf	pdfrum-0.4.0	ok	6	7158	688	61	
corrupted/print/text+img/global_healthcare_digital_health_patient_data_trends(print)_object_header.pdf	hayro-syntax-0.8.0	ok	6	-1	-1	2	
corrupted/print/text+img/global_healthcare_digital_health_patient_data_trends(print)_page_tree.pdf	lopdf-0.45.0	ok	0	0	-1	0	
corrupted/print/text+img/global_healthcare_digital_health_patient_data_trends(print)_page_tree.pdf	pdfrum-0.4.0	ok	1	0	32	0	
corrupted/print/text+img/global_healthcare_digital_health_patient_data_trends(print)_page_tree.pdf	hayro-syntax-0.8.0	ok	6	-1	-1	2	
corrupted/print/text+img/global_healthcare_digital_health_patient_data_trends(print)_partial_cut.pdf	lopdf-0.45.0	err	0	0	-1	1	failed parsing cross reference table
corrupted/print/text+img/global_healthcare_digital_health_patient_data_trends(print)_partial_cut.pdf	pdfrum-0.4.0	err	0	0	-1	0	cannot open document: damaged beyond recovery: no usable cross-reference information
corrupted/print/text+img/global_healthcare_digital_health_patient_data_trends(print)_partial_cut.pdf	hayro-syntax-0.8.0	err	0	0	-1	2	Invalid
corrupted/print/text+img/global_healthcare_digital_health_patient_data_trends(print)_remove_fonts.pdf	lopdf-0.45.0	ok	6	7134	-1	71	
corrupted/print/text+img/global_healthcare_digital_health_patient_data_trends(print)_remove_fonts.pdf	pdfrum-0.4.0	ok	6	7091	726	92	
corrupted/print/text+img/global_healthcare_digital_health_patient_data_trends(print)_remove_fonts.pdf	hayro-syntax-0.8.0	ok	6	-1	-1	4	
corrupted/print/text+img/global_healthcare_digital_health_patient_data_trends(print)_remove_unicode_fonts.pdf	lopdf-0.45.0	ok	6	4862	-1	60	
corrupted/print/text+img/global_healthcare_digital_health_patient_data_trends(print)_remove_unicode_fonts.pdf	pdfrum-0.4.0	ok	6	7458	1829	84	
corrupted/print/text+img/global_healthcare_digital_health_patient_data_trends(print)_remove_unicode_fonts.pdf	hayro-syntax-0.8.0	ok	6	-1	-1	4	
corrupted/print/text+img/global_healthcare_digital_health_patient_data_trends(print)_stream_zlib.pdf	lopdf-0.45.0	ok	6	4393	-1	31	
corrupted/print/text+img/global_healthcare_digital_health_patient_data_trends(print)_stream_zlib.pdf	pdfrum-0.4.0	ok	6	5644	4097	53	
corrupted/print/text+img/global_healthcare_digital_health_patient_data_trends(print)_stream_zlib.pdf	hayro-syntax-0.8.0	ok	6	-1	-1	2	
corrupted/print/text+img/global_healthcare_digital_health_patient_data_trends(print)_trailer.pdf	lopdf-0.45.0	ok	6	7134	-1	77	
corrupted/print/text+img/global_healthcare_digital_health_patient_data_trends(print)_trailer.pdf	pdfrum-0.4.0	ok	6	7158	689	62	
corrupted/print/text+img/global_healthcare_digital_health_patient_data_trends(print)_trailer.pdf	hayro-syntax-0.8.0	ok	6	-1	-1	4	
corrupted/print/text+img/global_healthcare_digital_health_patient_data_trends(print)_xref.pdf	lopdf-0.45.0	ok	6	7134	-1	68	
corrupted/print/text+img/global_healthcare_digital_health_patient_data_trends(print)_xref.pdf	pdfrum-0.4.0	ok	6	7158	688	66	
corrupted/print/text+img/global_healthcare_digital_health_patient_data_trends(print)_xref.pdf	hayro-syntax-0.8.0	ok	6	-1	-1	3	
corrupted/print/text+img/global_renewable_energy_generation_and_carbon_reduction_analysis(print)_font_mapping_loss.pdf	lopdf-0.45.0	ok	6	0	-1	29	
corrupted/print/text+img/global_renewable_energy_generation_and_carbon_reduction_analysis(print)_font_mapping_loss.pdf	pdfrum-0.4.0	ok	6	10428	3862	84	
corrupted/print/text+img/global_renewable_energy_generation_and_carbon_reduction_analysis(print)_font_mapping_loss.pdf	hayro-syntax-0.8.0	ok	6	-1	-1	3	
corrupted/print/text+img/global_renewable_energy_generation_and_carbon_reduction_analysis(print)_header.pdf	lopdf-0.45.0	err	0	0	-1	0	couldn't parse input
corrupted/print/text+img/global_renewable_energy_generation_and_carbon_reduction_analysis(print)_header.pdf	pdfrum-0.4.0	err	0	0	-1	0	cannot open document: not a PDF file
corrupted/print/text+img/global_renewable_energy_generation_and_carbon_reduction_analysis(print)_header.pdf	hayro-syntax-0.8.0	ok	6	-1	-1	3	
corrupted/print/text+img/global_renewable_energy_generation_and_carbon_reduction_analysis(print)_object_header.pdf	lopdf-0.45.0	ok	0	0	-1	0	
corrupted/print/text+img/global_renewable_energy_generation_and_carbon_reduction_analysis(print)_object_header.pdf	pdfrum-0.4.0	ok	6	6505	680	39	
corrupted/print/text+img/global_renewable_energy_generation_and_carbon_reduction_analysis(print)_object_header.pdf	hayro-syntax-0.8.0	ok	6	-1	-1	3	
corrupted/print/text+img/global_renewable_energy_generation_and_carbon_reduction_analysis(print)_page_tree.pdf	lopdf-0.45.0	err	0	0	-1	2	couldn't parse input
corrupted/print/text+img/global_renewable_energy_generation_and_carbon_reduction_analysis(print)_page_tree.pdf	pdfrum-0.4.0	err	0	0	-1	0	cannot open document: damaged beyond recovery: no document catalog
corrupted/print/text+img/global_renewable_energy_generation_and_carbon_reduction_analysis(print)_page_tree.pdf	hayro-syntax-0.8.0	err	0	0	-1	3	Invalid
corrupted/print/text+img/global_renewable_energy_generation_and_carbon_reduction_analysis(print)_partial_cut.pdf	lopdf-0.45.0	err	0	0	-1	2	failed parsing cross reference table
corrupted/print/text+img/global_renewable_energy_generation_and_carbon_reduction_analysis(print)_partial_cut.pdf	pdfrum-0.4.0	err	0	0	-1	2	cannot open document: damaged beyond recovery: no usable cross-reference information
corrupted/print/text+img/global_renewable_energy_generation_and_carbon_reduction_analysis(print)_partial_cut.pdf	hayro-syntax-0.8.0	err	0	0	-1	3	Invalid
corrupted/print/text+img/global_renewable_energy_generation_and_carbon_reduction_analysis(print)_remove_fonts.pdf	lopdf-0.45.0	ok	6	6504	-1	29	
corrupted/print/text+img/global_renewable_energy_generation_and_carbon_reduction_analysis(print)_remove_fonts.pdf	pdfrum-0.4.0	ok	6	6469	687	81	
corrupted/print/text+img/global_renewable_energy_generation_and_carbon_reduction_analysis(print)_remove_fonts.pdf	hayro-syntax-0.8.0	ok	6	-1	-1	8	
corrupted/print/text+img/global_renewable_energy_generation_and_carbon_reduction_analysis(print)_remove_unicode_fonts.pdf	lopdf-0.45.0	ok	6	4211	-1	27	
corrupted/print/text+img/global_renewable_energy_generation_and_carbon_reduction_analysis(print)_remove_unicode_fonts.pdf	pdfrum-0.4.0	ok	6	7205	1304	50	
corrupted/print/text+img/global_renewable_energy_generation_and_carbon_reduction_analysis(print)_remove_unicode_fonts.pdf	hayro-syntax-0.8.0	ok	6	-1	-1	6	
corrupted/print/text+img/global_renewable_energy_generation_and_carbon_reduction_analysis(print)_stream_zlib.pdf	lopdf-0.45.0	ok	6	3658	-1	24	
corrupted/print/text+img/global_renewable_energy_generation_and_carbon_reduction_analysis(print)_stream_zlib.pdf	pdfrum-0.4.0	ok	6	4744	797	36	
corrupted/print/text+img/global_renewable_energy_generation_and_carbon_reduction_analysis(print)_stream_zlib.pdf	hayro-syntax-0.8.0	ok	6	-1	-1	3	
corrupted/print/text+img/global_renewable_energy_generation_and_carbon_reduction_analysis(print)_trailer.pdf	lopdf-0.45.0	ok	6	6504	-1	30	
corrupted/print/text+img/global_renewable_energy_generation_and_carbon_reduction_analysis(print)_trailer.pdf	pdfrum-0.4.0	ok	6	6505	681	39	
corrupted/print/text+img/global_renewable_energy_generation_and_carbon_reduction_analysis(print)_trailer.pdf	hayro-syntax-0.8.0	ok	6	-1	-1	5	
corrupted/print/text+img/global_renewable_energy_generation_and_carbon_reduction_analysis(print)_xref.pdf	lopdf-0.45.0	ok	6	6504	-1	29	
corrupted/print/text+img/global_renewable_energy_generation_and_carbon_reduction_analysis(print)_xref.pdf	pdfrum-0.4.0	ok	6	6505	680	40	
corrupted/print/text+img/global_renewable_energy_generation_and_carbon_reduction_analysis(print)_xref.pdf	hayro-syntax-0.8.0	ok	6	-1	-1	3	
corrupted/print/text+img/international_tourism_trends_country_spending_patterns_multilang(print)_font_mapping_loss.pdf	lopdf-0.45.0	ok	6	0	-1	15	
corrupted/print/text+img/international_tourism_trends_country_spending_patterns_multilang(print)_font_mapping_loss.pdf	pdfrum-0.4.0	ok	6	13441	4098	79	
corrupted/print/text+img/international_tourism_trends_country_spending_patterns_multilang(print)_font_mapping_loss.pdf	hayro-syntax-0.8.0	ok	6	-1	-1	3	
corrupted/print/text+img/international_tourism_trends_country_spending_patterns_multilang(print)_header.pdf	lopdf-0.45.0	err	0	0	-1	0	couldn't parse input
corrupted/print/text+img/international_tourism_trends_country_spending_patterns_multilang(print)_header.pdf	pdfrum-0.4.0	err	0	0	-1	0	cannot open document: not a PDF file
corrupted/print/text+img/international_tourism_trends_country_spending_patterns_multilang(print)_header.pdf	hayro-syntax-0.8.0	ok	6	-1	-1	2	
corrupted/print/text+img/international_tourism_trends_country_spending_patterns_multilang(print)_object_header.pdf	lopdf-0.45.0	ok	0	0	-1	0	
corrupted/print/text+img/international_tourism_trends_country_spending_patterns_multilang(print)_object_header.pdf	pdfrum-0.4.0	ok	6	7947	718	32	
corrupted/print/text+img/international_tourism_trends_country_spending_patterns_multilang(print)_object_header.pdf	hayro-syntax-0.8.0	ok	6	-1	-1	2	
corrupted/print/text+img/international_tourism_trends_country_spending_patterns_multilang(print)_page_tree.pdf	lopdf-0.45.0	err	0	0	-1	2	couldn't parse input
corrupted/print/text+img/international_tourism_trends_country_spending_patterns_multilang(print)_page_tree.pdf	pdfrum-0.4.0	err	0	0	-1	0	cannot open document: damaged beyond recovery: no document catalog
corrupted/print/text+img/international_tourism_trends_country_spending_patterns_multilang(print)_page_tree.pdf	hayro-syntax-0.8.0	err	0	0	-1	2	Invalid
corrupted/print/text+img/international_tourism_trends_country_spending_patterns_multilang(print)_partial_cut.pdf	lopdf-0.45.0	err	0	0	-1	2	failed parsing cross reference table
corrupted/print/text+img/international_tourism_trends_country_spending_patterns_multilang(print)_partial_cut.pdf	pdfrum-0.4.0	err	0	0	-1	2	cannot open document: damaged beyond recovery: no usable cross-reference information
corrupted/print/text+img/international_tourism_trends_country_spending_patterns_multilang(print)_partial_cut.pdf	hayro-syntax-0.8.0	err	0	0	-1	3	Invalid
corrupted/print/text+img/international_tourism_trends_country_spending_patterns_multilang(print)_remove_fonts.pdf	lopdf-0.45.0	ok	6	7942	-1	16	
corrupted/print/text+img/international_tourism_trends_country_spending_patterns_multilang(print)_remove_fonts.pdf	pdfrum-0.4.0	ok	6	7881	745	84	
corrupted/print/text+img/international_tourism_trends_country_spending_patterns_multilang(print)_remove_fonts.pdf	hayro-syntax-0.8.0	ok	6	-1	-1	5	
corrupted/print/text+img/international_tourism_trends_country_spending_patterns_multilang(print)_remove_unicode_fonts.pdf	lopdf-0.45.0	ok	6	5739	-1	14	
corrupted/print/text+img/international_tourism_trends_country_spending_patterns_multilang(print)_remove_unicode_fonts.pdf	pdfrum-0.4.0	ok	6	8782	1516	44	
corrupted/print/text+img/international_tourism_trends_country_spending_patterns_multilang(print)_remove_unicode_fonts.pdf	hayro-syntax-0.8.0	ok	6	-1	-1	9	
corrupted/print/text+img/international_tourism_trends_country_spending_patterns_multilang(print)_stream_zlib.pdf	lopdf-0.45.0	ok	6	2492	-1	10	
corrupted/print/text+img/international_tourism_trends_country_spending_patterns_multilang(print)_stream_zlib.pdf	pdfrum-0.4.0	ok	6	2947	889	25	
corrupted/print/text+img/international_tourism_trends_country_spending_patterns_multilang(print)_stream_zlib.pdf	hayro-syntax-0.8.0	ok	6	-1	-1	4	
corrupted/print/text+img/international_tourism_trends_country_spending_patterns_multilang(print)_trailer.pdf	lopdf-0.45.0	ok	6	7942	-1	22	
corrupted/print/text+img/international_tourism_trends_country_spending_patterns_multilang(print)_trailer.pdf	pdfrum-0.4.0	ok	6	7947	719	35	
corrupted/print/text+img/international_tourism_trends_country_spending_patterns_multilang(print)_trailer.pdf	hayro-syntax-0.8.0	ok	6	-1	-1	4	
corrupted/print/text+img/international_tourism_trends_country_spending_patterns_multilang(print)_xref.pdf	lopdf-0.45.0	ok	6	7942	-1	22	
corrupted/print/text+img/international_tourism_trends_country_spending_patterns_multilang(print)_xref.pdf	pdfrum-0.4.0	ok	6	7947	718	47	
corrupted/print/text+img/international_tourism_trends_country_spending_patterns_multilang(print)_xref.pdf	hayro-syntax-0.8.0	ok	6	-1	-1	4	
corrupted/print/text+img/mobile_payment_and_fintech_service_expansion(print)_font_mapping_loss.pdf	lopdf-0.45.0	ok	6	0	-1	46	
corrupted/print/text+img/mobile_payment_and_fintech_service_expansion(print)_font_mapping_loss.pdf	pdfrum-0.4.0	ok	6	10302	4098	127	
corrupted/print/text+img/mobile_payment_and_fintech_service_expansion(print)_font_mapping_loss.pdf	hayro-syntax-0.8.0	ok	6	-1	-1	4	
corrupted/print/text+img/mobile_payment_and_fintech_service_expansion(print)_header.pdf	lopdf-0.45.0	err	0	0	-1	0	couldn't parse input
corrupted/print/text+img/mobile_payment_and_fintech_service_expansion(print)_header.pdf	pdfrum-0.4.0	err	0	0	-1	0	cannot open document: not a PDF file
corrupted/print/text+img/mobile_payment_and_fintech_service_expansion(print)_header.pdf	hayro-syntax-0.8.0	ok	6	-1	-1	3	
corrupted/print/text+img/mobile_payment_and_fintech_service_expansion(print)_object_header.pdf	lopdf-0.45.0	ok	0	0	-1	0	
corrupted/print/text+img/mobile_payment_and_fintech_service_expansion(print)_object_header.pdf	pdfrum-0.4.0	ok	6	7272	673	55	
corrupted/print/text+img/mobile_payment_and_fintech_service_expansion(print)_object_header.pdf	hayro-syntax-0.8.0	ok	6	-1	-1	2	
corrupted/print/text+img/mobile_payment_and_fintech_service_expansion(print)_page_tree.pdf	lopdf-0.45.0	err	0	0	-1	1	couldn't parse input
corrupted/print/text+img/mobile_payment_and_fintech_service_expansion(print)_page_tree.pdf	pdfrum-0.4.0	err	0	0	-1	0	cannot open document: damaged beyond recovery: no document catalog
corrupted/print/text+img/mobile_payment_and_fintech_service_expansion(print)_page_tree.pdf	hayro-syntax-0.8.0	err	0	0	-1	2	Invalid
corrupted/print/text+img/mobile_payment_and_fintech_service_expansion(print)_partial_cut.pdf	lopdf-0.45.0	err	0	0	-1	1	failed parsing cross reference table
corrupted/print/text+img/mobile_payment_and_fintech_service_expansion(print)_partial_cut.pdf	pdfrum-0.4.0	err	0	0	-1	0	cannot open document: damaged beyond recovery: no usable cross-reference information
corrupted/print/text+img/mobile_payment_and_fintech_service_expansion(print)_partial_cut.pdf	hayro-syntax-0.8.0	err	0	0	-1	2	Invalid
corrupted/print/text+img/mobile_payment_and_fintech_service_expansion(print)_remove_fonts.pdf	lopdf-0.45.0	ok	6	7254	-1	30	
corrupted/print/text+img/mobile_payment_and_fintech_service_expansion(print)_remove_fonts.pdf	pdfrum-0.4.0	ok	6	7229	693	75	
corrupted/print/text+img/mobile_payment_and_fintech_service_expansion(print)_remove_fonts.pdf	hayro-syntax-0.8.0	ok	6	-1	-1	4	
corrupted/print/text+img/mobile_payment_and_fintech_service_expansion(print)_remove_unicode_fonts.pdf	lopdf-0.45.0	ok	6	5852	-1	30	
corrupted/print/text+img/mobile_payment_and_fintech_service_expansion(print)_remove_unicode_fonts.pdf	pdfrum-0.4.0	ok	6	7652	1397	70	
corrupted/print/text+img/mobile_payment_and_fintech_service_expansion(print)_remove_unicode_fonts.pdf	hayro-syntax-0.8.0	ok	6	-1	-1	4	
corrupted/print/text+img/mobile_payment_and_fintech_service_expansion(print)_stream_zlib.pdf	lopdf-0.45.0	ok	5	2556	-1	23	
corrupted/print/text+img/mobile_payment_and_fintech_service_expansion(print)_stream_zlib.pdf	pdfrum-0.4.0	ok	6	4616	1863	34	
corrupted/print/text+img/mobile_payment_and_fintech_service_expansion(print)_stream_zlib.pdf	hayro-syntax-0.8.0	ok	6	-1	-1	2	
corrupted/print/text+img/mobile_payment_and_fintech_service_expansion(print)_trailer.pdf	lopdf-0.45.0	ok	6	7254	-1	33	
corrupted/print/text+img/mobile_payment_and_fintech_service_expansion(print)_trailer.pdf	pdfrum-0.4.0	ok	6	7272	674	42	
corrupted/print/text+img/mobile_payment_and_fintech_service_expansion(print)_trailer.pdf	hayro-syntax-0.8.0	ok	6	-1	-1	3	
corrupted/print/text+img/mobile_payment_and_fintech_service_expansion(print)_xref.pdf	lopdf-0.45.0	ok	6	7254	-1	38	
corrupted/print/text+img/mobile_payment_and_fintech_service_expansion(print)_xref.pdf	pdfrum-0.4.0	ok	6	7272	673	51	
corrupted/print/text+img/mobile_payment_and_fintech_service_expansion(print)_xref.pdf	hayro-syntax-0.8.0	ok	6	-1	-1	2	
corrupted/print/text+img/online_education_elearning_market_growth_analysis(print)_font_mapping_loss.pdf	lopdf-0.45.0	ok	6	0	-1	72	
corrupted/print/text+img/online_education_elearning_market_growth_analysis(print)_font_mapping_loss.pdf	pdfrum-0.4.0	ok	6	11992	3383	122	
corrupted/print/text+img/online_education_elearning_market_growth_analysis(print)_font_mapping_loss.pdf	hayro-syntax-0.8.0	ok	6	-1	-1	3	
corrupted/print/text+img/online_education_elearning_market_growth_analysis(print)_header.pdf	lopdf-0.45.0	err	0	0	-1	1	couldn't parse input
corrupted/print/text+img/online_education_elearning_market_growth_analysis(print)_header.pdf	pdfrum-0.4.0	err	0	0	-1	0	cannot open document: not a PDF file
corrupted/print/text+img/online_education_elearning_market_growth_analysis(print)_header.pdf	hayro-syntax-0.8.0	ok	6	-1	-1	4	
corrupted/print/text+img/online_education_elearning_market_growth_analysis(print)_object_header.pdf	lopdf-0.45.0	ok	0	0	-1	0	
corrupted/print/text+img/online_education_elearning_market_growth_analysis(print)_object_header.pdf	pdfrum-0.4.0	ok	6	7764	834	102	
corrupted/print/text+img/online_education_elearning_market_growth_analysis(print)_object_header.pdf	hayro-syntax-0.8.0	ok	6	-1	-1	4	
corrupted/print/text+img/online_education_elearning_market_growth_analysis(print)_page_tree.pdf	lopdf-0.45.0	err	0	0	-1	3	couldn't parse input
corrupted/print/text+img/online_education_elearning_market_growth_analysis(print)_page_tree.pdf	pdfrum-0.4.0	err	0	0	-1	0	cannot open document: damaged beyond recovery: no document catalog
corrupted/print/text+img/online_education_elearning_market_growth_analysis(print)_page_tree.pdf	hayro-syntax-0.8.0	err	0	0	-1	4	Invalid
corrupted/print/text+img/online_education_elearning_market_growth_analysis(print)_partial_cut.pdf	lopdf-0.45.0	err	0	0	-1	2	failed parsing cross reference table
corrupted/print/text+img/online_education_elearning_market_growth_analysis(print)_partial_cut.pdf	pdfrum-0.4.0	err	0	0	-1	0	cannot open document: damaged beyond recovery: no usable cross-reference information
corrupted/print/text+img/online_education_elearning_market_growth_analysis(print)_partial_cut.pdf	hayro-syntax-0.8.0	err	0	0	-1	3	Invalid
corrupted/print/text+img/online_education_elearning_market_growth_analysis(print)_remove_fonts.pdf	lopdf-0.45.0	ok	6	7764	-1	83	
corrupted/print/text+img/online_education_elearning_market_growth_analysis(print)_remove_fonts.pdf	pdfrum-0.4.0	ok	6	7647	925	138	
corrupted/print/text+img/online_education_elearning_market_growth_analysis(print)_remove_fonts.pdf	hayro-syntax-0.8.0	ok	6	-1	-1	8	
corrupted/print/text+img/online_education_elearning_market_growth_analysis(print)_remove_unicode_fonts.pdf	lopdf-0.45.0	ok	6	4866	-1	74	
corrupted/print/text+img/online_education_elearning_market_growth_analysis(print)_remove_unicode_fonts.pdf	pdfrum-0.4.0	ok	6	8486	1742	58	
corrupted/print/text+img/online_education_elearning_market_growth_analysis(print)_remove_unicode_fonts.pdf	hayro-syntax-0.8.0	ok	6	-1	-1	5	
corrupted/print/text+img/online_education_elearning_market_growth_analysis(print)_stream_zlib.pdf	lopdf-0.45.0	ok	6	3888	-1	27	
corrupted/print/text+img/online_education_elearning_market_growth_analysis(print)_stream_zlib.pdf	pdfrum-0.4.0	ok	6	5510	4096	53	
corrupted/print/text+img/online_education_elearning_market_growth_analysis(print)_stream_zlib.pdf	hayro-syntax-0.8.0	ok	6	-1	-1	4	
corrupted/print/text+img/online_education_elearning_market_growth_analysis(print)_trailer.pdf	lopdf-0.45.0	ok	6	7764	-1	72	
corrupted/print/text+img/online_education_elearning_market_growth_analysis(print)_trailer.pdf	pdfrum-0.4.0	ok	6	7764	835	60	
corrupted/print/text+img/online_education_elearning_market_growth_analysis(print)_trailer.pdf	hayro-syntax-0.8.0	ok	6	-1	-1	5	
corrupted/print/text+img/online_education_elearning_market_growth_analysis(print)_xref.pdf	lopdf-0.45.0	ok	6	7764	-1	75	
corrupted/print/text+img/online_education_elearning_market_growth_analysis(print)_xref.pdf	pdfrum-0.4.0	ok	6	7764	834	62	
corrupted/print/text+img/online_education_elearning_market_growth_analysis(print)_xref.pdf	hayro-syntax-0.8.0	ok	6	-1	-1	3	
corrupted/print/text/AI_Development_MultiLanguage(print)_font_mapping_loss.pdf	lopdf-0.45.0	ok	6	0	-1	32	
corrupted/print/text/AI_Development_MultiLanguage(print)_font_mapping_loss.pdf	pdfrum-0.4.0	ok	6	10474	4098	78	
corrupted/print/text/AI_Development_MultiLanguage(print)_font_mapping_loss.pdf	hayro-syntax-0.8.0	ok	6	-1	-1	2	
corrupted/print/text/AI_Development_MultiLanguage(print)_header.pdf	lopdf-0.45.0	err	0	0	-1	0	couldn't parse input
corrupted/print/text/AI_Development_MultiLanguage(print)_header.pdf	pdfrum-0.4.0	err	0	0	-1	0	cannot open document: not a PDF file
corrupted/print/text/AI_Development_MultiLanguage(print)_header.pdf	hayro-syntax-0.8.0	ok	6	-1	-1	1	
corrupted/print/text/AI_Development_MultiLanguage(print)_object_header.pdf	lopdf-0.45.0	ok	0	0	-1	0	
corrupted/print/text/AI_Development_MultiLanguage(print)_object_header.pdf	pdfrum-0.4.0	ok	6	6849	539	43	
corrupted/print/text/AI_Development_MultiLanguage(print)_object_header.pdf	hayro-syntax-0.8.0	ok	6	-1	-1	2	
corrupted/print/text/AI_Development_MultiLanguage(print)_page_tree.pdf	lopdf-0.45.0	err	0	0	-1	1	couldn't parse input
corrupted/print/text/AI_Development_MultiLanguage(print)_page_tree.pdf	pdfrum-0.4.0	err	0	0	-1	0	cannot open document: damaged beyond recovery: no document catalog
corrupted/print/text/AI_Development_MultiLanguage(print)_page_tree.pdf	hayro-syntax-0.8.0	err	0	0	-1	1	Invalid
corrupted/print/text/AI_Development_MultiLanguage(print)_partial_cut.pdf	lopdf-0.45.0	err	0	0	-1	1	failed parsing cross reference table
corrupted/print/text/AI_Development_MultiLanguage(print)_partial_cut.pdf	pdfrum-0.4.0	err	0	0	-1	0	cannot open document: damaged beyond recovery: no usable cross-reference information
corrupted/print/text/AI_Development_MultiLanguage(print)_partial_cut.pdf	hayro-syntax-0.8.0	err	0	0	-1	2	Invalid
corrupted/print/text/AI_Development_MultiLanguage(print)_remove_fonts.pdf	lopdf-0.45.0	ok	6	6838	-1	32	
corrupted/print/text/AI_Development_MultiLanguage(print)_remove_fonts.pdf	pdfrum-0.4.0	ok	6	6811	551	78	
corrupted/print/text/AI_Development_MultiLanguage(print)_remove_fonts.pdf	hayro-syntax-0.8.0	ok	6	-1	-1	3	
corrupted/print/text/AI_Development_MultiLanguage(print)_remove_unicode_fonts.pdf	lopdf-0.45.0	ok	6	4862	-1	44	
corrupted/print/text/AI_Development_MultiLanguage(print)_remove_unicode_fonts.pdf	pdfrum-0.4.0	ok	6	7529	1140	87	
corrupted/print/text/AI_Development_MultiLanguage(print)_remove_unicode_fonts.pdf	hayro-syntax-0.8.0	ok	6	-1	-1	5	
corrupted/print/text/AI_Development_MultiLanguage(print)_stream_zlib.pdf	lopdf-0.45.0	ok	6	4710	-1	31	
corrupted/print/text/AI_Development_MultiLanguage(print)_stream_zlib.pdf	pdfrum-0.4.0	ok	6	5527	698	37	
corrupted/print/text/AI_Development_MultiLanguage(print)_stream_zlib.pdf	hayro-syntax-0.8.0	ok	6	-1	-1	2	
corrupted/print/text/AI_Development_MultiLanguage(print)_trailer.pdf	lopdf-0.45.0	ok	6	6838	-1	33	
corrupted/print/text/AI_Development_MultiLanguage(print)_trailer.pdf	pdfrum-0.4.0	ok	6	6849	540	42	
corrupted/print/text/AI_Development_MultiLanguage(print)_trailer.pdf	hayro-syntax-0.8.0	ok	6	-1	-1	8	
corrupted/print/text/AI_Development_MultiLanguage(print)_xref.pdf	lopdf-0.45.0	ok	6	6838	-1	39	
corrupted/print/text/AI_Development_MultiLanguage(print)_xref.pdf	pdfrum-0.4.0	ok	6	6849	539	42	
corrupted/print/text/AI_Development_MultiLanguage(print)_xref.pdf	hayro-syntax-0.8.0	ok	6	-1	-1	2	
corrupted/print/text/AeroChef_Drone_Delivery_Cooking_Service(print)_font_mapping_loss.pdf	lopdf-0.45.0	ok	6	0	-1	9	
corrupted/print/text/AeroChef_Drone_Delivery_Cooking_Service(print)_font_mapping_loss.pdf	pdfrum-0.4.0	ok	6	6817	3969	82	
corrupted/print/text/AeroChef_Drone_Delivery_Cooking_Service(print)_font_mapping_loss.pdf	hayro-syntax-0.8.0	ok	6	-1	-1	3	
corrupted/print/text/AeroChef_Drone_Delivery_Cooking_Service(print)_header.pdf	lopdf-0.45.0	err	0	0	-1	0	couldn't parse input
corrupted/print/text/AeroChef_Drone_Delivery_Cooking_Service(print)_header.pdf	pdfrum-0.4.0	err	0	0	-1	0	cannot open document: not a PDF file
corrupted/print/text/AeroChef_Drone_Delivery_Cooking_Service(print)_header.pdf	hayro-syntax-0.8.0	ok	6	-1	-1	3	
corrupted/print/text/AeroChef_Drone_Delivery_Cooking_Service(print)_object_header.pdf	lopdf-0.45.0	ok	0	0	-1	0	
corrupted/print/text/AeroChef_Drone_Delivery_Cooking_Service(print)_object_header.pdf	pdfrum-0.4.0	ok	6	4823	474	50	
corrupted/print/text/AeroChef_Drone_Delivery_Cooking_Service(print)_object_header.pdf	hayro-syntax-0.8.0	ok	6	-1	-1	2	
corrupted/print/text/AeroChef_Drone_Delivery_Cooking_Service(print)_page_tree.pdf	lopdf-0.45.0	ok	0	0	-1	1	
corrupted/print/text/AeroChef_Drone_Delivery_Cooking_Service(print)_page_tree.pdf	pdfrum-0.4.0	err	0	0	-1	0	cannot open document: damaged beyond recovery: no document catalog
corrupted/print/text/AeroChef_Drone_Delivery_Cooking_Service(print)_page_tree.pdf	hayro-syntax-0.8.0	err	0	0	-1	2	Invalid
corrupted/print/text/AeroChef_Drone_Delivery_Cooking_Service(print)_partial_cut.pdf	lopdf-0.45.0	err	0	0	-1	2	failed parsing cross reference table
corrupted/print/text/AeroChef_Drone_Delivery_Cooking_Service(print)_partial_cut.pdf	pdfrum-0.4.0	err	0	0	-1	2	cannot open document: damaged beyond recovery: no usable cross-reference information
corrupted/print/text/AeroChef_Drone_Delivery_Cooking_Service(print)_partial_cut.pdf	hayro-syntax-0.8.0	err	0	0	-1	3	Invalid
corrupted/print/text/AeroChef_Drone_Delivery_Cooking_Service(print)_remove_fonts.pdf	lopdf-0.45.0	ok	6	4821	-1	11	
corrupted/print/text/AeroChef_Drone_Delivery_Cooking_Service(print)_remove_fonts.pdf	pdfrum-0.4.0	ok	6	4771	497	61	
corrupted/print/text/AeroChef_Drone_Delivery_Cooking_Service(print)_remove_fonts.pdf	hayro-syntax-0.8.0	ok	6	-1	-1	5	
corrupted/print/text/AeroChef_Drone_Delivery_Cooking_Service(print)_remove_unicode_fonts.pdf	lopdf-0.45.0	ok	6	3714	-1	9	
corrupted/print/text/AeroChef_Drone_Delivery_Cooking_Service(print)_remove_unicode_fonts.pdf	pdfrum-0.4.0	ok	6	5166	1045	48	
corrupted/print/text/AeroChef_Drone_Delivery_Cooking_Service(print)_remove_unicode_fonts.pdf	hayro-syntax-0.8.0	ok	6	-1	-1	5	
corrupted/print/text/AeroChef_Drone_Delivery_Cooking_Service(print)_stream_zlib.pdf	lopdf-0.45.0	ok	6	-1	-1	7	
corrupted/print/text/AeroChef_Drone_Delivery_Cooking_Service(print)_stream_zlib.pdf	pdfrum-0.4.0	ok	6	4548	1411	33	
corrupted/print/text/AeroChef_Drone_Delivery_Cooking_Service(print)_stream_zlib.pdf	hayro-syntax-0.8.0	ok	6	-1	-1	2	
corrupted/print/text/AeroChef_Drone_Delivery_Cooking_Service(print)_trailer.pdf	lopdf-0.45.0	ok	6	4821	-1	11	
corrupted/print/text/AeroChef_Drone_Delivery_Cooking_Service(print)_trailer.pdf	pdfrum-0.4.0	ok	6	4823	475	37	
corrupted/print/text/AeroChef_Drone_Delivery_Cooking_Service(print)_trailer.pdf	hayro-syntax-0.8.0	ok	6	-1	-1	4	
corrupted/print/text/AeroChef_Drone_Delivery_Cooking_Service(print)_xref.pdf	lopdf-0.45.0	ok	6	4821	-1	10	
corrupted/print/text/AeroChef_Drone_Delivery_Cooking_Service(print)_xref.pdf	pdfrum-0.4.0	ok	6	4823	474	38	
corrupted/print/text/AeroChef_Drone_Delivery_Cooking_Service(print)_xref.pdf	hayro-syntax-0.8.0	ok	6	-1	-1	7	
corrupted/print/text/Aurora_VR_AR_Game_Lineup_Multilingual(print)_font_mapping_loss.pdf	lopdf-0.45.0	ok	6	0	-1	98	
corrupted/print/text/Aurora_VR_AR_Game_Lineup_Multilingual(print)_font_mapping_loss.pdf	pdfrum-0.4.0	ok	6	15697	4098	143	
corrupted/print/text/Aurora_VR_AR_Game_Lineup_Multilingual(print)_font_mapping_loss.pdf	hayro-syntax-0.8.0	ok	6	-1	-1	4	
corrupted/print/text/Aurora_VR_AR_Game_Lineup_Multilingual(print)_header.pdf	lopdf-0.45.0	err	0	0	-1	1	couldn't parse input
corrupted/print/text/Aurora_VR_AR_Game_Lineup_Multilingual(print)_header.pdf	pdfrum-0.4.0	err	0	0	-1	0	cannot open document: not a PDF file
corrupted/print/text/Aurora_VR_AR_Game_Lineup_Multilingual(print)_header.pdf	hayro-syntax-0.8.0	ok	6	-1	-1	3	
corrupted/print/text/Aurora_VR_AR_Game_Lineup_Multilingual(print)_object_header.pdf	lopdf-0.45.0	ok	0	0	-1	0	
corrupted/print/text/Aurora_VR_AR_Game_Lineup_Multilingual(print)_object_header.pdf	pdfrum-0.4.0	ok	6	10212	881	76	
corrupted/print/text/Aurora_VR_AR_Game_Lineup_Multilingual(print)_object_header.pdf	hayro-syntax-0.8.0	ok	6	-1	-1	3	
corrupted/print/text/Aurora_VR_AR_Game_Lineup_Multilingual(print)_page_tree.pdf	lopdf-0.45.0	err	0	0	-1	3	couldn't parse input
corrupted/print/text/Aurora_VR_AR_Game_Lineup_Multilingual(print)_page_tree.pdf	pdfrum-0.4.0	err	0	0	-1	0	cannot open document: damaged beyond recovery: no document catalog
corrupted/print/text/Aurora_VR_AR_Game_Lineup_Multilingual(print)_page_tree.pdf	hayro-syntax-0.8.0	err	0	0	-1	3	Invalid
corrupted/print/text/Aurora_VR_AR_Game_Lineup_Multilingual(print)_partial_cut.pdf	lopdf-0.45.0	err	0	0	-1	2	failed parsing cross reference table
corrupted/print/text/Aurora_VR_AR_Game_Lineup_Multilingual(print)_partial_cut.pdf	pdfrum-0.4.0	err	0	0	-1	0	cannot open document: damaged beyond recovery: no usable cross-reference information
corrupted/print/text/Aurora_VR_AR_Game_Lineup_Multilingual(print)_partial_cut.pdf	hayro-syntax-0.8.0	err	0	0	-1	3	Invalid
corrupted/print/text/Aurora_VR_AR_Game_Lineup_Multilingual(print)_remove_fonts.pdf	lopdf-0.45.0	ok	6	10212	-1	113	
corrupted/print/text/Aurora_VR_AR_Game_Lineup_Multilingual(print)_remove_fonts.pdf	pdfrum-0.4.0	ok	6	10175	910	162	
corrupted/print/text/Aurora_VR_AR_Game_Lineup_Multilingual(print)_remove_fonts.pdf	hayro-syntax-0.8.0	ok	6	-1	-1	4	
corrupted/print/text/Aurora_VR_AR_Game_Lineup_Multilingual(print)_remove_unicode_fonts.pdf	lopdf-0.45.0	ok	6	6958	-1	107	
corrupted/print/text/Aurora_VR_AR_Game_Lineup_Multilingual(print)_remove_unicode_fonts.pdf	pdfrum-0.4.0	ok	6	11452	1841	116	
corrupted/print/text/Aurora_VR_AR_Game_Lineup_Multilingual(print)_remove_unicode_fonts.pdf	hayro-syntax-0.8.0	ok	6	-1	-1	4	
corrupted/print/text/Aurora_VR_AR_Game_Lineup_Multilingual(print)_stream_zlib.pdf	lopdf-0.45.0	ok	6	8553	-1	41	
corrupted/print/text/Aurora_VR_AR_Game_Lineup_Multilingual(print)_stream_zlib.pdf	pdfrum-0.4.0	ok	6	10515	4097	78	
corrupted/print/text/Aurora_VR_AR_Game_Lineup_Multilingual(print)_stream_zlib.pdf	hayro-syntax-0.8.0	ok	6	-1	-1	3	
corrupted/print/text/Aurora_VR_AR_Game_Lineup_Multilingual(print)_trailer.pdf	lopdf-0.45.0	ok	6	10212	-1	117	
corrupted/print/text/Aurora_VR_AR_Game_Lineup_Multilingual(print)_trailer.pdf	pdfrum-0.4.0	ok	6	10212	882	80	
corrupted/print/text/Aurora_VR_AR_Game_Lineup_Multilingual(print)_trailer.pdf	hayro-syntax-0.8.0	ok	6	-1	-1	5	
corrupted/print/text/Aurora_VR_AR_Game_Lineup_Multilingual(print)_xref.pdf	lopdf-0.45.0	ok	6	10212	-1	104	
corrupted/print/text/Aurora_VR_AR_Game_Lineup_Multilingual(print)_xref.pdf	pdfrum-0.4.0	ok	6	10212	881	81	
corrupted/print/text/Aurora_VR_AR_Game_Lineup_Multilingual(print)_xref.pdf	hayro-syntax-0.8.0	ok	6	-1	-1	3	
corrupted/print/text/Autonomous_Vehicle_Accident_Report(print)_font_mapping_loss.pdf	lopdf-0.45.0	ok	6	0	-1	12	
corrupted/print/text/Autonomous_Vehicle_Accident_Report(print)_font_mapping_loss.pdf	pdfrum-0.4.0	ok	6	7238	2134	60	
corrupted/print/text/Autonomous_Vehicle_Accident_Report(print)_font_mapping_loss.pdf	hayro-syntax-0.8.0	ok	6	-1	-1	2	
corrupted/print/text/Autonomous_Vehicle_Accident_Report(print)_header.pdf	lopdf-0.45.0	err	0	0	-1	0	couldn't parse input
corrupted/print/text/Autonomous_Vehicle_Accident_Report(print)_header.pdf	pdfrum-0.4.0	err	0	0	-1	0	cannot open document: not a PDF file
corrupted/print/text/Autonomous_Vehicle_Accident_Report(print)_header.pdf	hayro-syntax-0.8.0	ok	6	-1	-1	2	
corrupted/print/text/Autonomous_Vehicle_Accident_Report(print)_object_header.pdf	lopdf-0.45.0	ok	0	0	-1	0	
corrupted/print/text/Autonomous_Vehicle_Accident_Report(print)_object_header.pdf	pdfrum-0.4.0	ok	6	4192	405	34	
corrupted/print/text/Autonomous_Vehicle_Accident_Report(print)_object_header.pdf	hayro-syntax-0.8.0	ok	6	-1	-1	2	
corrupted/print/text/Autonomous_Vehicle_Accident_Report(print)_page_tree.pdf	lopdf-0.45.0	err	0	0	-1	2	couldn't parse input
corrupted/print/text/Autonomous_Vehicle_Accident_Report(print)_page_tree.pdf	pdfrum-0.4.0	err	0	0	-1	0	cannot open document: damaged beyond recovery: no document catalog
corrupted/print/text/Autonomous_Vehicle_Accident_Report(print)_page_tree.pdf	hayro-syntax-0.8.0	err	0	0	-1	2	Invalid
corrupted/print/text/Autonomous_Vehicle_Accident_Report(print)_partial_cut.pdf	lopdf-0.45.0	err	0	0	-1	2	failed parsing cross reference table
corrupted/print/text/Autonomous_Vehicle_Accident_Report(print)_partial_cut.pdf	pdfrum-0.4.0	err	0	0	-1	2	cannot open document: damaged beyond recovery: no usable cross-reference information
corrupted/print/text/Autonomous_Vehicle_Accident_Report(print)_partial_cut.pdf	hayro-syntax-0.8.0	err	0	0	-1	2	Invalid
corrupted/print/text/Autonomous_Vehicle_Accident_Report(print)_remove_fonts.pdf	lopdf-0.45.0	ok	6	4189	-1	17	
corrupted/print/text/Autonomous_Vehicle_Accident_Report(print)_remove_fonts.pdf	pdfrum-0.4.0	ok	6	4176	410	47	
corrupted/print/text/Autonomous_Vehicle_Accident_Report(print)_remove_fonts.pdf	hayro-syntax-0.8.0	ok	6	-1	-1	5	
corrupted/print/text/Autonomous_Vehicle_Accident_Report(print)_remove_unicode_fonts.pdf	lopdf-0.45.0	ok	6	2596	-1	12	
corrupted/print/text/Autonomous_Vehicle_Accident_Report(print)_remove_unicode_fonts.pdf	pdfrum-0.4.0	ok	6	4733	941	23	
corrupted/print/text/Autonomous_Vehicle_Accident_Report(print)_remove_unicode_fonts.pdf	hayro-syntax-0.8.0	ok	6	-1	-1	4	
corrupted/print/text/Autonomous_Vehicle_Accident_Report(print)_stream_zlib.pdf	lopdf-0.45.0	ok	6	2555	-1	10	
corrupted/print/text/Autonomous_Vehicle_Accident_Report(print)_stream_zlib.pdf	pdfrum-0.4.0	ok	6	3490	913	38	
corrupted/print/text/Autonomous_Vehicle_Accident_Report(print)_stream_zlib.pdf	hayro-syntax-0.8.0	ok	6	-1	-1	3	
corrupted/print/text/Autonomous_Vehicle_Accident_Report(print)_trailer.pdf	lopdf-0.45.0	ok	6	4189	-1	18	
corrupted/print/text/Autonomous_Vehicle_Accident_Report(print)_trailer.pdf	pdfrum-0.4.0	ok	6	4192	406	33	
corrupted/print/text/Autonomous_Vehicle_Accident_Report(print)_trailer.pdf	hayro-syntax-0.8.0	ok	6	-1	-1	4	
corrupted/print/text/Autonomous_Vehicle_Accident_Report(print)_xref.pdf	lopdf-0.45.0	ok	6	4189	-1	16	
corrupted/print/text/Autonomous_Vehicle_Accident_Report(print)_xref.pdf	pdfrum-0.4.0	ok	6	4192	405	37	
corrupted/print/text/Autonomous_Vehicle_Accident_Report(print)_xref.pdf	hayro-syntax-0.8.0	ok	6	-1	-1	2	
corrupted/print/text/BioNext_Data_Leak_Report(print)_font_mapping_loss.pdf	lopdf-0.45.0	ok	6	0	-1	29	
corrupted/print/text/BioNext_Data_Leak_Report(print)_font_mapping_loss.pdf	pdfrum-0.4.0	ok	6	6723	3968	71	
corrupted/print/text/BioNext_Data_Leak_Report(print)_font_mapping_loss.pdf	hayro-syntax-0.8.0	ok	6	-1	-1	1	
corrupted/print/text/BioNext_Data_Leak_Report(print)_header.pdf	lopdf-0.45.0	err	0	0	-1	0	couldn't parse input
corrupted/print/text/BioNext_Data_Leak_Report(print)_header.pdf	pdfrum-0.4.0	err	0	0	-1	0	cannot open document: not a PDF file
corrupted/print/text/BioNext_Data_Leak_Report(print)_header.pdf	hayro-syntax-0.8.0	ok	6	-1	-1	1	
corrupted/print/text/BioNext_Data_Leak_Report(print)_object_header.pdf	lopdf-0.45.0	ok	0	0	-1	0	
corrupted/print/text/BioNext_Data_Leak_Report(print)_object_header.pdf	pdfrum-0.4.0	ok	6	4736	398	38	
corrupted/print/text/BioNext_Data_Leak_Report(print)_object_header.pdf	hayro-syntax-0.8.0	ok	6	-1	-1	2	
corrupted/print/text/BioNext_Data_Leak_Report(print)_page_tree.pdf	lopdf-0.45.0	err	0	0	-1	1	couldn't parse input
corrupted/print/text/BioNext_Data_Leak_Report(print)_page_tree.pdf	pdfrum-0.4.0	err	0	0	-1	0	cannot open document: damaged beyond recovery: no document catalog
corrupted/print/text/BioNext_Data_Leak_Report(print)_page_tree.pdf	hayro-syntax-0.8.0	err	0	0	-1	1	Invalid
corrupted/print/text/BioNext_Data_Leak_Report(print)_partial_cut.pdf	lopdf-0.45.0	err	0	0	-1	1	failed parsing cross reference table
corrupted/print/text/BioNext_Data_Leak_Report(print)_partial_cut.pdf	pdfrum-0.4.0	err	0	0	-1	0	cannot open document: damaged beyond recovery: no usable cross-reference information
corrupted/print/text/BioNext_Data_Leak_Report(print)_partial_cut.pdf	hayro-syntax-0.8.0	err	0	0	-1	1	Invalid
corrupted/print/text/BioNext_Data_Leak_Report(print)_remove_fonts.pdf	lopdf-0.45.0	ok	6	4727	-1	33	
corrupted/print/text/BioNext_Data_Leak_Report(print)_remove_fonts.pdf	pdfrum-0.4.0	ok	6	4709	414	65	
corrupted/print/text/BioNext_Data_Leak_Report(print)_remove_fonts.pdf	hayro-syntax-0.8.0	ok	6	-1	-1	3	
corrupted/print/text/BioNext_Data_Leak_Report(print)_remove_unicode_fonts.pdf	lopdf-0.45.0	ok	6	3047	-1	32	
corrupted/print/text/BioNext_Data_Leak_Report(print)_remove_unicode_fonts.pdf	pdfrum-0.4.0	ok	6	4998	1091	52	
corrupted/print/text/BioNext_Data_Leak_Report(print)_remove_unicode_fonts.pdf	hayro-syntax-0.8.0	ok	6	-1	-1	3	
corrupted/print/text/BioNext_Data_Leak_Report(print)_stream_zlib.pdf	lopdf-0.45.0	ok	6	2672	-1	21	
corrupted/print/text/BioNext_Data_Leak_Report(print)_stream_zlib.pdf	pdfrum-0.4.0	ok	6	3470	2816	30	
corrupted/print/text/BioNext_Data_Leak_Report(print)_stream_zlib.pdf	hayro-syntax-0.8.0	ok	6	-1	-1	2	
corrupted/print/text/BioNext_Data_Leak_Report(print)_trailer.pdf	lopdf-0.45.0	ok	6	4727	-1	34	
corrupted/print/text/BioNext_Data_Leak_Report(print)_trailer.pdf	pdfrum-0.4.0	ok	6	4736	399	37	
corrupted/print/text/BioNext_Data_Leak_Report(print)_trailer.pdf	hayro-syntax-0.8.0	ok	6	-1	-1	3	
corrupted/print/text/BioNext_Data_Leak_Report(print)_xref.pdf	lopdf-0.45.0	ok	6	4727	-1	34	
corrupted/print/text/BioNext_Data_Leak_Report(print)_xref.pdf	pdfrum-0.4.0	ok	6	4736	398	36	
corrupted/print/text/BioNext_Data_Leak_Report(print)_xref.pdf	hayro-syntax-0.8.0	ok	6	-1	-1	1	
corrupted/print/text/Digital_Minimalism(print)_font_mapping_loss.pdf	lopdf-0.45.0	ok	6	0	-1	31	
corrupted/print/text/Digital_Minimalism(print)_font_mapping_loss.pdf	pdfrum-0.4.0	ok	6	10840	3809	81	
corrupted/print/text/Digital_Minimalism(print)_font_mapping_loss.pdf	hayro-syntax-0.8.0	ok	6	-1	-1	3	
corrupted/print/text/Digital_Minimalism(print)_header.pdf	lopdf-0.45.0	err	0	0	-1	0	couldn't parse input
corrupted/print/text/Digital_Minimalism(print)_header.pdf	pdfrum-0.4.0	err	0	0	-1	0	cannot open document: not a PDF file
corrupted/print/text/Digital_Minimalism(print)_header.pdf	hayro-syntax-0.8.0	ok	6	-1	-1	2	
corrupted/print/text/Digital_Minimalism(print)_object_header.pdf	lopdf-0.45.0	ok	0	0	-1	0	
corrupted/print/text/Digital_Minimalism(print)_object_header.pdf	pdfrum-0.4.0	ok	6	6811	671	43	
corrupted/print/text/Digital_Minimalism(print)_object_header.pdf	hayro-syntax-0.8.0	ok	6	-1	-1	2	
corrupted/print/text/Digital_Minimalism(print)_page_tree.pdf	lopdf-0.45.0	err	0	0	-1	2	couldn't parse input
corrupted/print/text/Digital_Minimalism(print)_page_tree.pdf	pdfrum-0.4.0	err	0	0	-1	0	cannot open document: damaged beyond recovery: no document catalog
corrupted/print/text/Digital_Minimalism(print)_page_tree.pdf	hayro-syntax-0.8.0	err	0	0	-1	3	Invalid
corrupted/print/text/Digital_Minimalism(print)_partial_cut.pdf	lopdf-0.45.0	err	0	0	-1	2	failed parsing cross reference table
corrupted/print/text/Digital_Minimalism(print)_partial_cut.pdf	pdfrum-0.4.0	err	0	0	-1	2	cannot open document: damaged beyond recovery: no usable cross-reference information
corrupted/print/text/Digital_Minimalism(print)_partial_cut.pdf	hayro-syntax-0.8.0	err	0	0	-1	3	Invalid
corrupted/print/text/Digital_Minimalism(print)_remove_fonts.pdf	lopdf-0.45.0	ok	6	6809	-1	35	
corrupted/print/text/Digital_Minimalism(print)_remove_fonts.pdf	pdfrum-0.4.0	ok	6	6771	686	77	
corrupted/print/text/Digital_Minimalism(print)_remove_fonts.pdf	hayro-syntax-0.8.0	ok	6	-1	-1	5	
corrupted/print/text/Digital_Minimalism(print)_remove_unicode_fonts.pdf	lopdf-0.45.0	ok	6	4387	-1	30	
corrupted/print/text/Digital_Minimalism(print)_remove_unicode_fonts.pdf	pdfrum-0.4.0	ok	6	7525	1298	50	
corrupted/print/text/Digital_Minimalism(print)_remove_unicode_fonts.pdf	hayro-syntax-0.8.0	ok	6	-1	-1	5	
corrupted/print/text/Digital_Minimalism(print)_stream_zlib.pdf	lopdf-0.45.0	ok	6	4766	-1	23	
corrupted/print/text/Digital_Minimalism(print)_stream_zlib.pdf	pdfrum-0.4.0	ok	6	6847	1328	45	
corrupted/print/text/Digital_Minimalism(print)_stream_zlib.pdf	hayro-syntax-0.8.0	ok	6	-1	-1	2	
corrupted/print/text/Digital_Minimalism(print)_trailer.pdf	lopdf-0.45.0	ok	6	6809	-1	32	
corrupted/print/text/Digital_Minimalism(print)_trailer.pdf	pdfrum-0.4.0	ok	6	6811	672	43	
corrupted/print/text/Digital_Minimalism(print)_trailer.pdf	hayro-syntax-0.8.0	ok	6	-1	-1	4	
corrupted/print/text/Digital_Minimalism(print)_xref.pdf	lopdf-0.45.0	ok	6	6809	-1	35	
corrupted/print/text/Digital_Minimalism(print)_xref.pdf	pdfrum-0.4.0	ok	6	6811	671	45	
corrupted/print/text/Digital_Minimalism(print)_xref.pdf	hayro-syntax-0.8.0	ok	6	-1	-1	3	
corrupted/print/text/E-Payment_Service_Outage_Report(print)_font_mapping_loss.pdf	lopdf-0.45.0	ok	6	0	-1	17	
corrupted/print/text/E-Payment_Service_Outage_Report(print)_font_mapping_loss.pdf	pdfrum-0.4.0	ok	6	7534	2961	59	
corrupted/print/text/E-Payment_Service_Outage_Report(print)_font_mapping_loss.pdf	hayro-syntax-0.8.0	ok	6	-1	-1	2	
corrupted/print/text/E-Payment_Service_Outage_Report(print)_header.pdf	lopdf-0.45.0	err	0	0	-1	0	couldn't parse input
corrupted/print/text/E-Payment_Service_Outage_Report(print)_header.pdf	pdfrum-0.4.0	err	0	0	-1	0	cannot open document: not a PDF file
corrupted/print/text/E-Payment_Service_Outage_Report(print)_header.pdf	hayro-syntax-0.8.0	ok	6	-1	-1	3	
corrupted/print/text/E-Payment_Service_Outage_Report(print)_object_header.pdf	lopdf-0.45.0	ok	0	0	-1	0	
corrupted/print/text/E-Payment_Service_Outage_Report(print)_object_header.pdf	pdfrum-0.4.0	ok	6	4682	510	35	
corrupted/print/text/E-Payment_Service_Outage_Report(print)_object_header.pdf	hayro-syntax-0.8.0	ok	6	-1	-1	2	
corrupted/print/text/E-Payment_Service_Outage_Report(print)_page_tree.pdf	lopdf-0.45.0	err	0	0	-1	2	couldn't parse input
corrupted/print/text/E-Payment_Service_Outage_Report(print)_page_tree.pdf	pdfrum-0.4.0	err	0	0	-1	0	cannot open document: damaged beyond recovery: no document catalog
corrupted/print/text/E-Payment_Service_Outage_Report(print)_page_tree.pdf	hayro-syntax-0.8.0	err	0	0	-1	2	Invalid
corrupted/print/text/E-Payment_Service_Outage_Report(print)_partial_cut.pdf	lopdf-0.45.0	err	0	0	-1	2	failed parsing cross reference table
corrupted/print/text/E-Payment_Service_Outage_Report(print)_partial_cut.pdf	pdfrum-0.4.0	err	0	0	-1	1	cannot open document: damaged beyond recovery: no usable cross-reference information
corrupted/print/text/E-Payment_Service_Outage_Report(print)_partial_cut.pdf	hayro-syntax-0.8.0	err	0	0	-1	3	Invalid
corrupted/print/text/E-Payment_Service_Outage_Report(print)_remove_fonts.pdf	lopdf-0.45.0	ok	6	4682	-1	17	
corrupted/print/text/E-Payment_Service_Outage_Report(print)_remove_fonts.pdf	pdfrum-0.4.0	ok	6	4660	522	53	
corrupted/print/text/E-Payment_Service_Outage_Report(print)_remove_fonts.pdf	hayro-syntax-0.8.0	ok	6	-1	-1	5	
corrupted/print/text/E-Payment_Service_Outage_Report(print)_remove_unicode_fonts.pdf	lopdf-0.45.0	ok	6	3081	-1	17	
corrupted/print/text/E-Payment_Service_Outage_Report(print)_remove_unicode_fonts.pdf	pdfrum-0.4.0	ok	6	5299	1022	35	
corrupted/print/text/E-Payment_Service_Outage_Report(print)_remove_unicode_fonts.pdf	hayro-syntax-0.8.0	ok	6	-1	-1	5	
corrupted/print/text/E-Payment_Service_Outage_Report(print)_stream_zlib.pdf	lopdf-0.45.0	ok	6	1754	-1	10	
corrupted/print/text/E-Payment_Service_Outage_Report(print)_stream_zlib.pdf	pdfrum-0.4.0	ok	6	2035	4102	29	
corrupted/print/text/E-Payment_Service_Outage_Report(print)_stream_zlib.pdf	hayro-syntax-0.8.0	ok	6	-1	-1	2	
corrupted/print/text/E-Payment_Service_Outage_Report(print)_trailer.pdf	lopdf-0.45.0	ok	6	4682	-1	21	
corrupted/print/text/E-Payment_Service_Outage_Report(print)_trailer.pdf	pdfrum-0.4.0	ok	6	4682	511	34	
corrupted/print/text/E-Payment_Service_Outage_Report(print)_trailer.pdf	hayro-syntax-0.8.0	ok	6	-1	-1	4	
corrupted/print/text/E-Payment_Service_Outage_Report(print)_xref.pdf	lopdf-0.45.0	ok	6	4682	-1	18	
corrupted/print/text/E-Payment_Service_Outage_Report(print)_xref.pdf	pdfrum-0.4.0	ok	6	4682	510	35	
corrupted/print/text/E-Payment_Service_Outage_Report(print)_xref.pdf	hayro-syntax-0.8.0	ok	6	-1	-1	3	
corrupted/print/text/EcoWave_Sustainable_Fashion_Collection(print)_font_mapping_loss.pdf	lopdf-0.45.0	ok	6	0	-1	11	
corrupted/print/text/EcoWave_Sustainable_Fashion_Collection(print)_font_mapping_loss.pdf	pdfrum-0.4.0	ok	6	6863	4098	50	
corrupted/print/text/EcoWave_Sustainable_Fashion_Collection(print)_font_mapping_loss.pdf	hayro-syntax-0.8.0	ok	6	-1	-1	1	
corrupted/print/text/EcoWave_Sustainable_Fashion_Collection(print)_header.pdf	lopdf-0.45.0	err	0	0	-1	0	couldn't parse input
corrupted/print/text/EcoWave_Sustainable_Fashion_Collection(print)_header.pdf	pdfrum-0.4.0	err	0	0	-1	0	cannot open document: not a PDF file
corrupted/print/text/EcoWave_Sustainable_Fashion_Collection(print)_header.pdf	hayro-syntax-0.8.0	ok	6	-1	-1	1	
corrupted/print/text/EcoWave_Sustainable_Fashion_Collection(print)_object_header.pdf	lopdf-0.45.0	ok	0	0	-1	0	
corrupted/print/text/EcoWave_Sustainable_Fashion_Collection(print)_object_header.pdf	pdfrum-0.4.0	ok	6	4892	434	35	
corrupted/print/text/EcoWave_Sustainable_Fashion_Collection(print)_object_header.pdf	hayro-syntax-0.8.0	ok	6	-1	-1	1	
corrupted/print/text/EcoWave_Sustainable_Fashion_Collection(print)_page_tree.pdf	lopdf-0.45.0	err	0	0	-1	1	couldn't parse input
corrupted/print/text/EcoWave_Sustainable_Fashion_Collection(print)_page_tree.pdf	pdfrum-0.4.0	err	0	0	-1	0	cannot open document: damaged beyond recovery: no document catalog
corrupted/print/text/EcoWave_Sustainable_Fashion_Collection(print)_page_tree.pdf	hayro-syntax-0.8.0	err	0	0	-1	1	Invalid
corrupted/print/text/EcoWave_Sustainable_Fashion_Collection(print)_partial_cut.pdf	lopdf-0.45.0	err	0	0	-1	0	failed parsing cross reference table
corrupted/print/text/EcoWave_Sustainable_Fashion_Collection(print)_partial_cut.pdf	pdfrum-0.4.0	err	0	0	-1	0	cannot open document: damaged beyond recovery: no usable cross-reference information
corrupted/print/text/EcoWave_Sustainable_Fashion_Collection(print)_partial_cut.pdf	hayro-syntax-0.8.0	err	0	0	-1	1	Invalid
corrupted/print/text/EcoWave_Sustainable_Fashion_Collection(print)_remove_fonts.pdf	lopdf-0.45.0	ok	6	4881	-1	11	
corrupted/print/text/EcoWave_Sustainable_Fashion_Collection(print)_remove_fonts.pdf	pdfrum-0.4.0	ok	6	4872	438	50	
corrupted/print/text/EcoWave_Sustainable_Fashion_Collection(print)_remove_fonts.pdf	hayro-syntax-0.8.0	ok	6	-1	-1	3	
corrupted/print/text/EcoWave_Sustainable_Fashion_Collection(print)_remove_unicode_fonts.pdf	lopdf-0.45.0	ok	6	3730	-1	9	
corrupted/print/text/EcoWave_Sustainable_Fashion_Collection(print)_remove_unicode_fonts.pdf	pdfrum-0.4.0	ok	6	5224	912	46	
corrupted/print/text/EcoWave_Sustainable_Fashion_Collection(print)_remove_unicode_fonts.pdf	hayro-syntax-0.8.0	ok	6	-1	-1	4	
corrupted/print/text/EcoWave_Sustainable_Fashion_Collection(print)_stream_zlib.pdf	lopdf-0.45.0	ok	6	3463	-1	9	
corrupted/print/text/EcoWave_Sustainable_Fashion_Collection(print)_stream_zlib.pdf	pdfrum-0.4.0	ok	6	4059	950	26	
corrupted/print/text/EcoWave_Sustainable_Fashion_Collection(print)_stream_zlib.pdf	hayro-syntax-0.8.0	ok	6	-1	-1	2	
corrupted/print/text/EcoWave_Sustainable_Fashion_Collection(print)_trailer.pdf	lopdf-0.45.0	ok	6	4881	-1	14	
corrupted/print/text/EcoWave_Sustainable_Fashion_Collection(print)_trailer.pdf	pdfrum-0.4.0	ok	6	4892	435	37	
corrupted/print/text/EcoWave_Sustainable_Fashion_Collection(print)_trailer.pdf	hayro-syntax-0.8.0	ok	6	-1	-1	2	
corrupted/print/text/EcoWave_Sustainable_Fashion_Collection(print)_xref.pdf	lopdf-0.45.0	ok	6	4881	-1	12	
corrupted/print/text/EcoWave_Sustainable_Fashion_Collection(print)_xref.pdf	pdfrum-0.4.0	ok	6	4892	434	35	
corrupted/print/text/EcoWave_Sustainable_Fashion_Collection(print)_xref.pdf	hayro-syntax-0.8.0	ok	6	-1	-1	2	
corrupted/print/text/EduBot_AI_Learning_Robot_Series(print)_font_mapping_loss.pdf	lopdf-0.45.0	ok	6	0	-1	12	
corrupted/print/text/EduBot_AI_Learning_Robot_Series(print)_font_mapping_loss.pdf	pdfrum-0.4.0	ok	6	7628	2801	62	
corrupted/print/text/EduBot_AI_Learning_Robot_Series(print)_font_mapping_loss.pdf	hayro-syntax-0.8.0	ok	6	-1	-1	2	
corrupted/print/text/EduBot_AI_Learning_Robot_Series(print)_header.pdf	lopdf-0.45.0	err	0	0	-1	0	couldn't parse input
corrupted/print/text/EduBot_AI_Learning_Robot_Series(print)_header.pdf	pdfrum-0.4.0	err	0	0	-1	0	cannot open document: not a PDF file
corrupted/print/text/EduBot_AI_Learning_Robot_Series(print)_header.pdf	hayro-syntax-0.8.0	ok	6	-1	-1	2	
corrupted/print/text/EduBot_AI_Learning_Robot_Series(print)_object_header.pdf	lopdf-0.45.0	ok	0	0	-1	0	
corrupted/print/text/EduBot_AI_Learning_Robot_Series(print)_object_header.pdf	pdfrum-0.4.0	ok	6	4863	478	38	
corrupted/print/text/EduBot_AI_Learning_Robot_Series(print)_object_header.pdf	hayro-syntax-0.8.0	ok	6	-1	-1	2	
corrupted/print/text/EduBot_AI_Learning_Robot_Series(print)_page_tree.pdf	lopdf-0.45.0	err	0	0	-1	2	couldn't parse input
corrupted/print/text/EduBot_AI_Learning_Robot_Series(print)_page_tree.pdf	pdfrum-0.4.0	err	0	0	-1	0	cannot open document: damaged beyond recovery: no document catalog
corrupted/print/text/EduBot_AI_Learning_Robot_Series(print)_page_tree.pdf	hayro-syntax-0.8.0	err	0	0	-1	2	Invalid
corrupted/print/text/EduBot_AI_Learning_Robot_Series(print)_partial_cut.pdf	lopdf-0.45.0	err	0	0	-1	2	failed parsing cross reference table
corrupted/print/text/EduBot_AI_Learning_Robot_Series(print)_partial_cut.pdf	pdfrum-0.4.0	err	0	0	-1	2	cannot open document: damaged beyond recovery: no usable cross-reference information
corrupted/print/text/EduBot_AI_Learning_Robot_Series(print)_partial_cut.pdf	hayro-syntax-0.8.0	err	0	0	-1	3	Invalid
corrupted/print/text/EduBot_AI_Learning_Robot_Series(print)_remove_fonts.pdf	lopdf-0.45.0	ok	6	4862	-1	17	
corrupted/print/text/EduBot_AI_Learning_Robot_Series(print)_remove_fonts.pdf	pdfrum-0.4.0	ok	6	4828	496	71	
corrupted/print/text/EduBot_AI_Learning_Robot_Series(print)_remove_fonts.pdf	hayro-syntax-0.8.0	ok	6	-1	-1	9	
corrupted/print/text/EduBot_AI_Learning_Robot_Series(print)_remove_unicode_fonts.pdf	lopdf-0.45.0	ok	6	3461	-1	14	
corrupted/print/text/EduBot_AI_Learning_Robot_Series(print)_remove_unicode_fonts.pdf	pdfrum-0.4.0	ok	6	5367	990	36	
corrupted/print/text/EduBot_AI_Learning_Robot_Series(print)_remove_unicode_fonts.pdf	hayro-syntax-0.8.0	ok	6	-1	-1	5	
corrupted/print/text/EduBot_AI_Learning_Robot_Series(print)_stream_zlib.pdf	lopdf-0.45.0	ok	6	-1	-1	10	
corrupted/print/text/EduBot_AI_Learning_Robot_Series(print)_stream_zlib.pdf	pdfrum-0.4.0	ok	6	3778	648	27	
corrupted/print/text/EduBot_AI_Learning_Robot_Series(print)_stream_zlib.pdf	hayro-syntax-0.8.0	ok	6	-1	-1	2	
corrupted/print/text/EduBot_AI_Learning_Robot_Series(print)_trailer.pdf	lopdf-0.45.0	ok	6	4862	-1	12	
corrupted/print/text/EduBot_AI_Learning_Robot_Series(print)_trailer.pdf	pdfrum-0.4.0	ok	6	4863	479	37	
corrupted/print/text/EduBot_AI_Learning_Robot_Series(print)_trailer.pdf	hayro-syntax-0.8.0	ok	6	-1	-1	4	
corrupted/print/text/EduBot_AI_Learning_Robot_Series(print)_xref.pdf	lopdf-0.45.0	ok	6	4862	-1	12	
corrupted/print/text/EduBot_AI_Learning_Robot_Series(print)_xref.pdf	pdfrum-0.4.0	ok	6	4863	478	37	
corrupted/print/text/EduBot_AI_Learning_Robot_Series(print)_xref.pdf	hayro-syntax-0.8.0	ok	6	-1	-1	2	
corrupted/print/text/Evolution_Biodegradable_Plastics(print)_font_mapping_loss.pdf	lopdf-0.45.0	ok	6	0	-1	14	
corrupted/print/text/Evolution_Biodegradable_Plastics(print)_font_mapping_loss.pdf	pdfrum-0.4.0	ok	6	12811	4098	103	
corrupted/print/text/Evolution_Biodegradable_Plastics(print)_font_mapping_loss.pdf	hayro-syntax-0.8.0	ok	6	-1	-1	2	
corrupted/print/text/Evolution_Biodegradable_Plastics(print)_header.pdf	lopdf-0.45.0	err	0	0	-1	0	couldn't parse input
corrupted/print/text/Evolution_Biodegradable_Plastics(print)_header.pdf	pdfrum-0.4.0	err	0	0	-1	0	cannot open document: not a PDF file
corrupted/print/text/Evolution_Biodegradable_Plastics(print)_header.pdf	hayro-syntax-0.8.0	ok	6	-1	-1	2	
corrupted/print/text/Evolution_Biodegradable_Plastics(print)_object_header.pdf	lopdf-0.45.0	ok	0	0	-1	0	
corrupted/print/text/Evolution_Biodegradable_Plastics(print)_object_header.pdf	pdfrum-0.4.0	ok	6	8629	853	40	
corrupted/print/text/Evolution_Biodegradable_Plastics(print)_object_header.pdf	hayro-syntax-0.8.0	ok	6	-1	-1	3	
corrupted/print/text/Evolution_Biodegradable_Plastics(print)_page_tree.pdf	lopdf-0.45.0	err	0	0	-1	1	couldn't parse input
corrupted/print/text/Evolution_Biodegradable_Plastics(print)_page_tree.pdf	pdfrum-0.4.0	err	0	0	-1	0	cannot open document: damaged beyond recovery: no document catalog
corrupted/print/text/Evolution_Biodegradable_Plastics(print)_page_tree.pdf	hayro-syntax-0.8.0	err	0	0	-1	2	Invalid
corrupted/print/text/Evolution_Biodegradable_Plastics(print)_partial_cut.pdf	lopdf-0.45.0	err	0	0	-1	2	failed parsing cross reference table
corrupted/print/text/Evolution_Biodegradable_Plastics(print)_partial_cut.pdf	pdfrum-0.4.0	err	0	0	-1	2	cannot open document: damaged beyond recovery: no usable cross-reference information
corrupted/print/text/Evolution_Biodegradable_Plastics(print)_partial_cut.pdf	hayro-syntax-0.8.0	err	0	0	-1	2	Invalid
corrupted/print/text/Evolution_Biodegradable_Plastics(print)_remove_fonts.pdf	lopdf-0.45.0	ok	6	8624	-1	18	
corrupted/print/text/Evolution_Biodegradable_Plastics(print)_remove_fonts.pdf	pdfrum-0.4.0	ok	6	8561	877	93	
corrupted/print/text/Evolution_Biodegradable_Plastics(print)_remove_fonts.pdf	hayro-syntax-0.8.0	ok	6	-1	-1	4	
corrupted/print/text/Evolution_Biodegradable_Plastics(print)_remove_unicode_fonts.pdf	lopdf-0.45.0	ok	6	6468	-1	15	
corrupted/print/text/Evolution_Biodegradable_Plastics(print)_remove_unicode_fonts.pdf	pdfrum-0.4.0	ok	6	9333	1651	70	
corrupted/print/text/Evolution_Biodegradable_Plastics(print)_remove_unicode_fonts.pdf	hayro-syntax-0.8.0	ok	6	-1	-1	4	
corrupted/print/text/Evolution_Biodegradable_Plastics(print)_stream_zlib.pdf	lopdf-0.45.0	ok	6	5457	-1	9	
corrupted/print/text/Evolution_Biodegradable_Plastics(print)_stream_zlib.pdf	pdfrum-0.4.0	ok	6	5619	2230	29	
corrupted/print/text/Evolution_Biodegradable_Plastics(print)_stream_zlib.pdf	hayro-syntax-0.8.0	ok	6	-1	-1	2	
corrupted/print/text/Evolution_Biodegradable_Plastics(print)_trailer.pdf	lopdf-0.45.0	ok	6	8624	-1	17	
corrupted/print/text/Evolution_Biodegradable_Plastics(print)_trailer.pdf	pdfrum-0.4.0	ok	6	8629	854	36	
corrupted/print/text/Evolution_Biodegradable_Plastics(print)_trailer.pdf	hayro-syntax-0.8.0	ok	6	-1	-1	3	
corrupted/print/text/Evolution_Biodegradable_Plastics(print)_xref.pdf	lopdf-0.45.0	ok	6	8624	-1	17	
corrupted/print/text/Evolution_Biodegradable_Plastics(print)_xref.pdf	pdfrum-0.4.0	ok	6	8629	853	37	
corrupted/print/text/Evolution_Biodegradable_Plastics(print)_xref.pdf	hayro-syntax-0.8.0	ok	6	-1	-1	2	
corrupted/print/text/Evolution_Food_Culture_Alternative_Foods(print)_font_mapping_loss.pdf	lopdf-0.45.0	ok	6	0	-1	23	
corrupted/print/text/Evolution_Food_Culture_Alternative_Foods(print)_font_mapping_loss.pdf	pdfrum-0.4.0	ok	6	11961	4098	90	
corrupted/print/text/Evolution_Food_Culture_Alternative_Foods(print)_font_mapping_loss.pdf	hayro-syntax-0.8.0	ok	6	-1	-1	3	
corrupted/print/text/Evolution_Food_Culture_Alternative_Foods(print)_header.pdf	lopdf-0.45.0	err	0	0	-1	0	couldn't parse input
corrupted/print/text/Evolution_Food_Culture_Alternative_Foods(print)_header.pdf	pdfrum-0.4.0	err	0	0	-1	0	cannot open document: not a PDF file
corrupted/print/text/Evolution_Food_Culture_Alternative_Foods(print)_header.pdf	hayro-syntax-0.8.0	ok	6	-1	-1	2	
corrupted/print/text/Evolution_Food_Culture_Alternative_Foods(print)_object_header.pdf	lopdf-0.45.0	ok	0	0	-1	0	
corrupted/print/text/Evolution_Food_Culture_Alternative_Foods(print)_object_header.pdf	pdfrum-0.4.0	ok	6	7551	753	42	
corrupted/print/text/Evolution_Food_Culture_Alternative_Foods(print)_object_header.pdf	hayro-syntax-0.8.0	ok	6	-1	-1	2	
corrupted/print/text/Evolution_Food_Culture_Alternative_Foods(print)_page_tree.pdf	lopdf-0.45.0	err	0	0	-1	2	couldn't parse input
corrupted/print/text/Evolution_Food_Culture_Alternative_Foods(print)_page_tree.pdf	pdfrum-0.4.0	err	0	0	-1	0	cannot open document: damaged beyond recovery: no document catalog
corrupted/print/text/Evolution_Food_Culture_Alternative_Foods(print)_page_tree.pdf	hayro-syntax-0.8.0	err	0	0	-1	2	Invalid
corrupted/print/text/Evolution_Food_Culture_Alternative_Foods(print)_partial_cut.pdf	lopdf-0.45.0	err	0	0	-1	2	failed parsing cross reference table
corrupted/print/text/Evolution_Food_Culture_Alternative_Foods(print)_partial_cut.pdf	pdfrum-0.4.0	err	0	0	-1	2	cannot open document: damaged beyond recovery: no usable cross-reference information
corrupted/print/text/Evolution_Food_Culture_Alternative_Foods(print)_partial_cut.pdf	hayro-syntax-0.8.0	err	0	0	-1	7	Invalid
corrupted/print/text/Evolution_Food_Culture_Alternative_Foods(print)_remove_fonts.pdf	lopdf-0.45.0	ok	6	7547	-1	36	
corrupted/print/text/Evolution_Food_Culture_Alternative_Foods(print)_remove_fonts.pdf	pdfrum-0.4.0	ok	6	7508	768	85	
corrupted/print/text/Evolution_Food_Culture_Alternative_Foods(print)_remove_fonts.pdf	hayro-syntax-0.8.0	ok	6	-1	-1	8	
corrupted/print/text/Evolution_Food_Culture_Alternative_Foods(print)_remove_unicode_fonts.pdf	lopdf-0.45.0	ok	6	5008	-1	37	
corrupted/print/text/Evolution_Food_Culture_Alternative_Foods(print)_remove_unicode_fonts.pdf	pdfrum-0.4.0	ok	6	8333	1450	53	
corrupted/print/text/Evolution_Food_Culture_Alternative_Foods(print)_remove_unicode_fonts.pdf	hayro-syntax-0.8.0	ok	6	-1	-1	5	
corrupted/print/text/Evolution_Food_Culture_Alternative_Foods(print)_stream_zlib.pdf	lopdf-0.45.0	ok	6	4088	-1	11	
corrupted/print/text/Evolution_Food_Culture_Alternative_Foods(print)_stream_zlib.pdf	pdfrum-0.4.0	ok	6	4432	4100	42	
corrupted/print/text/Evolution_Food_Culture_Alternative_Foods(print)_stream_zlib.pdf	hayro-syntax-0.8.0	ok	6	-1	-1	3	
corrupted/print/text/Evolution_Food_Culture_Alternative_Foods(print)_trailer.pdf	lopdf-0.45.0	ok	6	7547	-1	33	
corrupted/print/text/Evolution_Food_Culture_Alternative_Foods(print)_trailer.pdf	pdfrum-0.4.0	ok	6	7551	754	43	
corrupted/print/text/Evolution_Food_Culture_Alternative_Foods(print)_trailer.pdf	hayro-syntax-0.8.0	ok	6	-1	-1	4	
corrupted/print/text/Evolution_Food_Culture_Alternative_Foods(print)_xref.pdf	lopdf-0.45.0	ok	6	7547	-1	25	
corrupted/print/text/Evolution_Food_Culture_Alternative_Foods(print)_xref.pdf	pdfrum-0.4.0	ok	6	7551	753	39	
corrupted/print/text/Evolution_Food_Culture_Alternative_Foods(print)_xref.pdf	hayro-syntax-0.8.0	ok	6	-1	-1	2	
corrupted/print/text/International_Logistics_Fire_Report(print)_font_mapping_loss.pdf	lopdf-0.45.0	ok	6	0	-1	21	
corrupted/print/text/International_Logistics_Fire_Report(print)_font_mapping_loss.pdf	pdfrum-0.4.0	ok	6	6997	3566	68	
corrupted/print/text/International_Logistics_Fire_Report(print)_font_mapping_loss.pdf	hayro-syntax-0.8.0	ok	6	-1	-1	2	
corrupted/print/text/International_Logistics_Fire_Report(print)_header.pdf	lopdf-0.45.0	err	0	0	-1	0	couldn't parse input
corrupted/print/text/International_Logistics_Fire_Report(print)_header.pdf	pdfrum-0.4.0	err	0	0	-1	0	cannot open document: not a PDF file
corrupted/print/text/International_Logistics_Fire_Report(print)_header.pdf	hayro-syntax-0.8.0	ok	6	-1	-1	2	
corrupted/print/text/International_Logistics_Fire_Report(print)_object_header.pdf	lopdf-0.45.0	ok	0	0	-1	0	
corrupted/print/text/International_Logistics_Fire_Report(print)_object_header.pdf	pdfrum-0.4.0	ok	6	4499	480	35	
corrupted/print/text/International_Logistics_Fire_Report(print)_object_header.pdf	hayro-syntax-0.8.0	ok	6	-1	-1	2	
corrupted/print/text/International_Logistics_Fire_Report(print)_page_tree.pdf	lopdf-0.45.0	err	0	0	-1	2	couldn't parse input
corrupted/print/text/International_Logistics_Fire_Report(print)_page_tree.pdf	pdfrum-0.4.0	err	0	0	-1	0	cannot open document: damaged beyond recovery: no document catalog
corrupted/print/text/International_Logistics_Fire_Report(print)_page_tree.pdf	hayro-syntax-0.8.0	err	0	0	-1	2	Invalid
corrupted/print/text/International_Logistics_Fire_Report(print)_partial_cut.pdf	lopdf-0.45.0	err	0	0	-1	2	failed parsing cross reference table
corrupted/print/text/International_Logistics_Fire_Report(print)_partial_cut.pdf	pdfrum-0.4.0	err	0	0	-1	2	cannot open document: damaged beyond recovery: no usable cross-reference information
corrupted/print/text/International_Logistics_Fire_Report(print)_partial_cut.pdf	hayro-syntax-0.8.0	err	0	0	-1	3	Invalid
corrupted/print/text/International_Logistics_Fire_Report(print)_remove_fonts.pdf	lopdf-0.45.0	ok	6	4490	-1	22	
corrupted/print/text/International_Logistics_Fire_Report(print)_remove_fonts.pdf	pdfrum-0.4.0	ok	6	4465	486	53	
corrupted/print/text/International_Logistics_Fire_Report(print)_remove_fonts.pdf	hayro-syntax-0.8.0	ok	6	-1	-1	4	
corrupted/print/text/International_Logistics_Fire_Report(print)_remove_unicode_fonts.pdf	lopdf-0.45.0	ok	6	3231	-1	22	
corrupted/print/text/International_Logistics_Fire_Report(print)_remove_unicode_fonts.pdf	pdfrum-0.4.0	ok	6	4916	1099	42	
corrupted/print/text/International_Logistics_Fire_Report(print)_remove_unicode_fonts.pdf	hayro-syntax-0.8.0	ok	6	-1	-1	9	
corrupted/print/text/International_Logistics_Fire_Report(print)_stream_zlib.pdf	lopdf-0.45.0	ok	6	4080	-1	23	
corrupted/print/text/International_Logistics_Fire_Report(print)_stream_zlib.pdf	pdfrum-0.4.0	ok	6	4057	655	33	
corrupted/print/text/International_Logistics_Fire_Report(print)_stream_zlib.pdf	hayro-syntax-0.8.0	ok	6	-1	-1	2	
corrupted/print/text/International_Logistics_Fire_Report(print)_trailer.pdf	lopdf-0.45.0	ok	6	4490	-1	25	
corrupted/print/text/International_Logistics_Fire_Report(print)_trailer.pdf	pdfrum-0.4.0	ok	6	4499	481	37	
corrupted/print/text/International_Logistics_Fire_Report(print)_trailer.pdf	hayro-syntax-0.8.0	ok	6	-1	-1	4	
corrupted/print/text/International_Logistics_Fire_Report(print)_xref.pdf	lopdf-0.45.0	ok	6	4490	-1	23	
corrupted/print/text/International_Logistics_Fire_Report(print)_xref.pdf	pdfrum-0.4.0	ok	6	4499	480	44	
corrupted/print/text/International_Logistics_Fire_Report(print)_xref.pdf	hayro-syntax-0.8.0	ok	6	-1	-1	4	
corrupted/print/text/Lumina_Interior_Lighting_Designbook(print)_font_mapping_loss.pdf	lopdf-0.45.0	ok	6	0	-1	14	
corrupted/print/text/Lumina_Interior_Lighting_Designbook(print)_font_mapping_loss.pdf	pdfrum-0.4.0	ok	6	7040	4098	75	
corrupted/print/text/Lumina_Interior_Lighting_Designbook(print)_font_mapping_loss.pdf	hayro-syntax-0.8.0	ok	6	-1	-1	2	
corrupted/print/text/Lumina_Interior_Lighting_Designbook(print)_header.pdf	lopdf-0.45.0	err	0	0	-1	0	couldn't parse input
corrupted/print/text/Lumina_Interior_Lighting_Designbook(print)_header.pdf	pdfrum-0.4.0	err	0	0	-1	0	cannot open document: not a PDF file
corrupted/print/text/Lumina_Interior_Lighting_Designbook(print)_header.pdf	hayro-syntax-0.8.0	ok	6	-1	-1	1	
corrupted/print/text/Lumina_Interior_Lighting_Designbook(print)_object_header.pdf	lopdf-0.45.0	ok	0	0	-1	0	
corrupted/print/text/Lumina_Interior_Lighting_Designbook(print)_object_header.pdf	pdfrum-0.4.0	ok	6	4942	438	39	
corrupted/print/text/Lumina_Interior_Lighting_Designbook(print)_object_header.pdf	hayro-syntax-0.8.0	ok	6	-1	-1	2	
corrupted/print/text/Lumina_Interior_Lighting_Designbook(print)_page_tree.pdf	lopdf-0.45.0	err	0	0	-1	2	couldn't parse input
corrupted/print/text/Lumina_Interior_Lighting_Designbook(print)_page_tree.pdf	pdfrum-0.4.0	err	0	0	-1	0	cannot open document: damaged beyond recovery: no document catalog
corrupted/print/text/Lumina_Interior_Lighting_Designbook(print)_page_tree.pdf	hayro-syntax-0.8.0	err	0	0	-1	2	Invalid
corrupted/print/text/Lumina_Interior_Lighting_Designbook(print)_partial_cut.pdf	lopdf-0.45.0	err	0	0	-1	1	failed parsing cross reference table
corrupted/print/text/Lumina_Interior_Lighting_Designbook(print)_partial_cut.pdf	pdfrum-0.4.0	err	0	0	-1	0	cannot open document: damaged beyond recovery: no usable cross-reference information
corrupted/print/text/Lumina_Interior_Lighting_Designbook(print)_partial_cut.pdf	hayro-syntax-0.8.0	err	0	0	-1	2	Invalid
corrupted/print/text/Lumina_Interior_Lighting_Designbook(print)_remove_fonts.pdf	lopdf-0.45.0	ok	6	4937	-1	13	
corrupted/print/text/Lumina_Interior_Lighting_Designbook(print)_remove_fonts.pdf	pdfrum-0.4.0	ok	6	4895	466	58	
corrupted/print/text/Lumina_Interior_Lighting_Designbook(print)_remove_fonts.pdf	hayro-syntax-0.8.0	ok	6	-1	-1	3	
corrupted/print/text/Lumina_Interior_Lighting_Designbook(print)_remove_unicode_fonts.pdf	lopdf-0.45.0	ok	6	3568	-1	9	
corrupted/print/text/Lumina_Interior_Lighting_Designbook(print)_remove_unicode_fonts.pdf	pdfrum-0.4.0	ok	6	5132	1132	48	
corrupted/print/text/Lumina_Interior_Lighting_Designbook(print)_remove_unicode_fonts.pdf	hayro-syntax-0.8.0	ok	6	-1	-1	4	
corrupted/print/text/Lumina_Interior_Lighting_Designbook(print)_stream_zlib.pdf	lopdf-0.45.0	ok	6	3791	-1	9	
corrupted/print/text/Lumina_Interior_Lighting_Designbook(print)_stream_zlib.pdf	pdfrum-0.4.0	ok	6	4179	606	30	
corrupted/print/text/Lumina_Interior_Lighting_Designbook(print)_stream_zlib.pdf	hayro-syntax-0.8.0	ok	6	-1	-1	2	
corrupted/print/text/Lumina_Interior_Lighting_Designbook(print)_trailer.pdf	lopdf-0.45.0	ok	6	4937	-1	11	
corrupted/print/text/Lumina_Interior_Lighting_Designbook(print)_trailer.pdf	pdfrum-0.4.0	ok	6	4942	439	37	
corrupted/print/text/Lumina_Interior_Lighting_Designbook(print)_trailer.pdf	hayro-syntax-0.8.0	ok	6	-1	-1	3	
corrupted/print/text/Lumina_Interior_Lighting_Designbook(print)_xref.pdf	lopdf-0.45.0	ok	6	4937	-1	11	
corrupted/print/text/Lumina_Interior_Lighting_Designbook(print)_xref.pdf	pdfrum-0.4.0	ok	6	4942	438	36	
corrupted/print/text/Lumina_Interior_Lighting_Designbook(print)_xref.pdf	hayro-syntax-0.8.0	ok	6	-1	-1	1	
corrupted/print/text/NeoHome_Smart_Appliances_Catalog_v5(print)_font_mapping_loss.pdf	lopdf-0.45.0	ok	6	0	-1	57	
corrupted/print/text/NeoHome_Smart_Appliances_Catalog_v5(print)_font_mapping_loss.pdf	pdfrum-0.4.0	ok	6	9746	4098	89	
corrupted/print/text/NeoHome_Smart_Appliances_Catalog_v5(print)_font_mapping_loss.pdf	hayro-syntax-0.8.0	ok	6	-1	-1	2	
corrupted/print/text/NeoHome_Smart_Appliances_Catalog_v5(print)_header.pdf	lopdf-0.45.0	err	0	0	-1	0	couldn't parse input
corrupted/print/text/NeoHome_Smart_Appliances_Catalog_v5(print)_header.pdf	pdfrum-0.4.0	err	0	0	-1	0	cannot open document: not a PDF file
corrupted/print/text/NeoHome_Smart_Appliances_Catalog_v5(print)_header.pdf	hayro-syntax-0.8.0	ok	6	-1	-1	2	
corrupted/print/text/NeoHome_Smart_Appliances_Catalog_v5(print)_object_header.pdf	lopdf-0.45.0	ok	0	0	-1	0	
corrupted/print/text/NeoHome_Smart_Appliances_Catalog_v5(print)_object_header.pdf	pdfrum-0.4.0	ok	6	6047	647	59	
corrupted/print/text/NeoHome_Smart_Appliances_Catalog_v5(print)_object_header.pdf	hayro-syntax-0.8.0	ok	6	-1	-1	2	
corrupted/print/text/NeoHome_Smart_Appliances_Catalog_v5(print)_page_tree.pdf	lopdf-0.45.0	err	0	0	-1	2	couldn't parse input
corrupted/print/text/NeoHome_Smart_Appliances_Catalog_v5(print)_page_tree.pdf	pdfrum-0.4.0	err	0	0	-1	0	cannot open document: damaged beyond recovery: no document catalog
corrupted/print/text/NeoHome_Smart_Appliances_Catalog_v5(print)_page_tree.pdf	hayro-syntax-0.8.0	err	0	0	-1	2	Invalid
corrupted/print/text/NeoHome_Smart_Appliances_Catalog_v5(print)_partial_cut.pdf	lopdf-0.45.0	err	0	0	-1	1	failed parsing cross reference table
corrupted/print/text/NeoHome_Smart_Appliances_Catalog_v5(print)_partial_cut.pdf	pdfrum-0.4.0	err	0	0	-1	0	cannot open document: damaged beyond recovery: no usable cross-reference information
corrupted/print/text/NeoHome_Smart_Appliances_Catalog_v5(print)_partial_cut.pdf	hayro-syntax-0.8.0	err	0	0	-1	2	Invalid
corrupted/print/text/NeoHome_Smart_Appliances_Catalog_v5(print)_remove_fonts.pdf	lopdf-0.45.0	ok	6	6044	-1	52	
corrupted/print/text/NeoHome_Smart_Appliances_Catalog_v5(print)_remove_fonts.pdf	pdfrum-0.4.0	ok	6	6001	666	81	
corrupted/print/text/NeoHome_Smart_Appliances_Catalog_v5(print)_remove_fonts.pdf	hayro-syntax-0.8.0	ok	6	-1	-1	3	
corrupted/print/text/NeoHome_Smart_Appliances_Catalog_v5(print)_remove_unicode_fonts.pdf	lopdf-0.45.0	ok	6	4814	-1	54	
corrupted/print/text/NeoHome_Smart_Appliances_Catalog_v5(print)_remove_unicode_fonts.pdf	pdfrum-0.4.0	ok	6	6879	1281	71	
corrupted/print/text/NeoHome_Smart_Appliances_Catalog_v5(print)_remove_unicode_fonts.pdf	hayro-syntax-0.8.0	ok	6	-1	-1	4	
corrupted/print/text/NeoHome_Smart_Appliances_Catalog_v5(print)_stream_zlib.pdf	lopdf-0.45.0	ok	6	3406	-1	63	
corrupted/print/text/NeoHome_Smart_Appliances_Catalog_v5(print)_stream_zlib.pdf	pdfrum-0.4.0	ok	6	4063	1842	64	
corrupted/print/text/NeoHome_Smart_Appliances_Catalog_v5(print)_stream_zlib.pdf	hayro-syntax-0.8.0	ok	6	-1	-1	2	
corrupted/print/text/NeoHome_Smart_Appliances_Catalog_v5(print)_trailer.pdf	lopdf-0.45.0	ok	6	6044	-1	69	
corrupted/print/text/NeoHome_Smart_Appliances_Catalog_v5(print)_trailer.pdf	pdfrum-0.4.0	ok	6	6047	648	73	
corrupted/print/text/NeoHome_Smart_Appliances_Catalog_v5(print)_trailer.pdf	hayro-syntax-0.8.0	ok	6	-1	-1	4	
corrupted/print/text/NeoHome_Smart_Appliances_Catalog_v5(print)_xref.pdf	lopdf-0.45.0	ok	6	6044	-1	53	
corrupted/print/text/NeoHome_Smart_Appliances_Catalog_v5(print)_xref.pdf	pdfrum-0.4.0	ok	6	6047	647	55	
corrupted/print/text/NeoHome_Smart_Appliances_Catalog_v5(print)_xref.pdf	hayro-syntax-0.8.0	ok	6	-1	-1	2	
corrupted/print/text/New_Care_Models_Aging_Society(print)_font_mapping_loss.pdf	lopdf-0.45.0	ok	6	0	-1	71	
corrupted/print/text/New_Care_Models_Aging_Society(print)_font_mapping_loss.pdf	pdfrum-0.4.0	ok	6	12843	4098	120	
corrupted/print/text/New_Care_Models_Aging_Society(print)_font_mapping_loss.pdf	hayro-syntax-0.8.0	ok	6	-1	-1	2	
corrupted/print/text/New_Care_Models_Aging_Society(print)_header.pdf	lopdf-0.45.0	err	0	0	-1	0	couldn't parse input
corrupted/print/text/New_Care_Models_Aging_Society(print)_header.pdf	pdfrum-0.4.0	err	0	0	-1	0	cannot open document: not a PDF file
corrupted/print/text/New_Care_Models_Aging_Society(print)_header.pdf	hayro-syntax-0.8.0	ok	6	-1	-1	3	
corrupted/print/text/New_Care_Models_Aging_Society(print)_object_header.pdf	lopdf-0.45.0	ok	0	0	-1	0	
corrupted/print/text/New_Care_Models_Aging_Society(print)_object_header.pdf	pdfrum-0.4.0	ok	6	7953	671	59	
corrupted/print/text/New_Care_Models_Aging_Society(print)_object_header.pdf	hayro-syntax-0.8.0	ok	6	-1	-1	2	
corrupted/print/text/New_Care_Models_Aging_Society(print)_page_tree.pdf	lopdf-0.45.0	err	0	0	-1	2	couldn't parse input
corrupted/print/text/New_Care_Models_Aging_Society(print)_page_tree.pdf	pdfrum-0.4.0	err	0	0	-1	0	cannot open document: damaged beyond recovery: no document catalog
corrupted/print/text/New_Care_Models_Aging_Society(print)_page_tree.pdf	hayro-syntax-0.8.0	err	0	0	-1	2	Invalid
corrupted/print/text/New_Care_Models_Aging_Society(print)_partial_cut.pdf	lopdf-0.45.0	err	0	0	-1	1	failed parsing cross reference table
corrupted/print/text/New_Care_Models_Aging_Society(print)_partial_cut.pdf	pdfrum-0.4.0	err	0	0	-1	0	cannot open document: damaged beyond recovery: no usable cross-reference information
corrupted/print/text/New_Care_Models_Aging_Society(print)_partial_cut.pdf	hayro-syntax-0.8.0	err	0	0	-1	2	Invalid
corrupted/print/text/New_Care_Models_Aging_Society(print)_remove_fonts.pdf	lopdf-0.45.0	ok	6	7938	-1	75	
corrupted/print/text/New_Care_Models_Aging_Society(print)_remove_fonts.pdf	pdfrum-0.4.0	ok	6	7874	715	115	
corrupted/print/text/New_Care_Models_Aging_Society(print)_remove_fonts.pdf	hayro-syntax-0.8.0	ok	6	-1	-1	4	
corrupted/print/text/New_Care_Models_Aging_Society(print)_remove_unicode_fonts.pdf	lopdf-0.45.0	ok	6	6261	-1	85	
corrupted/print/text/New_Care_Models_Aging_Society(print)_remove_unicode_fonts.pdf	pdfrum-0.4.0	ok	6	8756	1824	83	
corrupted/print/text/New_Care_Models_Aging_Society(print)_remove_unicode_fonts.pdf	hayro-syntax-0.8.0	ok	6	-1	-1	3	
corrupted/print/text/New_Care_Models_Aging_Society(print)_stream_zlib.pdf	lopdf-0.45.0	ok	6	6493	-1	36	
corrupted/print/text/New_Care_Models_Aging_Society(print)_stream_zlib.pdf	pdfrum-0.4.0	ok	6	7463	3380	59	
corrupted/print/text/New_Care_Models_Aging_Society(print)_stream_zlib.pdf	hayro-syntax-0.8.0	ok	6	-1	-1	2	
corrupted/print/text/New_Care_Models_Aging_Society(print)_trailer.pdf	lopdf-0.45.0	ok	6	7938	-1	98	
corrupted/print/text/New_Care_Models_Aging_Society(print)_trailer.pdf	pdfrum-0.4.0	ok	6	7953	672	56	
corrupted/print/text/New_Care_Models_Aging_Society(print)_trailer.pdf	hayro-syntax-0.8.0	ok	6	-1	-1	3	
corrupted/print/text/New_Care_Models_Aging_Society(print)_xref.pdf	lopdf-0.45.0	ok	6	7938	-1	82	
corrupted/print/text/New_Care_Models_Aging_Society(print)_xref.pdf	pdfrum-0.4.0	ok	6	7953	671	56	
corrupted/print/text/New_Care_Models_Aging_Society(print)_xref.pdf	hayro-syntax-0.8.0	ok	6	-1	-1	2	
corrupted/print/text/Next_Decade_Space_Exploration(print)_font_mapping_loss.pdf	lopdf-0.45.0	ok	6	0	-1	10	
corrupted/print/text/Next_Decade_Space_Exploration(print)_font_mapping_loss.pdf	pdfrum-0.4.0	ok	6	11453	4098	66	
corrupted/print/text/Next_Decade_Space_Exploration(print)_font_mapping_loss.pdf	hayro-syntax-0.8.0	ok	6	-1	-1	1	
corrupted/print/text/Next_Decade_Space_Exploration(print)_header.pdf	lopdf-0.45.0	err	0	0	-1	0	couldn't parse input
corrupted/print/text/Next_Decade_Space_Exploration(print)_header.pdf	pdfrum-0.4.0	err	0	0	-1	0	cannot open document: not a PDF file
corrupted/print/text/Next_Decade_Space_Exploration(print)_header.pdf	hayro-syntax-0.8.0	ok	6	-1	-1	1	
corrupted/print/text/Next_Decade_Space_Exploration(print)_object_header.pdf	lopdf-0.45.0	ok	0	0	-1	0	
corrupted/print/text/Next_Decade_Space_Exploration(print)_object_header.pdf	pdfrum-0.4.0	ok	6	7614	542	29	
corrupted/print/text/Next_Decade_Space_Exploration(print)_object_header.pdf	hayro-syntax-0.8.0	ok	6	-1	-1	1	
corrupted/print/text/Next_Decade_Space_Exploration(print)_page_tree.pdf	lopdf-0.45.0	ok	0	0	-1	0	
corrupted/print/text/Next_Decade_Space_Exploration(print)_page_tree.pdf	pdfrum-0.4.0	err	0	0	-1	0	cannot open document: damaged beyond recovery: no document catalog
corrupted/print/text/Next_Decade_Space_Exploration(print)_page_tree.pdf	hayro-syntax-0.8.0	err	0	0	-1	1	Invalid
corrupted/print/text/Next_Decade_Space_Exploration(print)_partial_cut.pdf	lopdf-0.45.0	err	0	0	-1	0	failed parsing cross reference table
corrupted/print/text/Next_Decade_Space_Exploration(print)_partial_cut.pdf	pdfrum-0.4.0	err	0	0	-1	0	cannot open document: damaged beyond recovery: no usable cross-reference information
corrupted/print/text/Next_Decade_Space_Exploration(print)_partial_cut.pdf	hayro-syntax-0.8.0	err	0	0	-1	1	Invalid
corrupted/print/text/Next_Decade_Space_Exploration(print)_remove_fonts.pdf	lopdf-0.45.0	ok	6	7601	-1	14	
corrupted/print/text/Next_Decade_Space_Exploration(print)_remove_fonts.pdf	pdfrum-0.4.0	ok	6	7566	559	78	
corrupted/print/text/Next_Decade_Space_Exploration(print)_remove_fonts.pdf	hayro-syntax-0.8.0	ok	6	-1	-1	3	
corrupted/print/text/Next_Decade_Space_Exploration(print)_remove_unicode_fonts.pdf	lopdf-0.45.0	ok	6	5678	-1	11	
corrupted/print/text/Next_Decade_Space_Exploration(print)_remove_unicode_fonts.pdf	pdfrum-0.4.0	ok	6	8003	1221	56	
corrupted/print/text/Next_Decade_Space_Exploration(print)_remove_unicode_fonts.pdf	hayro-syntax-0.8.0	ok	6	-1	-1	3	
corrupted/print/text/Next_Decade_Space_Exploration(print)_stream_zlib.pdf	lopdf-0.45.0	ok	6	6140	-1	10	
corrupted/print/text/Next_Decade_Space_Exploration(print)_stream_zlib.pdf	pdfrum-0.4.0	ok	6	7075	1533	31	
corrupted/print/text/Next_Decade_Space_Exploration(print)_stream_zlib.pdf	hayro-syntax-0.8.0	ok	6	-1	-1	1	
corrupted/print/text/Next_Decade_Space_Exploration(print)_trailer.pdf	lopdf-0.45.0	ok	6	7601	-1	14	
corrupted/print/text/Next_Decade_Space_Exploration(print)_trailer.pdf	pdfrum-0.4.0	ok	6	7614	543	40	
corrupted/print/text/Next_Decade_Space_Exploration(print)_trailer.pdf	hayro-syntax-0.8.0	ok	6	-1	-1	3	
corrupted/print/text/Next_Decade_Space_Exploration(print)_xref.pdf	lopdf-0.45.0	ok	6	7601	-1	16	
corrupted/print/text/Next_Decade_Space_Exploration(print)_xref.pdf	pdfrum-0.4.0	ok	6	7614	542	30	
corrupted/print/text/Next_Decade_Space_Exploration(print)_xref.pdf	hayro-syntax-0.8.0	ok	6	-1	-1	1	
corrupted/print/text/OceanQuest_Modular_Water_Leisure_Equipment_Guide(print)_font_mapping_loss.pdf	lopdf-0.45.0	ok	6	0	-1	87	
corrupted/print/text/OceanQuest_Modular_Water_Leisure_Equipment_Guide(print)_font_mapping_loss.pdf	pdfrum-0.4.0	ok	6	12941	4098	118	
corrupted/print/text/OceanQuest_Modular_Water_Leisure_Equipment_Guide(print)_font_mapping_loss.pdf	hayro-syntax-0.8.0	ok	6	-1	-1	2	
corrupted/print/text/OceanQuest_Modular_Water_Leisure_Equipment_Guide(print)_header.pdf	lopdf-0.45.0	err	0	0	-1	0	couldn't parse input
corrupted/print/text/OceanQuest_Modular_Water_Leisure_Equipment_Guide(print)_header.pdf	pdfrum-0.4.0	err	0	0	-1	0	cannot open document: not a PDF file
corrupted/print/text/OceanQuest_Modular_Water_Leisure_Equipment_Guide(print)_header.pdf	hayro-syntax-0.8.0	ok	6	-1	-1	3	
corrupted/print/text/OceanQuest_Modular_Water_Leisure_Equipment_Guide(print)_object_header.pdf	lopdf-0.45.0	ok	0	0	-1	0	
corrupted/print/text/OceanQuest_Modular_Water_Leisure_Equipment_Guide(print)_object_header.pdf	pdfrum-0.4.0	ok	6	8717	705	61	
corrupted/print/text/OceanQuest_Modular_Water_Leisure_Equipment_Guide(print)_object_header.pdf	hayro-syntax-0.8.0	ok	6	-1	-1	3	
corrupted/print/text/OceanQuest_Modular_Water_Leisure_Equipment_Guide(print)_page_tree.pdf	lopdf-0.45.0	ok	0	0	-1	2	
corrupted/print/text/OceanQuest_Modular_Water_Leisure_Equipment_Guide(print)_page_tree.pdf	pdfrum-0.4.0	err	0	0	-1	0	cannot open document: damaged beyond recovery: no document catalog
corrupted/print/text/OceanQuest_Modular_Water_Leisure_Equipment_Guide(print)_page_tree.pdf	hayro-syntax-0.8.0	ok	6	-1	-1	3	
corrupted/print/text/OceanQuest_Modular_Water_Leisure_Equipment_Guide(print)_partial_cut.pdf	lopdf-0.45.0	err	0	0	-1	2	failed parsing cross reference table
corrupted/print/text/OceanQuest_Modular_Water_Leisure_Equipment_Guide(print)_partial_cut.pdf	pdfrum-0.4.0	err	0	0	-1	0	cannot open document: damaged beyond recovery: no usable cross-reference information
corrupted/print/text/OceanQuest_Modular_Water_Leisure_Equipment_Guide(print)_partial_cut.pdf	hayro-syntax-0.8.0	err	0	0	-1	3	Invalid
corrupted/print/text/OceanQuest_Modular_Water_Leisure_Equipment_Guide(print)_remove_fonts.pdf	lopdf-0.45.0	ok	6	8715	-1	82	
corrupted/print/text/OceanQuest_Modular_Water_Leisure_Equipment_Guide(print)_remove_fonts.pdf	pdfrum-0.4.0	ok	6	8577	808	132	
corrupted/print/text/OceanQuest_Modular_Water_Leisure_Equipment_Guide(print)_remove_fonts.pdf	hayro-syntax-0.8.0	ok	6	-1	-1	4	
corrupted/print/text/OceanQuest_Modular_Water_Leisure_Equipment_Guide(print)_remove_unicode_fonts.pdf	lopdf-0.45.0	ok	6	6296	-1	105	
corrupted/print/text/OceanQuest_Modular_Water_Leisure_Equipment_Guide(print)_remove_unicode_fonts.pdf	pdfrum-0.4.0	ok	6	9185	1745	167	
corrupted/print/text/OceanQuest_Modular_Water_Leisure_Equipment_Guide(print)_remove_unicode_fonts.pdf	hayro-syntax-0.8.0	ok	6	-1	-1	6	
corrupted/print/text/OceanQuest_Modular_Water_Leisure_Equipment_Guide(print)_stream_zlib.pdf	lopdf-0.45.0	ok	6	6850	-1	33	
corrupted/print/text/OceanQuest_Modular_Water_Leisure_Equipment_Guide(print)_stream_zlib.pdf	pdfrum-0.4.0	ok	6	8212	4098	60	
corrupted/print/text/OceanQuest_Modular_Water_Leisure_Equipment_Guide(print)_stream_zlib.pdf	hayro-syntax-0.8.0	ok	6	-1	-1	3	
corrupted/print/text/OceanQuest_Modular_Water_Leisure_Equipment_Guide(print)_trailer.pdf	lopdf-0.45.0	ok	6	8715	-1	80	
corrupted/print/text/OceanQuest_Modular_Water_Leisure_Equipment_Guide(print)_trailer.pdf	pdfrum-0.4.0	ok	6	8717	706	60	
corrupted/print/text/OceanQuest_Modular_Water_Leisure_Equipment_Guide(print)_trailer.pdf	hayro-syntax-0.8.0	ok	6	-1	-1	5	
corrupted/print/text/OceanQuest_Modular_Water_Leisure_Equipment_Guide(print)_xref.pdf	lopdf-0.45.0	ok	6	8715	-1	78	
corrupted/print/text/OceanQuest_Modular_Water_Leisure_Equipment_Guide(print)_xref.pdf	pdfrum-0.4.0	ok	6	8717	705	61	
corrupted/print/text/OceanQuest_Modular_Water_Leisure_Equipment_Guide(print)_xref.pdf	hayro-syntax-0.8.0	ok	6	-1	-1	2	
corrupted/print/text/PetPal_Smart_PetCare_Products(print)_font_mapping_loss.pdf	lopdf-0.45.0	ok	6	0	-1	35	
corrupted/print/text/PetPal_Smart_PetCare_Products(print)_font_mapping_loss.pdf	pdfrum-0.4.0	ok	6	7640	3041	71	
corrupted/print/text/PetPal_Smart_PetCare_Products(print)_font_mapping_loss.pdf	hayro-syntax-0.8.0	ok	6	-1	-1	3	
corrupted/print/text/PetPal_Smart_PetCare_Products(print)_header.pdf	lopdf-0.45.0	err	0	0	-1	0	couldn't parse input
corrupted/print/text/PetPal_Smart_PetCare_Products(print)_header.pdf	pdfrum-0.4.0	err	0	0	-1	0	cannot open document: not a PDF file
corrupted/print/text/PetPal_Smart_PetCare_Products(print)_header.pdf	hayro-syntax-0.8.0	ok	6	-1	-1	3	
corrupted/print/text/PetPal_Smart_PetCare_Products(print)_object_header.pdf	lopdf-0.45.0	ok	0	0	-1	0	
corrupted/print/text/PetPal_Smart_PetCare_Products(print)_object_header.pdf	pdfrum-0.4.0	ok	6	4855	444	53	
corrupted/print/text/PetPal_Smart_PetCare_Products(print)_object_header.pdf	hayro-syntax-0.8.0	ok	6	-1	-1	3	
corrupted/print/text/PetPal_Smart_PetCare_Products(print)_page_tree.pdf	lopdf-0.45.0	err	0	0	-1	2	couldn't parse input
corrupted/print/text/PetPal_Smart_PetCare_Products(print)_page_tree.pdf	pdfrum-0.4.0	err	0	0	-1	0	cannot open document: damaged beyond recovery: no document catalog
corrupted/print/text/PetPal_Smart_PetCare_Products(print)_page_tree.pdf	hayro-syntax-0.8.0	err	0	0	-1	2	Invalid
corrupted/print/text/PetPal_Smart_PetCare_Products(print)_partial_cut.pdf	lopdf-0.45.0	err	0	0	-1	2	failed parsing cross reference table
corrupted/print/text/PetPal_Smart_PetCare_Products(print)_partial_cut.pdf	pdfrum-0.4.0	err	0	0	-1	1	cannot open document: damaged beyond recovery: no usable cross-reference information
corrupted/print/text/PetPal_Smart_PetCare_Products(print)_partial_cut.pdf	hayro-syntax-0.8.0	err	0	0	-1	3	Invalid
corrupted/print/text/PetPal_Smart_PetCare_Products(print)_remove_fonts.pdf	lopdf-0.45.0	ok	6	4849	-1	44	
corrupted/print/text/PetPal_Smart_PetCare_Products(print)_remove_fonts.pdf	pdfrum-0.4.0	ok	6	4835	451	63	
corrupted/print/text/PetPal_Smart_PetCare_Products(print)_remove_fonts.pdf	hayro-syntax-0.8.0	ok	6	-1	-1	6	
corrupted/print/text/PetPal_Smart_PetCare_Products(print)_remove_unicode_fonts.pdf	lopdf-0.45.0	ok	6	3303	-1	35	
corrupted/print/text/PetPal_Smart_PetCare_Products(print)_remove_unicode_fonts.pdf	pdfrum-0.4.0	ok	6	5363	1018	53	
corrupted/print/text/PetPal_Smart_PetCare_Products(print)_remove_unicode_fonts.pdf	hayro-syntax-0.8.0	ok	6	-1	-1	7	
corrupted/print/text/PetPal_Smart_PetCare_Products(print)_stream_zlib.pdf	lopdf-0.45.0	ok	6	4330	-1	40	
corrupted/print/text/PetPal_Smart_PetCare_Products(print)_stream_zlib.pdf	pdfrum-0.4.0	ok	6	3877	596	40	
corrupted/print/text/PetPal_Smart_PetCare_Products(print)_stream_zlib.pdf	hayro-syntax-0.8.0	ok	6	-1	-1	3	
corrupted/print/text/PetPal_Smart_PetCare_Products(print)_trailer.pdf	lopdf-0.45.0	ok	6	4849	-1	39	
corrupted/print/text/PetPal_Smart_PetCare_Products(print)_trailer.pdf	pdfrum-0.4.0	ok	6	4855	445	57	
corrupted/print/text/PetPal_Smart_PetCare_Products(print)_trailer.pdf	hayro-syntax-0.8.0	ok	6	-1	-1	5	
corrupted/print/text/PetPal_Smart_PetCare_Products(print)_xref.pdf	lopdf-0.45.0	ok	6	4849	-1	41	
corrupted/print/text/PetPal_Smart_PetCare_Products(print)_xref.pdf	pdfrum-0.4.0	ok	6	4855	444	70	
corrupted/print/text/PetPal_Smart_PetCare_Products(print)_xref.pdf	hayro-syntax-0.8.0	ok	6	-1	-1	3	
corrupted/print/text/Quantum_Computing_Race(print)_font_mapping_loss.pdf	lopdf-0.45.0	ok	6	0	-1	12	
corrupted/print/text/Quantum_Computing_Race(print)_font_mapping_loss.pdf	pdfrum-0.4.0	ok	6	12497	4098	96	
corrupted/print/text/Quantum_Computing_Race(print)_font_mapping_loss.pdf	hayro-syntax-0.8.0	ok	6	-1	-1	3	
corrupted/print/text/Quantum_Computing_Race(print)_header.pdf	lopdf-0.45.0	err	0	0	-1	0	couldn't parse input
corrupted/print/text/Quantum_Computing_Race(print)_header.pdf	pdfrum-0.4.0	err	0	0	-1	0	cannot open document: not a PDF file
corrupted/print/text/Quantum_Computing_Race(print)_header.pdf	hayro-syntax-0.8.0	ok	6	-1	-1	2	
corrupted/print/text/Quantum_Computing_Race(print)_object_header.pdf	lopdf-0.45.0	ok	0	0	-1	0	
corrupted/print/text/Quantum_Computing_Race(print)_object_header.pdf	pdfrum-0.4.0	ok	6	8289	733	39	
corrupted/print/text/Quantum_Computing_Race(print)_object_header.pdf	hayro-syntax-0.8.0	ok	6	-1	-1	2	
corrupted/print/text/Quantum_Computing_Race(print)_page_tree.pdf	lopdf-0.45.0	err	0	0	-1	1	couldn't parse input
corrupted/print/text/Quantum_Computing_Race(print)_page_tree.pdf	pdfrum-0.4.0	err	0	0	-1	0	cannot open document: damaged beyond recovery: no document catalog
corrupted/print/text/Quantum_Computing_Race(print)_page_tree.pdf	hayro-syntax-0.8.0	err	0	0	-1	2	Invalid
corrupted/print/text/Quantum_Computing_Race(print)_partial_cut.pdf	lopdf-0.45.0	err	0	0	-1	2	failed parsing cross reference table
corrupted/print/text/Quantum_Computing_Race(print)_partial_cut.pdf	pdfrum-0.4.0	err	0	0	-1	3	cannot open document: damaged beyond recovery: no usable cross-reference information
corrupted/print/text/Quantum_Computing_Race(print)_partial_cut.pdf	hayro-syntax-0.8.0	err	0	0	-1	3	Invalid
corrupted/print/text/Quantum_Computing_Race(print)_remove_fonts.pdf	lopdf-0.45.0	ok	6	8284	-1	16	
corrupted/print/text/Quantum_Computing_Race(print)_remove_fonts.pdf	pdfrum-0.4.0	ok	6	8200	789	94	
corrupted/print/text/Quantum_Computing_Race(print)_remove_fonts.pdf	hayro-syntax-0.8.0	ok	6	-1	-1	5	
corrupted/print/text/Quantum_Computing_Race(print)_remove_unicode_fonts.pdf	lopdf-0.45.0	ok	6	6347	-1	14	
corrupted/print/text/Quantum_Computing_Race(print)_remove_unicode_fonts.pdf	pdfrum-0.4.0	ok	6	8937	1594	74	
corrupted/print/text/Quantum_Computing_Race(print)_remove_unicode_fonts.pdf	hayro-syntax-0.8.0	ok	6	-1	-1	4	
corrupted/print/text/Quantum_Computing_Race(print)_stream_zlib.pdf	lopdf-0.45.0	ok	5	4962	-1	10	
corrupted/print/text/Quantum_Computing_Race(print)_stream_zlib.pdf	pdfrum-0.4.0	ok	6	5393	1824	32	
corrupted/print/text/Quantum_Computing_Race(print)_stream_zlib.pdf	hayro-syntax-0.8.0	ok	5	-1	-1	2	
corrupted/print/text/Quantum_Computing_Race(print)_trailer.pdf	lopdf-0.45.0	ok	6	8284	-1	16	
corrupted/print/text/Quantum_Computing_Race(print)_trailer.pdf	pdfrum-0.4.0	ok	6	8289	734	38	
corrupted/print/text/Quantum_Computing_Race(print)_trailer.pdf	hayro-syntax-0.8.0	ok	6	-1	-1	4	
corrupted/print/text/Quantum_Computing_Race(print)_xref.pdf	lopdf-0.45.0	ok	6	8284	-1	16	
corrupted/print/text/Quantum_Computing_Race(print)_xref.pdf	pdfrum-0.4.0	ok	6	8289	733	36	
corrupted/print/text/Quantum_Computing_Race(print)_xref.pdf	hayro-syntax-0.8.0	ok	6	-1	-1	2	
corrupted/print/text/Robots_Automation_Future_Work(print)_font_mapping_loss.pdf	lopdf-0.45.0	ok	6	0	-1	37	
corrupted/print/text/Robots_Automation_Future_Work(print)_font_mapping_loss.pdf	pdfrum-0.4.0	ok	6	10083	4098	75	
corrupted/print/text/Robots_Automation_Future_Work(print)_font_mapping_loss.pdf	hayro-syntax-0.8.0	ok	6	-1	-1	2	
corrupted/print/text/Robots_Automation_Future_Work(print)_header.pdf	lopdf-0.45.0	err	0	0	-1	0	couldn't parse input
corrupted/print/text/Robots_Automation_Future_Work(print)_header.pdf	pdfrum-0.4.0	err	0	0	-1	0	cannot open document: not a PDF file
corrupted/print/text/Robots_Automation_Future_Work(print)_header.pdf	hayro-syntax-0.8.0	ok	6	-1	-1	1	
corrupted/print/text/Robots_Automation_Future_Work(print)_object_header.pdf	lopdf-0.45.0	ok	0	0	-1	0	
corrupted/print/text/Robots_Automation_Future_Work(print)_object_header.pdf	pdfrum-0.4.0	ok	6	6568	573	41	
corrupted/print/text/Robots_Automation_Future_Work(print)_object_header.pdf	hayro-syntax-0.8.0	ok	6	-1	-1	2	
corrupted/print/text/Robots_Automation_Future_Work(print)_page_tree.pdf	lopdf-0.45.0	err	0	0	-1	1	couldn't parse input
corrupted/print/text/Robots_Automation_Future_Work(print)_page_tree.pdf	pdfrum-0.4.0	err	0	0	-1	0	cannot open document: damaged beyond recovery: no document catalog
corrupted/print/text/Robots_Automation_Future_Work(print)_page_tree.pdf	hayro-syntax-0.8.0	err	0	0	-1	2	Invalid
corrupted/print/text/Robots_Automation_Future_Work(print)_partial_cut.pdf	lopdf-0.45.0	err	0	0	-1	1	failed parsing cross reference table
corrupted/print/text/Robots_Automation_Future_Work(print)_partial_cut.pdf	pdfrum-0.4.0	err	0	0	-1	0	cannot open document: damaged beyond recovery: no usable cross-reference information
corrupted/print/text/Robots_Automation_Future_Work(print)_partial_cut.pdf	hayro-syntax-0.8.0	err	0	0	-1	2	Invalid
corrupted/print/text/Robots_Automation_Future_Work(print)_remove_fonts.pdf	lopdf-0.45.0	ok	6	6554	-1	32	
corrupted/print/text/Robots_Automation_Future_Work(print)_remove_fonts.pdf	pdfrum-0.4.0	ok	6	6523	590	74	
corrupted/print/text/Robots_Automation_Future_Work(print)_remove_fonts.pdf	hayro-syntax-0.8.0	ok	6	-1	-1	3	
corrupted/print/text/Robots_Automation_Future_Work(print)_remove_unicode_fonts.pdf	lopdf-0.45.0	ok	6	4749	-1	31	
corrupted/print/text/Robots_Automation_Future_Work(print)_remove_unicode_fonts.pdf	pdfrum-0.4.0	ok	6	6970	1241	59	
corrupted/print/text/Robots_Automation_Future_Work(print)_remove_unicode_fonts.pdf	hayro-syntax-0.8.0	ok	6	-1	-1	4	
corrupted/print/text/Robots_Automation_Future_Work(print)_stream_zlib.pdf	lopdf-0.45.0	ok	6	4511	-1	31	
corrupted/print/text/Robots_Automation_Future_Work(print)_stream_zlib.pdf	pdfrum-0.4.0	ok	6	4930	2256	49	
corrupted/print/text/Robots_Automation_Future_Work(print)_stream_zlib.pdf	hayro-syntax-0.8.0	ok	6	-1	-1	2	
corrupted/print/text/Robots_Automation_Future_Work(print)_trailer.pdf	lopdf-0.45.0	ok	6	6554	-1	36	
corrupted/print/text/Robots_Automation_Future_Work(print)_trailer.pdf	pdfrum-0.4.0	ok	6	6568	574	42	
corrupted/print/text/Robots_Automation_Future_Work(print)_trailer.pdf	hayro-syntax-0.8.0	ok	6	-1	-1	4	
corrupted/print/text/Robots_Automation_Future_Work(print)_xref.pdf	lopdf-0.45.0	ok	6	6554	-1	34	
corrupted/print/text/Robots_Automation_Future_Work(print)_xref.pdf	pdfrum-0.4.0	ok	6	6568	573	47	
corrupted/print/text/Robots_Automation_Future_Work(print)_xref.pdf	hayro-syntax-0.8.0	ok	6	-1	-1	2	
corrupted/print/text/Security_Breach_Investigation_Report(print)_font_mapping_loss.pdf	lopdf-0.45.0	ok	6	0	-1	32	
corrupted/print/text/Security_Breach_Investigation_Report(print)_font_mapping_loss.pdf	pdfrum-0.4.0	ok	6	7935	3566	66	
corrupted/print/text/Security_Breach_Investigation_Report(print)_font_mapping_loss.pdf	hayro-syntax-0.8.0	ok	6	-1	-1	3	
corrupted/print/text/Security_Breach_Investigation_Report(print)_header.pdf	lopdf-0.45.0	err	0	0	-1	0	couldn't parse input
corrupted/print/text/Security_Breach_Investigation_Report(print)_header.pdf	pdfrum-0.4.0	err	0	0	-1	0	cannot open document: not a PDF file
corrupted/print/text/Security_Breach_Investigation_Report(print)_header.pdf	hayro-syntax-0.8.0	ok	6	-1	-1	2	
corrupted/print/text/Security_Breach_Investigation_Report(print)_object_header.pdf	lopdf-0.45.0	ok	0	0	-1	1	
corrupted/print/text/Security_Breach_Investigation_Report(print)_object_header.pdf	pdfrum-0.4.0	ok	6	5221	506	46	
corrupted/print/text/Security_Breach_Investigation_Report(print)_object_header.pdf	hayro-syntax-0.8.0	ok	6	-1	-1	4	
corrupted/print/text/Security_Breach_Investigation_Report(print)_page_tree.pdf	lopdf-0.45.0	ok	0	0	-1	1	
corrupted/print/text/Security_Breach_Investigation_Report(print)_page_tree.pdf	pdfrum-0.4.0	ok	1	0	30	0	
corrupted/print/text/Security_Breach_Investigation_Report(print)_page_tree.pdf	hayro-syntax-0.8.0	ok	6	-1	-1	4	
corrupted/print/text/Security_Breach_Investigation_Report(print)_partial_cut.pdf	lopdf-0.45.0	err	0	0	-1	2	failed parsing cross reference table
corrupted/print/text/Security_Breach_Investigation_Report(print)_partial_cut.pdf	pdfrum-0.4.0	err	0	0	-1	2	cannot open document: damaged beyond recovery: no usable cross-reference information
corrupted/print/text/Security_Breach_Investigation_Report(print)_partial_cut.pdf	hayro-syntax-0.8.0	err	0	0	-1	3	Invalid
corrupted/print/text/Security_Breach_Investigation_Report(print)_remove_fonts.pdf	lopdf-0.45.0	ok	6	5220	-1	56	
corrupted/print/text/Security_Breach_Investigation_Report(print)_remove_fonts.pdf	pdfrum-0.4.0	ok	6	5173	543	107	
corrupted/print/text/Security_Breach_Investigation_Report(print)_remove_fonts.pdf	hayro-syntax-0.8.0	ok	6	-1	-1	6	
corrupted/print/text/Security_Breach_Investigation_Report(print)_remove_unicode_fonts.pdf	lopdf-0.45.0	ok	6	3619	-1	25	
corrupted/print/text/Security_Breach_Investigation_Report(print)_remove_unicode_fonts.pdf	pdfrum-0.4.0	ok	6	5782	1124	46	
corrupted/print/text/Security_Breach_Investigation_Report(print)_remove_unicode_fonts.pdf	hayro-syntax-0.8.0	ok	6	-1	-1	5	
corrupted/print/text/Security_Breach_Investigation_Report(print)_stream_zlib.pdf	lopdf-0.45.0	ok	6	4927	-1	26	
corrupted/print/text/Security_Breach_Investigation_Report(print)_stream_zlib.pdf	pdfrum-0.4.0	ok	6	5223	746	41	
corrupted/print/text/Security_Breach_Investigation_Report(print)_stream_zlib.pdf	hayro-syntax-0.8.0	ok	6	-1	-1	3	
corrupted/print/text/Security_Breach_Investigation_Report(print)_trailer.pdf	lopdf-0.45.0	ok	6	5220	-1	27	
corrupted/print/text/Security_Breach_Investigation_Report(print)_trailer.pdf	pdfrum-0.4.0	ok	6	5221	507	38	
corrupted/print/text/Security_Breach_Investigation_Report(print)_trailer.pdf	hayro-syntax-0.8.0	ok	6	-1	-1	4	
corrupted/print/text/Security_Breach_Investigation_Report(print)_xref.pdf	lopdf-0.45.0	ok	6	5220	-1	28	
corrupted/print/text/Security_Breach_Investigation_Report(print)_xref.pdf	pdfrum-0.4.0	ok	6	5221	506	44	
corrupted/print/text/Security_Breach_Investigation_Report(print)_xref.pdf	hayro-syntax-0.8.0	ok	6	-1	-1	3	
corrupted/print/text/SkyGarden_Indoor_Vertical_Garden_Solutions(print)_font_mapping_loss.pdf	lopdf-0.45.0	ok	6	0	-1	29	
corrupted/print/text/SkyGarden_Indoor_Vertical_Garden_Solutions(print)_font_mapping_loss.pdf	pdfrum-0.4.0	ok	6	5274	3326	69	
corrupted/print/text/SkyGarden_Indoor_Vertical_Garden_Solutions(print)_font_mapping_loss.pdf	hayro-syntax-0.8.0	ok	6	-1	-1	4	
corrupted/print/text/SkyGarden_Indoor_Vertical_Garden_Solutions(print)_header.pdf	lopdf-0.45.0	err	0	0	-1	0	couldn't parse input
corrupted/print/text/SkyGarden_Indoor_Vertical_Garden_Solutions(print)_header.pdf	pdfrum-0.4.0	err	0	0	-1	0	cannot open document: not a PDF file
corrupted/print/text/SkyGarden_Indoor_Vertical_Garden_Solutions(print)_header.pdf	hayro-syntax-0.8.0	ok	6	-1	-1	3	
corrupted/print/text/SkyGarden_Indoor_Vertical_Garden_Solutions(print)_object_header.pdf	lopdf-0.45.0	ok	0	0	-1	0	
corrupted/print/text/SkyGarden_Indoor_Vertical_Garden_Solutions(print)_object_header.pdf	pdfrum-0.4.0	ok	6	3956	467	44	
corrupted/print/text/SkyGarden_Indoor_Vertical_Garden_Solutions(print)_object_header.pdf	hayro-syntax-0.8.0	ok	6	-1	-1	3	
corrupted/print/text/SkyGarden_Indoor_Vertical_Garden_Solutions(print)_page_tree.pdf	lopdf-0.45.0	err	0	0	-1	2	couldn't parse input
corrupted/print/text/SkyGarden_Indoor_Vertical_Garden_Solutions(print)_page_tree.pdf	pdfrum-0.4.0	err	0	0	-1	0	cannot open document: damaged beyond recovery: no document catalog
corrupted/print/text/SkyGarden_Indoor_Vertical_Garden_Solutions(print)_page_tree.pdf	hayro-syntax-0.8.0	err	0	0	-1	2	Invalid
corrupted/print/text/SkyGarden_Indoor_Vertical_Garden_Solutions(print)_partial_cut.pdf	lopdf-0.45.0	err	0	0	-1	2	failed parsing cross reference table
corrupted/print/text/SkyGarden_Indoor_Vertical_Garden_Solutions(print)_partial_cut.pdf	pdfrum-0.4.0	err	0	0	-1	1	cannot open document: damaged beyond recovery: no usable cross-reference information
corrupted/print/text/SkyGarden_Indoor_Vertical_Garden_Solutions(print)_partial_cut.pdf	hayro-syntax-0.8.0	err	0	0	-1	3	Invalid
corrupted/print/text/SkyGarden_Indoor_Vertical_Garden_Solutions(print)_remove_fonts.pdf	lopdf-0.45.0	ok	6	3957	-1	28	
corrupted/print/text/SkyGarden_Indoor_Vertical_Garden_Solutions(print)_remove_fonts.pdf	pdfrum-0.4.0	ok	6	3927	480	75	
corrupted/print/text/SkyGarden_Indoor_Vertical_Garden_Solutions(print)_remove_fonts.pdf	hayro-syntax-0.8.0	ok	6	-1	-1	8	
corrupted/print/text/SkyGarden_Indoor_Vertical_Garden_Solutions(print)_remove_unicode_fonts.pdf	lopdf-0.45.0	ok	6	2871	-1	35	
corrupted/print/text/SkyGarden_Indoor_Vertical_Garden_Solutions(print)_remove_unicode_fonts.pdf	pdfrum-0.4.0	ok	6	4155	910	50	
corrupted/print/text/SkyGarden_Indoor_Vertical_Garden_Solutions(print)_remove_unicode_fonts.pdf	hayro-syntax-0.8.0	ok	6	-1	-1	6	
corrupted/print/text/SkyGarden_Indoor_Vertical_Garden_Solutions(print)_stream_zlib.pdf	lopdf-0.45.0	ok	6	2260	-1	12	
corrupted/print/text/SkyGarden_Indoor_Vertical_Garden_Solutions(print)_stream_zlib.pdf	pdfrum-0.4.0	ok	6	2858	3731	34	
corrupted/print/text/SkyGarden_Indoor_Vertical_Garden_Solutions(print)_stream_zlib.pdf	hayro-syntax-0.8.0	ok	6	-1	-1	2	
corrupted/print/text/SkyGarden_Indoor_Vertical_Garden_Solutions(print)_trailer.pdf	lopdf-0.45.0	ok	6	3957	-1	24	
corrupted/print/text/SkyGarden_Indoor_Vertical_Garden_Solutions(print)_trailer.pdf	pdfrum-0.4.0	ok	6	3956	468	45	
corrupted/print/text/SkyGarden_Indoor_Vertical_Garden_Solutions(print)_trailer.pdf	hayro-syntax-0.8.0	ok	6	-1	-1	4	
corrupted/print/text/SkyGarden_Indoor_Vertical_Garden_Solutions(print)_xref.pdf	lopdf-0.45.0	ok	6	3957	-1	24	
corrupted/print/text/SkyGarden_Indoor_Vertical_Garden_Solutions(print)_xref.pdf	pdfrum-0.4.0	ok	6	3956	467	44	
corrupted/print/text/SkyGarden_Indoor_Vertical_Garden_Solutions(print)_xref.pdf	hayro-syntax-0.8.0	ok	6	-1	-1	3	
corrupted/print/text/Sustainable_Fashion_Innovation(print)_font_mapping_loss.pdf	lopdf-0.45.0	ok	6	0	-1	20	
corrupted/print/text/Sustainable_Fashion_Innovation(print)_font_mapping_loss.pdf	pdfrum-0.4.0	ok	6	11571	4098	135	
corrupted/print/text/Sustainable_Fashion_Innovation(print)_font_mapping_loss.pdf	hayro-syntax-0.8.0	ok	6	-1	-1	3	
corrupted/print/text/Sustainable_Fashion_Innovation(print)_header.pdf	lopdf-0.45.0	err	0	0	-1	0	couldn't parse input
corrupted/print/text/Sustainable_Fashion_Innovation(print)_header.pdf	pdfrum-0.4.0	err	0	0	-1	0	cannot open document: not a PDF file
corrupted/print/text/Sustainable_Fashion_Innovation(print)_header.pdf	hayro-syntax-0.8.0	ok	6	-1	-1	3	
corrupted/print/text/Sustainable_Fashion_Innovation(print)_object_header.pdf	lopdf-0.45.0	ok	0	0	-1	0	
corrupted/print/text/Sustainable_Fashion_Innovation(print)_object_header.pdf	pdfrum-0.4.0	ok	6	8435	757	49	
corrupted/print/text/Sustainable_Fashion_Innovation(print)_object_header.pdf	hayro-syntax-0.8.0	ok	6	-1	-1	3	
corrupted/print/text/Sustainable_Fashion_Innovation(print)_page_tree.pdf	lopdf-0.45.0	err	0	0	-1	3	couldn't parse input
corrupted/print/text/Sustainable_Fashion_Innovation(print)_page_tree.pdf	pdfrum-0.4.0	err	0	0	-1	0	cannot open document: damaged beyond recovery: no document catalog
corrupted/print/text/Sustainable_Fashion_Innovation(print)_page_tree.pdf	hayro-syntax-0.8.0	err	0	0	-1	3	Invalid
corrupted/print/text/Sustainable_Fashion_Innovation(print)_partial_cut.pdf	lopdf-0.45.0	err	0	0	-1	3	failed parsing cross reference table
corrupted/print/text/Sustainable_Fashion_Innovation(print)_partial_cut.pdf	pdfrum-0.4.0	err	0	0	-1	4	cannot open document: damaged beyond recovery: no usable cross-reference information
corrupted/print/text/Sustainable_Fashion_Innovation(print)_partial_cut.pdf	hayro-syntax-0.8.0	err	0	0	-1	3	Invalid
corrupted/print/text/Sustainable_Fashion_Innovation(print)_remove_fonts.pdf	lopdf-0.45.0	ok	6	8415	-1	19	
corrupted/print/text/Sustainable_Fashion_Innovation(print)_remove_fonts.pdf	pdfrum-0.4.0	ok	6	8375	779	85	
corrupted/print/text/Sustainable_Fashion_Innovation(print)_remove_fonts.pdf	hayro-syntax-0.8.0	ok	6	-1	-1	5	
corrupted/print/text/Sustainable_Fashion_Innovation(print)_remove_unicode_fonts.pdf	lopdf-0.45.0	ok	6	6065	-1	16	
corrupted/print/text/Sustainable_Fashion_Innovation(print)_remove_unicode_fonts.pdf	pdfrum-0.4.0	ok	6	9053	1743	70	
corrupted/print/text/Sustainable_Fashion_Innovation(print)_remove_unicode_fonts.pdf	hayro-syntax-0.8.0	ok	6	-1	-1	4	
corrupted/print/text/Sustainable_Fashion_Innovation(print)_stream_zlib.pdf	lopdf-0.45.0	ok	6	7547	-1	15	
corrupted/print/text/Sustainable_Fashion_Innovation(print)_stream_zlib.pdf	pdfrum-0.4.0	ok	6	7326	799	34	
corrupted/print/text/Sustainable_Fashion_Innovation(print)_stream_zlib.pdf	hayro-syntax-0.8.0	ok	6	-1	-1	2	
corrupted/print/text/Sustainable_Fashion_Innovation(print)_trailer.pdf	lopdf-0.45.0	ok	6	8415	-1	26	
corrupted/print/text/Sustainable_Fashion_Innovation(print)_trailer.pdf	pdfrum-0.4.0	ok	6	8435	758	38	
corrupted/print/text/Sustainable_Fashion_Innovation(print)_trailer.pdf	hayro-syntax-0.8.0	ok	6	-1	-1	3	
corrupted/print/text/Sustainable_Fashion_Innovation(print)_xref.pdf	lopdf-0.45.0	ok	6	8415	-1	24	
corrupted/print/text/Sustainable_Fashion_Innovation(print)_xref.pdf	pdfrum-0.4.0	ok	6	8435	757	47	
corrupted/print/text/Sustainable_Fashion_Innovation(print)_xref.pdf	hayro-syntax-0.8.0	ok	6	-1	-1	3	
corrupted/print/text/UrbanRide_Electric_Bike_Scooter_Series(print)_font_mapping_loss.pdf	lopdf-0.45.0	ok	6	0	-1	27	
corrupted/print/text/UrbanRide_Electric_Bike_Scooter_Series(print)_font_mapping_loss.pdf	pdfrum-0.4.0	ok	6	6273	4098	84	
corrupted/print/text/UrbanRide_Electric_Bike_Scooter_Series(print)_font_mapping_loss.pdf	hayro-syntax-0.8.0	ok	6	-1	-1	4	
corrupted/print/text/UrbanRide_Electric_Bike_Scooter_Series(print)_header.pdf	lopdf-0.45.0	err	0	0	-1	1	couldn't parse input
corrupted/print/text/UrbanRide_Electric_Bike_Scooter_Series(print)_header.pdf	pdfrum-0.4.0	err	0	0	-1	0	cannot open document: not a PDF file
corrupted/print/text/UrbanRide_Electric_Bike_Scooter_Series(print)_header.pdf	hayro-syntax-0.8.0	ok	6	-1	-1	4	
corrupted/print/text/UrbanRide_Electric_Bike_Scooter_Series(print)_object_header.pdf	lopdf-0.45.0	ok	0	0	-1	0	
corrupted/print/text/UrbanRide_Electric_Bike_Scooter_Series(print)_object_header.pdf	pdfrum-0.4.0	ok	6	4861	464	57	
corrupted/print/text/UrbanRide_Electric_Bike_Scooter_Series(print)_object_header.pdf	hayro-syntax-0.8.0	ok	6	-1	-1	4	
corrupted/print/text/UrbanRide_Electric_Bike_Scooter_Series(print)_page_tree.pdf	lopdf-0.45.0	err	0	0	-1	3	couldn't parse input
corrupted/print/text/UrbanRide_Electric_Bike_Scooter_Series(print)_page_tree.pdf	pdfrum-0.4.0	err	0	0	-1	0	cannot open document: damaged beyond recovery: no document catalog
corrupted/print/text/UrbanRide_Electric_Bike_Scooter_Series(print)_page_tree.pdf	hayro-syntax-0.8.0	err	0	0	-1	3	Invalid
corrupted/print/text/UrbanRide_Electric_Bike_Scooter_Series(print)_partial_cut.pdf	lopdf-0.45.0	err	0	0	-1	2	failed parsing cross reference table
corrupted/print/text/UrbanRide_Electric_Bike_Scooter_Series(print)_partial_cut.pdf	pdfrum-0.4.0	err	0	0	-1	2	cannot open document: damaged beyond recovery: no usable cross-reference information
corrupted/print/text/UrbanRide_Electric_Bike_Scooter_Series(print)_partial_cut.pdf	hayro-syntax-0.8.0	err	0	0	-1	3	Invalid
corrupted/print/text/UrbanRide_Electric_Bike_Scooter_Series(print)_remove_fonts.pdf	lopdf-0.45.0	ok	6	4855	-1	20	
corrupted/print/text/UrbanRide_Electric_Bike_Scooter_Series(print)_remove_fonts.pdf	pdfrum-0.4.0	ok	6	4837	474	54	
corrupted/print/text/UrbanRide_Electric_Bike_Scooter_Series(print)_remove_fonts.pdf	hayro-syntax-0.8.0	ok	6	-1	-1	5	
corrupted/print/text/UrbanRide_Electric_Bike_Scooter_Series(print)_remove_unicode_fonts.pdf	lopdf-0.45.0	ok	6	3412	-1	18	
corrupted/print/text/UrbanRide_Electric_Bike_Scooter_Series(print)_remove_unicode_fonts.pdf	pdfrum-0.4.0	ok	6	5099	984	50	
corrupted/print/text/UrbanRide_Electric_Bike_Scooter_Series(print)_remove_unicode_fonts.pdf	hayro-syntax-0.8.0	ok	6	-1	-1	5	
corrupted/print/text/UrbanRide_Electric_Bike_Scooter_Series(print)_stream_zlib.pdf	lopdf-0.45.0	ok	6	2729	-1	16	
corrupted/print/text/UrbanRide_Electric_Bike_Scooter_Series(print)_stream_zlib.pdf	pdfrum-0.4.0	ok	6	3106	3378	31	
corrupted/print/text/UrbanRide_Electric_Bike_Scooter_Series(print)_stream_zlib.pdf	hayro-syntax-0.8.0	ok	6	-1	-1	3	
corrupted/print/text/UrbanRide_Electric_Bike_Scooter_Series(print)_trailer.pdf	lopdf-0.45.0	ok	6	4855	-1	22	
corrupted/print/text/UrbanRide_Electric_Bike_Scooter_Series(print)_trailer.pdf	pdfrum-0.4.0	ok	6	4861	465	45	
corrupted/print/text/UrbanRide_Electric_Bike_Scooter_Series(print)_trailer.pdf	hayro-syntax-0.8.0	ok	6	-1	-1	4	
corrupted/print/text/UrbanRide_Electric_Bike_Scooter_Series(print)_xref.pdf	lopdf-0.45.0	ok	6	4855	-1	20	
corrupted/print/text/UrbanRide_Electric_Bike_Scooter_Series(print)_xref.pdf	pdfrum-0.4.0	ok	6	4861	464	46	
corrupted/print/text/UrbanRide_Electric_Bike_Scooter_Series(print)_xref.pdf	hayro-syntax-0.8.0	ok	6	-1	-1	3	
corrupted/print/text/Urban_Fine_Particulate_Matter(print)_font_mapping_loss.pdf	lopdf-0.45.0	ok	6	0	-1	12	
corrupted/print/text/Urban_Fine_Particulate_Matter(print)_font_mapping_loss.pdf	pdfrum-0.4.0	ok	6	10501	4098	88	
corrupted/print/text/Urban_Fine_Particulate_Matter(print)_font_mapping_loss.pdf	hayro-syntax-0.8.0	ok	6	-1	-1	1	
corrupted/print/text/Urban_Fine_Particulate_Matter(print)_header.pdf	lopdf-0.45.0	err	0	0	-1	0	couldn't parse input
corrupted/print/text/Urban_Fine_Particulate_Matter(print)_header.pdf	pdfrum-0.4.0	err	0	0	-1	0	cannot open document: not a PDF file
corrupted/print/text/Urban_Fine_Particulate_Matter(print)_header.pdf	hayro-syntax-0.8.0	ok	6	-1	-1	1	
corrupted/print/text/Urban_Fine_Particulate_Matter(print)_object_header.pdf	lopdf-0.45.0	ok	0	0	-1	0	
corrupted/print/text/Urban_Fine_Particulate_Matter(print)_object_header.pdf	pdfrum-0.4.0	ok	6	7922	749	32	
corrupted/print/text/Urban_Fine_Particulate_Matter(print)_object_header.pdf	hayro-syntax-0.8.0	ok	6	-1	-1	1	
corrupted/print/text/Urban_Fine_Particulate_Matter(print)_page_tree.pdf	lopdf-0.45.0	err	0	0	-1	1	couldn't parse input
corrupted/print/text/Urban_Fine_Particulate_Matter(print)_page_tree.pdf	pdfrum-0.4.0	err	0	0	-1	0	cannot open document: damaged beyond recovery: no document catalog
corrupted/print/text/Urban_Fine_Particulate_Matter(print)_page_tree.pdf	hayro-syntax-0.8.0	err	0	0	-1	1	Invalid
corrupted/print/text/Urban_Fine_Particulate_Matter(print)_partial_cut.pdf	lopdf-0.45.0	err	0	0	-1	0	failed parsing cross reference table
corrupted/print/text/Urban_Fine_Particulate_Matter(print)_partial_cut.pdf	pdfrum-0.4.0	err	0	0	-1	0	cannot open document: damaged beyond recovery: no usable cross-reference information
corrupted/print/text/Urban_Fine_Particulate_Matter(print)_partial_cut.pdf	hayro-syntax-0.8.0	err	0	0	-1	1	Invalid
corrupted/print/text/Urban_Fine_Particulate_Matter(print)_remove_fonts.pdf	lopdf-0.45.0	ok	6	7921	-1	15	
corrupted/print/text/Urban_Fine_Particulate_Matter(print)_remove_fonts.pdf	pdfrum-0.4.0	ok	6	7853	787	77	
corrupted/print/text/Urban_Fine_Particulate_Matter(print)_remove_fonts.pdf	hayro-syntax-0.8.0	ok	6	-1	-1	2	
corrupted/print/text/Urban_Fine_Particulate_Matter(print)_remove_unicode_fonts.pdf	lopdf-0.45.0	ok	6	6131	-1	13	
corrupted/print/text/Urban_Fine_Particulate_Matter(print)_remove_unicode_fonts.pdf	pdfrum-0.4.0	ok	6	8329	1499	95	
corrupted/print/text/Urban_Fine_Particulate_Matter(print)_remove_unicode_fonts.pdf	hayro-syntax-0.8.0	ok	6	-1	-1	3	
corrupted/print/text/Urban_Fine_Particulate_Matter(print)_stream_zlib.pdf	lopdf-0.45.0	ok	6	6403	-1	11	
corrupted/print/text/Urban_Fine_Particulate_Matter(print)_stream_zlib.pdf	pdfrum-0.4.0	ok	6	7742	699	31	
corrupted/print/text/Urban_Fine_Particulate_Matter(print)_stream_zlib.pdf	hayro-syntax-0.8.0	ok	6	-1	-1	2	
corrupted/print/text/Urban_Fine_Particulate_Matter(print)_trailer.pdf	lopdf-0.45.0	ok	6	7921	-1	16	
corrupted/print/text/Urban_Fine_Particulate_Matter(print)_trailer.pdf	pdfrum-0.4.0	ok	6	7922	750	33	
corrupted/print/text/Urban_Fine_Particulate_Matter(print)_trailer.pdf	hayro-syntax-0.8.0	ok	6	-1	-1	2	
corrupted/print/text/Urban_Fine_Particulate_Matter(print)_xref.pdf	lopdf-0.45.0	ok	6	7921	-1	16	
corrupted/print/text/Urban_Fine_Particulate_Matter(print)_xref.pdf	pdfrum-0.4.0	ok	6	7922	749	38	
corrupted/print/text/Urban_Fine_Particulate_Matter(print)_xref.pdf	hayro-syntax-0.8.0	ok	6	-1	-1	2	
corrupted/print/text/ai_ethics_responsible_use_guidelines_multilang(print)_font_mapping_loss.pdf	lopdf-0.45.0	ok	6	0	-1	13	
corrupted/print/text/ai_ethics_responsible_use_guidelines_multilang(print)_font_mapping_loss.pdf	pdfrum-0.4.0	ok	6	8067	4098	74	
corrupted/print/text/ai_ethics_responsible_use_guidelines_multilang(print)_font_mapping_loss.pdf	hayro-syntax-0.8.0	ok	6	-1	-1	1	
corrupted/print/text/ai_ethics_responsible_use_guidelines_multilang(print)_header.pdf	lopdf-0.45.0	err	0	0	-1	0	couldn't parse input
corrupted/print/text/ai_ethics_responsible_use_guidelines_multilang(print)_header.pdf	pdfrum-0.4.0	err	0	0	-1	0	cannot open document: not a PDF file
corrupted/print/text/ai_ethics_responsible_use_guidelines_multilang(print)_header.pdf	hayro-syntax-0.8.0	ok	6	-1	-1	1	
corrupted/print/text/ai_ethics_responsible_use_guidelines_multilang(print)_object_header.pdf	lopdf-0.45.0	ok	0	0	-1	0	
corrupted/print/text/ai_ethics_responsible_use_guidelines_multilang(print)_object_header.pdf	pdfrum-0.4.0	ok	6	6406	615	27	
corrupted/print/text/ai_ethics_responsible_use_guidelines_multilang(print)_object_header.pdf	hayro-syntax-0.8.0	ok	6	-1	-1	1	
corrupted/print/text/ai_ethics_responsible_use_guidelines_multilang(print)_page_tree.pdf	lopdf-0.45.0	err	0	0	-1	1	couldn't parse input
corrupted/print/text/ai_ethics_responsible_use_guidelines_multilang(print)_page_tree.pdf	pdfrum-0.4.0	err	0	0	-1	0	cannot open document: damaged beyond recovery: no document catalog
corrupted/print/text/ai_ethics_responsible_use_guidelines_multilang(print)_page_tree.pdf	hayro-syntax-0.8.0	err	0	0	-1	1	Invalid
corrupted/print/text/ai_ethics_responsible_use_guidelines_multilang(print)_partial_cut.pdf	lopdf-0.45.0	err	0	0	-1	0	failed parsing cross reference table
corrupted/print/text/ai_ethics_responsible_use_guidelines_multilang(print)_partial_cut.pdf	pdfrum-0.4.0	err	0	0	-1	0	cannot open document: damaged beyond recovery: no usable cross-reference information
corrupted/print/text/ai_ethics_responsible_use_guidelines_multilang(print)_partial_cut.pdf	hayro-syntax-0.8.0	err	0	0	-1	1	Invalid
corrupted/print/text/ai_ethics_responsible_use_guidelines_multilang(print)_remove_fonts.pdf	lopdf-0.45.0	ok	6	6404	-1	13	
corrupted/print/text/ai_ethics_responsible_use_guidelines_multilang(print)_remove_fonts.pdf	pdfrum-0.4.0	ok	6	6355	632	69	
corrupted/print/text/ai_ethics_responsible_use_guidelines_multilang(print)_remove_fonts.pdf	hayro-syntax-0.8.0	ok	6	-1	-1	3	
corrupted/print/text/ai_ethics_responsible_use_guidelines_multilang(print)_remove_unicode_fonts.pdf	lopdf-0.45.0	ok	6	4919	-1	11	
corrupted/print/text/ai_ethics_responsible_use_guidelines_multilang(print)_remove_unicode_fonts.pdf	pdfrum-0.4.0	ok	6	6478	1278	69	
corrupted/print/text/ai_ethics_responsible_use_guidelines_multilang(print)_remove_unicode_fonts.pdf	hayro-syntax-0.8.0	ok	6	-1	-1	5	
corrupted/print/text/ai_ethics_responsible_use_guidelines_multilang(print)_stream_zlib.pdf	lopdf-0.45.0	ok	5	4019	-1	10	
corrupted/print/text/ai_ethics_responsible_use_guidelines_multilang(print)_stream_zlib.pdf	pdfrum-0.4.0	ok	6	4754	1379	37	
corrupted/print/text/ai_ethics_responsible_use_guidelines_multilang(print)_stream_zlib.pdf	hayro-syntax-0.8.0	ok	5	-1	-1	2	
corrupted/print/text/ai_ethics_responsible_use_guidelines_multilang(print)_trailer.pdf	lopdf-0.45.0	ok	6	6404	-1	14	
corrupted/print/text/ai_ethics_responsible_use_guidelines_multilang(print)_trailer.pdf	pdfrum-0.4.0	ok	6	6406	616	29	
corrupted/print/text/ai_ethics_responsible_use_guidelines_multilang(print)_trailer.pdf	hayro-syntax-0.8.0	ok	6	-1	-1	2	
corrupted/print/text/ai_ethics_responsible_use_guidelines_multilang(print)_xref.pdf	lopdf-0.45.0	ok	6	6404	-1	12	
corrupted/print/text/ai_ethics_responsible_use_guidelines_multilang(print)_xref.pdf	pdfrum-0.4.0	ok	6	6406	615	27	
corrupted/print/text/ai_ethics_responsible_use_guidelines_multilang(print)_xref.pdf	hayro-syntax-0.8.0	ok	6	-1	-1	1	
corrupted/print/text/climate_crisis_preparedness_community_action_guidelines_multilang(print)_font_mapping_loss.pdf	lopdf-0.45.0	ok	6	0	-1	85	
corrupted/print/text/climate_crisis_preparedness_community_action_guidelines_multilang(print)_font_mapping_loss.pdf	pdfrum-0.4.0	ok	6	10460	4098	146	
corrupted/print/text/climate_crisis_preparedness_community_action_guidelines_multilang(print)_font_mapping_loss.pdf	hayro-syntax-0.8.0	ok	6	-1	-1	3	
corrupted/print/text/climate_crisis_preparedness_community_action_guidelines_multilang(print)_header.pdf	lopdf-0.45.0	err	0	0	-1	0	couldn't parse input
corrupted/print/text/climate_crisis_preparedness_community_action_guidelines_multilang(print)_header.pdf	pdfrum-0.4.0	err	0	0	-1	0	cannot open document: not a PDF file
corrupted/print/text/climate_crisis_preparedness_community_action_guidelines_multilang(print)_header.pdf	hayro-syntax-0.8.0	ok	6	-1	-1	3	
corrupted/print/text/climate_crisis_preparedness_community_action_guidelines_multilang(print)_object_header.pdf	lopdf-0.45.0	ok	0	0	-1	0	
corrupted/print/text/climate_crisis_preparedness_community_action_guidelines_multilang(print)_object_header.pdf	pdfrum-0.4.0	ok	6	7256	713	53	
corrupted/print/text/climate_crisis_preparedness_community_action_guidelines_multilang(print)_object_header.pdf	hayro-syntax-0.8.0	ok	6	-1	-1	3	
corrupted/print/text/climate_crisis_preparedness_community_action_guidelines_multilang(print)_page_tree.pdf	lopdf-0.45.0	err	0	0	-1	2	couldn't parse input
corrupted/print/text/climate_crisis_preparedness_community_action_guidelines_multilang(print)_page_tree.pdf	pdfrum-0.4.0	err	0	0	-1	0	cannot open document: damaged beyond recovery: no document catalog
corrupted/print/text/climate_crisis_preparedness_community_action_guidelines_multilang(print)_page_tree.pdf	hayro-syntax-0.8.0	err	0	0	-1	2	Invalid
corrupted/print/text/climate_crisis_preparedness_community_action_guidelines_multilang(print)_partial_cut.pdf	lopdf-0.45.0	err	0	0	-1	2	failed parsing cross reference table
corrupted/print/text/climate_crisis_preparedness_community_action_guidelines_multilang(print)_partial_cut.pdf	pdfrum-0.4.0	err	0	0	-1	1	cannot open document: damaged beyond recovery: no usable cross-reference information
corrupted/print/text/climate_crisis_preparedness_community_action_guidelines_multilang(print)_partial_cut.pdf	hayro-syntax-0.8.0	err	0	0	-1	3	Invalid
corrupted/print/text/climate_crisis_preparedness_community_action_guidelines_multilang(print)_remove_fonts.pdf	lopdf-0.45.0	ok	6	7253	-1	54	
corrupted/print/text/climate_crisis_preparedness_community_action_guidelines_multilang(print)_remove_fonts.pdf	pdfrum-0.4.0	ok	6	7197	742	96	
corrupted/print/text/climate_crisis_preparedness_community_action_guidelines_multilang(print)_remove_fonts.pdf	hayro-syntax-0.8.0	ok	6	-1	-1	5	
corrupted/print/text/climate_crisis_preparedness_community_action_guidelines_multilang(print)_remove_unicode_fonts.pdf	lopdf-0.45.0	ok	6	4951	-1	58	
corrupted/print/text/climate_crisis_preparedness_community_action_guidelines_multilang(print)_remove_unicode_fonts.pdf	pdfrum-0.4.0	ok	6	7684	1514	89	
corrupted/print/text/climate_crisis_preparedness_community_action_guidelines_multilang(print)_remove_unicode_fonts.pdf	hayro-syntax-0.8.0	ok	6	-1	-1	5	
corrupted/print/text/climate_crisis_preparedness_community_action_guidelines_multilang(print)_stream_zlib.pdf	lopdf-0.45.0	ok	6	3963	-1	28	
corrupted/print/text/climate_crisis_preparedness_community_action_guidelines_multilang(print)_stream_zlib.pdf	pdfrum-0.4.0	ok	6	4477	4098	43	
corrupted/print/text/climate_crisis_preparedness_community_action_guidelines_multilang(print)_stream_zlib.pdf	hayro-syntax-0.8.0	ok	6	-1	-1	3	
corrupted/print/text/climate_crisis_preparedness_community_action_guidelines_multilang(print)_trailer.pdf	lopdf-0.45.0	ok	6	7253	-1	65	
corrupted/print/text/climate_crisis_preparedness_community_action_guidelines_multilang(print)_trailer.pdf	pdfrum-0.4.0	ok	6	7256	714	79	
corrupted/print/text/climate_crisis_preparedness_community_action_guidelines_multilang(print)_trailer.pdf	hayro-syntax-0.8.0	ok	6	-1	-1	5	
corrupted/print/text/climate_crisis_preparedness_community_action_guidelines_multilang(print)_xref.pdf	lopdf-0.45.0	ok	6	7253	-1	56	
corrupted/print/text/climate_crisis_preparedness_community_action_guidelines_multilang(print)_xref.pdf	pdfrum-0.4.0	ok	6	7256	713	53	
corrupted/print/text/climate_crisis_preparedness_community_action_guidelines_multilang(print)_xref.pdf	hayro-syntax-0.8.0	ok	6	-1	-1	3	
corrupted/print/text/confidential_doc_leak_collusion_investigation(print)_font_mapping_loss.pdf	lopdf-0.45.0	ok	6	0	-1	10	
corrupted/print/text/confidential_doc_leak_collusion_investigation(print)_font_mapping_loss.pdf	pdfrum-0.4.0	ok	6	5324	2882	48	
corrupted/print/text/confidential_doc_leak_collusion_investigation(print)_font_mapping_loss.pdf	hayro-syntax-0.8.0	ok	6	-1	-1	2	
corrupted/print/text/confidential_doc_leak_collusion_investigation(print)_header.pdf	lopdf-0.45.0	err	0	0	-1	0	couldn't parse input
corrupted/print/text/confidential_doc_leak_collusion_investigation(print)_header.pdf	pdfrum-0.4.0	err	0	0	-1	0	cannot open document: not a PDF file
corrupted/print/text/confidential_doc_leak_collusion_investigation(print)_header.pdf	hayro-syntax-0.8.0	ok	6	-1	-1	2	
corrupted/print/text/confidential_doc_leak_collusion_investigation(print)_object_header.pdf	lopdf-0.45.0	ok	0	0	-1	0	
corrupted/print/text/confidential_doc_leak_collusion_investigation(print)_object_header.pdf	pdfrum-0.4.0	ok	6	3864	436	40	
corrupted/print/text/confidential_doc_leak_collusion_investigation(print)_object_header.pdf	hayro-syntax-0.8.0	ok	6	-1	-1	4	
corrupted/print/text/confidential_doc_leak_collusion_investigation(print)_page_tree.pdf	lopdf-0.45.0	err	0	0	-1	2	couldn't parse input
corrupted/print/text/confidential_doc_leak_collusion_investigation(print)_page_tree.pdf	pdfrum-0.4.0	err	0	0	-1	0	cannot open document: damaged beyond recovery: no document catalog
corrupted/print/text/confidential_doc_leak_collusion_investigation(print)_page_tree.pdf	hayro-syntax-0.8.0	err	0	0	-1	3	Invalid
corrupted/print/text/confidential_doc_leak_collusion_investigation(print)_partial_cut.pdf	lopdf-0.45.0	err	0	0	-1	2	failed parsing cross reference table
corrupted/print/text/confidential_doc_leak_collusion_investigation(print)_partial_cut.pdf	pdfrum-0.4.0	err	0	0	-1	2	cannot open document: damaged beyond recovery: no usable cross-reference information
corrupted/print/text/confidential_doc_leak_collusion_investigation(print)_partial_cut.pdf	hayro-syntax-0.8.0	err	0	0	-1	3	Invalid
corrupted/print/text/confidential_doc_leak_collusion_investigation(print)_remove_fonts.pdf	lopdf-0.45.0	ok	6	3864	-1	13	
corrupted/print/text/confidential_doc_leak_collusion_investigation(print)_remove_fonts.pdf	pdfrum-0.4.0	ok	6	3847	442	55	
corrupted/print/text/confidential_doc_leak_collusion_investigation(print)_remove_fonts.pdf	hayro-syntax-0.8.0	ok	6	-1	-1	9	
corrupted/print/text/confidential_doc_leak_collusion_investigation(print)_remove_unicode_fonts.pdf	lopdf-0.45.0	ok	6	2881	-1	11	
corrupted/print/text/confidential_doc_leak_collusion_investigation(print)_remove_unicode_fonts.pdf	pdfrum-0.4.0	ok	6	4166	860	41	
corrupted/print/text/confidential_doc_leak_collusion_investigation(print)_remove_unicode_fonts.pdf	hayro-syntax-0.8.0	ok	6	-1	-1	8	
corrupted/print/text/confidential_doc_leak_collusion_investigation(print)_stream_zlib.pdf	lopdf-0.45.0	ok	6	2509	-1	12	
corrupted/print/text/confidential_doc_leak_collusion_investigation(print)_stream_zlib.pdf	pdfrum-0.4.0	ok	6	2313	538	29	
corrupted/print/text/confidential_doc_leak_collusion_investigation(print)_stream_zlib.pdf	hayro-syntax-0.8.0	ok	6	-1	-1	2	
corrupted/print/text/confidential_doc_leak_collusion_investigation(print)_trailer.pdf	lopdf-0.45.0	ok	6	3864	-1	14	
corrupted/print/text/confidential_doc_leak_collusion_investigation(print)_trailer.pdf	pdfrum-0.4.0	ok	6	3864	437	38	
corrupted/print/text/confidential_doc_leak_collusion_investigation(print)_trailer.pdf	hayro-syntax-0.8.0	ok	6	-1	-1	4	
corrupted/print/text/confidential_doc_leak_collusion_investigation(print)_xref.pdf	lopdf-0.45.0	ok	6	3864	-1	13	
corrupted/print/text/confidential_doc_leak_collusion_investigation(print)_xref.pdf	pdfrum-0.4.0	ok	6	3864	436	36	
corrupted/print/text/confidential_doc_leak_collusion_investigation(print)_xref.pdf	hayro-syntax-0.8.0	ok	6	-1	-1	3	
corrupted/print/text/digital_data_security_guidelines(print)_font_mapping_loss.pdf	lopdf-0.45.0	ok	6	0	-1	20	
corrupted/print/text/digital_data_security_guidelines(print)_font_mapping_loss.pdf	pdfrum-0.4.0	ok	6	10711	4098	79	
corrupted/print/text/digital_data_security_guidelines(print)_font_mapping_loss.pdf	hayro-syntax-0.8.0	ok	6	-1	-1	2	
corrupted/print/text/digital_data_security_guidelines(print)_header.pdf	lopdf-0.45.0	err	0	0	-1	0	couldn't parse input
corrupted/print/text/digital_data_security_guidelines(print)_header.pdf	pdfrum-0.4.0	err	0	0	-1	0	cannot open document: not a PDF file
corrupted/print/text/digital_data_security_guidelines(print)_header.pdf	hayro-syntax-0.8.0	ok	6	-1	-1	1	
corrupted/print/text/digital_data_security_guidelines(print)_object_header.pdf	lopdf-0.45.0	ok	0	0	-1	0	
corrupted/print/text/digital_data_security_guidelines(print)_object_header.pdf	pdfrum-0.4.0	ok	6	6881	671	33	
corrupted/print/text/digital_data_security_guidelines(print)_object_header.pdf	hayro-syntax-0.8.0	ok	6	-1	-1	1	
corrupted/print/text/digital_data_security_guidelines(print)_page_tree.pdf	lopdf-0.45.0	err	0	0	-1	1	couldn't parse input
corrupted/print/text/digital_data_security_guidelines(print)_page_tree.pdf	pdfrum-0.4.0	err	0	0	-1	0	cannot open document: damaged beyond recovery: no document catalog
corrupted/print/text/digital_data_security_guidelines(print)_page_tree.pdf	hayro-syntax-0.8.0	err	0	0	-1	1	Invalid
corrupted/print/text/digital_data_security_guidelines(print)_partial_cut.pdf	lopdf-0.45.0	err	0	0	-1	0	failed parsing cross reference table
corrupted/print/text/digital_data_security_guidelines(print)_partial_cut.pdf	pdfrum-0.4.0	err	0	0	-1	0	cannot open document: damaged beyond recovery: no usable cross-reference information
corrupted/print/text/digital_data_security_guidelines(print)_partial_cut.pdf	hayro-syntax-0.8.0	err	0	0	-1	1	Invalid
corrupted/print/text/digital_data_security_guidelines(print)_remove_fonts.pdf	lopdf-0.45.0	ok	6	6876	-1	19	
corrupted/print/text/digital_data_security_guidelines(print)_remove_fonts.pdf	pdfrum-0.4.0	ok	6	6836	680	71	
corrupted/print/text/digital_data_security_guidelines(print)_remove_fonts.pdf	hayro-syntax-0.8.0	ok	6	-1	-1	3	
corrupted/print/text/digital_data_security_guidelines(print)_remove_unicode_fonts.pdf	lopdf-0.45.0	ok	6	4625	-1	23	
corrupted/print/text/digital_data_security_guidelines(print)_remove_unicode_fonts.pdf	pdfrum-0.4.0	ok	6	7587	1394	50	
corrupted/print/text/digital_data_security_guidelines(print)_remove_unicode_fonts.pdf	hayro-syntax-0.8.0	ok	6	-1	-1	3	
corrupted/print/text/digital_data_security_guidelines(print)_stream_zlib.pdf	lopdf-0.45.0	ok	6	-1	-1	14	
corrupted/print/text/digital_data_security_guidelines(print)_stream_zlib.pdf	pdfrum-0.4.0	ok	6	3831	1444	27	
corrupted/print/text/digital_data_security_guidelines(print)_stream_zlib.pdf	hayro-syntax-0.8.0	ok	6	-1	-1	1	
corrupted/print/text/digital_data_security_guidelines(print)_trailer.pdf	lopdf-0.45.0	ok	6	6876	-1	19	
corrupted/print/text/digital_data_security_guidelines(print)_trailer.pdf	pdfrum-0.4.0	ok	6	6881	672	34	
corrupted/print/text/digital_data_security_guidelines(print)_trailer.pdf	hayro-syntax-0.8.0	ok	6	-1	-1	2	
corrupted/print/text/digital_data_security_guidelines(print)_xref.pdf	lopdf-0.45.0	ok	6	6876	-1	20	
corrupted/print/text/digital_data_security_guidelines(print)_xref.pdf	pdfrum-0.4.0	ok	6	6881	671	32	
corrupted/print/text/digital_data_security_guidelines(print)_xref.pdf	hayro-syntax-0.8.0	ok	6	-1	-1	1	
corrupted/print/text/educational_technology_elearning_safety_guidelines_multilang(print)_font_mapping_loss.pdf	lopdf-0.45.0	ok	6	0	-1	12	
corrupted/print/text/educational_technology_elearning_safety_guidelines_multilang(print)_font_mapping_loss.pdf	pdfrum-0.4.0	ok	6	10823	4098	77	
corrupted/print/text/educational_technology_elearning_safety_guidelines_multilang(print)_font_mapping_loss.pdf	hayro-syntax-0.8.0	ok	6	-1	-1	1	
corrupted/print/text/educational_technology_elearning_safety_guidelines_multilang(print)_header.pdf	lopdf-0.45.0	err	0	0	-1	0	couldn't parse input
corrupted/print/text/educational_technology_elearning_safety_guidelines_multilang(print)_header.pdf	pdfrum-0.4.0	err	0	0	-1	0	cannot open document: not a PDF file
corrupted/print/text/educational_technology_elearning_safety_guidelines_multilang(print)_header.pdf	hayro-syntax-0.8.0	ok	6	-1	-1	1	
corrupted/print/text/educational_technology_elearning_safety_guidelines_multilang(print)_object_header.pdf	lopdf-0.45.0	ok	0	0	-1	0	
corrupted/print/text/educational_technology_elearning_safety_guidelines_multilang(print)_object_header.pdf	pdfrum-0.4.0	ok	6	7155	552	28	
corrupted/print/text/educational_technology_elearning_safety_guidelines_multilang(print)_object_header.pdf	hayro-syntax-0.8.0	ok	6	-1	-1	1	
corrupted/print/text/educational_technology_elearning_safety_guidelines_multilang(print)_page_tree.pdf	lopdf-0.45.0	err	0	0	-1	1	couldn't parse input
corrupted/print/text/educational_technology_elearning_safety_guidelines_multilang(print)_page_tree.pdf	pdfrum-0.4.0	err	0	0	-1	0	cannot open document: damaged beyond recovery: no document catalog
corrupted/print/text/educational_technology_elearning_safety_guidelines_multilang(print)_page_tree.pdf	hayro-syntax-0.8.0	err	0	0	-1	1	Invalid
corrupted/print/text/educational_technology_elearning_safety_guidelines_multilang(print)_partial_cut.pdf	lopdf-0.45.0	err	0	0	-1	0	failed parsing cross reference table
corrupted/print/text/educational_technology_elearning_safety_guidelines_multilang(print)_partial_cut.pdf	pdfrum-0.4.0	err	0	0	-1	0	cannot open document: damaged beyond recovery: no usable cross-reference information
corrupted/print/text/educational_technology_elearning_safety_guidelines_multilang(print)_partial_cut.pdf	hayro-syntax-0.8.0	err	0	0	-1	1	Invalid
corrupted/print/text/educational_technology_elearning_safety_guidelines_multilang(print)_remove_fonts.pdf	lopdf-0.45.0	ok	6	7135	-1	14	
corrupted/print/text/educational_technology_elearning_safety_guidelines_multilang(print)_remove_fonts.pdf	pdfrum-0.4.0	ok	6	7103	566	70	
corrupted/print/text/educational_technology_elearning_safety_guidelines_multilang(print)_remove_fonts.pdf	hayro-syntax-0.8.0	ok	6	-1	-1	3	
corrupted/print/text/educational_technology_elearning_safety_guidelines_multilang(print)_remove_unicode_fonts.pdf	lopdf-0.45.0	ok	6	4931	-1	15	
corrupted/print/text/educational_technology_elearning_safety_guidelines_multilang(print)_remove_unicode_fonts.pdf	pdfrum-0.4.0	ok	6	7697	1426	49	
corrupted/print/text/educational_technology_elearning_safety_guidelines_multilang(print)_remove_unicode_fonts.pdf	hayro-syntax-0.8.0	ok	6	-1	-1	3	
corrupted/print/text/educational_technology_elearning_safety_guidelines_multilang(print)_stream_zlib.pdf	lopdf-0.45.0	ok	6	-1	-1	9	
corrupted/print/text/educational_technology_elearning_safety_guidelines_multilang(print)_stream_zlib.pdf	pdfrum-0.4.0	ok	6	4761	1645	31	
corrupted/print/text/educational_technology_elearning_safety_guidelines_multilang(print)_stream_zlib.pdf	hayro-syntax-0.8.0	ok	6	-1	-1	1	
corrupted/print/text/educational_technology_elearning_safety_guidelines_multilang(print)_trailer.pdf	lopdf-0.45.0	ok	6	7135	-1	17	
corrupted/print/text/educational_technology_elearning_safety_guidelines_multilang(print)_trailer.pdf	pdfrum-0.4.0	ok	6	7155	553	33	
corrupted/print/text/educational_technology_elearning_safety_guidelines_multilang(print)_trailer.pdf	hayro-syntax-0.8.0	ok	6	-1	-1	2	
corrupted/print/text/educational_technology_elearning_safety_guidelines_multilang(print)_xref.pdf	lopdf-0.45.0	ok	6	7135	-1	17	
corrupted/print/text/educational_technology_elearning_safety_guidelines_multilang(print)_xref.pdf	pdfrum-0.4.0	ok	6	7155	552	30	
corrupted/print/text/educational_technology_elearning_safety_guidelines_multilang(print)_xref.pdf	hayro-syntax-0.8.0	ok	6	-1	-1	2	
corrupted/print/text/global_cloud_datacenter_cooling_failure_report(print)_font_mapping_loss.pdf	lopdf-0.45.0	ok	6	0	-1	17	
corrupted/print/text/global_cloud_datacenter_cooling_failure_report(print)_font_mapping_loss.pdf	pdfrum-0.4.0	ok	6	3818	2018	47	
corrupted/print/text/global_cloud_datacenter_cooling_failure_report(print)_font_mapping_loss.pdf	hayro-syntax-0.8.0	ok	6	-1	-1	2	
corrupted/print/text/global_cloud_datacenter_cooling_failure_report(print)_header.pdf	lopdf-0.45.0	err	0	0	-1	0	couldn't parse input
corrupted/print/text/global_cloud_datacenter_cooling_failure_report(print)_header.pdf	pdfrum-0.4.0	err	0	0	-1	0	cannot open document: not a PDF file
corrupted/print/text/global_cloud_datacenter_cooling_failure_report(print)_header.pdf	hayro-syntax-0.8.0	ok	6	-1	-1	2	
corrupted/print/text/global_cloud_datacenter_cooling_failure_report(print)_object_header.pdf	lopdf-0.45.0	ok	0	0	-1	0	
corrupted/print/text/global_cloud_datacenter_cooling_failure_report(print)_object_header.pdf	pdfrum-0.4.0	ok	6	2583	296	38	
corrupted/print/text/global_cloud_datacenter_cooling_failure_report(print)_object_header.pdf	hayro-syntax-0.8.0	ok	6	-1	-1	2	
corrupted/print/text/global_cloud_datacenter_cooling_failure_report(print)_page_tree.pdf	lopdf-0.45.0	ok	0	0	-1	0	
corrupted/print/text/global_cloud_datacenter_cooling_failure_report(print)_page_tree.pdf	pdfrum-0.4.0	ok	1	0	24	0	
corrupted/print/text/global_cloud_datacenter_cooling_failure_report(print)_page_tree.pdf	hayro-syntax-0.8.0	ok	6	-1	-1	2	
corrupted/print/text/global_cloud_datacenter_cooling_failure_report(print)_partial_cut.pdf	lopdf-0.45.0	err	0	0	-1	1	failed parsing cross reference table
corrupted/print/text/global_cloud_datacenter_cooling_failure_report(print)_partial_cut.pdf	pdfrum-0.4.0	err	0	0	-1	0	cannot open document: damaged beyond recovery: no usable cross-reference information
corrupted/print/text/global_cloud_datacenter_cooling_failure_report(print)_partial_cut.pdf	hayro-syntax-0.8.0	err	0	0	-1	2	Invalid
corrupted/print/text/global_cloud_datacenter_cooling_failure_report(print)_remove_fonts.pdf	lopdf-0.45.0	ok	6	2579	-1	19	
corrupted/print/text/global_cloud_datacenter_cooling_failure_report(print)_remove_fonts.pdf	pdfrum-0.4.0	ok	6	2563	305	38	
corrupted/print/text/global_cloud_datacenter_cooling_failure_report(print)_remove_fonts.pdf	hayro-syntax-0.8.0	ok	6	-1	-1	4	
corrupted/print/text/global_cloud_datacenter_cooling_failure_report(print)_remove_unicode_fonts.pdf	lopdf-0.45.0	ok	6	1900	-1	19	
corrupted/print/text/global_cloud_datacenter_cooling_failure_report(print)_remove_unicode_fonts.pdf	pdfrum-0.4.0	ok	6	2798	725	28	
corrupted/print/text/global_cloud_datacenter_cooling_failure_report(print)_remove_unicode_fonts.pdf	hayro-syntax-0.8.0	ok	6	-1	-1	5	
corrupted/print/text/global_cloud_datacenter_cooling_failure_report(print)_stream_zlib.pdf	lopdf-0.45.0	ok	5	1254	-1	7	
corrupted/print/text/global_cloud_datacenter_cooling_failure_report(print)_stream_zlib.pdf	pdfrum-0.4.0	ok	6	2562	3499	42	
corrupted/print/text/global_cloud_datacenter_cooling_failure_report(print)_stream_zlib.pdf	hayro-syntax-0.8.0	ok	5	-1	-1	2	
corrupted/print/text/global_cloud_datacenter_cooling_failure_report(print)_trailer.pdf	lopdf-0.45.0	ok	6	2579	-1	19	
corrupted/print/text/global_cloud_datacenter_cooling_failure_report(print)_trailer.pdf	pdfrum-0.4.0	ok	6	2583	297	38	
corrupted/print/text/global_cloud_datacenter_cooling_failure_report(print)_trailer.pdf	hayro-syntax-0.8.0	ok	6	-1	-1	4	
corrupted/print/text/global_cloud_datacenter_cooling_failure_report(print)_xref.pdf	lopdf-0.45.0	ok	6	2579	-1	22	
corrupted/print/text/global_cloud_datacenter_cooling_failure_report(print)_xref.pdf	pdfrum-0.4.0	ok	6	2583	296	46	
corrupted/print/text/global_cloud_datacenter_cooling_failure_report(print)_xref.pdf	hayro-syntax-0.8.0	ok	6	-1	-1	3	
corrupted/print/text/green_energy_sustainable_living_guidelines_multilang(print)_font_mapping_loss.pdf	lopdf-0.45.0	ok	6	0	-1	37	
corrupted/print/text/green_energy_sustainable_living_guidelines_multilang(print)_font_mapping_loss.pdf	pdfrum-0.4.0	ok	6	7875	2671	71	
corrupted/print/text/green_energy_sustainable_living_guidelines_multilang(print)_font_mapping_loss.pdf	hayro-syntax-0.8.0	ok	6	-1	-1	4	
corrupted/print/text/green_energy_sustainable_living_guidelines_multilang(print)_header.pdf	lopdf-0.45.0	err	0	0	-1	1	couldn't parse input
corrupted/print/text/green_energy_sustainable_living_guidelines_multilang(print)_header.pdf	pdfrum-0.4.0	err	0	0	-1	0	cannot open document: not a PDF file
corrupted/print/text/green_energy_sustainable_living_guidelines_multilang(print)_header.pdf	hayro-syntax-0.8.0	ok	6	-1	-1	4	
corrupted/print/text/green_energy_sustainable_living_guidelines_multilang(print)_object_header.pdf	lopdf-0.45.0	ok	0	0	-1	0	
corrupted/print/text/green_energy_sustainable_living_guidelines_multilang(print)_object_header.pdf	pdfrum-0.4.0	ok	6	4823	537	44	
corrupted/print/text/green_energy_sustainable_living_guidelines_multilang(print)_object_header.pdf	hayro-syntax-0.8.0	ok	6	-1	-1	3	
corrupted/print/text/green_energy_sustainable_living_guidelines_multilang(print)_page_tree.pdf	lopdf-0.45.0	err	0	0	-1	2	couldn't parse input
corrupted/print/text/green_energy_sustainable_living_guidelines_multilang(print)_page_tree.pdf	pdfrum-0.4.0	err	0	0	-1	0	cannot open document: damaged beyond recovery: no document catalog
corrupted/print/text/green_energy_sustainable_living_guidelines_multilang(print)_page_tree.pdf	hayro-syntax-0.8.0	err	0	0	-1	2	Invalid
corrupted/print/text/green_energy_sustainable_living_guidelines_multilang(print)_partial_cut.pdf	lopdf-0.45.0	err	0	0	-1	2	failed parsing cross reference table
corrupted/print/text/green_energy_sustainable_living_guidelines_multilang(print)_partial_cut.pdf	pdfrum-0.4.0	err	0	0	-1	1	cannot open document: damaged beyond recovery: no usable cross-reference information
corrupted/print/text/green_energy_sustainable_living_guidelines_multilang(print)_partial_cut.pdf	hayro-syntax-0.8.0	err	0	0	-1	3	Invalid
corrupted/print/text/green_energy_sustainable_living_guidelines_multilang(print)_remove_fonts.pdf	lopdf-0.45.0	ok	6	4823	-1	32	
corrupted/print/text/green_energy_sustainable_living_guidelines_multilang(print)_remove_fonts.pdf	pdfrum-0.4.0	ok	6	4784	542	56	
corrupted/print/text/green_energy_sustainable_living_guidelines_multilang(print)_remove_fonts.pdf	hayro-syntax-0.8.0	ok	6	-1	-1	5	
corrupted/print/text/green_energy_sustainable_living_guidelines_multilang(print)_remove_unicode_fonts.pdf	lopdf-0.45.0	ok	6	3117	-1	29	
corrupted/print/text/green_energy_sustainable_living_guidelines_multilang(print)_remove_unicode_fonts.pdf	pdfrum-0.4.0	ok	6	5471	1095	41	
corrupted/print/text/green_energy_sustainable_living_guidelines_multilang(print)_remove_unicode_fonts.pdf	hayro-syntax-0.8.0	ok	6	-1	-1	5	
corrupted/print/text/green_energy_sustainable_living_guidelines_multilang(print)_stream_zlib.pdf	lopdf-0.45.0	ok	6	3216	-1	15	
corrupted/print/text/green_energy_sustainable_living_guidelines_multilang(print)_stream_zlib.pdf	pdfrum-0.4.0	ok	6	3228	681	36	
corrupted/print/text/green_energy_sustainable_living_guidelines_multilang(print)_stream_zlib.pdf	hayro-syntax-0.8.0	ok	6	-1	-1	3	
corrupted/print/text/green_energy_sustainable_living_guidelines_multilang(print)_trailer.pdf	lopdf-0.45.0	ok	6	4823	-1	33	
corrupted/print/text/green_energy_sustainable_living_guidelines_multilang(print)_trailer.pdf	pdfrum-0.4.0	ok	6	4823	538	41	
corrupted/print/text/green_energy_sustainable_living_guidelines_multilang(print)_trailer.pdf	hayro-syntax-0.8.0	ok	6	-1	-1	4	
corrupted/print/text/green_energy_sustainable_living_guidelines_multilang(print)_xref.pdf	lopdf-0.45.0	ok	6	4823	-1	29	
corrupted/print/text/green_energy_sustainable_living_guidelines_multilang(print)_xref.pdf	pdfrum-0.4.0	ok	6	4823	537	39	
corrupted/print/text/green_energy_sustainable_living_guidelines_multilang(print)_xref.pdf	hayro-syntax-0.8.0	ok	6	-1	-1	3	
corrupted/print/text/health_wellbeing_digital_age_guidelines_multilang(print)_font_mapping_loss.pdf	lopdf-0.45.0	ok	6	0	-1	10	
corrupted/print/text/health_wellbeing_digital_age_guidelines_multilang(print)_font_mapping_loss.pdf	pdfrum-0.4.0	ok	6	10016	4098	60	
corrupted/print/text/health_wellbeing_digital_age_guidelines_multilang(print)_font_mapping_loss.pdf	hayro-syntax-0.8.0	ok	6	-1	-1	1	
corrupted/print/text/health_wellbeing_digital_age_guidelines_multilang(print)_header.pdf	lopdf-0.45.0	err	0	0	-1	0	couldn't parse input
corrupted/print/text/health_wellbeing_digital_age_guidelines_multilang(print)_header.pdf	pdfrum-0.4.0	err	0	0	-1	0	cannot open document: not a PDF file
corrupted/print/text/health_wellbeing_digital_age_guidelines_multilang(print)_header.pdf	hayro-syntax-0.8.0	ok	6	-1	-1	1	
corrupted/print/text/health_wellbeing_digital_age_guidelines_multilang(print)_object_header.pdf	lopdf-0.45.0	ok	0	0	-1	0	
corrupted/print/text/health_wellbeing_digital_age_guidelines_multilang(print)_object_header.pdf	pdfrum-0.4.0	ok	6	6017	415	24	
corrupted/print/text/health_wellbeing_digital_age_guidelines_multilang(print)_object_header.pdf	hayro-syntax-0.8.0	ok	6	-1	-1	1	
corrupted/print/text/health_wellbeing_digital_age_guidelines_multilang(print)_page_tree.pdf	lopdf-0.45.0	err	0	0	-1	0	couldn't parse input
corrupted/print/text/health_wellbeing_digital_age_guidelines_multilang(print)_page_tree.pdf	pdfrum-0.4.0	err	0	0	-1	0	cannot open document: damaged beyond recovery: no document catalog
corrupted/print/text/health_wellbeing_digital_age_guidelines_multilang(print)_page_tree.pdf	hayro-syntax-0.8.0	err	0	0	-1	1	Invalid
corrupted/print/text/health_wellbeing_digital_age_guidelines_multilang(print)_partial_cut.pdf	lopdf-0.45.0	err	0	0	-1	0	failed parsing cross reference table
corrupted/print/text/health_wellbeing_digital_age_guidelines_multilang(print)_partial_cut.pdf	pdfrum-0.4.0	err	0	0	-1	0	cannot open document: damaged beyond recovery: no usable cross-reference information
corrupted/print/text/health_wellbeing_digital_age_guidelines_multilang(print)_partial_cut.pdf	hayro-syntax-0.8.0	err	0	0	-1	0	Invalid
corrupted/print/text/health_wellbeing_digital_age_guidelines_multilang(print)_remove_fonts.pdf	lopdf-0.45.0	ok	6	6003	-1	12	
corrupted/print/text/health_wellbeing_digital_age_guidelines_multilang(print)_remove_fonts.pdf	pdfrum-0.4.0	ok	6	5973	425	65	
corrupted/print/text/health_wellbeing_digital_age_guidelines_multilang(print)_remove_fonts.pdf	hayro-syntax-0.8.0	ok	6	-1	-1	1	
corrupted/print/text/health_wellbeing_digital_age_guidelines_multilang(print)_remove_unicode_fonts.pdf	lopdf-0.45.0	ok	6	4425	-1	11	
corrupted/print/text/health_wellbeing_digital_age_guidelines_multilang(print)_remove_unicode_fonts.pdf	pdfrum-0.4.0	ok	6	6899	1029	46	
corrupted/print/text/health_wellbeing_digital_age_guidelines_multilang(print)_remove_unicode_fonts.pdf	hayro-syntax-0.8.0	ok	6	-1	-1	2	
corrupted/print/text/health_wellbeing_digital_age_guidelines_multilang(print)_stream_zlib.pdf	lopdf-0.45.0	ok	6	2449	-1	11	
corrupted/print/text/health_wellbeing_digital_age_guidelines_multilang(print)_stream_zlib.pdf	pdfrum-0.4.0	ok	6	2427	1031	13	
corrupted/print/text/health_wellbeing_digital_age_guidelines_multilang(print)_stream_zlib.pdf	hayro-syntax-0.8.0	ok	6	-1	-1	1	
corrupted/print/text/health_wellbeing_digital_age_guidelines_multilang(print)_trailer.pdf	lopdf-0.45.0	ok	6	6003	-1	13	
corrupted/print/text/health_wellbeing_digital_age_guidelines_multilang(print)_trailer.pdf	pdfrum-0.4.0	ok	6	6017	416	21	
corrupted/print/text/health_wellbeing_digital_age_guidelines_multilang(print)_trailer.pdf	hayro-syntax-0.8.0	ok	6	-1	-1	1	
corrupted/print/text/health_wellbeing_digital_age_guidelines_multilang(print)_xref.pdf	lopdf-0.45.0	ok	6	6003	-1	13	
corrupted/print/text/health_wellbeing_digital_age_guidelines_multilang(print)_xref.pdf	pdfrum-0.4.0	ok	6	6017	415	21	
corrupted/print/text/health_wellbeing_digital_age_guidelines_multilang(print)_xref.pdf	hayro-syntax-0.8.0	ok	6	-1	-1	1	
corrupted/print/text/illegal_item_trading_money_laundering_in_games(print)_font_mapping_loss.pdf	lopdf-0.45.0	ok	6	0	-1	17	
corrupted/print/text/illegal_item_trading_money_laundering_in_games(print)_font_mapping_loss.pdf	pdfrum-0.4.0	ok	6	5290	2106	48	
corrupted/print/text/illegal_item_trading_money_laundering_in_games(print)_font_mapping_loss.pdf	hayro-syntax-0.8.0	ok	6	-1	-1	3	
corrupted/print/text/illegal_item_trading_money_laundering_in_games(print)_header.pdf	lopdf-0.45.0	err	0	0	-1	0	couldn't parse input
corrupted/print/text/illegal_item_trading_money_laundering_in_games(print)_header.pdf	pdfrum-0.4.0	err	0	0	-1	0	cannot open document: not a PDF file
corrupted/print/text/illegal_item_trading_money_laundering_in_games(print)_header.pdf	hayro-syntax-0.8.0	ok	6	-1	-1	3	
corrupted/print/text/illegal_item_trading_money_laundering_in_games(print)_object_header.pdf	lopdf-0.45.0	ok	0	0	-1	0	
corrupted/print/text/illegal_item_trading_money_laundering_in_games(print)_object_header.pdf	pdfrum-0.4.0	ok	6	3276	389	40	
corrupted/print/text/illegal_item_trading_money_laundering_in_games(print)_object_header.pdf	hayro-syntax-0.8.0	ok	6	-1	-1	3	
corrupted/print/text/illegal_item_trading_money_laundering_in_games(print)_page_tree.pdf	lopdf-0.45.0	err	0	0	-1	2	couldn't parse input
corrupted/print/text/illegal_item_trading_money_laundering_in_games(print)_page_tree.pdf	pdfrum-0.4.0	err	0	0	-1	0	cannot open document: damaged beyond recovery: no document catalog
corrupted/print/text/illegal_item_trading_money_laundering_in_games(print)_page_tree.pdf	hayro-syntax-0.8.0	err	0	0	-1	3	Invalid
corrupted/print/text/illegal_item_trading_money_laundering_in_games(print)_partial_cut.pdf	lopdf-0.45.0	err	0	0	-1	2	failed parsing cross reference table
corrupted/print/text/illegal_item_trading_money_laundering_in_games(print)_partial_cut.pdf	pdfrum-0.4.0	err	0	0	-1	1	cannot open document: damaged beyond recovery: no usable cross-reference information
corrupted/print/text/illegal_item_trading_money_laundering_in_games(print)_partial_cut.pdf	hayro-syntax-0.8.0	err	0	0	-1	3	Invalid
corrupted/print/text/illegal_item_trading_money_laundering_in_games(print)_remove_fonts.pdf	lopdf-0.45.0	ok	6	3272	-1	17	
corrupted/print/text/illegal_item_trading_money_laundering_in_games(print)_remove_fonts.pdf	pdfrum-0.4.0	ok	6	3252	400	41	
corrupted/print/text/illegal_item_trading_money_laundering_in_games(print)_remove_fonts.pdf	hayro-syntax-0.8.0	ok	6	-1	-1	6	
corrupted/print/text/illegal_item_trading_money_laundering_in_games(print)_remove_unicode_fonts.pdf	lopdf-0.45.0	ok	6	2226	-1	17	
corrupted/print/text/illegal_item_trading_money_laundering_in_games(print)_remove_unicode_fonts.pdf	pdfrum-0.4.0	ok	6	3709	785	28	
corrupted/print/text/illegal_item_trading_money_laundering_in_games(print)_remove_unicode_fonts.pdf	hayro-syntax-0.8.0	ok	6	-1	-1	7	
corrupted/print/text/illegal_item_trading_money_laundering_in_games(print)_stream_zlib.pdf	lopdf-0.45.0	ok	6	2220	-1	14	
corrupted/print/text/illegal_item_trading_money_laundering_in_games(print)_stream_zlib.pdf	pdfrum-0.4.0	ok	6	2283	2022	22	
corrupted/print/text/illegal_item_trading_money_laundering_in_games(print)_stream_zlib.pdf	hayro-syntax-0.8.0	ok	6	-1	-1	3	
corrupted/print/text/illegal_item_trading_money_laundering_in_games(print)_trailer.pdf	lopdf-0.45.0	ok	6	3272	-1	18	
corrupted/print/text/illegal_item_trading_money_laundering_in_games(print)_trailer.pdf	pdfrum-0.4.0	ok	6	3276	390	38	
corrupted/print/text/illegal_item_trading_money_laundering_in_games(print)_trailer.pdf	hayro-syntax-0.8.0	ok	6	-1	-1	5	
corrupted/print/text/illegal_item_trading_money_laundering_in_games(print)_xref.pdf	lopdf-0.45.0	ok	6	3272	-1	19	
corrupted/print/text/illegal_item_trading_money_laundering_in_games(print)_xref.pdf	pdfrum-0.4.0	ok	6	3276	389	39	
corrupted/print/text/illegal_item_trading_money_laundering_in_games(print)_xref.pdf	hayro-syntax-0.8.0	ok	6	-1	-1	3	
corrupted/print/text/messenger_app_data_misuse_investigation(print)_font_mapping_loss.pdf	lopdf-0.45.0	ok	6	0	-1	17	
corrupted/print/text/messenger_app_data_misuse_investigation(print)_font_mapping_loss.pdf	pdfrum-0.4.0	ok	6	4475	1916	43	
corrupted/print/text/messenger_app_data_misuse_investigation(print)_font_mapping_loss.pdf	hayro-syntax-0.8.0	ok	6	-1	-1	1	
corrupted/print/text/messenger_app_data_misuse_investigation(print)_header.pdf	lopdf-0.45.0	err	0	0	-1	0	couldn't parse input
corrupted/print/text/messenger_app_data_misuse_investigation(print)_header.pdf	pdfrum-0.4.0	err	0	0	-1	0	cannot open document: not a PDF file
corrupted/print/text/messenger_app_data_misuse_investigation(print)_header.pdf	hayro-syntax-0.8.0	ok	6	-1	-1	1	
corrupted/print/text/messenger_app_data_misuse_investigation(print)_object_header.pdf	lopdf-0.45.0	ok	0	0	-1	0	
corrupted/print/text/messenger_app_data_misuse_investigation(print)_object_header.pdf	pdfrum-0.4.0	ok	6	2765	361	34	
corrupted/print/text/messenger_app_data_misuse_investigation(print)_object_header.pdf	hayro-syntax-0.8.0	ok	6	-1	-1	1	
corrupted/print/text/messenger_app_data_misuse_investigation(print)_page_tree.pdf	lopdf-0.45.0	err	0	0	-1	1	couldn't parse input
corrupted/print/text/messenger_app_data_misuse_investigation(print)_page_tree.pdf	pdfrum-0.4.0	err	0	0	-1	0	cannot open document: damaged beyond recovery: no document catalog
corrupted/print/text/messenger_app_data_misuse_investigation(print)_page_tree.pdf	hayro-syntax-0.8.0	err	0	0	-1	1	Invalid
corrupted/print/text/messenger_app_data_misuse_investigation(print)_partial_cut.pdf	lopdf-0.45.0	err	0	0	-1	1	failed parsing cross reference table
corrupted/print/text/messenger_app_data_misuse_investigation(print)_partial_cut.pdf	pdfrum-0.4.0	err	0	0	-1	0	cannot open document: damaged beyond recovery: no usable cross-reference information
corrupted/print/text/messenger_app_data_misuse_investigation(print)_partial_cut.pdf	hayro-syntax-0.8.0	err	0	0	-1	1	Invalid
corrupted/print/text/messenger_app_data_misuse_investigation(print)_remove_fonts.pdf	lopdf-0.45.0	ok	6	2766	-1	26	
corrupted/print/text/messenger_app_data_misuse_investigation(print)_remove_fonts.pdf	pdfrum-0.4.0	ok	6	2755	364	48	
corrupted/print/text/messenger_app_data_misuse_investigation(print)_remove_fonts.pdf	hayro-syntax-0.8.0	ok	6	-1	-1	4	
corrupted/print/text/messenger_app_data_misuse_investigation(print)_remove_unicode_fonts.pdf	lopdf-0.45.0	ok	6	1859	-1	22	
corrupted/print/text/messenger_app_data_misuse_investigation(print)_remove_unicode_fonts.pdf	pdfrum-0.4.0	ok	6	3092	706	27	
corrupted/print/text/messenger_app_data_misuse_investigation(print)_remove_unicode_fonts.pdf	hayro-syntax-0.8.0	ok	6	-1	-1	2	
corrupted/print/text/messenger_app_data_misuse_investigation(print)_stream_zlib.pdf	lopdf-0.45.0	ok	6	1434	-1	15	
corrupted/print/text/messenger_app_data_misuse_investigation(print)_stream_zlib.pdf	pdfrum-0.4.0	ok	6	1302	892	27	
corrupted/print/text/messenger_app_data_misuse_investigation(print)_stream_zlib.pdf	hayro-syntax-0.8.0	ok	6	-1	-1	1	
corrupted/print/text/messenger_app_data_misuse_investigation(print)_trailer.pdf	lopdf-0.45.0	ok	6	2766	-1	20	
corrupted/print/text/messenger_app_data_misuse_investigation(print)_trailer.pdf	pdfrum-0.4.0	ok	6	2765	362	34	
corrupted/print/text/messenger_app_data_misuse_investigation(print)_trailer.pdf	hayro-syntax-0.8.0	ok	6	-1	-1	2	
corrupted/print/text/messenger_app_data_misuse_investigation(print)_xref.pdf	lopdf-0.45.0	ok	6	2766	-1	19	
corrupted/print/text/messenger_app_data_misuse_investigation(print)_xref.pdf	pdfrum-0.4.0	ok	6	2765	361	45	
corrupted/print/text/messenger_app_data_misuse_investigation(print)_xref.pdf	hayro-syntax-0.8.0	ok	6	-1	-1	1	
corrupted/print/text/open_source_software_contribution_guidelines_multilang(print)_font_mapping_loss.pdf	lopdf-0.45.0	ok	6	0	-1	16	
corrupted/print/text/open_source_software_contribution_guidelines_multilang(print)_font_mapping_loss.pdf	pdfrum-0.4.0	ok	6	11091	4098	75	
corrupted/print/text/open_source_software_contribution_guidelines_multilang(print)_font_mapping_loss.pdf	hayro-syntax-0.8.0	ok	6	-1	-1	2	
corrupted/print/text/open_source_software_contribution_guidelines_multilang(print)_header.pdf	lopdf-0.45.0	err	0	0	-1	0	couldn't parse input
corrupted/print/text/open_source_software_contribution_guidelines_multilang(print)_header.pdf	pdfrum-0.4.0	err	0	0	-1	0	cannot open document: not a PDF file
corrupted/print/text/open_source_software_contribution_guidelines_multilang(print)_header.pdf	hayro-syntax-0.8.0	ok	6	-1	-1	2	
corrupted/print/text/open_source_software_contribution_guidelines_multilang(print)_object_header.pdf	lopdf-0.45.0	ok	0	0	-1	0	
corrupted/print/text/open_source_software_contribution_guidelines_multilang(print)_object_header.pdf	pdfrum-0.4.0	ok	6	7016	677	35	
corrupted/print/text/open_source_software_contribution_guidelines_multilang(print)_object_header.pdf	hayro-syntax-0.8.0	ok	6	-1	-1	2	
corrupted/print/text/open_source_software_contribution_guidelines_multilang(print)_page_tree.pdf	lopdf-0.45.0	err	0	0	-1	1	couldn't parse input
corrupted/print/text/open_source_software_contribution_guidelines_multilang(print)_page_tree.pdf	pdfrum-0.4.0	err	0	0	-1	0	cannot open document: damaged beyond recovery: no document catalog
corrupted/print/text/open_source_software_contribution_guidelines_multilang(print)_page_tree.pdf	hayro-syntax-0.8.0	err	0	0	-1	3	Invalid
corrupted/print/text/open_source_software_contribution_guidelines_multilang(print)_partial_cut.pdf	lopdf-0.45.0	err	0	0	-1	2	failed parsing cross reference table
corrupted/print/text/open_source_software_contribution_guidelines_multilang(print)_partial_cut.pdf	pdfrum-0.4.0	err	0	0	-1	2	cannot open document: damaged beyond recovery: no usable cross-reference information
corrupted/print/text/open_source_software_contribution_guidelines_multilang(print)_partial_cut.pdf	hayro-syntax-0.8.0	err	0	0	-1	2	Invalid
corrupted/print/text/open_source_software_contribution_guidelines_multilang(print)_remove_fonts.pdf	lopdf-0.45.0	ok	6	7015	-1	17	
corrupted/print/text/open_source_software_contribution_guidelines_multilang(print)_remove_fonts.pdf	pdfrum-0.4.0	ok	6	6959	692	71	
corrupted/print/text/open_source_software_contribution_guidelines_multilang(print)_remove_fonts.pdf	hayro-syntax-0.8.0	ok	6	-1	-1	4	
corrupted/print/text/open_source_software_contribution_guidelines_multilang(print)_remove_unicode_fonts.pdf	lopdf-0.45.0	ok	6	5374	-1	16	
corrupted/print/text/open_source_software_contribution_guidelines_multilang(print)_remove_unicode_fonts.pdf	pdfrum-0.4.0	ok	6	7757	1409	48	
corrupted/print/text/open_source_software_contribution_guidelines_multilang(print)_remove_unicode_fonts.pdf	hayro-syntax-0.8.0	ok	6	-1	-1	4	
corrupted/print/text/open_source_software_contribution_guidelines_multilang(print)_stream_zlib.pdf	lopdf-0.45.0	ok	6	4755	-1	13	
corrupted/print/text/open_source_software_contribution_guidelines_multilang(print)_stream_zlib.pdf	pdfrum-0.4.0	ok	6	5496	1522	42	
corrupted/print/text/open_source_software_contribution_guidelines_multilang(print)_stream_zlib.pdf	hayro-syntax-0.8.0	ok	6	-1	-1	2	
corrupted/print/text/open_source_software_contribution_guidelines_multilang(print)_trailer.pdf	lopdf-0.45.0	ok	6	7015	-1	17	
corrupted/print/text/open_source_software_contribution_guidelines_multilang(print)_trailer.pdf	pdfrum-0.4.0	ok	6	7016	678	36	
corrupted/print/text/open_source_software_contribution_guidelines_multilang(print)_trailer.pdf	hayro-syntax-0.8.0	ok	6	-1	-1	3	
corrupted/print/text/open_source_software_contribution_guidelines_multilang(print)_xref.pdf	lopdf-0.45.0	ok	6	7015	-1	18	
corrupted/print/text/open_source_software_contribution_guidelines_multilang(print)_xref.pdf	pdfrum-0.4.0	ok	6	7016	677	36	
corrupted/print/text/open_source_software_contribution_guidelines_multilang(print)_xref.pdf	hayro-syntax-0.8.0	ok	6	-1	-1	2	
corrupted/print/text/personal_finance_cyber_fraud_prevention_guidelines_multilang(print)_font_mapping_loss.pdf	lopdf-0.45.0	ok	6	0	-1	56	
corrupted/print/text/personal_finance_cyber_fraud_prevention_guidelines_multilang(print)_font_mapping_loss.pdf	pdfrum-0.4.0	ok	6	11007	3828	95	
corrupted/print/text/personal_finance_cyber_fraud_prevention_guidelines_multilang(print)_font_mapping_loss.pdf	hayro-syntax-0.8.0	ok	6	-1	-1	3	
corrupted/print/text/personal_finance_cyber_fraud_prevention_guidelines_multilang(print)_header.pdf	lopdf-0.45.0	err	0	0	-1	0	couldn't parse input
corrupted/print/text/personal_finance_cyber_fraud_prevention_guidelines_multilang(print)_header.pdf	pdfrum-0.4.0	err	0	0	-1	0	cannot open document: not a PDF file
corrupted/print/text/personal_finance_cyber_fraud_prevention_guidelines_multilang(print)_header.pdf	hayro-syntax-0.8.0	ok	6	-1	-1	3	
corrupted/print/text/personal_finance_cyber_fraud_prevention_guidelines_multilang(print)_object_header.pdf	lopdf-0.45.0	ok	0	0	-1	0	
corrupted/print/text/personal_finance_cyber_fraud_prevention_guidelines_multilang(print)_object_header.pdf	pdfrum-0.4.0	ok	6	6832	518	55	
corrupted/print/text/personal_finance_cyber_fraud_prevention_guidelines_multilang(print)_object_header.pdf	hayro-syntax-0.8.0	ok	6	-1	-1	5	
corrupted/print/text/personal_finance_cyber_fraud_prevention_guidelines_multilang(print)_page_tree.pdf	lopdf-0.45.0	err	0	0	-1	4	couldn't parse input
corrupted/print/text/personal_finance_cyber_fraud_prevention_guidelines_multilang(print)_page_tree.pdf	pdfrum-0.4.0	err	0	0	-1	0	cannot open document: damaged beyond recovery: no document catalog
corrupted/print/text/personal_finance_cyber_fraud_prevention_guidelines_multilang(print)_page_tree.pdf	hayro-syntax-0.8.0	err	0	0	-1	4	Invalid
corrupted/print/text/personal_finance_cyber_fraud_prevention_guidelines_multilang(print)_partial_cut.pdf	lopdf-0.45.0	err	0	0	-1	3	failed parsing cross reference table
corrupted/print/text/personal_finance_cyber_fraud_prevention_guidelines_multilang(print)_partial_cut.pdf	pdfrum-0.4.0	err	0	0	-1	1	cannot open document: damaged beyond recovery: no usable cross-reference information
corrupted/print/text/personal_finance_cyber_fraud_prevention_guidelines_multilang(print)_partial_cut.pdf	hayro-syntax-0.8.0	err	0	0	-1	4	Invalid
corrupted/print/text/personal_finance_cyber_fraud_prevention_guidelines_multilang(print)_remove_fonts.pdf	lopdf-0.45.0	ok	6	6812	-1	54	
corrupted/print/text/personal_finance_cyber_fraud_prevention_guidelines_multilang(print)_remove_fonts.pdf	pdfrum-0.4.0	ok	6	6784	531	91	
corrupted/print/text/personal_finance_cyber_fraud_prevention_guidelines_multilang(print)_remove_fonts.pdf	hayro-syntax-0.8.0	ok	6	-1	-1	5	
corrupted/print/text/personal_finance_cyber_fraud_prevention_guidelines_multilang(print)_remove_unicode_fonts.pdf	lopdf-0.45.0	ok	6	4527	-1	61	
corrupted/print/text/personal_finance_cyber_fraud_prevention_guidelines_multilang(print)_remove_unicode_fonts.pdf	pdfrum-0.4.0	ok	6	7561	1208	70	
corrupted/print/text/personal_finance_cyber_fraud_prevention_guidelines_multilang(print)_remove_unicode_fonts.pdf	hayro-syntax-0.8.0	ok	6	-1	-1	6	
corrupted/print/text/personal_finance_cyber_fraud_prevention_guidelines_multilang(print)_stream_zlib.pdf	lopdf-0.45.0	ok	6	3877	-1	21	
corrupted/print/text/personal_finance_cyber_fraud_prevention_guidelines_multilang(print)_stream_zlib.pdf	pdfrum-0.4.0	ok	6	4341	4097	47	
corrupted/print/text/personal_finance_cyber_fraud_prevention_guidelines_multilang(print)_stream_zlib.pdf	hayro-syntax-0.8.0	ok	6	-1	-1	3	
corrupted/print/text/personal_finance_cyber_fraud_prevention_guidelines_multilang(print)_trailer.pdf	lopdf-0.45.0	ok	6	6812	-1	55	
corrupted/print/text/personal_finance_cyber_fraud_prevention_guidelines_multilang(print)_trailer.pdf	pdfrum-0.4.0	ok	6	6832	519	54	
corrupted/print/text/personal_finance_cyber_fraud_prevention_guidelines_multilang(print)_trailer.pdf	hayro-syntax-0.8.0	ok	6	-1	-1	5	
corrupted/print/text/personal_finance_cyber_fraud_prevention_guidelines_multilang(print)_xref.pdf	lopdf-0.45.0	ok	6	6812	-1	61	
corrupted/print/text/personal_finance_cyber_fraud_prevention_guidelines_multilang(print)_xref.pdf	pdfrum-0.4.0	ok	6	6832	518	72	
corrupted/print/text/personal_finance_cyber_fraud_prevention_guidelines_multilang(print)_xref.pdf	hayro-syntax-0.8.0	ok	6	-1	-1	5	
corrupted/print/text/remote_work_home_office_guidelines(print)_font_mapping_loss.pdf	lopdf-0.45.0	ok	6	0	-1	22	
corrupted/print/text/remote_work_home_office_guidelines(print)_font_mapping_loss.pdf	pdfrum-0.4.0	ok	6	6915	4098	100	
corrupted/print/text/remote_work_home_office_guidelines(print)_font_mapping_loss.pdf	hayro-syntax-0.8.0	ok	6	-1	-1	3	
corrupted/print/text/remote_work_home_office_guidelines(print)_header.pdf	lopdf-0.45.0	err	0	0	-1	0	couldn't parse input
corrupted/print/text/remote_work_home_office_guidelines(print)_header.pdf	pdfrum-0.4.0	err	0	0	-1	0	cannot open document: not a PDF file
corrupted/print/text/remote_work_home_office_guidelines(print)_header.pdf	hayro-syntax-0.8.0	ok	6	-1	-1	3	
corrupted/print/text/remote_work_home_office_guidelines(print)_object_header.pdf	lopdf-0.45.0	ok	0	0	-1	0	
corrupted/print/text/remote_work_home_office_guidelines(print)_object_header.pdf	pdfrum-0.4.0	ok	6	5497	600	44	
corrupted/print/text/remote_work_home_office_guidelines(print)_object_header.pdf	hayro-syntax-0.8.0	ok	6	-1	-1	3	
corrupted/print/text/remote_work_home_office_guidelines(print)_page_tree.pdf	lopdf-0.45.0	err	0	0	-1	3	couldn't parse input
corrupted/print/text/remote_work_home_office_guidelines(print)_page_tree.pdf	pdfrum-0.4.0	err	0	0	-1	0	cannot open document: damaged beyond recovery: no document catalog
corrupted/print/text/remote_work_home_office_guidelines(print)_page_tree.pdf	hayro-syntax-0.8.0	err	0	0	-1	2	Invalid
corrupted/print/text/remote_work_home_office_guidelines(print)_partial_cut.pdf	lopdf-0.45.0	err	0	0	-1	2	failed parsing cross reference table
corrupted/print/text/remote_work_home_office_guidelines(print)_partial_cut.pdf	pdfrum-0.4.0	err	0	0	-1	2	cannot open document: damaged beyond recovery: no usable cross-reference information
corrupted/print/text/remote_work_home_office_guidelines(print)_partial_cut.pdf	hayro-syntax-0.8.0	err	0	0	-1	2	Invalid
corrupted/print/text/remote_work_home_office_guidelines(print)_remove_fonts.pdf	lopdf-0.45.0	ok	6	5497	-1	17	
corrupted/print/text/remote_work_home_office_guidelines(print)_remove_fonts.pdf	pdfrum-0.4.0	ok	6	5438	628	53	
corrupted/print/text/remote_work_home_office_guidelines(print)_remove_fonts.pdf	hayro-syntax-0.8.0	ok	6	-1	-1	4	
corrupted/print/text/remote_work_home_office_guidelines(print)_remove_unicode_fonts.pdf	lopdf-0.45.0	ok	6	4103	-1	13	
corrupted/print/text/remote_work_home_office_guidelines(print)_remove_unicode_fonts.pdf	pdfrum-0.4.0	ok	6	5574	1219	54	
corrupted/print/text/remote_work_home_office_guidelines(print)_remove_unicode_fonts.pdf	hayro-syntax-0.8.0	ok	6	-1	-1	4	
corrupted/print/text/remote_work_home_office_guidelines(print)_stream_zlib.pdf	lopdf-0.45.0	ok	6	3499	-1	11	
corrupted/print/text/remote_work_home_office_guidelines(print)_stream_zlib.pdf	pdfrum-0.4.0	ok	6	4350	920	30	
corrupted/print/text/remote_work_home_office_guidelines(print)_stream_zlib.pdf	hayro-syntax-0.8.0	ok	6	-1	-1	2	
corrupted/print/text/remote_work_home_office_guidelines(print)_trailer.pdf	lopdf-0.45.0	ok	6	5497	-1	15	
corrupted/print/text/remote_work_home_office_guidelines(print)_trailer.pdf	pdfrum-0.4.0	ok	6	5497	601	31	
corrupted/print/text/remote_work_home_office_guidelines(print)_trailer.pdf	hayro-syntax-0.8.0	ok	6	-1	-1	3	
corrupted/print/text/remote_work_home_office_guidelines(print)_xref.pdf	lopdf-0.45.0	ok	6	5497	-1	14	
corrupted/print/text/remote_work_home_office_guidelines(print)_xref.pdf	pdfrum-0.4.0	ok	6	5497	600	31	
corrupted/print/text/remote_work_home_office_guidelines(print)_xref.pdf	hayro-syntax-0.8.0	ok	6	-1	-1	2	
corrupted/print/text/smart_city_data_privacy_guidelines_multilang(print)_font_mapping_loss.pdf	lopdf-0.45.0	ok	6	0	-1	10	
corrupted/print/text/smart_city_data_privacy_guidelines_multilang(print)_font_mapping_loss.pdf	pdfrum-0.4.0	ok	6	12637	3992	63	
corrupted/print/text/smart_city_data_privacy_guidelines_multilang(print)_font_mapping_loss.pdf	hayro-syntax-0.8.0	ok	6	-1	-1	2	
corrupted/print/text/smart_city_data_privacy_guidelines_multilang(print)_header.pdf	lopdf-0.45.0	err	0	0	-1	0	couldn't parse input
corrupted/print/text/smart_city_data_privacy_guidelines_multilang(print)_header.pdf	pdfrum-0.4.0	err	0	0	-1	0	cannot open document: not a PDF file
corrupted/print/text/smart_city_data_privacy_guidelines_multilang(print)_header.pdf	hayro-syntax-0.8.0	ok	6	-1	-1	2	
corrupted/print/text/smart_city_data_privacy_guidelines_multilang(print)_object_header.pdf	lopdf-0.45.0	ok	0	0	-1	0	
corrupted/print/text/smart_city_data_privacy_guidelines_multilang(print)_object_header.pdf	pdfrum-0.4.0	ok	6	7388	489	30	
corrupted/print/text/smart_city_data_privacy_guidelines_multilang(print)_object_header.pdf	hayro-syntax-0.8.0	ok	6	-1	-1	2	
corrupted/print/text/smart_city_data_privacy_guidelines_multilang(print)_page_tree.pdf	lopdf-0.45.0	err	0	0	-1	1	couldn't parse input
corrupted/print/text/smart_city_data_privacy_guidelines_multilang(print)_page_tree.pdf	pdfrum-0.4.0	err	0	0	-1	0	cannot open document: damaged beyond recovery: no document catalog
corrupted/print/text/smart_city_data_privacy_guidelines_multilang(print)_page_tree.pdf	hayro-syntax-0.8.0	err	0	0	-1	2	Invalid
corrupted/print/text/smart_city_data_privacy_guidelines_multilang(print)_partial_cut.pdf	lopdf-0.45.0	err	0	0	-1	2	failed parsing cross reference table
corrupted/print/text/smart_city_data_privacy_guidelines_multilang(print)_partial_cut.pdf	pdfrum-0.4.0	err	0	0	-1	2	cannot open document: damaged beyond recovery: no usable cross-reference information
corrupted/print/text/smart_city_data_privacy_guidelines_multilang(print)_partial_cut.pdf	hayro-syntax-0.8.0	err	0	0	-1	2	Invalid
corrupted/print/text/smart_city_data_privacy_guidelines_multilang(print)_remove_fonts.pdf	lopdf-0.45.0	ok	6	7371	-1	13	
corrupted/print/text/smart_city_data_privacy_guidelines_multilang(print)_remove_fonts.pdf	pdfrum-0.4.0	ok	6	7352	491	69	
corrupted/print/text/smart_city_data_privacy_guidelines_multilang(print)_remove_fonts.pdf	hayro-syntax-0.8.0	ok	6	-1	-1	4	
corrupted/print/text/smart_city_data_privacy_guidelines_multilang(print)_remove_unicode_fonts.pdf	lopdf-0.45.0	ok	6	5561	-1	11	
corrupted/print/text/smart_city_data_privacy_guidelines_multilang(print)_remove_unicode_fonts.pdf	pdfrum-0.4.0	ok	6	8521	1151	36	
corrupted/print/text/smart_city_data_privacy_guidelines_multilang(print)_remove_unicode_fonts.pdf	hayro-syntax-0.8.0	ok	6	-1	-1	4	
corrupted/print/text/smart_city_data_privacy_guidelines_multilang(print)_stream_zlib.pdf	lopdf-0.45.0	ok	6	4083	-1	8	
corrupted/print/text/smart_city_data_privacy_guidelines_multilang(print)_stream_zlib.pdf	pdfrum-0.4.0	ok	6	3840	710	21	
corrupted/print/text/smart_city_data_privacy_guidelines_multilang(print)_stream_zlib.pdf	hayro-syntax-0.8.0	ok	6	-1	-1	2	
corrupted/print/text/smart_city_data_privacy_guidelines_multilang(print)_trailer.pdf	lopdf-0.45.0	ok	6	7371	-1	13	
corrupted/print/text/smart_city_data_privacy_guidelines_multilang(print)_trailer.pdf	pdfrum-0.4.0	ok	6	7388	490	35	
corrupted/print/text/smart_city_data_privacy_guidelines_multilang(print)_trailer.pdf	hayro-syntax-0.8.0	ok	6	-1	-1	3	
corrupted/print/text/smart_city_data_privacy_guidelines_multilang(print)_xref.pdf	lopdf-0.45.0	ok	6	7371	-1	14	
corrupted/print/text/smart_city_data_privacy_guidelines_multilang(print)_xref.pdf	pdfrum-0.4.0	ok	6	7388	489	35	
corrupted/print/text/smart_city_data_privacy_guidelines_multilang(print)_xref.pdf	hayro-syntax-0.8.0	ok	6	-1	-1	2	
corrupted/print/text/smart_factory_robot_malfunction_analysis(print)_font_mapping_loss.pdf	lopdf-0.45.0	ok	6	0	-1	29	
corrupted/print/text/smart_factory_robot_malfunction_analysis(print)_font_mapping_loss.pdf	pdfrum-0.4.0	ok	6	6234	1708	54	
corrupted/print/text/smart_factory_robot_malfunction_analysis(print)_font_mapping_loss.pdf	hayro-syntax-0.8.0	ok	6	-1	-1	2	
corrupted/print/text/smart_factory_robot_malfunction_analysis(print)_header.pdf	lopdf-0.45.0	err	0	0	-1	0	couldn't parse input
corrupted/print/text/smart_factory_robot_malfunction_analysis(print)_header.pdf	pdfrum-0.4.0	err	0	0	-1	0	cannot open document: not a PDF file
corrupted/print/text/smart_factory_robot_malfunction_analysis(print)_header.pdf	hayro-syntax-0.8.0	ok	6	-1	-1	2	
corrupted/print/text/smart_factory_robot_malfunction_analysis(print)_object_header.pdf	lopdf-0.45.0	ok	0	0	-1	0	
corrupted/print/text/smart_factory_robot_malfunction_analysis(print)_object_header.pdf	pdfrum-0.4.0	ok	6	3482	426	37	
corrupted/print/text/smart_factory_robot_malfunction_analysis(print)_object_header.pdf	hayro-syntax-0.8.0	ok	6	-1	-1	2	
corrupted/print/text/smart_factory_robot_malfunction_analysis(print)_page_tree.pdf	lopdf-0.45.0	err	0	0	-1	2	couldn't parse input
corrupted/print/text/smart_factory_robot_malfunction_analysis(print)_page_tree.pdf	pdfrum-0.4.0	err	0	0	-1	0	cannot open document: damaged beyond recovery: no document catalog
corrupted/print/text/smart_factory_robot_malfunction_analysis(print)_page_tree.pdf	hayro-syntax-0.8.0	err	0	0	-1	2	Invalid
corrupted/print/text/smart_factory_robot_malfunction_analysis(print)_partial_cut.pdf	lopdf-0.45.0	err	0	0	-1	2	failed parsing cross reference table
corrupted/print/text/smart_factory_robot_malfunction_analysis(print)_partial_cut.pdf	pdfrum-0.4.0	err	0	0	-1	3	cannot open document: damaged beyond recovery: no usable cross-reference information
corrupted/print/text/smart_factory_robot_malfunction_analysis(print)_partial_cut.pdf	hayro-syntax-0.8.0	err	0	0	-1	3	Invalid
corrupted/print/text/smart_factory_robot_malfunction_analysis(print)_remove_fonts.pdf	lopdf-0.45.0	ok	6	3482	-1	29	
corrupted/print/text/smart_factory_robot_malfunction_analysis(print)_remove_fonts.pdf	pdfrum-0.4.0	ok	6	3458	431	49	
corrupted/print/text/smart_factory_robot_malfunction_analysis(print)_remove_fonts.pdf	hayro-syntax-0.8.0	ok	6	-1	-1	5	
corrupted/print/text/smart_factory_robot_malfunction_analysis(print)_remove_unicode_fonts.pdf	lopdf-0.45.0	ok	6	2338	-1	27	
corrupted/print/text/smart_factory_robot_malfunction_analysis(print)_remove_unicode_fonts.pdf	pdfrum-0.4.0	ok	6	4056	811	29	
corrupted/print/text/smart_factory_robot_malfunction_analysis(print)_remove_unicode_fonts.pdf	hayro-syntax-0.8.0	ok	6	-1	-1	5	
corrupted/print/text/smart_factory_robot_malfunction_analysis(print)_stream_zlib.pdf	lopdf-0.45.0	ok	6	2370	-1	12	
corrupted/print/text/smart_factory_robot_malfunction_analysis(print)_stream_zlib.pdf	pdfrum-0.4.0	ok	6	1545	2834	27	
corrupted/print/text/smart_factory_robot_malfunction_analysis(print)_stream_zlib.pdf	hayro-syntax-0.8.0	ok	6	-1	-1	2	
corrupted/print/text/smart_factory_robot_malfunction_analysis(print)_trailer.pdf	lopdf-0.45.0	ok	6	3482	-1	59	
corrupted/print/text/smart_factory_robot_malfunction_analysis(print)_trailer.pdf	pdfrum-0.4.0	ok	6	3482	427	59	
corrupted/print/text/smart_factory_robot_malfunction_analysis(print)_trailer.pdf	hayro-syntax-0.8.0	ok	6	-1	-1	7	
corrupted/print/text/smart_factory_robot_malfunction_analysis(print)_xref.pdf	lopdf-0.45.0	ok	6	3482	-1	28	
corrupted/print/text/smart_factory_robot_malfunction_analysis(print)_xref.pdf	pdfrum-0.4.0	ok	6	3482	426	34	
corrupted/print/text/smart_factory_robot_malfunction_analysis(print)_xref.pdf	hayro-syntax-0.8.0	ok	6	-1	-1	2	
corrupted/saveas/text+img/global_agriculture_food_security_climate_impact(saveas)_font_mapping_loss.pdf	lopdf-0.45.0	ok	6	0	-1	20	
corrupted/saveas/text+img/global_agriculture_food_security_climate_impact(saveas)_font_mapping_loss.pdf	pdfrum-0.4.0	ok	6	12586	3236	99	
corrupted/saveas/text+img/global_agriculture_food_security_climate_impact(saveas)_font_mapping_loss.pdf	hayro-syntax-0.8.0	ok	6	-1	-1	2	
corrupted/saveas/text+img/global_agriculture_food_security_climate_impact(saveas)_header.pdf	lopdf-0.45.0	err	0	0	-1	0	couldn't parse input
corrupted/saveas/text+img/global_agriculture_food_security_climate_impact(saveas)_header.pdf	pdfrum-0.4.0	err	0	0	-1	0	cannot open document: not a PDF file
corrupted/saveas/text+img/global_agriculture_food_security_climate_impact(saveas)_header.pdf	hayro-syntax-0.8.0	ok	6	-1	-1	0	
corrupted/saveas/text+img/global_agriculture_food_security_climate_impact(saveas)_object_header.pdf	lopdf-0.45.0	err	0	0	-1	1	couldn't parse input
corrupted/saveas/text+img/global_agriculture_food_security_climate_impact(saveas)_object_header.pdf	pdfrum-0.4.0	err	0	0	-1	0	cannot open document: damaged beyond recovery: no document catalog
corrupted/saveas/text+img/global_agriculture_food_security_climate_impact(saveas)_object_header.pdf	hayro-syntax-0.8.0	err	0	0	-1	1	Invalid
corrupted/saveas/text+img/global_agriculture_food_security_climate_impact(saveas)_page_tree.pdf	lopdf-0.45.0	ok	0	0	-1	5	
corrupted/saveas/text+img/global_agriculture_food_security_climate_impact(saveas)_page_tree.pdf	pdfrum-0.4.0	err	0	0	-1	0	cannot open document: damaged beyond recovery: no document catalog
corrupted/saveas/text+img/global_agriculture_food_security_climate_impact(saveas)_page_tree.pdf	hayro-syntax-0.8.0	err	0	0	-1	2	Invalid
corrupted/saveas/text+img/global_agriculture_food_security_climate_impact(saveas)_partial_cut.pdf	lopdf-0.45.0	err	0	0	-1	0	failed parsing cross reference table
corrupted/saveas/text+img/global_agriculture_food_security_climate_impact(saveas)_partial_cut.pdf	pdfrum-0.4.0	err	0	0	-1	0	cannot open document: damaged beyond recovery: no usable cross-reference information
corrupted/saveas/text+img/global_agriculture_food_security_climate_impact(saveas)_partial_cut.pdf	hayro-syntax-0.8.0	ok	6	-1	-1	2	
corrupted/saveas/text+img/global_agriculture_food_security_climate_impact(saveas)_remove_fonts.pdf	lopdf-0.45.0	ok	6	10074	-1	22	
corrupted/saveas/text+img/global_agriculture_food_security_climate_impact(saveas)_remove_fonts.pdf	pdfrum-0.4.0	ok	6	10064	718	57	
corrupted/saveas/text+img/global_agriculture_food_security_climate_impact(saveas)_remove_fonts.pdf	hayro-syntax-0.8.0	ok	6	-1	-1	0	
corrupted/saveas/text+img/global_agriculture_food_security_climate_impact(saveas)_remove_unicode_fonts.pdf	lopdf-0.45.0	ok	6	7846	-1	22	
corrupted/saveas/text+img/global_agriculture_food_security_climate_impact(saveas)_remove_unicode_fonts.pdf	pdfrum-0.4.0	ok	6	9978	1401	55	
corrupted/saveas/text+img/global_agriculture_food_security_climate_impact(saveas)_remove_unicode_fonts.pdf	hayro-syntax-0.8.0	ok	6	-1	-1	0	
corrupted/saveas/text+img/global_agriculture_food_security_climate_impact(saveas)_stream_zlib.pdf	lopdf-0.45.0	ok	6	5939	-1	21	
corrupted/saveas/text+img/global_agriculture_food_security_climate_impact(saveas)_stream_zlib.pdf	pdfrum-0.4.0	ok	6	6403	801	27	
corrupted/saveas/text+img/global_agriculture_food_security_climate_impact(saveas)_stream_zlib.pdf	hayro-syntax-0.8.0	ok	6	-1	-1	0	
corrupted/saveas/text+img/global_agriculture_food_security_climate_impact(saveas)_trailer.pdf	lopdf-0.45.0	ok	6	10074	-1	20	
corrupted/saveas/text+img/global_agriculture_food_security_climate_impact(saveas)_trailer.pdf	pdfrum-0.4.0	ok	6	10074	712	42	
corrupted/saveas/text+img/global_agriculture_food_security_climate_impact(saveas)_trailer.pdf	hayro-syntax-0.8.0	ok	6	-1	-1	3	
corrupted/saveas/text+img/global_agriculture_food_security_climate_impact(saveas)_xref.pdf	lopdf-0.45.0	ok	6	10074	-1	32	
corrupted/saveas/text+img/global_agriculture_food_security_climate_impact(saveas)_xref.pdf	pdfrum-0.4.0	ok	6	10074	712	46	
corrupted/saveas/text+img/global_agriculture_food_security_climate_impact(saveas)_xref.pdf	hayro-syntax-0.8.0	ok	6	-1	-1	2	
corrupted/saveas/text+img/global_ai_technology_investment_and_industry_adoption(saveas)_font_mapping_loss.pdf	lopdf-0.45.0	ok	6	0	-1	23	
corrupted/saveas/text+img/global_ai_technology_investment_and_industry_adoption(saveas)_font_mapping_loss.pdf	pdfrum-0.4.0	ok	6	9205	2134	88	
corrupted/saveas/text+img/global_ai_technology_investment_and_industry_adoption(saveas)_font_mapping_loss.pdf	hayro-syntax-0.8.0	ok	6	-1	-1	2	
corrupted/saveas/text+img/global_ai_technology_investment_and_industry_adoption(saveas)_header.pdf	lopdf-0.45.0	err	0	0	-1	0	couldn't parse input
corrupted/saveas/text+img/global_ai_technology_investment_and_industry_adoption(saveas)_header.pdf	pdfrum-0.4.0	err	0	0	-1	0	cannot open document: not a PDF file
corrupted/saveas/text+img/global_ai_technology_investment_and_industry_adoption(saveas)_header.pdf	hayro-syntax-0.8.0	ok	6	-1	-1	0	
corrupted/saveas/text+img/global_ai_technology_investment_and_industry_adoption(saveas)_object_header.pdf	lopdf-0.45.0	err	0	0	-1	1	couldn't parse input
corrupted/saveas/text+img/global_ai_technology_investment_and_industry_adoption(saveas)_object_header.pdf	pdfrum-0.4.0	err	0	0	-1	0	cannot open document: damaged beyond recovery: no document catalog
corrupted/saveas/text+img/global_ai_technology_investment_and_industry_adoption(saveas)_object_header.pdf	hayro-syntax-0.8.0	err	0	0	-1	2	Invalid
corrupted/saveas/text+img/global_ai_technology_investment_and_industry_adoption(saveas)_page_tree.pdf	lopdf-0.45.0	ok	0	0	-1	4	
corrupted/saveas/text+img/global_ai_technology_investment_and_industry_adoption(saveas)_page_tree.pdf	pdfrum-0.4.0	err	0	0	-1	1	cannot open document: damaged beyond recovery: no document catalog
corrupted/saveas/text+img/global_ai_technology_investment_and_industry_adoption(saveas)_page_tree.pdf	hayro-syntax-0.8.0	err	0	0	-1	2	Invalid
corrupted/saveas/text+img/global_ai_technology_investment_and_industry_adoption(saveas)_partial_cut.pdf	lopdf-0.45.0	err	0	0	-1	0	failed parsing cross reference table
corrupted/saveas/text+img/global_ai_technology_investment_and_industry_adoption(saveas)_partial_cut.pdf	pdfrum-0.4.0	err	0	0	-1	0	cannot open document: damaged beyond recovery: no usable cross-reference information
corrupted/saveas/text+img/global_ai_technology_investment_and_industry_adoption(saveas)_partial_cut.pdf	hayro-syntax-0.8.0	ok	6	-1	-1	2	
corrupted/saveas/text+img/global_ai_technology_investment_and_industry_adoption(saveas)_remove_fonts.pdf	lopdf-0.45.0	ok	6	7532	-1	19	
corrupted/saveas/text+img/global_ai_technology_investment_and_industry_adoption(saveas)_remove_fonts.pdf	pdfrum-0.4.0	ok	6	7457	626	49	
corrupted/saveas/text+img/global_ai_technology_investment_and_industry_adoption(saveas)_remove_fonts.pdf	hayro-syntax-0.8.0	ok	6	-1	-1	0	
corrupted/saveas/text+img/global_ai_technology_investment_and_industry_adoption(saveas)_remove_unicode_fonts.pdf	lopdf-0.45.0	ok	6	5882	-1	17	
corrupted/saveas/text+img/global_ai_technology_investment_and_industry_adoption(saveas)_remove_unicode_fonts.pdf	pdfrum-0.4.0	ok	6	7284	1325	50	
corrupted/saveas/text+img/global_ai_technology_investment_and_industry_adoption(saveas)_remove_unicode_fonts.pdf	hayro-syntax-0.8.0	ok	6	-1	-1	0	
corrupted/saveas/text+img/global_ai_technology_investment_and_industry_adoption(saveas)_stream_zlib.pdf	lopdf-0.45.0	ok	6	5665	-1	15	
corrupted/saveas/text+img/global_ai_technology_investment_and_industry_adoption(saveas)_stream_zlib.pdf	pdfrum-0.4.0	ok	6	6951	744	26	
corrupted/saveas/text+img/global_ai_technology_investment_and_industry_adoption(saveas)_stream_zlib.pdf	hayro-syntax-0.8.0	ok	6	-1	-1	2	
corrupted/saveas/text+img/global_ai_technology_investment_and_industry_adoption(saveas)_trailer.pdf	lopdf-0.45.0	ok	6	7532	-1	18	
corrupted/saveas/text+img/global_ai_technology_investment_and_industry_adoption(saveas)_trailer.pdf	pdfrum-0.4.0	ok	6	7532	558	37	
corrupted/saveas/text+img/global_ai_technology_investment_and_industry_adoption(saveas)_trailer.pdf	hayro-syntax-0.8.0	ok	6	-1	-1	3	
corrupted/saveas/text+img/global_ai_technology_investment_and_industry_adoption(saveas)_xref.pdf	lopdf-0.45.0	ok	6	7532	-1	20	
corrupted/saveas/text+img/global_ai_technology_investment_and_industry_adoption(saveas)_xref.pdf	pdfrum-0.4.0	ok	6	7532	558	35	
corrupted/saveas/text+img/global_ai_technology_investment_and_industry_adoption(saveas)_xref.pdf	hayro-syntax-0.8.0	ok	6	-1	-1	2	
corrupted/saveas/text+img/global_climate_change_indicators_and_ghg_emissions(saveas)_font_mapping_loss.pdf	lopdf-0.45.0	ok	6	0	-1	18	
corrupted/saveas/text+img/global_climate_change_indicators_and_ghg_emissions(saveas)_font_mapping_loss.pdf	pdfrum-0.4.0	ok	6	9807	2060	72	
corrupted/saveas/text+img/global_climate_change_indicators_and_ghg_emissions(saveas)_font_mapping_loss.pdf	hayro-syntax-0.8.0	ok	6	-1	-1	3	
corrupted/saveas/text+img/global_climate_change_indicators_and_ghg_emissions(saveas)_header.pdf	lopdf-0.45.0	err	0	0	-1	0	couldn't parse input
corrupted/saveas/text+img/global_climate_change_indicators_and_ghg_emissions(saveas)_header.pdf	pdfrum-0.4.0	err	0	0	-1	0	cannot open document: not a PDF file
corrupted/saveas/text+img/global_climate_change_indicators_and_ghg_emissions(saveas)_header.pdf	hayro-syntax-0.8.0	ok	6	-1	-1	0	
corrupted/saveas/text+img/global_climate_change_indicators_and_ghg_emissions(saveas)_object_header.pdf	lopdf-0.45.0	err	0	0	-1	1	couldn't parse input
corrupted/saveas/text+img/global_climate_change_indicators_and_ghg_emissions(saveas)_object_header.pdf	pdfrum-0.4.0	err	0	0	-1	0	cannot open document: damaged beyond recovery: no document catalog
corrupted/saveas/text+img/global_climate_change_indicators_and_ghg_emissions(saveas)_object_header.pdf	hayro-syntax-0.8.0	err	0	0	-1	2	Invalid
corrupted/saveas/text+img/global_climate_change_indicators_and_ghg_emissions(saveas)_page_tree.pdf	lopdf-0.45.0	ok	0	0	-1	4	
corrupted/saveas/text+img/global_climate_change_indicators_and_ghg_emissions(saveas)_page_tree.pdf	pdfrum-0.4.0	err	0	0	-1	0	cannot open document: damaged beyond recovery: no document catalog
corrupted/saveas/text+img/global_climate_change_indicators_and_ghg_emissions(saveas)_page_tree.pdf	hayro-syntax-0.8.0	err	0	0	-1	2	Invalid
corrupted/saveas/text+img/global_climate_change_indicators_and_ghg_emissions(saveas)_partial_cut.pdf	lopdf-0.45.0	err	0	0	-1	0	failed parsing cross reference table
corrupted/saveas/text+img/global_climate_change_indicators_and_ghg_emissions(saveas)_partial_cut.pdf	pdfrum-0.4.0	err	0	0	-1	0	cannot open document: damaged beyond recovery: no usable cross-reference information
corrupted/saveas/text+img/global_climate_change_indicators_and_ghg_emissions(saveas)_partial_cut.pdf	hayro-syntax-0.8.0	ok	6	-1	-1	2	
corrupted/saveas/text+img/global_climate_change_indicators_and_ghg_emissions(saveas)_remove_fonts.pdf	lopdf-0.45.0	ok	6	8210	-1	19	
corrupted/saveas/text+img/global_climate_change_indicators_and_ghg_emissions(saveas)_remove_fonts.pdf	pdfrum-0.4.0	ok	6	8208	587	54	
corrupted/saveas/text+img/global_climate_change_indicators_and_ghg_emissions(saveas)_remove_fonts.pdf	hayro-syntax-0.8.0	ok	6	-1	-1	0	
corrupted/saveas/text+img/global_climate_change_indicators_and_ghg_emissions(saveas)_remove_unicode_fonts.pdf	lopdf-0.45.0	ok	6	6663	-1	20	
corrupted/saveas/text+img/global_climate_change_indicators_and_ghg_emissions(saveas)_remove_unicode_fonts.pdf	pdfrum-0.4.0	ok	6	8054	1128	53	
corrupted/saveas/text+img/global_climate_change_indicators_and_ghg_emissions(saveas)_remove_unicode_fonts.pdf	hayro-syntax-0.8.0	ok	6	-1	-1	0	
corrupted/saveas/text+img/global_climate_change_indicators_and_ghg_emissions(saveas)_stream_zlib.pdf	lopdf-0.45.0	ok	6	7754	-1	15	
corrupted/saveas/text+img/global_climate_change_indicators_and_ghg_emissions(saveas)_stream_zlib.pdf	pdfrum-0.4.0	ok	6	8013	620	28	
corrupted/saveas/text+img/global_climate_change_indicators_and_ghg_emissions(saveas)_stream_zlib.pdf	hayro-syntax-0.8.0	ok	6	-1	-1	0	
corrupted/saveas/text+img/global_climate_change_indicators_and_ghg_emissions(saveas)_trailer.pdf	lopdf-0.45.0	ok	6	8210	-1	18	
corrupted/saveas/text+img/global_climate_change_indicators_and_ghg_emissions(saveas)_trailer.pdf	pdfrum-0.4.0	ok	6	8210	588	30	
corrupted/saveas/text+img/global_climate_change_indicators_and_ghg_emissions(saveas)_trailer.pdf	hayro-syntax-0.8.0	ok	6	-1	-1	2	
corrupted/saveas/text+img/global_climate_change_indicators_and_ghg_emissions(saveas)_xref.pdf	lopdf-0.45.0	ok	6	8210	-1	19	
corrupted/saveas/text+img/global_climate_change_indicators_and_ghg_emissions(saveas)_xref.pdf	pdfrum-0.4.0	ok	6	8210	588	32	
corrupted/saveas/text+img/global_climate_change_indicators_and_ghg_emissions(saveas)_xref.pdf	hayro-syntax-0.8.0	ok	6	-1	-1	2	
corrupted/saveas/text+img/global_esports_and_gaming_industry_growth(saveas)_font_mapping_loss.pdf	lopdf-0.45.0	ok	6	0	-1	17	
corrupted/saveas/text+img/global_esports_and_gaming_industry_growth(saveas)_font_mapping_loss.pdf	pdfrum-0.4.0	ok	6	9883	1988	71	
corrupted/saveas/text+img/global_esports_and_gaming_industry_growth(saveas)_font_mapping_loss.pdf	hayro-syntax-0.8.0	ok	6	-1	-1	2	
corrupted/saveas/text+img/global_esports_and_gaming_industry_growth(saveas)_header.pdf	lopdf-0.45.0	err	0	0	-1	0	couldn't parse input
corrupted/saveas/text+img/global_esports_and_gaming_industry_growth(saveas)_header.pdf	pdfrum-0.4.0	err	0	0	-1	0	cannot open document: not a PDF file
corrupted/saveas/text+img/global_esports_and_gaming_industry_growth(saveas)_header.pdf	hayro-syntax-0.8.0	ok	6	-1	-1	0	
corrupted/saveas/text+img/global_esports_and_gaming_industry_growth(saveas)_object_header.pdf	lopdf-0.45.0	err	0	0	-1	1	couldn't parse input
corrupted/saveas/text+img/global_esports_and_gaming_industry_growth(saveas)_object_header.pdf	pdfrum-0.4.0	err	0	0	-1	0	cannot open document: damaged beyond recovery: no document catalog
corrupted/saveas/text+img/global_esports_and_gaming_industry_growth(saveas)_object_header.pdf	hayro-syntax-0.8.0	err	0	0	-1	2	Invalid
corrupted/saveas/text+img/global_esports_and_gaming_industry_growth(saveas)_page_tree.pdf	lopdf-0.45.0	ok	0	0	-1	4	
corrupted/saveas/text+img/global_esports_and_gaming_industry_growth(saveas)_page_tree.pdf	pdfrum-0.4.0	err	0	0	-1	0	cannot open document: damaged beyond recovery: no document catalog
corrupted/saveas/text+img/global_esports_and_gaming_industry_growth(saveas)_page_tree.pdf	hayro-syntax-0.8.0	err	0	0	-1	2	Invalid
corrupted/saveas/text+img/global_esports_and_gaming_industry_growth(saveas)_partial_cut.pdf	lopdf-0.45.0	err	0	0	-1	0	failed parsing cross reference table
corrupted/saveas/text+img/global_esports_and_gaming_industry_growth(saveas)_partial_cut.pdf	pdfrum-0.4.0	err	0	0	-1	0	cannot open document: damaged beyond recovery: no usable cross-reference information
corrupted/saveas/text+img/global_esports_and_gaming_industry_growth(saveas)_partial_cut.pdf	hayro-syntax-0.8.0	ok	6	-1	-1	2	
corrupted/saveas/text+img/global_esports_and_gaming_industry_growth(saveas)_remove_fonts.pdf	lopdf-0.45.0	ok	6	7915	-1	18	
corrupted/saveas/text+img/global_esports_and_gaming_industry_growth(saveas)_remove_fonts.pdf	pdfrum-0.4.0	ok	6	7884	613	48	
corrupted/saveas/text+img/global_esports_and_gaming_industry_growth(saveas)_remove_fonts.pdf	hayro-syntax-0.8.0	ok	6	-1	-1	0	
corrupted/saveas/text+img/global_esports_and_gaming_industry_growth(saveas)_remove_unicode_fonts.pdf	lopdf-0.45.0	ok	6	6261	-1	20	
corrupted/saveas/text+img/global_esports_and_gaming_industry_growth(saveas)_remove_unicode_fonts.pdf	pdfrum-0.4.0	ok	6	7798	1187	47	
corrupted/saveas/text+img/global_esports_and_gaming_industry_growth(saveas)_remove_unicode_fonts.pdf	hayro-syntax-0.8.0	ok	6	-1	-1	0	
corrupted/saveas/text+img/global_esports_and_gaming_industry_growth(saveas)_stream_zlib.pdf	lopdf-0.45.0	ok	6	5420	-1	9	
corrupted/saveas/text+img/global_esports_and_gaming_industry_growth(saveas)_stream_zlib.pdf	pdfrum-0.4.0	ok	6	5851	336	24	
corrupted/saveas/text+img/global_esports_and_gaming_industry_growth(saveas)_stream_zlib.pdf	hayro-syntax-0.8.0	ok	6	-1	-1	0	
corrupted/saveas/text+img/global_esports_and_gaming_industry_growth(saveas)_trailer.pdf	lopdf-0.45.0	ok	6	7915	-1	25	
corrupted/saveas/text+img/global_esports_and_gaming_industry_growth(saveas)_trailer.pdf	pdfrum-0.4.0	ok	6	7915	585	32	
corrupted/saveas/text+img/global_esports_and_gaming_industry_growth(saveas)_trailer.pdf	hayro-syntax-0.8.0	ok	6	-1	-1	3	
corrupted/saveas/text+img/global_esports_and_gaming_industry_growth(saveas)_xref.pdf	lopdf-0.45.0	ok	6	7915	-1	18	
corrupted/saveas/text+img/global_esports_and_gaming_industry_growth(saveas)_xref.pdf	pdfrum-0.4.0	ok	6	7915	585	30	
corrupted/saveas/text+img/global_esports_and_gaming_industry_growth(saveas)_xref.pdf	hayro-syntax-0.8.0	ok	6	-1	-1	2	
corrupted/saveas/text+img/global_ev_market_growth_statistics(saveas)_font_mapping_loss.pdf	lopdf-0.45.0	ok	6	0	-1	14	
corrupted/saveas/text+img/global_ev_market_growth_statistics(saveas)_font_mapping_loss.pdf	pdfrum-0.4.0	ok	6	7299	1376	57	
corrupted/saveas/text+img/global_ev_market_growth_statistics(saveas)_font_mapping_loss.pdf	hayro-syntax-0.8.0	ok	6	-1	-1	2	
corrupted/saveas/text+img/global_ev_market_growth_statistics(saveas)_header.pdf	lopdf-0.45.0	err	0	0	-1	0	couldn't parse input
corrupted/saveas/text+img/global_ev_market_growth_statistics(saveas)_header.pdf	pdfrum-0.4.0	err	0	0	-1	0	cannot open document: not a PDF file
corrupted/saveas/text+img/global_ev_market_growth_statistics(saveas)_header.pdf	hayro-syntax-0.8.0	ok	6	-1	-1	0	
corrupted/saveas/text+img/global_ev_market_growth_statistics(saveas)_object_header.pdf	lopdf-0.45.0	err	0	0	-1	1	couldn't parse input
corrupted/saveas/text+img/global_ev_market_growth_statistics(saveas)_object_header.pdf	pdfrum-0.4.0	err	0	0	-1	0	cannot open document: damaged beyond recovery: no document catalog
corrupted/saveas/text+img/global_ev_market_growth_statistics(saveas)_object_header.pdf	hayro-syntax-0.8.0	err	0	0	-1	2	Invalid
corrupted/saveas/text+img/global_ev_market_growth_statistics(saveas)_page_tree.pdf	lopdf-0.45.0	ok	0	0	-1	4	
corrupted/saveas/text+img/global_ev_market_growth_statistics(saveas)_page_tree.pdf	pdfrum-0.4.0	err	0	0	-1	0	cannot open document: damaged beyond recovery: no document catalog
corrupted/saveas/text+img/global_ev_market_growth_statistics(saveas)_page_tree.pdf	hayro-syntax-0.8.0	err	0	0	-1	2	Invalid
corrupted/saveas/text+img/global_ev_market_growth_statistics(saveas)_partial_cut.pdf	lopdf-0.45.0	err	0	0	-1	0	failed parsing cross reference table
corrupted/saveas/text+img/global_ev_market_growth_statistics(saveas)_partial_cut.pdf	pdfrum-0.4.0	err	0	0	-1	0	cannot open document: damaged beyond recovery: no usable cross-reference information
corrupted/saveas/text+img/global_ev_market_growth_statistics(saveas)_partial_cut.pdf	hayro-syntax-0.8.0	ok	6	-1	-1	2	
corrupted/saveas/text+img/global_ev_market_growth_statistics(saveas)_remove_fonts.pdf	lopdf-0.45.0	ok	6	6245	-1	15	
corrupted/saveas/text+img/global_ev_market_growth_statistics(saveas)_remove_fonts.pdf	pdfrum-0.4.0	ok	6	6232	475	43	
corrupted/saveas/text+img/global_ev_market_growth_statistics(saveas)_remove_fonts.pdf	hayro-syntax-0.8.0	ok	6	-1	-1	0	
corrupted/saveas/text+img/global_ev_market_growth_statistics(saveas)_remove_unicode_fonts.pdf	lopdf-0.45.0	ok	6	4982	-1	14	
corrupted/saveas/text+img/global_ev_market_growth_statistics(saveas)_remove_unicode_fonts.pdf	pdfrum-0.4.0	ok	6	6088	939	41	
corrupted/saveas/text+img/global_ev_market_growth_statistics(saveas)_remove_unicode_fonts.pdf	hayro-syntax-0.8.0	ok	6	-1	-1	0	
corrupted/saveas/text+img/global_ev_market_growth_statistics(saveas)_stream_zlib.pdf	lopdf-0.45.0	ok	6	3725	-1	14	
corrupted/saveas/text+img/global_ev_market_growth_statistics(saveas)_stream_zlib.pdf	pdfrum-0.4.0	ok	6	3959	667	21	
corrupted/saveas/text+img/global_ev_market_growth_statistics(saveas)_stream_zlib.pdf	hayro-syntax-0.8.0	ok	6	-1	-1	2	
corrupted/saveas/text+img/global_ev_market_growth_statistics(saveas)_trailer.pdf	lopdf-0.45.0	ok	6	6245	-1	14	
corrupted/saveas/text+img/global_ev_market_growth_statistics(saveas)_trailer.pdf	pdfrum-0.4.0	ok	6	6245	465	29	
corrupted/saveas/text+img/global_ev_market_growth_statistics(saveas)_trailer.pdf	hayro-syntax-0.8.0	ok	6	-1	-1	5	
corrupted/saveas/text+img/global_ev_market_growth_statistics(saveas)_xref.pdf	lopdf-0.45.0	ok	6	6245	-1	15	
corrupted/saveas/text+img/global_ev_market_growth_statistics(saveas)_xref.pdf	pdfrum-0.4.0	ok	6	6245	465	28	
corrupted/saveas/text+img/global_ev_market_growth_statistics(saveas)_xref.pdf	hayro-syntax-0.8.0	ok	6	-1	-1	2	
corrupted/saveas/text+img/global_healthcare_digital_health_patient_data_trends(saveas)_font_mapping_loss.pdf	lopdf-0.45.0	ok	6	0	-1	27	
corrupted/saveas/text+img/global_healthcare_digital_health_patient_data_trends(saveas)_font_mapping_loss.pdf	pdfrum-0.4.0	ok	6	9949	2759	85	
corrupted/saveas/text+img/global_healthcare_digital_health_patient_data_trends(saveas)_font_mapping_loss.pdf	hayro-syntax-0.8.0	ok	6	-1	-1	5	
corrupted/saveas/text+img/global_healthcare_digital_health_patient_data_trends(saveas)_header.pdf	lopdf-0.45.0	err	0	0	-1	1	couldn't parse input
corrupted/saveas/text+img/global_healthcare_digital_health_patient_data_trends(saveas)_header.pdf	pdfrum-0.4.0	err	0	0	-1	0	cannot open document: not a PDF file
corrupted/saveas/text+img/global_healthcare_digital_health_patient_data_trends(saveas)_header.pdf	hayro-syntax-0.8.0	ok	6	-1	-1	0	
corrupted/saveas/text+img/global_healthcare_digital_health_patient_data_trends(saveas)_object_header.pdf	lopdf-0.45.0	err	0	0	-1	4	couldn't parse input
corrupted/saveas/text+img/global_healthcare_digital_health_patient_data_trends(saveas)_object_header.pdf	pdfrum-0.4.0	err	0	0	-1	1	cannot open document: damaged beyond recovery: no document catalog
corrupted/saveas/text+img/global_healthcare_digital_health_patient_data_trends(saveas)_object_header.pdf	hayro-syntax-0.8.0	err	0	0	-1	4	Invalid
corrupted/saveas/text+img/global_healthcare_digital_health_patient_data_trends(saveas)_page_tree.pdf	lopdf-0.45.0	ok	0	0	-1	7	
corrupted/saveas/text+img/global_healthcare_digital_health_patient_data_trends(saveas)_page_tree.pdf	pdfrum-0.4.0	err	0	0	-1	1	cannot open document: damaged beyond recovery: no document catalog
corrupted/saveas/text+img/global_healthcare_digital_health_patient_data_trends(saveas)_page_tree.pdf	hayro-syntax-0.8.0	err	0	0	-1	5	Invalid
corrupted/saveas/text+img/global_healthcare_digital_health_patient_data_trends(saveas)_partial_cut.pdf	lopdf-0.45.0	err	0	0	-1	11	failed parsing cross reference table
corrupted/saveas/text+img/global_healthcare_digital_health_patient_data_trends(saveas)_partial_cut.pdf	pdfrum-0.4.0	err	0	0	-1	17	cannot open document: damaged beyond recovery: no usable cross-reference information
corrupted/saveas/text+img/global_healthcare_digital_health_patient_data_trends(saveas)_partial_cut.pdf	hayro-syntax-0.8.0	ok	6	-1	-1	6	
corrupted/saveas/text+img/global_healthcare_digital_health_patient_data_trends(saveas)_remove_fonts.pdf	lopdf-0.45.0	ok	6	9157	-1	22	
corrupted/saveas/text+img/global_healthcare_digital_health_patient_data_trends(saveas)_remove_fonts.pdf	pdfrum-0.4.0	ok	6	9133	697	54	
corrupted/saveas/text+img/global_healthcare_digital_health_patient_data_trends(saveas)_remove_fonts.pdf	hayro-syntax-0.8.0	ok	6	-1	-1	0	
corrupted/saveas/text+img/global_healthcare_digital_health_patient_data_trends(saveas)_remove_unicode_fonts.pdf	lopdf-0.45.0	ok	6	7205	-1	27	
corrupted/saveas/text+img/global_healthcare_digital_health_patient_data_trends(saveas)_remove_unicode_fonts.pdf	pdfrum-0.4.0	ok	6	8905	1361	47	
corrupted/saveas/text+img/global_healthcare_digital_health_patient_data_trends(saveas)_remove_unicode_fonts.pdf	hayro-syntax-0.8.0	ok	6	-1	-1	0	
corrupted/saveas/text+img/global_healthcare_digital_health_patient_data_trends(saveas)_stream_zlib.pdf	lopdf-0.45.0	ok	6	4285	-1	12	
corrupted/saveas/text+img/global_healthcare_digital_health_patient_data_trends(saveas)_stream_zlib.pdf	pdfrum-0.4.0	ok	6	4686	592	64	
corrupted/saveas/text+img/global_healthcare_digital_health_patient_data_trends(saveas)_stream_zlib.pdf	hayro-syntax-0.8.0	ok	6	-1	-1	0	
corrupted/saveas/text+img/global_healthcare_digital_health_patient_data_trends(saveas)_trailer.pdf	lopdf-0.45.0	ok	6	9157	-1	27	
corrupted/saveas/text+img/global_healthcare_digital_health_patient_data_trends(saveas)_trailer.pdf	pdfrum-0.4.0	ok	6	9157	680	54	
corrupted/saveas/text+img/global_healthcare_digital_health_patient_data_trends(saveas)_trailer.pdf	hayro-syntax-0.8.0	ok	6	-1	-1	9	
corrupted/saveas/text+img/global_healthcare_digital_health_patient_data_trends(saveas)_xref.pdf	lopdf-0.45.0	ok	6	9157	-1	25	
corrupted/saveas/text+img/global_healthcare_digital_health_patient_data_trends(saveas)_xref.pdf	pdfrum-0.4.0	ok	6	9157	680	70	
corrupted/saveas/text+img/global_healthcare_digital_health_patient_data_trends(saveas)_xref.pdf	hayro-syntax-0.8.0	ok	6	-1	-1	8	
corrupted/saveas/text+img/global_renewable_energy_generation_and_carbon_reduction_analysis(saveas)_font_mapping_loss.pdf	lopdf-0.45.0	ok	6	0	-1	21	
corrupted/saveas/text+img/global_renewable_energy_generation_and_carbon_reduction_analysis(saveas)_font_mapping_loss.pdf	pdfrum-0.4.0	ok	6	9357	1893	66	
corrupted/saveas/text+img/global_renewable_energy_generation_and_carbon_reduction_analysis(saveas)_font_mapping_loss.pdf	hayro-syntax-0.8.0	ok	6	-1	-1	2	
corrupted/saveas/text+img/global_renewable_energy_generation_and_carbon_reduction_analysis(saveas)_header.pdf	lopdf-0.45.0	err	0	0	-1	0	couldn't parse input
corrupted/saveas/text+img/global_renewable_energy_generation_and_carbon_reduction_analysis(saveas)_header.pdf	pdfrum-0.4.0	err	0	0	-1	0	cannot open document: not a PDF file
corrupted/saveas/text+img/global_renewable_energy_generation_and_carbon_reduction_analysis(saveas)_header.pdf	hayro-syntax-0.8.0	ok	6	-1	-1	0	
corrupted/saveas/text+img/global_renewable_energy_generation_and_carbon_reduction_analysis(saveas)_object_header.pdf	lopdf-0.45.0	err	0	0	-1	1	couldn't parse input
corrupted/saveas/text+img/global_renewable_energy_generation_and_carbon_reduction_analysis(saveas)_object_header.pdf	pdfrum-0.4.0	err	0	0	-1	0	cannot open document: damaged beyond recovery: no document catalog
corrupted/saveas/text+img/global_renewable_energy_generation_and_carbon_reduction_analysis(saveas)_object_header.pdf	hayro-syntax-0.8.0	err	0	0	-1	2	Invalid
corrupted/saveas/text+img/global_renewable_energy_generation_and_carbon_reduction_analysis(saveas)_page_tree.pdf	lopdf-0.45.0	ok	0	0	-1	4	
corrupted/saveas/text+img/global_renewable_energy_generation_and_carbon_reduction_analysis(saveas)_page_tree.pdf	pdfrum-0.4.0	err	0	0	-1	0	cannot open document: damaged beyond recovery: no document catalog
corrupted/saveas/text+img/global_renewable_energy_generation_and_carbon_reduction_analysis(saveas)_page_tree.pdf	hayro-syntax-0.8.0	err	0	0	-1	2	Invalid
corrupted/saveas/text+img/global_renewable_energy_generation_and_carbon_reduction_analysis(saveas)_partial_cut.pdf	lopdf-0.45.0	err	0	0	-1	0	failed parsing cross reference table
corrupted/saveas/text+img/global_renewable_energy_generation_and_carbon_reduction_analysis(saveas)_partial_cut.pdf	pdfrum-0.4.0	err	0	0	-1	0	cannot open document: damaged beyond recovery: no usable cross-reference information
corrupted/saveas/text+img/global_renewable_energy_generation_and_carbon_reduction_analysis(saveas)_partial_cut.pdf	hayro-syntax-0.8.0	ok	6	-1	-1	2	
corrupted/saveas/text+img/global_renewable_energy_generation_and_carbon_reduction_analysis(saveas)_remove_fonts.pdf	lopdf-0.45.0	ok	6	7423	-1	24	
corrupted/saveas/text+img/global_renewable_energy_generation_and_carbon_reduction_analysis(saveas)_remove_fonts.pdf	pdfrum-0.4.0	ok	6	7412	548	49	
corrupted/saveas/text+img/global_renewable_energy_generation_and_carbon_reduction_analysis(saveas)_remove_fonts.pdf	hayro-syntax-0.8.0	ok	6	-1	-1	0	
corrupted/saveas/text+img/global_renewable_energy_generation_and_carbon_reduction_analysis(saveas)_remove_unicode_fonts.pdf	lopdf-0.45.0	ok	6	5711	-1	20	
corrupted/saveas/text+img/global_renewable_energy_generation_and_carbon_reduction_analysis(saveas)_remove_unicode_fonts.pdf	pdfrum-0.4.0	ok	6	7400	1096	63	
corrupted/saveas/text+img/global_renewable_energy_generation_and_carbon_reduction_analysis(saveas)_remove_unicode_fonts.pdf	hayro-syntax-0.8.0	ok	6	-1	-1	0	
corrupted/saveas/text+img/global_renewable_energy_generation_and_carbon_reduction_analysis(saveas)_stream_zlib.pdf	lopdf-0.45.0	ok	6	5384	-1	13	
corrupted/saveas/text+img/global_renewable_energy_generation_and_carbon_reduction_analysis(saveas)_stream_zlib.pdf	pdfrum-0.4.0	ok	6	8965	1450	28	
corrupted/saveas/text+img/global_renewable_energy_generation_and_carbon_reduction_analysis(saveas)_stream_zlib.pdf	hayro-syntax-0.8.0	ok	6	-1	-1	0	
corrupted/saveas/text+img/global_renewable_energy_generation_and_carbon_reduction_analysis(saveas)_trailer.pdf	lopdf-0.45.0	ok	6	7423	-1	19	
corrupted/saveas/text+img/global_renewable_energy_generation_and_carbon_reduction_analysis(saveas)_trailer.pdf	pdfrum-0.4.0	ok	6	7423	540	29	
corrupted/saveas/text+img/global_renewable_energy_generation_and_carbon_reduction_analysis(saveas)_trailer.pdf	hayro-syntax-0.8.0	ok	6	-1	-1	2	
corrupted/saveas/text+img/global_renewable_energy_generation_and_carbon_reduction_analysis(saveas)_xref.pdf	lopdf-0.45.0	ok	6	7423	-1	18	
corrupted/saveas/text+img/global_renewable_energy_generation_and_carbon_reduction_analysis(saveas)_xref.pdf	pdfrum-0.4.0	ok	6	7423	540	26	
corrupted/saveas/text+img/global_renewable_energy_generation_and_carbon_reduction_analysis(saveas)_xref.pdf	hayro-syntax-0.8.0	ok	6	-1	-1	2	
corrupted/saveas/text+img/international_tourism_trends_country_spending_patterns_multilang(saveas)_font_mapping_loss.pdf	lopdf-0.45.0	ok	6	0	-1	16	
corrupted/saveas/text+img/international_tourism_trends_country_spending_patterns_multilang(saveas)_font_mapping_loss.pdf	pdfrum-0.4.0	ok	6	10186	1892	115	
corrupted/saveas/text+img/international_tourism_trends_country_spending_patterns_multilang(saveas)_font_mapping_loss.pdf	hayro-syntax-0.8.0	ok	6	-1	-1	3	
corrupted/saveas/text+img/international_tourism_trends_country_spending_patterns_multilang(saveas)_header.pdf	lopdf-0.45.0	err	0	0	-1	0	couldn't parse input
corrupted/saveas/text+img/international_tourism_trends_country_spending_patterns_multilang(saveas)_header.pdf	pdfrum-0.4.0	err	0	0	-1	0	cannot open document: not a PDF file
corrupted/saveas/text+img/international_tourism_trends_country_spending_patterns_multilang(saveas)_header.pdf	hayro-syntax-0.8.0	ok	6	-1	-1	0	
corrupted/saveas/text+img/international_tourism_trends_country_spending_patterns_multilang(saveas)_object_header.pdf	lopdf-0.45.0	err	0	0	-1	1	couldn't parse input
corrupted/saveas/text+img/international_tourism_trends_country_spending_patterns_multilang(saveas)_object_header.pdf	pdfrum-0.4.0	err	0	0	-1	1	cannot open document: damaged beyond recovery: no document catalog
corrupted/saveas/text+img/international_tourism_trends_country_spending_patterns_multilang(saveas)_object_header.pdf	hayro-syntax-0.8.0	err	0	0	-1	3	Invalid
corrupted/saveas/text+img/international_tourism_trends_country_spending_patterns_multilang(saveas)_page_tree.pdf	lopdf-0.45.0	ok	0	0	-1	4	
corrupted/saveas/text+img/international_tourism_trends_country_spending_patterns_multilang(saveas)_page_tree.pdf	pdfrum-0.4.0	err	0	0	-1	1	cannot open document: damaged beyond recovery: no document catalog
corrupted/saveas/text+img/international_tourism_trends_country_spending_patterns_multilang(saveas)_page_tree.pdf	hayro-syntax-0.8.0	err	0	0	-1	3	Invalid
corrupted/saveas/text+img/international_tourism_trends_country_spending_patterns_multilang(saveas)_partial_cut.pdf	lopdf-0.45.0	err	0	0	-1	1	failed parsing cross reference table
corrupted/saveas/text+img/international_tourism_trends_country_spending_patterns_multilang(saveas)_partial_cut.pdf	pdfrum-0.4.0	err	0	0	-1	1	cannot open document: damaged beyond recovery: no usable cross-reference information
corrupted/saveas/text+img/international_tourism_trends_country_spending_patterns_multilang(saveas)_partial_cut.pdf	hayro-syntax-0.8.0	ok	6	-1	-1	3	
corrupted/saveas/text+img/international_tourism_trends_country_spending_patterns_multilang(saveas)_remove_fonts.pdf	lopdf-0.45.0	ok	6	8195	-1	37	
corrupted/saveas/text+img/international_tourism_trends_country_spending_patterns_multilang(saveas)_remove_fonts.pdf	pdfrum-0.4.0	ok	6	8181	636	66	
corrupted/saveas/text+img/international_tourism_trends_country_spending_patterns_multilang(saveas)_remove_fonts.pdf	hayro-syntax-0.8.0	ok	6	-1	-1	0	
corrupted/saveas/text+img/international_tourism_trends_country_spending_patterns_multilang(saveas)_remove_unicode_fonts.pdf	lopdf-0.45.0	ok	6	6403	-1	18	
corrupted/saveas/text+img/international_tourism_trends_country_spending_patterns_multilang(saveas)_remove_unicode_fonts.pdf	pdfrum-0.4.0	ok	6	8058	1230	42	
corrupted/saveas/text+img/international_tourism_trends_country_spending_patterns_multilang(saveas)_remove_unicode_fonts.pdf	hayro-syntax-0.8.0	ok	6	-1	-1	0	
corrupted/saveas/text+img/international_tourism_trends_country_spending_patterns_multilang(saveas)_stream_zlib.pdf	lopdf-0.45.0	ok	6	4619	-1	16	
corrupted/saveas/text+img/international_tourism_trends_country_spending_patterns_multilang(saveas)_stream_zlib.pdf	pdfrum-0.4.0	ok	6	14300	974	30	
corrupted/saveas/text+img/international_tourism_trends_country_spending_patterns_multilang(saveas)_stream_zlib.pdf	hayro-syntax-0.8.0	ok	6	-1	-1	0	
corrupted/saveas/text+img/international_tourism_trends_country_spending_patterns_multilang(saveas)_trailer.pdf	lopdf-0.45.0	ok	6	8195	-1	17	
corrupted/saveas/text+img/international_tourism_trends_country_spending_patterns_multilang(saveas)_trailer.pdf	pdfrum-0.4.0	ok	6	8195	621	29	
corrupted/saveas/text+img/international_tourism_trends_country_spending_patterns_multilang(saveas)_trailer.pdf	hayro-syntax-0.8.0	ok	6	-1	-1	2	
corrupted/saveas/text+img/international_tourism_trends_country_spending_patterns_multilang(saveas)_xref.pdf	lopdf-0.45.0	ok	6	8195	-1	19	
corrupted/saveas/text+img/international_tourism_trends_country_spending_patterns_multilang(saveas)_xref.pdf	pdfrum-0.4.0	ok	6	8195	621	33	
corrupted/saveas/text+img/international_tourism_trends_country_spending_patterns_multilang(saveas)_xref.pdf	hayro-syntax-0.8.0	ok	6	-1	-1	3	
corrupted/saveas/text+img/mobile_payment_and_fintech_service_expansion(saveas)_font_mapping_loss.pdf	lopdf-0.45.0	ok	6	0	-1	25	
corrupted/saveas/text+img/mobile_payment_and_fintech_service_expansion(saveas)_font_mapping_loss.pdf	pdfrum-0.4.0	ok	6	9963	2866	95	
corrupted/saveas/text+img/mobile_payment_and_fintech_service_expansion(saveas)_font_mapping_loss.pdf	hayro-syntax-0.8.0	ok	6	-1	-1	2	
corrupted/saveas/text+img/mobile_payment_and_fintech_service_expansion(saveas)_header.pdf	lopdf-0.45.0	err	0	0	-1	0	couldn't parse input
corrupted/saveas/text+img/mobile_payment_and_fintech_service_expansion(saveas)_header.pdf	pdfrum-0.4.0	err	0	0	-1	0	cannot open document: not a PDF file
corrupted/saveas/text+img/mobile_payment_and_fintech_service_expansion(saveas)_header.pdf	hayro-syntax-0.8.0	ok	6	-1	-1	0	
corrupted/saveas/text+img/mobile_payment_and_fintech_service_expansion(saveas)_object_header.pdf	lopdf-0.45.0	err	0	0	-1	1	couldn't parse input
corrupted/saveas/text+img/mobile_payment_and_fintech_service_expansion(saveas)_object_header.pdf	pdfrum-0.4.0	err	0	0	-1	0	cannot open document: damaged beyond recovery: no document catalog
corrupted/saveas/text+img/mobile_payment_and_fintech_service_expansion(saveas)_object_header.pdf	hayro-syntax-0.8.0	err	0	0	-1	2	Invalid
corrupted/saveas/text+img/mobile_payment_and_fintech_service_expansion(saveas)_page_tree.pdf	lopdf-0.45.0	ok	0	0	-1	5	
corrupted/saveas/text+img/mobile_payment_and_fintech_service_expansion(saveas)_page_tree.pdf	pdfrum-0.4.0	err	0	0	-1	1	cannot open document: damaged beyond recovery: no document catalog
corrupted/saveas/text+img/mobile_payment_and_fintech_service_expansion(saveas)_page_tree.pdf	hayro-syntax-0.8.0	err	0	0	-1	2	Invalid
corrupted/saveas/text+img/mobile_payment_and_fintech_service_expansion(saveas)_partial_cut.pdf	lopdf-0.45.0	err	0	0	-1	0	failed parsing cross reference table
corrupted/saveas/text+img/mobile_payment_and_fintech_service_expansion(saveas)_partial_cut.pdf	pdfrum-0.4.0	err	0	0	-1	0	cannot open document: damaged beyond recovery: no usable cross-reference information
corrupted/saveas/text+img/mobile_payment_and_fintech_service_expansion(saveas)_partial_cut.pdf	hayro-syntax-0.8.0	ok	6	-1	-1	2	
corrupted/saveas/text+img/mobile_payment_and_fintech_service_expansion(saveas)_remove_fonts.pdf	lopdf-0.45.0	ok	6	8397	-1	19	
corrupted/saveas/text+img/mobile_payment_and_fintech_service_expansion(saveas)_remove_fonts.pdf	pdfrum-0.4.0	ok	6	8382	652	48	
corrupted/saveas/text+img/mobile_payment_and_fintech_service_expansion(saveas)_remove_fonts.pdf	hayro-syntax-0.8.0	ok	6	-1	-1	0	
corrupted/saveas/text+img/mobile_payment_and_fintech_service_expansion(saveas)_remove_unicode_fonts.pdf	lopdf-0.45.0	ok	6	6923	-1	18	
corrupted/saveas/text+img/mobile_payment_and_fintech_service_expansion(saveas)_remove_unicode_fonts.pdf	pdfrum-0.4.0	ok	6	8155	1266	56	
corrupted/saveas/text+img/mobile_payment_and_fintech_service_expansion(saveas)_remove_unicode_fonts.pdf	hayro-syntax-0.8.0	ok	6	-1	-1	0	
corrupted/saveas/text+img/mobile_payment_and_fintech_service_expansion(saveas)_stream_zlib.pdf	lopdf-0.45.0	ok	6	4926	-1	16	
corrupted/saveas/text+img/mobile_payment_and_fintech_service_expansion(saveas)_stream_zlib.pdf	pdfrum-0.4.0	ok	6	4411	1928	19	
corrupted/saveas/text+img/mobile_payment_and_fintech_service_expansion(saveas)_stream_zlib.pdf	hayro-syntax-0.8.0	ok	6	-1	-1	2	
corrupted/saveas/text+img/mobile_payment_and_fintech_service_expansion(saveas)_trailer.pdf	lopdf-0.45.0	ok	6	8397	-1	19	
corrupted/saveas/text+img/mobile_payment_and_fintech_service_expansion(saveas)_trailer.pdf	pdfrum-0.4.0	ok	6	8397	640	30	
corrupted/saveas/text+img/mobile_payment_and_fintech_service_expansion(saveas)_trailer.pdf	hayro-syntax-0.8.0	ok	6	-1	-1	2	
corrupted/saveas/text+img/mobile_payment_and_fintech_service_expansion(saveas)_xref.pdf	lopdf-0.45.0	ok	6	8397	-1	20	
corrupted/saveas/text+img/mobile_payment_and_fintech_service_expansion(saveas)_xref.pdf	pdfrum-0.4.0	ok	6	8397	640	31	
corrupted/saveas/text+img/mobile_payment_and_fintech_service_expansion(saveas)_xref.pdf	hayro-syntax-0.8.0	ok	6	-1	-1	2	
corrupted/saveas/text+img/online_education_elearning_market_growth_analysis(saveas)_font_mapping_loss.pdf	lopdf-0.45.0	ok	6	0	-1	18	
corrupted/saveas/text+img/online_education_elearning_market_growth_analysis(saveas)_font_mapping_loss.pdf	pdfrum-0.4.0	ok	6	10692	1805	77	
corrupted/saveas/text+img/online_education_elearning_market_growth_analysis(saveas)_font_mapping_loss.pdf	hayro-syntax-0.8.0	ok	6	-1	-1	2	
corrupted/saveas/text+img/online_education_elearning_market_growth_analysis(saveas)_header.pdf	lopdf-0.45.0	err	0	0	-1	0	couldn't parse input
corrupted/saveas/text+img/online_education_elearning_market_growth_analysis(saveas)_header.pdf	pdfrum-0.4.0	err	0	0	-1	0	cannot open document: not a PDF file
corrupted/saveas/text+img/online_education_elearning_market_growth_analysis(saveas)_header.pdf	hayro-syntax-0.8.0	ok	6	-1	-1	0	
corrupted/saveas/text+img/online_education_elearning_market_growth_analysis(saveas)_object_header.pdf	lopdf-0.45.0	err	0	0	-1	1	couldn't parse input
corrupted/saveas/text+img/online_education_elearning_market_growth_analysis(saveas)_object_header.pdf	pdfrum-0.4.0	err	0	0	-1	0	cannot open document: damaged beyond recovery: no document catalog
corrupted/saveas/text+img/online_education_elearning_market_growth_analysis(saveas)_object_header.pdf	hayro-syntax-0.8.0	err	0	0	-1	2	Invalid
corrupted/saveas/text+img/online_education_elearning_market_growth_analysis(saveas)_page_tree.pdf	lopdf-0.45.0	ok	0	0	-1	4	
corrupted/saveas/text+img/online_education_elearning_market_growth_analysis(saveas)_page_tree.pdf	pdfrum-0.4.0	err	0	0	-1	0	cannot open document: damaged beyond recovery: no document catalog
corrupted/saveas/text+img/online_education_elearning_market_growth_analysis(saveas)_page_tree.pdf	hayro-syntax-0.8.0	err	0	0	-1	2	Invalid
corrupted/saveas/text+img/online_education_elearning_market_growth_analysis(saveas)_partial_cut.pdf	lopdf-0.45.0	err	0	0	-1	0	failed parsing cross reference table
corrupted/saveas/text+img/online_education_elearning_market_growth_analysis(saveas)_partial_cut.pdf	pdfrum-0.4.0	err	0	0	-1	0	cannot open document: damaged beyond recovery: no usable cross-reference information
corrupted/saveas/text+img/online_education_elearning_market_growth_analysis(saveas)_partial_cut.pdf	hayro-syntax-0.8.0	ok	6	-1	-1	2	
corrupted/saveas/text+img/online_education_elearning_market_growth_analysis(saveas)_remove_fonts.pdf	lopdf-0.45.0	ok	6	8478	-1	27	
corrupted/saveas/text+img/online_education_elearning_market_growth_analysis(saveas)_remove_fonts.pdf	pdfrum-0.4.0	ok	6	8334	746	45	
corrupted/saveas/text+img/online_education_elearning_market_growth_analysis(saveas)_remove_fonts.pdf	hayro-syntax-0.8.0	ok	6	-1	-1	0	
corrupted/saveas/text+img/online_education_elearning_market_growth_analysis(saveas)_remove_unicode_fonts.pdf	lopdf-0.45.0	ok	6	6259	-1	18	
corrupted/saveas/text+img/online_education_elearning_market_growth_analysis(saveas)_remove_unicode_fonts.pdf	pdfrum-0.4.0	ok	6	8316	1569	35	
corrupted/saveas/text+img/online_education_elearning_market_growth_analysis(saveas)_remove_unicode_fonts.pdf	hayro-syntax-0.8.0	ok	6	-1	-1	0	
corrupted/saveas/text+img/online_education_elearning_market_growth_analysis(saveas)_stream_zlib.pdf	lopdf-0.45.0	ok	6	5887	-1	15	
corrupted/saveas/text+img/online_education_elearning_market_growth_analysis(saveas)_stream_zlib.pdf	pdfrum-0.4.0	ok	6	6092	806	23	
corrupted/saveas/text+img/online_education_elearning_market_growth_analysis(saveas)_stream_zlib.pdf	hayro-syntax-0.8.0	ok	6	-1	-1	2	
corrupted/saveas/text+img/online_education_elearning_market_growth_analysis(saveas)_trailer.pdf	lopdf-0.45.0	ok	6	8478	-1	20	
corrupted/saveas/text+img/online_education_elearning_market_growth_analysis(saveas)_trailer.pdf	pdfrum-0.4.0	ok	6	8478	630	31	
corrupted/saveas/text+img/online_education_elearning_market_growth_analysis(saveas)_trailer.pdf	hayro-syntax-0.8.0	ok	6	-1	-1	2	
corrupted/saveas/text+img/online_education_elearning_market_growth_analysis(saveas)_xref.pdf	lopdf-0.45.0	ok	6	8478	-1	18	
corrupted/saveas/text+img/online_education_elearning_market_growth_analysis(saveas)_xref.pdf	pdfrum-0.4.0	ok	6	8478	630	28	
corrupted/saveas/text+img/online_education_elearning_market_growth_analysis(saveas)_xref.pdf	hayro-syntax-0.8.0	ok	6	-1	-1	2	
corrupted/saveas/text/AI_Development_MultiLanguage(saveas)_font_mapping_loss.pdf	lopdf-0.45.0	ok	6	0	-1	15	
corrupted/saveas/text/AI_Development_MultiLanguage(saveas)_font_mapping_loss.pdf	pdfrum-0.4.0	ok	6	8694	1921	86	
corrupted/saveas/text/AI_Development_MultiLanguage(saveas)_font_mapping_loss.pdf	hayro-syntax-0.8.0	ok	6	-1	-1	3	
corrupted/saveas/text/AI_Development_MultiLanguage(saveas)_header.pdf	lopdf-0.45.0	err	0	0	-1	0	couldn't parse input
corrupted/saveas/text/AI_Development_MultiLanguage(saveas)_header.pdf	pdfrum-0.4.0	err	0	0	-1	0	cannot open document: not a PDF file
corrupted/saveas/text/AI_Development_MultiLanguage(saveas)_header.pdf	hayro-syntax-0.8.0	ok	6	-1	-1	0	
corrupted/saveas/text/AI_Development_MultiLanguage(saveas)_object_header.pdf	lopdf-0.45.0	err	0	0	-1	1	couldn't parse input
corrupted/saveas/text/AI_Development_MultiLanguage(saveas)_object_header.pdf	pdfrum-0.4.0	err	0	0	-1	1	cannot open document: damaged beyond recovery: no document catalog
corrupted/saveas/text/AI_Development_MultiLanguage(saveas)_object_header.pdf	hayro-syntax-0.8.0	err	0	0	-1	2	Invalid
corrupted/saveas/text/AI_Development_MultiLanguage(saveas)_page_tree.pdf	lopdf-0.45.0	ok	0	0	-1	5	
corrupted/saveas/text/AI_Development_MultiLanguage(saveas)_page_tree.pdf	pdfrum-0.4.0	err	0	0	-1	1	cannot open document: damaged beyond recovery: no document catalog
corrupted/saveas/text/AI_Development_MultiLanguage(saveas)_page_tree.pdf	hayro-syntax-0.8.0	err	0	0	-1	2	Invalid
corrupted/saveas/text/AI_Development_MultiLanguage(saveas)_partial_cut.pdf	lopdf-0.45.0	err	0	0	-1	0	failed parsing cross reference table
corrupted/saveas/text/AI_Development_MultiLanguage(saveas)_partial_cut.pdf	pdfrum-0.4.0	err	0	0	-1	0	cannot open document: damaged beyond recovery: no usable cross-reference information
corrupted/saveas/text/AI_Development_MultiLanguage(saveas)_partial_cut.pdf	hayro-syntax-0.8.0	ok	6	-1	-1	2	
corrupted/saveas/text/AI_Development_MultiLanguage(saveas)_remove_fonts.pdf	lopdf-0.45.0	ok	6	7252	-1	25	
corrupted/saveas/text/AI_Development_MultiLanguage(saveas)_remove_fonts.pdf	pdfrum-0.4.0	ok	6	7241	519	60	
corrupted/saveas/text/AI_Development_MultiLanguage(saveas)_remove_fonts.pdf	hayro-syntax-0.8.0	ok	6	-1	-1	0	
corrupted/saveas/text/AI_Development_MultiLanguage(saveas)_remove_unicode_fonts.pdf	lopdf-0.45.0	ok	6	5711	-1	17	
corrupted/saveas/text/AI_Development_MultiLanguage(saveas)_remove_unicode_fonts.pdf	pdfrum-0.4.0	ok	6	7148	1131	42	
corrupted/saveas/text/AI_Development_MultiLanguage(saveas)_remove_unicode_fonts.pdf	hayro-syntax-0.8.0	ok	6	-1	-1	0	
corrupted/saveas/text/AI_Development_MultiLanguage(saveas)_stream_zlib.pdf	lopdf-0.45.0	ok	6	6549	-1	12	
corrupted/saveas/text/AI_Development_MultiLanguage(saveas)_stream_zlib.pdf	pdfrum-0.4.0	ok	6	6363	702	25	
corrupted/saveas/text/AI_Development_MultiLanguage(saveas)_stream_zlib.pdf	hayro-syntax-0.8.0	ok	6	-1	-1	0	
corrupted/saveas/text/AI_Development_MultiLanguage(saveas)_trailer.pdf	lopdf-0.45.0	ok	6	7252	-1	19	
corrupted/saveas/text/AI_Development_MultiLanguage(saveas)_trailer.pdf	pdfrum-0.4.0	ok	6	7252	512	27	
corrupted/saveas/text/AI_Development_MultiLanguage(saveas)_trailer.pdf	hayro-syntax-0.8.0	ok	6	-1	-1	2	
corrupted/saveas/text/AI_Development_MultiLanguage(saveas)_xref.pdf	lopdf-0.45.0	ok	6	7252	-1	20	
corrupted/saveas/text/AI_Development_MultiLanguage(saveas)_xref.pdf	pdfrum-0.4.0	ok	6	7252	512	28	
corrupted/saveas/text/AI_Development_MultiLanguage(saveas)_xref.pdf	hayro-syntax-0.8.0	ok	6	-1	-1	1	
corrupted/saveas/text/AeroChef_Drone_Delivery_Cooking_Service(saveas)_font_mapping_loss.pdf	lopdf-0.45.0	ok	6	0	-1	12	
corrupted/saveas/text/AeroChef_Drone_Delivery_Cooking_Service(saveas)_font_mapping_loss.pdf	pdfrum-0.4.0	ok	6	5849	1022	55	
corrupted/saveas/text/AeroChef_Drone_Delivery_Cooking_Service(saveas)_font_mapping_loss.pdf	hayro-syntax-0.8.0	ok	6	-1	-1	0	
corrupted/saveas/text/AeroChef_Drone_Delivery_Cooking_Service(saveas)_header.pdf	lopdf-0.45.0	err	0	0	-1	0	couldn't parse input
corrupted/saveas/text/AeroChef_Drone_Delivery_Cooking_Service(saveas)_header.pdf	pdfrum-0.4.0	err	0	0	-1	0	cannot open document: not a PDF file
corrupted/saveas/text/AeroChef_Drone_Delivery_Cooking_Service(saveas)_header.pdf	hayro-syntax-0.8.0	ok	6	-1	-1	0	
corrupted/saveas/text/AeroChef_Drone_Delivery_Cooking_Service(saveas)_object_header.pdf	lopdf-0.45.0	err	0	0	-1	1	couldn't parse input
corrupted/saveas/text/AeroChef_Drone_Delivery_Cooking_Service(saveas)_object_header.pdf	pdfrum-0.4.0	err	0	0	-1	0	cannot open document: damaged beyond recovery: no document catalog
corrupted/saveas/text/AeroChef_Drone_Delivery_Cooking_Service(saveas)_object_header.pdf	hayro-syntax-0.8.0	err	0	0	-1	1	Invalid
corrupted/saveas/text/AeroChef_Drone_Delivery_Cooking_Service(saveas)_page_tree.pdf	lopdf-0.45.0	ok	0	0	-1	4	
corrupted/saveas/text/AeroChef_Drone_Delivery_Cooking_Service(saveas)_page_tree.pdf	pdfrum-0.4.0	err	0	0	-1	1	cannot open document: damaged beyond recovery: no document catalog
corrupted/saveas/text/AeroChef_Drone_Delivery_Cooking_Service(saveas)_page_tree.pdf	hayro-syntax-0.8.0	err	0	0	-1	2	Invalid
corrupted/saveas/text/AeroChef_Drone_Delivery_Cooking_Service(saveas)_partial_cut.pdf	lopdf-0.45.0	err	0	0	-1	0	failed parsing cross reference table
corrupted/saveas/text/AeroChef_Drone_Delivery_Cooking_Service(saveas)_partial_cut.pdf	pdfrum-0.4.0	err	0	0	-1	0	cannot open document: damaged beyond recovery: no usable cross-reference information
corrupted/saveas/text/AeroChef_Drone_Delivery_Cooking_Service(saveas)_partial_cut.pdf	hayro-syntax-0.8.0	ok	6	-1	-1	1	
corrupted/saveas/text/AeroChef_Drone_Delivery_Cooking_Service(saveas)_remove_fonts.pdf	lopdf-0.45.0	ok	6	4924	-1	15	
corrupted/saveas/text/AeroChef_Drone_Delivery_Cooking_Service(saveas)_remove_fonts.pdf	pdfrum-0.4.0	ok	6	4916	419	41	
corrupted/saveas/text/AeroChef_Drone_Delivery_Cooking_Service(saveas)_remove_fonts.pdf	hayro-syntax-0.8.0	ok	6	-1	-1	0	
corrupted/saveas/text/AeroChef_Drone_Delivery_Cooking_Service(saveas)_remove_unicode_fonts.pdf	lopdf-0.45.0	ok	6	4044	-1	15	
corrupted/saveas/text/AeroChef_Drone_Delivery_Cooking_Service(saveas)_remove_unicode_fonts.pdf	pdfrum-0.4.0	ok	6	4864	807	41	
corrupted/saveas/text/AeroChef_Drone_Delivery_Cooking_Service(saveas)_remove_unicode_fonts.pdf	hayro-syntax-0.8.0	ok	6	-1	-1	0	
corrupted/saveas/text/AeroChef_Drone_Delivery_Cooking_Service(saveas)_stream_zlib.pdf	lopdf-0.45.0	ok	6	4500	-1	18	
corrupted/saveas/text/AeroChef_Drone_Delivery_Cooking_Service(saveas)_stream_zlib.pdf	pdfrum-0.4.0	ok	6	4898	534	28	
corrupted/saveas/text/AeroChef_Drone_Delivery_Cooking_Service(saveas)_stream_zlib.pdf	hayro-syntax-0.8.0	ok	6	-1	-1	0	
corrupted/saveas/text/AeroChef_Drone_Delivery_Cooking_Service(saveas)_trailer.pdf	lopdf-0.45.0	ok	6	4924	-1	26	
corrupted/saveas/text/AeroChef_Drone_Delivery_Cooking_Service(saveas)_trailer.pdf	pdfrum-0.4.0	ok	6	4924	414	32	
corrupted/saveas/text/AeroChef_Drone_Delivery_Cooking_Service(saveas)_trailer.pdf	hayro-syntax-0.8.0	ok	6	-1	-1	5	
corrupted/saveas/text/AeroChef_Drone_Delivery_Cooking_Service(saveas)_xref.pdf	lopdf-0.45.0	ok	6	4924	-1	16	
corrupted/saveas/text/AeroChef_Drone_Delivery_Cooking_Service(saveas)_xref.pdf	pdfrum-0.4.0	ok	6	4924	414	25	
corrupted/saveas/text/AeroChef_Drone_Delivery_Cooking_Service(saveas)_xref.pdf	hayro-syntax-0.8.0	ok	6	-1	-1	1	
corrupted/saveas/text/Aurora_VR_AR_Game_Lineup_Multilingual(saveas)_font_mapping_loss.pdf	lopdf-0.45.0	ok	6	0	-1	21	
corrupted/saveas/text/Aurora_VR_AR_Game_Lineup_Multilingual(saveas)_font_mapping_loss.pdf	pdfrum-0.4.0	ok	6	12949	2827	97	
corrupted/saveas/text/Aurora_VR_AR_Game_Lineup_Multilingual(saveas)_font_mapping_loss.pdf	hayro-syntax-0.8.0	ok	6	-1	-1	1	
corrupted/saveas/text/Aurora_VR_AR_Game_Lineup_Multilingual(saveas)_header.pdf	lopdf-0.45.0	err	0	0	-1	0	couldn't parse input
corrupted/saveas/text/Aurora_VR_AR_Game_Lineup_Multilingual(saveas)_header.pdf	pdfrum-0.4.0	err	0	0	-1	0	cannot open document: not a PDF file
corrupted/saveas/text/Aurora_VR_AR_Game_Lineup_Multilingual(saveas)_header.pdf	hayro-syntax-0.8.0	ok	6	-1	-1	0	
corrupted/saveas/text/Aurora_VR_AR_Game_Lineup_Multilingual(saveas)_object_header.pdf	lopdf-0.45.0	err	0	0	-1	0	couldn't parse input
corrupted/saveas/text/Aurora_VR_AR_Game_Lineup_Multilingual(saveas)_object_header.pdf	pdfrum-0.4.0	err	0	0	-1	0	cannot open document: damaged beyond recovery: no document catalog
corrupted/saveas/text/Aurora_VR_AR_Game_Lineup_Multilingual(saveas)_object_header.pdf	hayro-syntax-0.8.0	err	0	0	-1	1	Invalid
corrupted/saveas/text/Aurora_VR_AR_Game_Lineup_Multilingual(saveas)_page_tree.pdf	lopdf-0.45.0	ok	0	0	-1	5	
corrupted/saveas/text/Aurora_VR_AR_Game_Lineup_Multilingual(saveas)_page_tree.pdf	pdfrum-0.4.0	err	0	0	-1	0	cannot open document: damaged beyond recovery: no document catalog
corrupted/saveas/text/Aurora_VR_AR_Game_Lineup_Multilingual(saveas)_page_tree.pdf	hayro-syntax-0.8.0	err	0	0	-1	1	Invalid
corrupted/saveas/text/Aurora_VR_AR_Game_Lineup_Multilingual(saveas)_partial_cut.pdf	lopdf-0.45.0	err	0	0	-1	0	failed parsing cross reference table
corrupted/saveas/text/Aurora_VR_AR_Game_Lineup_Multilingual(saveas)_partial_cut.pdf	pdfrum-0.4.0	err	0	0	-1	0	cannot open document: damaged beyond recovery: no usable cross-reference information
corrupted/saveas/text/Aurora_VR_AR_Game_Lineup_Multilingual(saveas)_partial_cut.pdf	hayro-syntax-0.8.0	ok	6	-1	-1	1	
corrupted/saveas/text/Aurora_VR_AR_Game_Lineup_Multilingual(saveas)_remove_fonts.pdf	lopdf-0.45.0	ok	6	11330	-1	23	
corrupted/saveas/text/Aurora_VR_AR_Game_Lineup_Multilingual(saveas)_remove_fonts.pdf	pdfrum-0.4.0	ok	6	11304	693	40	
corrupted/saveas/text/Aurora_VR_AR_Game_Lineup_Multilingual(saveas)_remove_fonts.pdf	hayro-syntax-0.8.0	ok	6	-1	-1	0	
corrupted/saveas/text/Aurora_VR_AR_Game_Lineup_Multilingual(saveas)_remove_unicode_fonts.pdf	lopdf-0.45.0	ok	6	9442	-1	23	
corrupted/saveas/text/Aurora_VR_AR_Game_Lineup_Multilingual(saveas)_remove_unicode_fonts.pdf	pdfrum-0.4.0	ok	6	11001	1446	47	
corrupted/saveas/text/Aurora_VR_AR_Game_Lineup_Multilingual(saveas)_remove_unicode_fonts.pdf	hayro-syntax-0.8.0	ok	6	-1	-1	0	
corrupted/saveas/text/Aurora_VR_AR_Game_Lineup_Multilingual(saveas)_stream_zlib.pdf	lopdf-0.45.0	ok	6	8406	-1	19	
corrupted/saveas/text/Aurora_VR_AR_Game_Lineup_Multilingual(saveas)_stream_zlib.pdf	pdfrum-0.4.0	ok	6	8281	709	26	
corrupted/saveas/text/Aurora_VR_AR_Game_Lineup_Multilingual(saveas)_stream_zlib.pdf	hayro-syntax-0.8.0	ok	6	-1	-1	0	
corrupted/saveas/text/Aurora_VR_AR_Game_Lineup_Multilingual(saveas)_trailer.pdf	lopdf-0.45.0	ok	6	11330	-1	23	
corrupted/saveas/text/Aurora_VR_AR_Game_Lineup_Multilingual(saveas)_trailer.pdf	pdfrum-0.4.0	ok	6	11330	670	31	
corrupted/saveas/text/Aurora_VR_AR_Game_Lineup_Multilingual(saveas)_trailer.pdf	hayro-syntax-0.8.0	ok	6	-1	-1	2	
corrupted/saveas/text/Aurora_VR_AR_Game_Lineup_Multilingual(saveas)_xref.pdf	lopdf-0.45.0	ok	6	11330	-1	24	
corrupted/saveas/text/Aurora_VR_AR_Game_Lineup_Multilingual(saveas)_xref.pdf	pdfrum-0.4.0	ok	6	11330	670	34	
corrupted/saveas/text/Aurora_VR_AR_Game_Lineup_Multilingual(saveas)_xref.pdf	hayro-syntax-0.8.0	ok	6	-1	-1	2	
corrupted/saveas/text/Autonomous_Vehicle_Accident_Report(saveas)_font_mapping_loss.pdf	lopdf-0.45.0	ok	6	0	-1	21	
corrupted/saveas/text/Autonomous_Vehicle_Accident_Report(saveas)_font_mapping_loss.pdf	pdfrum-0.4.0	ok	6	5574	923	77	
corrupted/saveas/text/Autonomous_Vehicle_Accident_Report(saveas)_font_mapping_loss.pdf	hayro-syntax-0.8.0	ok	6	-1	-1	1	
corrupted/saveas/text/Autonomous_Vehicle_Accident_Report(saveas)_header.pdf	lopdf-0.45.0	err	0	0	-1	0	couldn't parse input
corrupted/saveas/text/Autonomous_Vehicle_Accident_Report(saveas)_header.pdf	pdfrum-0.4.0	err	0	0	-1	0	cannot open document: not a PDF file
corrupted/saveas/text/Autonomous_Vehicle_Accident_Report(saveas)_header.pdf	hayro-syntax-0.8.0	ok	6	-1	-1	0	
corrupted/saveas/text/Autonomous_Vehicle_Accident_Report(saveas)_object_header.pdf	lopdf-0.45.0	err	0	0	-1	1	couldn't parse input
corrupted/saveas/text/Autonomous_Vehicle_Accident_Report(saveas)_object_header.pdf	pdfrum-0.4.0	err	0	0	-1	0	cannot open document: damaged beyond recovery: no document catalog
corrupted/saveas/text/Autonomous_Vehicle_Accident_Report(saveas)_object_header.pdf	hayro-syntax-0.8.0	err	0	0	-1	1	Invalid
corrupted/saveas/text/Autonomous_Vehicle_Accident_Report(saveas)_page_tree.pdf	lopdf-0.45.0	ok	0	0	-1	5	
corrupted/saveas/text/Autonomous_Vehicle_Accident_Report(saveas)_page_tree.pdf	pdfrum-0.4.0	err	0	0	-1	1	cannot open document: damaged beyond recovery: no document catalog
corrupted/saveas/text/Autonomous_Vehicle_Accident_Report(saveas)_page_tree.pdf	hayro-syntax-0.8.0	err	0	0	-1	2	Invalid
corrupted/saveas/text/Autonomous_Vehicle_Accident_Report(saveas)_partial_cut.pdf	lopdf-0.45.0	err	0	0	-1	0	failed parsing cross reference table
corrupted/saveas/text/Autonomous_Vehicle_Accident_Report(saveas)_partial_cut.pdf	pdfrum-0.4.0	err	0	0	-1	0	cannot open document: damaged beyond recovery: no usable cross-reference information
corrupted/saveas/text/Autonomous_Vehicle_Accident_Report(saveas)_partial_cut.pdf	hayro-syntax-0.8.0	ok	6	-1	-1	1	
corrupted/saveas/text/Autonomous_Vehicle_Accident_Report(saveas)_remove_fonts.pdf	lopdf-0.45.0	ok	6	4471	-1	17	
corrupted/saveas/text/Autonomous_Vehicle_Accident_Report(saveas)_remove_fonts.pdf	pdfrum-0.4.0	ok	6	4464	481	47	
corrupted/saveas/text/Autonomous_Vehicle_Accident_Report(saveas)_remove_fonts.pdf	hayro-syntax-0.8.0	ok	6	-1	-1	0	
corrupted/saveas/text/Autonomous_Vehicle_Accident_Report(saveas)_remove_unicode_fonts.pdf	lopdf-0.45.0	ok	6	3594	-1	15	
corrupted/saveas/text/Autonomous_Vehicle_Accident_Report(saveas)_remove_unicode_fonts.pdf	pdfrum-0.4.0	ok	6	4410	792	41	
corrupted/saveas/text/Autonomous_Vehicle_Accident_Report(saveas)_remove_unicode_fonts.pdf	hayro-syntax-0.8.0	ok	6	-1	-1	0	
corrupted/saveas/text/Autonomous_Vehicle_Accident_Report(saveas)_stream_zlib.pdf	lopdf-0.45.0	ok	6	3705	-1	14	
corrupted/saveas/text/Autonomous_Vehicle_Accident_Report(saveas)_stream_zlib.pdf	pdfrum-0.4.0	ok	6	2634	461	17	
corrupted/saveas/text/Autonomous_Vehicle_Accident_Report(saveas)_stream_zlib.pdf	hayro-syntax-0.8.0	ok	6	-1	-1	2	
corrupted/saveas/text/Autonomous_Vehicle_Accident_Report(saveas)_trailer.pdf	lopdf-0.45.0	ok	6	4471	-1	15	
corrupted/saveas/text/Autonomous_Vehicle_Accident_Report(saveas)_trailer.pdf	pdfrum-0.4.0	ok	6	4471	478	26	
corrupted/saveas/text/Autonomous_Vehicle_Accident_Report(saveas)_trailer.pdf	hayro-syntax-0.8.0	ok	6	-1	-1	3	
corrupted/saveas/text/Autonomous_Vehicle_Accident_Report(saveas)_xref.pdf	lopdf-0.45.0	ok	6	4471	-1	21	
corrupted/saveas/text/Autonomous_Vehicle_Accident_Report(saveas)_xref.pdf	pdfrum-0.4.0	ok	6	4471	478	25	
corrupted/saveas/text/Autonomous_Vehicle_Accident_Report(saveas)_xref.pdf	hayro-syntax-0.8.0	ok	6	-1	-1	1	
corrupted/saveas/text/BioNext_Data_Leak_Report(saveas)_font_mapping_loss.pdf	lopdf-0.45.0	ok	6	0	-1	15	
corrupted/saveas/text/BioNext_Data_Leak_Report(saveas)_font_mapping_loss.pdf	pdfrum-0.4.0	ok	6	5621	1663	61	
corrupted/saveas/text/BioNext_Data_Leak_Report(saveas)_font_mapping_loss.pdf	hayro-syntax-0.8.0	ok	6	-1	-1	2	
corrupted/saveas/text/BioNext_Data_Leak_Report(saveas)_header.pdf	lopdf-0.45.0	err	0	0	-1	0	couldn't parse input
corrupted/saveas/text/BioNext_Data_Leak_Report(saveas)_header.pdf	pdfrum-0.4.0	err	0	0	-1	0	cannot open document: not a PDF file
corrupted/saveas/text/BioNext_Data_Leak_Report(saveas)_header.pdf	hayro-syntax-0.8.0	ok	6	-1	-1	0	
corrupted/saveas/text/BioNext_Data_Leak_Report(saveas)_object_header.pdf	lopdf-0.45.0	err	0	0	-1	1	couldn't parse input
corrupted/saveas/text/BioNext_Data_Leak_Report(saveas)_object_header.pdf	pdfrum-0.4.0	err	0	0	-1	0	cannot open document: damaged beyond recovery: no document catalog
corrupted/saveas/text/BioNext_Data_Leak_Report(saveas)_object_header.pdf	hayro-syntax-0.8.0	err	0	0	-1	1	Invalid
corrupted/saveas/text/BioNext_Data_Leak_Report(saveas)_page_tree.pdf	lopdf-0.45.0	ok	0	0	-1	4	
corrupted/saveas/text/BioNext_Data_Leak_Report(saveas)_page_tree.pdf	pdfrum-0.4.0	err	0	0	-1	0	cannot open document: damaged beyond recovery: no document catalog
corrupted/saveas/text/BioNext_Data_Leak_Report(saveas)_page_tree.pdf	hayro-syntax-0.8.0	err	0	0	-1	1	Invalid
corrupted/saveas/text/BioNext_Data_Leak_Report(saveas)_partial_cut.pdf	lopdf-0.45.0	err	0	0	-1	0	failed parsing cross reference table
corrupted/saveas/text/BioNext_Data_Leak_Report(saveas)_partial_cut.pdf	pdfrum-0.4.0	err	0	0	-1	1	cannot open document: damaged beyond recovery: no usable cross-reference information
corrupted/saveas/text/BioNext_Data_Leak_Report(saveas)_partial_cut.pdf	hayro-syntax-0.8.0	ok	6	-1	-1	2	
corrupted/saveas/text/BioNext_Data_Leak_Report(saveas)_remove_fonts.pdf	lopdf-0.45.0	ok	6	5081	-1	23	
corrupted/saveas/text/BioNext_Data_Leak_Report(saveas)_remove_fonts.pdf	pdfrum-0.4.0	ok	6	5055	516	53	
corrupted/saveas/text/BioNext_Data_Leak_Report(saveas)_remove_fonts.pdf	hayro-syntax-0.8.0	ok	6	-1	-1	0	
corrupted/saveas/text/BioNext_Data_Leak_Report(saveas)_remove_unicode_fonts.pdf	lopdf-0.45.0	ok	6	4168	-1	15	
corrupted/saveas/text/BioNext_Data_Leak_Report(saveas)_remove_unicode_fonts.pdf	pdfrum-0.4.0	ok	6	4998	888	45	
corrupted/saveas/text/BioNext_Data_Leak_Report(saveas)_remove_unicode_fonts.pdf	hayro-syntax-0.8.0	ok	6	-1	-1	0	
corrupted/saveas/text/BioNext_Data_Leak_Report(saveas)_stream_zlib.pdf	lopdf-0.45.0	ok	6	4784	-1	14	
corrupted/saveas/text/BioNext_Data_Leak_Report(saveas)_stream_zlib.pdf	pdfrum-0.4.0	ok	6	4539	517	26	
corrupted/saveas/text/BioNext_Data_Leak_Report(saveas)_stream_zlib.pdf	hayro-syntax-0.8.0	ok	6	-1	-1	1	
corrupted/saveas/text/BioNext_Data_Leak_Report(saveas)_trailer.pdf	lopdf-0.45.0	ok	6	5081	-1	16	
corrupted/saveas/text/BioNext_Data_Leak_Report(saveas)_trailer.pdf	pdfrum-0.4.0	ok	6	5081	493	32	
corrupted/saveas/text/BioNext_Data_Leak_Report(saveas)_trailer.pdf	hayro-syntax-0.8.0	ok	6	-1	-1	3	
corrupted/saveas/text/BioNext_Data_Leak_Report(saveas)_xref.pdf	lopdf-0.45.0	ok	6	5081	-1	16	
corrupted/saveas/text/BioNext_Data_Leak_Report(saveas)_xref.pdf	pdfrum-0.4.0	ok	6	5081	493	25	
corrupted/saveas/text/BioNext_Data_Leak_Report(saveas)_xref.pdf	hayro-syntax-0.8.0	ok	6	-1	-1	1	
corrupted/saveas/text/Digital_Minimalism(saveas)_font_mapping_loss.pdf	lopdf-0.45.0	ok	6	0	-1	18	
corrupted/saveas/text/Digital_Minimalism(saveas)_font_mapping_loss.pdf	pdfrum-0.4.0	ok	6	9552	1937	67	
corrupted/saveas/text/Digital_Minimalism(saveas)_font_mapping_loss.pdf	hayro-syntax-0.8.0	ok	6	-1	-1	1	
corrupted/saveas/text/Digital_Minimalism(saveas)_header.pdf	lopdf-0.45.0	err	0	0	-1	0	couldn't parse input
corrupted/saveas/text/Digital_Minimalism(saveas)_header.pdf	pdfrum-0.4.0	err	0	0	-1	0	cannot open document: not a PDF file
corrupted/saveas/text/Digital_Minimalism(saveas)_header.pdf	hayro-syntax-0.8.0	ok	6	-1	-1	0	
corrupted/saveas/text/Digital_Minimalism(saveas)_object_header.pdf	lopdf-0.45.0	err	0	0	-1	0	couldn't parse input
corrupted/saveas/text/Digital_Minimalism(saveas)_object_header.pdf	pdfrum-0.4.0	err	0	0	-1	0	cannot open document: damaged beyond recovery: no document catalog
corrupted/saveas/text/Digital_Minimalism(saveas)_object_header.pdf	hayro-syntax-0.8.0	err	0	0	-1	1	Invalid
corrupted/saveas/text/Digital_Minimalism(saveas)_page_tree.pdf	lopdf-0.45.0	ok	0	0	-1	5	
corrupted/saveas/text/Digital_Minimalism(saveas)_page_tree.pdf	pdfrum-0.4.0	err	0	0	-1	0	cannot open document: damaged beyond recovery: no document catalog
corrupted/saveas/text/Digital_Minimalism(saveas)_page_tree.pdf	hayro-syntax-0.8.0	err	0	0	-1	1	Invalid
corrupted/saveas/text/Digital_Minimalism(saveas)_partial_cut.pdf	lopdf-0.45.0	err	0	0	-1	0	failed parsing cross reference table
corrupted/saveas/text/Digital_Minimalism(saveas)_partial_cut.pdf	pdfrum-0.4.0	err	0	0	-1	0	cannot open document: damaged beyond recovery: no usable cross-reference information
corrupted/saveas/text/Digital_Minimalism(saveas)_partial_cut.pdf	hayro-syntax-0.8.0	ok	6	-1	-1	1	
corrupted/saveas/text/Digital_Minimalism(saveas)_remove_fonts.pdf	lopdf-0.45.0	ok	6	7864	-1	19	
corrupted/saveas/text/Digital_Minimalism(saveas)_remove_fonts.pdf	pdfrum-0.4.0	ok	6	7850	566	61	
corrupted/saveas/text/Digital_Minimalism(saveas)_remove_fonts.pdf	hayro-syntax-0.8.0	ok	6	-1	-1	0	
corrupted/saveas/text/Digital_Minimalism(saveas)_remove_unicode_fonts.pdf	lopdf-0.45.0	ok	6	6175	-1	27	
corrupted/saveas/text/Digital_Minimalism(saveas)_remove_unicode_fonts.pdf	pdfrum-0.4.0	ok	6	7791	1154	56	
corrupted/saveas/text/Digital_Minimalism(saveas)_remove_unicode_fonts.pdf	hayro-syntax-0.8.0	ok	6	-1	-1	0	
corrupted/saveas/text/Digital_Minimalism(saveas)_stream_zlib.pdf	lopdf-0.45.0	ok	6	6709	-1	15	
corrupted/saveas/text/Digital_Minimalism(saveas)_stream_zlib.pdf	pdfrum-0.4.0	ok	6	6522	603	23	
corrupted/saveas/text/Digital_Minimalism(saveas)_stream_zlib.pdf	hayro-syntax-0.8.0	ok	6	-1	-1	1	
corrupted/saveas/text/Digital_Minimalism(saveas)_trailer.pdf	lopdf-0.45.0	ok	6	7864	-1	18	
corrupted/saveas/text/Digital_Minimalism(saveas)_trailer.pdf	pdfrum-0.4.0	ok	6	7864	557	28	
corrupted/saveas/text/Digital_Minimalism(saveas)_trailer.pdf	hayro-syntax-0.8.0	ok	6	-1	-1	2	
corrupted/saveas/text/Digital_Minimalism(saveas)_xref.pdf	lopdf-0.45.0	ok	6	7864	-1	18	
corrupted/saveas/text/Digital_Minimalism(saveas)_xref.pdf	pdfrum-0.4.0	ok	6	7864	557	28	
corrupted/saveas/text/Digital_Minimalism(saveas)_xref.pdf	hayro-syntax-0.8.0	ok	6	-1	-1	1	
corrupted/saveas/text/E-Payment_Service_Outage_Report(saveas)_font_mapping_loss.pdf	lopdf-0.45.0	ok	6	0	-1	14	
corrupted/saveas/text/E-Payment_Service_Outage_Report(saveas)_font_mapping_loss.pdf	pdfrum-0.4.0	ok	6	5971	1246	54	
corrupted/saveas/text/E-Payment_Service_Outage_Report(saveas)_font_mapping_loss.pdf	hayro-syntax-0.8.0	ok	6	-1	-1	1	
corrupted/saveas/text/E-Payment_Service_Outage_Report(saveas)_header.pdf	lopdf-0.45.0	err	0	0	-1	0	couldn't parse input
corrupted/saveas/text/E-Payment_Service_Outage_Report(saveas)_header.pdf	pdfrum-0.4.0	err	0	0	-1	0	cannot open document: not a PDF file
corrupted/saveas/text/E-Payment_Service_Outage_Report(saveas)_header.pdf	hayro-syntax-0.8.0	ok	6	-1	-1	0	
corrupted/saveas/text/E-Payment_Service_Outage_Report(saveas)_object_header.pdf	lopdf-0.45.0	err	0	0	-1	1	couldn't parse input
corrupted/saveas/text/E-Payment_Service_Outage_Report(saveas)_object_header.pdf	pdfrum-0.4.0	err	0	0	-1	0	cannot open document: damaged beyond recovery: no document catalog
corrupted/saveas/text/E-Payment_Service_Outage_Report(saveas)_object_header.pdf	hayro-syntax-0.8.0	err	0	0	-1	1	Invalid
corrupted/saveas/text/E-Payment_Service_Outage_Report(saveas)_page_tree.pdf	lopdf-0.45.0	ok	0	0	-1	4	
corrupted/saveas/text/E-Payment_Service_Outage_Report(saveas)_page_tree.pdf	pdfrum-0.4.0	err	0	0	-1	0	cannot open document: damaged beyond recovery: no document catalog
corrupted/saveas/text/E-Payment_Service_Outage_Report(saveas)_page_tree.pdf	hayro-syntax-0.8.0	err	0	0	-1	1	Invalid
corrupted/saveas/text/E-Payment_Service_Outage_Report(saveas)_partial_cut.pdf	lopdf-0.45.0	err	0	0	-1	0	failed parsing cross reference table
corrupted/saveas/text/E-Payment_Service_Outage_Report(saveas)_partial_cut.pdf	pdfrum-0.4.0	err	0	0	-1	0	cannot open document: damaged beyond recovery: no usable cross-reference information
corrupted/saveas/text/E-Payment_Service_Outage_Report(saveas)_partial_cut.pdf	hayro-syntax-0.8.0	ok	6	-1	-1	1	
corrupted/saveas/text/E-Payment_Service_Outage_Report(saveas)_remove_fonts.pdf	lopdf-0.45.0	ok	6	5170	-1	15	
corrupted/saveas/text/E-Payment_Service_Outage_Report(saveas)_remove_fonts.pdf	pdfrum-0.4.0	ok	6	5166	492	41	
corrupted/saveas/text/E-Payment_Service_Outage_Report(saveas)_remove_fonts.pdf	hayro-syntax-0.8.0	ok	6	-1	-1	0	
corrupted/saveas/text/E-Payment_Service_Outage_Report(saveas)_remove_unicode_fonts.pdf	lopdf-0.45.0	ok	6	4307	-1	14	
corrupted/saveas/text/E-Payment_Service_Outage_Report(saveas)_remove_unicode_fonts.pdf	pdfrum-0.4.0	ok	6	5068	810	42	
corrupted/saveas/text/E-Payment_Service_Outage_Report(saveas)_remove_unicode_fonts.pdf	hayro-syntax-0.8.0	ok	6	-1	-1	0	
corrupted/saveas/text/E-Payment_Service_Outage_Report(saveas)_stream_zlib.pdf	lopdf-0.45.0	ok	6	4317	-1	12	
corrupted/saveas/text/E-Payment_Service_Outage_Report(saveas)_stream_zlib.pdf	pdfrum-0.4.0	ok	6	5126	1048	22	
corrupted/saveas/text/E-Payment_Service_Outage_Report(saveas)_stream_zlib.pdf	hayro-syntax-0.8.0	ok	6	-1	-1	0	
corrupted/saveas/text/E-Payment_Service_Outage_Report(saveas)_trailer.pdf	lopdf-0.45.0	ok	6	5170	-1	16	
corrupted/saveas/text/E-Payment_Service_Outage_Report(saveas)_trailer.pdf	pdfrum-0.4.0	ok	6	5170	491	29	
corrupted/saveas/text/E-Payment_Service_Outage_Report(saveas)_trailer.pdf	hayro-syntax-0.8.0	ok	6	-1	-1	3	
corrupted/saveas/text/E-Payment_Service_Outage_Report(saveas)_xref.pdf	lopdf-0.45.0	ok	6	5170	-1	16	
corrupted/saveas/text/E-Payment_Service_Outage_Report(saveas)_xref.pdf	pdfrum-0.4.0	ok	6	5170	491	25	
corrupted/saveas/text/E-Payment_Service_Outage_Report(saveas)_xref.pdf	hayro-syntax-0.8.0	ok	6	-1	-1	1	
corrupted/saveas/text/EcoWave_Sustainable_Fashion_Collection(saveas)_font_mapping_loss.pdf	lopdf-0.45.0	ok	6	0	-1	14	
corrupted/saveas/text/EcoWave_Sustainable_Fashion_Collection(saveas)_font_mapping_loss.pdf	pdfrum-0.4.0	ok	6	6234	1329	56	
corrupted/saveas/text/EcoWave_Sustainable_Fashion_Collection(saveas)_font_mapping_loss.pdf	hayro-syntax-0.8.0	ok	6	-1	-1	2	
corrupted/saveas/text/EcoWave_Sustainable_Fashion_Collection(saveas)_header.pdf	lopdf-0.45.0	err	0	0	-1	0	couldn't parse input
corrupted/saveas/text/EcoWave_Sustainable_Fashion_Collection(saveas)_header.pdf	pdfrum-0.4.0	err	0	0	-1	0	cannot open document: not a PDF file
corrupted/saveas/text/EcoWave_Sustainable_Fashion_Collection(saveas)_header.pdf	hayro-syntax-0.8.0	ok	6	-1	-1	0	
corrupted/saveas/text/EcoWave_Sustainable_Fashion_Collection(saveas)_object_header.pdf	lopdf-0.45.0	err	0	0	-1	1	couldn't parse input
corrupted/saveas/text/EcoWave_Sustainable_Fashion_Collection(saveas)_object_header.pdf	pdfrum-0.4.0	err	0	0	-1	0	cannot open document: damaged beyond recovery: no document catalog
corrupted/saveas/text/EcoWave_Sustainable_Fashion_Collection(saveas)_object_header.pdf	hayro-syntax-0.8.0	err	0	0	-1	1	Invalid
corrupted/saveas/text/EcoWave_Sustainable_Fashion_Collection(saveas)_page_tree.pdf	lopdf-0.45.0	ok	0	0	-1	5	
corrupted/saveas/text/EcoWave_Sustainable_Fashion_Collection(saveas)_page_tree.pdf	pdfrum-0.4.0	err	0	0	-1	1	cannot open document: damaged beyond recovery: no document catalog
corrupted/saveas/text/EcoWave_Sustainable_Fashion_Collection(saveas)_page_tree.pdf	hayro-syntax-0.8.0	err	0	0	-1	2	Invalid
corrupted/saveas/text/EcoWave_Sustainable_Fashion_Collection(saveas)_partial_cut.pdf	lopdf-0.45.0	err	0	0	-1	0	failed parsing cross reference table
corrupted/saveas/text/EcoWave_Sustainable_Fashion_Collection(saveas)_partial_cut.pdf	pdfrum-0.4.0	err	0	0	-1	1	cannot open document: damaged beyond recovery: no usable cross-reference information
corrupted/saveas/text/EcoWave_Sustainable_Fashion_Collection(saveas)_partial_cut.pdf	hayro-syntax-0.8.0	ok	6	-1	-1	2	
corrupted/saveas/text/EcoWave_Sustainable_Fashion_Collection(saveas)_remove_fonts.pdf	lopdf-0.45.0	ok	6	5034	-1	17	
corrupted/saveas/text/EcoWave_Sustainable_Fashion_Collection(saveas)_remove_fonts.pdf	pdfrum-0.4.0	ok	6	5028	445	42	
corrupted/saveas/text/EcoWave_Sustainable_Fashion_Collection(saveas)_remove_fonts.pdf	hayro-syntax-0.8.0	ok	6	-1	-1	0	
corrupted/saveas/text/EcoWave_Sustainable_Fashion_Collection(saveas)_remove_unicode_fonts.pdf	lopdf-0.45.0	ok	6	3927	-1	17	
corrupted/saveas/text/EcoWave_Sustainable_Fashion_Collection(saveas)_remove_unicode_fonts.pdf	pdfrum-0.4.0	ok	6	4946	853	39	
corrupted/saveas/text/EcoWave_Sustainable_Fashion_Collection(saveas)_remove_unicode_fonts.pdf	hayro-syntax-0.8.0	ok	6	-1	-1	0	
corrupted/saveas/text/EcoWave_Sustainable_Fashion_Collection(saveas)_stream_zlib.pdf	lopdf-0.45.0	ok	6	4028	-1	13	
corrupted/saveas/text/EcoWave_Sustainable_Fashion_Collection(saveas)_stream_zlib.pdf	pdfrum-0.4.0	ok	6	5405	597	24	
corrupted/saveas/text/EcoWave_Sustainable_Fashion_Collection(saveas)_stream_zlib.pdf	hayro-syntax-0.8.0	ok	6	-1	-1	0	
corrupted/saveas/text/EcoWave_Sustainable_Fashion_Collection(saveas)_trailer.pdf	lopdf-0.45.0	ok	6	5034	-1	15	
corrupted/saveas/text/EcoWave_Sustainable_Fashion_Collection(saveas)_trailer.pdf	pdfrum-0.4.0	ok	6	5034	442	26	
corrupted/saveas/text/EcoWave_Sustainable_Fashion_Collection(saveas)_trailer.pdf	hayro-syntax-0.8.0	ok	6	-1	-1	2	
corrupted/saveas/text/EcoWave_Sustainable_Fashion_Collection(saveas)_xref.pdf	lopdf-0.45.0	ok	6	5034	-1	14	
corrupted/saveas/text/EcoWave_Sustainable_Fashion_Collection(saveas)_xref.pdf	pdfrum-0.4.0	ok	6	5034	442	30	
corrupted/saveas/text/EcoWave_Sustainable_Fashion_Collection(saveas)_xref.pdf	hayro-syntax-0.8.0	ok	6	-1	-1	1	
corrupted/saveas/text/EduBot_AI_Learning_Robot_Series(saveas)_font_mapping_loss.pdf	lopdf-0.45.0	ok	6	0	-1	13	
corrupted/saveas/text/EduBot_AI_Learning_Robot_Series(saveas)_font_mapping_loss.pdf	pdfrum-0.4.0	ok	6	6288	956	51	
corrupted/saveas/text/EduBot_AI_Learning_Robot_Series(saveas)_font_mapping_loss.pdf	hayro-syntax-0.8.0	ok	6	-1	-1	2	
corrupted/saveas/text/EduBot_AI_Learning_Robot_Series(saveas)_header.pdf	lopdf-0.45.0	err	0	0	-1	0	couldn't parse input
corrupted/saveas/text/EduBot_AI_Learning_Robot_Series(saveas)_header.pdf	pdfrum-0.4.0	err	0	0	-1	0	cannot open document: not a PDF file
corrupted/saveas/text/EduBot_AI_Learning_Robot_Series(saveas)_header.pdf	hayro-syntax-0.8.0	ok	6	-1	-1	0	
corrupted/saveas/text/EduBot_AI_Learning_Robot_Series(saveas)_object_header.pdf	lopdf-0.45.0	err	0	0	-1	1	couldn't parse input
corrupted/saveas/text/EduBot_AI_Learning_Robot_Series(saveas)_object_header.pdf	pdfrum-0.4.0	err	0	0	-1	0	cannot open document: damaged beyond recovery: no document catalog
corrupted/saveas/text/EduBot_AI_Learning_Robot_Series(saveas)_object_header.pdf	hayro-syntax-0.8.0	err	0	0	-1	1	Invalid
corrupted/saveas/text/EduBot_AI_Learning_Robot_Series(saveas)_page_tree.pdf	lopdf-0.45.0	ok	0	0	-1	3	
corrupted/saveas/text/EduBot_AI_Learning_Robot_Series(saveas)_page_tree.pdf	pdfrum-0.4.0	err	0	0	-1	1	cannot open document: damaged beyond recovery: no document catalog
corrupted/saveas/text/EduBot_AI_Learning_Robot_Series(saveas)_page_tree.pdf	hayro-syntax-0.8.0	err	0	0	-1	1	Invalid
corrupted/saveas/text/EduBot_AI_Learning_Robot_Series(saveas)_partial_cut.pdf	lopdf-0.45.0	err	0	0	-1	0	failed parsing cross reference table
corrupted/saveas/text/EduBot_AI_Learning_Robot_Series(saveas)_partial_cut.pdf	pdfrum-0.4.0	err	0	0	-1	0	cannot open document: damaged beyond recovery: no usable cross-reference information
corrupted/saveas/text/EduBot_AI_Learning_Robot_Series(saveas)_partial_cut.pdf	hayro-syntax-0.8.0	ok	6	-1	-1	1	
corrupted/saveas/text/EduBot_AI_Learning_Robot_Series(saveas)_remove_fonts.pdf	lopdf-0.45.0	ok	6	5028	-1	15	
corrupted/saveas/text/EduBot_AI_Learning_Robot_Series(saveas)_remove_fonts.pdf	pdfrum-0.4.0	ok	6	5007	425	48	
corrupted/saveas/text/EduBot_AI_Learning_Robot_Series(saveas)_remove_fonts.pdf	hayro-syntax-0.8.0	ok	6	-1	-1	0	
corrupted/saveas/text/EduBot_AI_Learning_Robot_Series(saveas)_remove_unicode_fonts.pdf	lopdf-0.45.0	ok	6	4168	-1	15	
corrupted/saveas/text/EduBot_AI_Learning_Robot_Series(saveas)_remove_unicode_fonts.pdf	pdfrum-0.4.0	ok	6	4931	867	38	
corrupted/saveas/text/EduBot_AI_Learning_Robot_Series(saveas)_remove_unicode_fonts.pdf	hayro-syntax-0.8.0	ok	6	-1	-1	0	
corrupted/saveas/text/EduBot_AI_Learning_Robot_Series(saveas)_stream_zlib.pdf	lopdf-0.45.0	ok	6	4651	-1	11	
corrupted/saveas/text/EduBot_AI_Learning_Robot_Series(saveas)_stream_zlib.pdf	pdfrum-0.4.0	ok	6	4523	427	23	
corrupted/saveas/text/EduBot_AI_Learning_Robot_Series(saveas)_stream_zlib.pdf	hayro-syntax-0.8.0	ok	6	-1	-1	2	
corrupted/saveas/text/EduBot_AI_Learning_Robot_Series(saveas)_trailer.pdf	lopdf-0.45.0	ok	6	5028	-1	15	
corrupted/saveas/text/EduBot_AI_Learning_Robot_Series(saveas)_trailer.pdf	pdfrum-0.4.0	ok	6	5028	406	25	
corrupted/saveas/text/EduBot_AI_Learning_Robot_Series(saveas)_trailer.pdf	hayro-syntax-0.8.0	ok	6	-1	-1	2	
corrupted/saveas/text/EduBot_AI_Learning_Robot_Series(saveas)_xref.pdf	lopdf-0.45.0	ok	6	5028	-1	13	
corrupted/saveas/text/EduBot_AI_Learning_Robot_Series(saveas)_xref.pdf	pdfrum-0.4.0	ok	6	5028	406	26	
corrupted/saveas/text/EduBot_AI_Learning_Robot_Series(saveas)_xref.pdf	hayro-syntax-0.8.0	ok	6	-1	-1	1	
corrupted/saveas/text/Evolution_Biodegradable_Plastics(saveas)_font_mapping_loss.pdf	lopdf-0.45.0	ok	6	0	-1	17	
corrupted/saveas/text/Evolution_Biodegradable_Plastics(saveas)_font_mapping_loss.pdf	pdfrum-0.4.0	ok	6	10862	1903	78	
corrupted/saveas/text/Evolution_Biodegradable_Plastics(saveas)_font_mapping_loss.pdf	hayro-syntax-0.8.0	ok	6	-1	-1	1	
corrupted/saveas/text/Evolution_Biodegradable_Plastics(saveas)_header.pdf	lopdf-0.45.0	err	0	0	-1	0	couldn't parse input
corrupted/saveas/text/Evolution_Biodegradable_Plastics(saveas)_header.pdf	pdfrum-0.4.0	err	0	0	-1	0	cannot open document: not a PDF file
corrupted/saveas/text/Evolution_Biodegradable_Plastics(saveas)_header.pdf	hayro-syntax-0.8.0	ok	6	-1	-1	0	
corrupted/saveas/text/Evolution_Biodegradable_Plastics(saveas)_object_header.pdf	lopdf-0.45.0	err	0	0	-1	1	couldn't parse input
corrupted/saveas/text/Evolution_Biodegradable_Plastics(saveas)_object_header.pdf	pdfrum-0.4.0	err	0	0	-1	0	cannot open document: damaged beyond recovery: no document catalog
corrupted/saveas/text/Evolution_Biodegradable_Plastics(saveas)_object_header.pdf	hayro-syntax-0.8.0	err	0	0	-1	1	Invalid
corrupted/saveas/text/Evolution_Biodegradable_Plastics(saveas)_page_tree.pdf	lopdf-0.45.0	ok	0	0	-1	5	
corrupted/saveas/text/Evolution_Biodegradable_Plastics(saveas)_page_tree.pdf	pdfrum-0.4.0	err	0	0	-1	0	cannot open document: damaged beyond recovery: no document catalog
corrupted/saveas/text/Evolution_Biodegradable_Plastics(saveas)_page_tree.pdf	hayro-syntax-0.8.0	err	0	0	-1	1	Invalid
corrupted/saveas/text/Evolution_Biodegradable_Plastics(saveas)_partial_cut.pdf	lopdf-0.45.0	err	0	0	-1	0	failed parsing cross reference table
corrupted/saveas/text/Evolution_Biodegradable_Plastics(saveas)_partial_cut.pdf	pdfrum-0.4.0	err	0	0	-1	0	cannot open document: damaged beyond recovery: no usable cross-reference information
corrupted/saveas/text/Evolution_Biodegradable_Plastics(saveas)_partial_cut.pdf	hayro-syntax-0.8.0	ok	6	-1	-1	1	
corrupted/saveas/text/Evolution_Biodegradable_Plastics(saveas)_remove_fonts.pdf	lopdf-0.45.0	ok	6	9008	-1	19	
corrupted/saveas/text/Evolution_Biodegradable_Plastics(saveas)_remove_fonts.pdf	pdfrum-0.4.0	ok	6	9002	637	44	
corrupted/saveas/text/Evolution_Biodegradable_Plastics(saveas)_remove_fonts.pdf	hayro-syntax-0.8.0	ok	6	-1	-1	0	
corrupted/saveas/text/Evolution_Biodegradable_Plastics(saveas)_remove_unicode_fonts.pdf	lopdf-0.45.0	ok	6	7144	-1	25	
corrupted/saveas/text/Evolution_Biodegradable_Plastics(saveas)_remove_unicode_fonts.pdf	pdfrum-0.4.0	ok	6	8776	1257	68	
corrupted/saveas/text/Evolution_Biodegradable_Plastics(saveas)_remove_unicode_fonts.pdf	hayro-syntax-0.8.0	ok	6	-1	-1	0	
corrupted/saveas/text/Evolution_Biodegradable_Plastics(saveas)_stream_zlib.pdf	lopdf-0.45.0	ok	6	5471	-1	25	
corrupted/saveas/text/Evolution_Biodegradable_Plastics(saveas)_stream_zlib.pdf	pdfrum-0.4.0	ok	6	5216	754	35	
corrupted/saveas/text/Evolution_Biodegradable_Plastics(saveas)_stream_zlib.pdf	hayro-syntax-0.8.0	ok	6	-1	-1	0	
corrupted/saveas/text/Evolution_Biodegradable_Plastics(saveas)_trailer.pdf	lopdf-0.45.0	ok	6	9008	-1	30	
corrupted/saveas/text/Evolution_Biodegradable_Plastics(saveas)_trailer.pdf	pdfrum-0.4.0	ok	6	9008	633	43	
corrupted/saveas/text/Evolution_Biodegradable_Plastics(saveas)_trailer.pdf	hayro-syntax-0.8.0	ok	6	-1	-1	3	
corrupted/saveas/text/Evolution_Biodegradable_Plastics(saveas)_xref.pdf	lopdf-0.45.0	ok	6	9008	-1	29	
corrupted/saveas/text/Evolution_Biodegradable_Plastics(saveas)_xref.pdf	pdfrum-0.4.0	ok	6	9008	633	37	
corrupted/saveas/text/Evolution_Biodegradable_Plastics(saveas)_xref.pdf	hayro-syntax-0.8.0	ok	6	-1	-1	1	
corrupted/saveas/text/Evolution_Food_Culture_Alternative_Foods(saveas)_font_mapping_loss.pdf	lopdf-0.45.0	ok	6	0	-1	16	
corrupted/saveas/text/Evolution_Food_Culture_Alternative_Foods(saveas)_font_mapping_loss.pdf	pdfrum-0.4.0	ok	6	9937	1843	66	
corrupted/saveas/text/Evolution_Food_Culture_Alternative_Foods(saveas)_font_mapping_loss.pdf	hayro-syntax-0.8.0	ok	6	-1	-1	1	
corrupted/saveas/text/Evolution_Food_Culture_Alternative_Foods(saveas)_header.pdf	lopdf-0.45.0	err	0	0	-1	0	couldn't parse input
corrupted/saveas/text/Evolution_Food_Culture_Alternative_Foods(saveas)_header.pdf	pdfrum-0.4.0	err	0	0	-1	0	cannot open document: not a PDF file
corrupted/saveas/text/Evolution_Food_Culture_Alternative_Foods(saveas)_header.pdf	hayro-syntax-0.8.0	ok	6	-1	-1	0	
corrupted/saveas/text/Evolution_Food_Culture_Alternative_Foods(saveas)_object_header.pdf	lopdf-0.45.0	err	0	0	-1	1	couldn't parse input
corrupted/saveas/text/Evolution_Food_Culture_Alternative_Foods(saveas)_object_header.pdf	pdfrum-0.4.0	err	0	0	-1	0	cannot open document: damaged beyond recovery: no document catalog
corrupted/saveas/text/Evolution_Food_Culture_Alternative_Foods(saveas)_object_header.pdf	hayro-syntax-0.8.0	err	0	0	-1	1	Invalid
corrupted/saveas/text/Evolution_Food_Culture_Alternative_Foods(saveas)_page_tree.pdf	lopdf-0.45.0	ok	0	0	-1	5	
corrupted/saveas/text/Evolution_Food_Culture_Alternative_Foods(saveas)_page_tree.pdf	pdfrum-0.4.0	err	0	0	-1	0	cannot open document: damaged beyond recovery: no document catalog
corrupted/saveas/text/Evolution_Food_Culture_Alternative_Foods(saveas)_page_tree.pdf	hayro-syntax-0.8.0	err	0	0	-1	1	Invalid
corrupted/saveas/text/Evolution_Food_Culture_Alternative_Foods(saveas)_partial_cut.pdf	lopdf-0.45.0	err	0	0	-1	0	failed parsing cross reference table
corrupted/saveas/text/Evolution_Food_Culture_Alternative_Foods(saveas)_partial_cut.pdf	pdfrum-0.4.0	err	0	0	-1	0	cannot open document: damaged beyond recovery: no usable cross-reference information
corrupted/saveas/text/Evolution_Food_Culture_Alternative_Foods(saveas)_partial_cut.pdf	hayro-syntax-0.8.0	ok	6	-1	-1	1	
corrupted/saveas/text/Evolution_Food_Culture_Alternative_Foods(saveas)_remove_fonts.pdf	lopdf-0.45.0	ok	6	8287	-1	18	
corrupted/saveas/text/Evolution_Food_Culture_Alternative_Foods(saveas)_remove_fonts.pdf	pdfrum-0.4.0	ok	6	8277	579	44	
corrupted/saveas/text/Evolution_Food_Culture_Alternative_Foods(saveas)_remove_fonts.pdf	hayro-syntax-0.8.0	ok	6	-1	-1	0	
corrupted/saveas/text/Evolution_Food_Culture_Alternative_Foods(saveas)_remove_unicode_fonts.pdf	lopdf-0.45.0	ok	6	6553	-1	17	
corrupted/saveas/text/Evolution_Food_Culture_Alternative_Foods(saveas)_remove_unicode_fonts.pdf	pdfrum-0.4.0	ok	6	8130	1150	42	
corrupted/saveas/text/Evolution_Food_Culture_Alternative_Foods(saveas)_remove_unicode_fonts.pdf	hayro-syntax-0.8.0	ok	6	-1	-1	0	
corrupted/saveas/text/Evolution_Food_Culture_Alternative_Foods(saveas)_stream_zlib.pdf	lopdf-0.45.0	ok	6	8245	-1	17	
corrupted/saveas/text/Evolution_Food_Culture_Alternative_Foods(saveas)_stream_zlib.pdf	pdfrum-0.4.0	ok	6	8287	602	26	
corrupted/saveas/text/Evolution_Food_Culture_Alternative_Foods(saveas)_stream_zlib.pdf	hayro-syntax-0.8.0	ok	6	-1	-1	1	
corrupted/saveas/text/Evolution_Food_Culture_Alternative_Foods(saveas)_trailer.pdf	lopdf-0.45.0	ok	6	8287	-1	17	
corrupted/saveas/text/Evolution_Food_Culture_Alternative_Foods(saveas)_trailer.pdf	pdfrum-0.4.0	ok	6	8287	573	36	
corrupted/saveas/text/Evolution_Food_Culture_Alternative_Foods(saveas)_trailer.pdf	hayro-syntax-0.8.0	ok	6	-1	-1	3	
corrupted/saveas/text/Evolution_Food_Culture_Alternative_Foods(saveas)_xref.pdf	lopdf-0.45.0	ok	6	8287	-1	26	
corrupted/saveas/text/Evolution_Food_Culture_Alternative_Foods(saveas)_xref.pdf	pdfrum-0.4.0	ok	6	8287	573	41	
corrupted/saveas/text/Evolution_Food_Culture_Alternative_Foods(saveas)_xref.pdf	hayro-syntax-0.8.0	ok	6	-1	-1	2	
corrupted/saveas/text/International_Logistics_Fire_Report(saveas)_font_mapping_loss.pdf	lopdf-0.45.0	ok	6	0	-1	22	
corrupted/saveas/text/International_Logistics_Fire_Report(saveas)_font_mapping_loss.pdf	pdfrum-0.4.0	ok	6	6137	1286	86	
corrupted/saveas/text/International_Logistics_Fire_Report(saveas)_font_mapping_loss.pdf	hayro-syntax-0.8.0	ok	6	-1	-1	2	
corrupted/saveas/text/International_Logistics_Fire_Report(saveas)_header.pdf	lopdf-0.45.0	err	0	0	-1	0	couldn't parse input
corrupted/saveas/text/International_Logistics_Fire_Report(saveas)_header.pdf	pdfrum-0.4.0	err	0	0	-1	0	cannot open document: not a PDF file
corrupted/saveas/text/International_Logistics_Fire_Report(saveas)_header.pdf	hayro-syntax-0.8.0	ok	6	-1	-1	0	
corrupted/saveas/text/International_Logistics_Fire_Report(saveas)_object_header.pdf	lopdf-0.45.0	err	0	0	-1	1	couldn't parse input
corrupted/saveas/text/International_Logistics_Fire_Report(saveas)_object_header.pdf	pdfrum-0.4.0	err	0	0	-1	1	cannot open document: damaged beyond recovery: no document catalog
corrupted/saveas/text/International_Logistics_Fire_Report(saveas)_object_header.pdf	hayro-syntax-0.8.0	err	0	0	-1	2	Invalid
corrupted/saveas/text/International_Logistics_Fire_Report(saveas)_page_tree.pdf	lopdf-0.45.0	ok	0	0	-1	6	
corrupted/saveas/text/International_Logistics_Fire_Report(saveas)_page_tree.pdf	pdfrum-0.4.0	err	0	0	-1	1	cannot open document: damaged beyond recovery: no document catalog
corrupted/saveas/text/International_Logistics_Fire_Report(saveas)_page_tree.pdf	hayro-syntax-0.8.0	err	0	0	-1	2	Invalid
corrupted/saveas/text/International_Logistics_Fire_Report(saveas)_partial_cut.pdf	lopdf-0.45.0	err	0	0	-1	0	failed parsing cross reference table
corrupted/saveas/text/International_Logistics_Fire_Report(saveas)_partial_cut.pdf	pdfrum-0.4.0	err	0	0	-1	1	cannot open document: damaged beyond recovery: no usable cross-reference information
corrupted/saveas/text/International_Logistics_Fire_Report(saveas)_partial_cut.pdf	hayro-syntax-0.8.0	ok	6	-1	-1	2	
corrupted/saveas/text/International_Logistics_Fire_Report(saveas)_remove_fonts.pdf	lopdf-0.45.0	ok	6	5141	-1	19	
corrupted/saveas/text/International_Logistics_Fire_Report(saveas)_remove_fonts.pdf	pdfrum-0.4.0	ok	6	5125	519	39	
corrupted/saveas/text/International_Logistics_Fire_Report(saveas)_remove_fonts.pdf	hayro-syntax-0.8.0	ok	6	-1	-1	0	
corrupted/saveas/text/International_Logistics_Fire_Report(saveas)_remove_unicode_fonts.pdf	lopdf-0.45.0	ok	6	4290	-1	15	
corrupted/saveas/text/International_Logistics_Fire_Report(saveas)_remove_unicode_fonts.pdf	pdfrum-0.4.0	ok	6	5006	884	40	
corrupted/saveas/text/International_Logistics_Fire_Report(saveas)_remove_unicode_fonts.pdf	hayro-syntax-0.8.0	ok	6	-1	-1	0	
corrupted/saveas/text/International_Logistics_Fire_Report(saveas)_stream_zlib.pdf	lopdf-0.45.0	ok	6	4207	-1	14	
corrupted/saveas/text/International_Logistics_Fire_Report(saveas)_stream_zlib.pdf	pdfrum-0.4.0	ok	6	4268	490	25	
corrupted/saveas/text/International_Logistics_Fire_Report(saveas)_stream_zlib.pdf	hayro-syntax-0.8.0	ok	6	-1	-1	0	
corrupted/saveas/text/International_Logistics_Fire_Report(saveas)_trailer.pdf	lopdf-0.45.0	ok	6	5141	-1	17	
corrupted/saveas/text/International_Logistics_Fire_Report(saveas)_trailer.pdf	pdfrum-0.4.0	ok	6	5141	511	28	
corrupted/saveas/text/International_Logistics_Fire_Report(saveas)_trailer.pdf	hayro-syntax-0.8.0	ok	6	-1	-1	2	
corrupted/saveas/text/International_Logistics_Fire_Report(saveas)_xref.pdf	lopdf-0.45.0	ok	6	5141	-1	17	
corrupted/saveas/text/International_Logistics_Fire_Report(saveas)_xref.pdf	pdfrum-0.4.0	ok	6	5141	511	24	
corrupted/saveas/text/International_Logistics_Fire_Report(saveas)_xref.pdf	hayro-syntax-0.8.0	ok	6	-1	-1	1	
corrupted/saveas/text/Lumina_Interior_Lighting_Designbook(saveas)_font_mapping_loss.pdf	lopdf-0.45.0	ok	6	0	-1	14	
corrupted/saveas/text/Lumina_Interior_Lighting_Designbook(saveas)_font_mapping_loss.pdf	pdfrum-0.4.0	ok	6	6060	1195	68	
corrupted/saveas/text/Lumina_Interior_Lighting_Designbook(saveas)_font_mapping_loss.pdf	hayro-syntax-0.8.0	ok	6	-1	-1	3	
corrupted/saveas/text/Lumina_Interior_Lighting_Designbook(saveas)_header.pdf	lopdf-0.45.0	err	0	0	-1	0	couldn't parse input
corrupted/saveas/text/Lumina_Interior_Lighting_Designbook(saveas)_header.pdf	pdfrum-0.4.0	err	0	0	-1	0	cannot open document: not a PDF file
corrupted/saveas/text/Lumina_Interior_Lighting_Designbook(saveas)_header.pdf	hayro-syntax-0.8.0	ok	6	-1	-1	0	
corrupted/saveas/text/Lumina_Interior_Lighting_Designbook(saveas)_object_header.pdf	lopdf-0.45.0	err	0	0	-1	1	couldn't parse input
corrupted/saveas/text/Lumina_Interior_Lighting_Designbook(saveas)_object_header.pdf	pdfrum-0.4.0	err	0	0	-1	1	cannot open document: damaged beyond recovery: no document catalog
corrupted/saveas/text/Lumina_Interior_Lighting_Designbook(saveas)_object_header.pdf	hayro-syntax-0.8.0	err	0	0	-1	3	Invalid
corrupted/saveas/text/Lumina_Interior_Lighting_Designbook(saveas)_page_tree.pdf	lopdf-0.45.0	ok	0	0	-1	6	
corrupted/saveas/text/Lumina_Interior_Lighting_Designbook(saveas)_page_tree.pdf	pdfrum-0.4.0	err	0	0	-1	1	cannot open document: damaged beyond recovery: no document catalog
corrupted/saveas/text/Lumina_Interior_Lighting_Designbook(saveas)_page_tree.pdf	hayro-syntax-0.8.0	err	0	0	-1	3	Invalid
corrupted/saveas/text/Lumina_Interior_Lighting_Designbook(saveas)_partial_cut.pdf	lopdf-0.45.0	err	0	0	-1	1	failed parsing cross reference table
corrupted/saveas/text/Lumina_Interior_Lighting_Designbook(saveas)_partial_cut.pdf	pdfrum-0.4.0	err	0	0	-1	1	cannot open document: damaged beyond recovery: no usable cross-reference information
corrupted/saveas/text/Lumina_Interior_Lighting_Designbook(saveas)_partial_cut.pdf	hayro-syntax-0.8.0	ok	6	-1	-1	3	
corrupted/saveas/text/Lumina_Interior_Lighting_Designbook(saveas)_remove_fonts.pdf	lopdf-0.45.0	ok	6	5097	-1	24	
corrupted/saveas/text/Lumina_Interior_Lighting_Designbook(saveas)_remove_fonts.pdf	pdfrum-0.4.0	ok	6	5065	446	63	
corrupted/saveas/text/Lumina_Interior_Lighting_Designbook(saveas)_remove_fonts.pdf	hayro-syntax-0.8.0	ok	6	-1	-1	0	
corrupted/saveas/text/Lumina_Interior_Lighting_Designbook(saveas)_remove_unicode_fonts.pdf	lopdf-0.45.0	ok	6	4073	-1	21	
corrupted/saveas/text/Lumina_Interior_Lighting_Designbook(saveas)_remove_unicode_fonts.pdf	pdfrum-0.4.0	ok	6	4915	928	61	
corrupted/saveas/text/Lumina_Interior_Lighting_Designbook(saveas)_remove_unicode_fonts.pdf	hayro-syntax-0.8.0	ok	6	-1	-1	0	
corrupted/saveas/text/Lumina_Interior_Lighting_Designbook(saveas)_stream_zlib.pdf	lopdf-0.45.0	ok	6	-1	-1	14	
corrupted/saveas/text/Lumina_Interior_Lighting_Designbook(saveas)_stream_zlib.pdf	pdfrum-0.4.0	ok	6	4434	395	29	
corrupted/saveas/text/Lumina_Interior_Lighting_Designbook(saveas)_stream_zlib.pdf	hayro-syntax-0.8.0	ok	6	-1	-1	0	
corrupted/saveas/text/Lumina_Interior_Lighting_Designbook(saveas)_trailer.pdf	lopdf-0.45.0	ok	6	5097	-1	24	
corrupted/saveas/text/Lumina_Interior_Lighting_Designbook(saveas)_trailer.pdf	pdfrum-0.4.0	ok	6	5097	418	37	
corrupted/saveas/text/Lumina_Interior_Lighting_Designbook(saveas)_trailer.pdf	hayro-syntax-0.8.0	ok	6	-1	-1	2	
corrupted/saveas/text/Lumina_Interior_Lighting_Designbook(saveas)_xref.pdf	lopdf-0.45.0	ok	6	5097	-1	15	
corrupted/saveas/text/Lumina_Interior_Lighting_Designbook(saveas)_xref.pdf	pdfrum-0.4.0	ok	6	5097	418	29	
corrupted/saveas/text/Lumina_Interior_Lighting_Designbook(saveas)_xref.pdf	hayro-syntax-0.8.0	ok	6	-1	-1	2	
corrupted/saveas/text/NeoHome_Smart_Appliances_Catalog_v5(saveas)_font_mapping_loss.pdf	lopdf-0.45.0	ok	6	0	-1	16	
corrupted/saveas/text/NeoHome_Smart_Appliances_Catalog_v5(saveas)_font_mapping_loss.pdf	pdfrum-0.4.0	ok	6	8218	1426	67	
corrupted/saveas/text/NeoHome_Smart_Appliances_Catalog_v5(saveas)_font_mapping_loss.pdf	hayro-syntax-0.8.0	ok	6	-1	-1	1	
corrupted/saveas/text/NeoHome_Smart_Appliances_Catalog_v5(saveas)_header.pdf	lopdf-0.45.0	err	0	0	-1	0	couldn't parse input
corrupted/saveas/text/NeoHome_Smart_Appliances_Catalog_v5(saveas)_header.pdf	pdfrum-0.4.0	err	0	0	-1	0	cannot open document: not a PDF file
corrupted/saveas/text/NeoHome_Smart_Appliances_Catalog_v5(saveas)_header.pdf	hayro-syntax-0.8.0	ok	6	-1	-1	0	
corrupted/saveas/text/NeoHome_Smart_Appliances_Catalog_v5(saveas)_object_header.pdf	lopdf-0.45.0	err	0	0	-1	1	couldn't parse input
corrupted/saveas/text/NeoHome_Smart_Appliances_Catalog_v5(saveas)_object_header.pdf	pdfrum-0.4.0	err	0	0	-1	1	cannot open document: damaged beyond recovery: no document catalog
corrupted/saveas/text/NeoHome_Smart_Appliances_Catalog_v5(saveas)_object_header.pdf	hayro-syntax-0.8.0	err	0	0	-1	2	Invalid
corrupted/saveas/text/NeoHome_Smart_Appliances_Catalog_v5(saveas)_page_tree.pdf	lopdf-0.45.0	ok	0	0	-1	6	
corrupted/saveas/text/NeoHome_Smart_Appliances_Catalog_v5(saveas)_page_tree.pdf	pdfrum-0.4.0	err	0	0	-1	1	cannot open document: damaged beyond recovery: no document catalog
corrupted/saveas/text/NeoHome_Smart_Appliances_Catalog_v5(saveas)_page_tree.pdf	hayro-syntax-0.8.0	err	0	0	-1	1	Invalid
corrupted/saveas/text/NeoHome_Smart_Appliances_Catalog_v5(saveas)_partial_cut.pdf	lopdf-0.45.0	err	0	0	-1	0	failed parsing cross reference table
corrupted/saveas/text/NeoHome_Smart_Appliances_Catalog_v5(saveas)_partial_cut.pdf	pdfrum-0.4.0	err	0	0	-1	0	cannot open document: damaged beyond recovery: no usable cross-reference information
corrupted/saveas/text/NeoHome_Smart_Appliances_Catalog_v5(saveas)_partial_cut.pdf	hayro-syntax-0.8.0	ok	6	-1	-1	1	
corrupted/saveas/text/NeoHome_Smart_Appliances_Catalog_v5(saveas)_remove_fonts.pdf	lopdf-0.45.0	ok	6	6638	-1	20	
corrupted/saveas/text/NeoHome_Smart_Appliances_Catalog_v5(saveas)_remove_fonts.pdf	pdfrum-0.4.0	ok	6	6629	536	44	
corrupted/saveas/text/NeoHome_Smart_Appliances_Catalog_v5(saveas)_remove_fonts.pdf	hayro-syntax-0.8.0	ok	6	-1	-1	0	
corrupted/saveas/text/NeoHome_Smart_Appliances_Catalog_v5(saveas)_remove_unicode_fonts.pdf	lopdf-0.45.0	ok	6	5708	-1	19	
corrupted/saveas/text/NeoHome_Smart_Appliances_Catalog_v5(saveas)_remove_unicode_fonts.pdf	pdfrum-0.4.0	ok	6	6533	1095	41	
corrupted/saveas/text/NeoHome_Smart_Appliances_Catalog_v5(saveas)_remove_unicode_fonts.pdf	hayro-syntax-0.8.0	ok	6	-1	-1	0	
corrupted/saveas/text/NeoHome_Smart_Appliances_Catalog_v5(saveas)_stream_zlib.pdf	lopdf-0.45.0	ok	6	5589	-1	17	
corrupted/saveas/text/NeoHome_Smart_Appliances_Catalog_v5(saveas)_stream_zlib.pdf	pdfrum-0.4.0	ok	6	6108	1038	43	
corrupted/saveas/text/NeoHome_Smart_Appliances_Catalog_v5(saveas)_stream_zlib.pdf	hayro-syntax-0.8.0	ok	6	-1	-1	0	
corrupted/saveas/text/NeoHome_Smart_Appliances_Catalog_v5(saveas)_trailer.pdf	lopdf-0.45.0	ok	6	6638	-1	27	
corrupted/saveas/text/NeoHome_Smart_Appliances_Catalog_v5(saveas)_trailer.pdf	pdfrum-0.4.0	ok	6	6638	529	41	
corrupted/saveas/text/NeoHome_Smart_Appliances_Catalog_v5(saveas)_trailer.pdf	hayro-syntax-0.8.0	ok	6	-1	-1	3	
corrupted/saveas/text/NeoHome_Smart_Appliances_Catalog_v5(saveas)_xref.pdf	lopdf-0.45.0	ok	6	6638	-1	27	
corrupted/saveas/text/NeoHome_Smart_Appliances_Catalog_v5(saveas)_xref.pdf	pdfrum-0.4.0	ok	6	6638	529	41	
corrupted/saveas/text/NeoHome_Smart_Appliances_Catalog_v5(saveas)_xref.pdf	hayro-syntax-0.8.0	ok	6	-1	-1	2	
corrupted/saveas/text/New_Care_Models_Aging_Society(saveas)_font_mapping_loss.pdf	lopdf-0.45.0	ok	6	0	-1	27	
corrupted/saveas/text/New_Care_Models_Aging_Society(saveas)_font_mapping_loss.pdf	pdfrum-0.4.0	ok	6	10539	1599	115	
corrupted/saveas/text/New_Care_Models_Aging_Society(saveas)_font_mapping_loss.pdf	hayro-syntax-0.8.0	ok	6	-1	-1	2	
corrupted/saveas/text/New_Care_Models_Aging_Society(saveas)_header.pdf	lopdf-0.45.0	err	0	0	-1	0	couldn't parse input
corrupted/saveas/text/New_Care_Models_Aging_Society(saveas)_header.pdf	pdfrum-0.4.0	err	0	0	-1	0	cannot open document: not a PDF file
corrupted/saveas/text/New_Care_Models_Aging_Society(saveas)_header.pdf	hayro-syntax-0.8.0	ok	6	-1	-1	0	
corrupted/saveas/text/New_Care_Models_Aging_Society(saveas)_object_header.pdf	lopdf-0.45.0	err	0	0	-1	1	couldn't parse input
corrupted/saveas/text/New_Care_Models_Aging_Society(saveas)_object_header.pdf	pdfrum-0.4.0	err	0	0	-1	1	cannot open document: damaged beyond recovery: no document catalog
corrupted/saveas/text/New_Care_Models_Aging_Society(saveas)_object_header.pdf	hayro-syntax-0.8.0	err	0	0	-1	2	Invalid
corrupted/saveas/text/New_Care_Models_Aging_Society(saveas)_page_tree.pdf	lopdf-0.45.0	ok	0	0	-1	6	
corrupted/saveas/text/New_Care_Models_Aging_Society(saveas)_page_tree.pdf	pdfrum-0.4.0	err	0	0	-1	1	cannot open document: damaged beyond recovery: no document catalog
corrupted/saveas/text/New_Care_Models_Aging_Society(saveas)_page_tree.pdf	hayro-syntax-0.8.0	err	0	0	-1	2	Invalid
corrupted/saveas/text/New_Care_Models_Aging_Society(saveas)_partial_cut.pdf	lopdf-0.45.0	err	0	0	-1	0	failed parsing cross reference table
corrupted/saveas/text/New_Care_Models_Aging_Society(saveas)_partial_cut.pdf	pdfrum-0.4.0	err	0	0	-1	0	cannot open document: damaged beyond recovery: no usable cross-reference information
corrupted/saveas/text/New_Care_Models_Aging_Society(saveas)_partial_cut.pdf	hayro-syntax-0.8.0	ok	6	-1	-1	2	
corrupted/saveas/text/New_Care_Models_Aging_Society(saveas)_remove_fonts.pdf	lopdf-0.45.0	ok	6	8729	-1	30	
corrupted/saveas/text/New_Care_Models_Aging_Society(saveas)_remove_fonts.pdf	pdfrum-0.4.0	ok	6	8714	633	62	
corrupted/saveas/text/New_Care_Models_Aging_Society(saveas)_remove_fonts.pdf	hayro-syntax-0.8.0	ok	6	-1	-1	0	
corrupted/saveas/text/New_Care_Models_Aging_Society(saveas)_remove_unicode_fonts.pdf	lopdf-0.45.0	ok	6	7406	-1	22	
corrupted/saveas/text/New_Care_Models_Aging_Society(saveas)_remove_unicode_fonts.pdf	pdfrum-0.4.0	ok	6	8635	1273	36	
corrupted/saveas/text/New_Care_Models_Aging_Society(saveas)_remove_unicode_fonts.pdf	hayro-syntax-0.8.0	ok	6	-1	-1	0	
corrupted/saveas/text/New_Care_Models_Aging_Society(saveas)_stream_zlib.pdf	lopdf-0.45.0	ok	6	3964	-1	20	
corrupted/saveas/text/New_Care_Models_Aging_Society(saveas)_stream_zlib.pdf	pdfrum-0.4.0	ok	6	4161	606	30	
corrupted/saveas/text/New_Care_Models_Aging_Society(saveas)_stream_zlib.pdf	hayro-syntax-0.8.0	ok	6	-1	-1	0	
corrupted/saveas/text/New_Care_Models_Aging_Society(saveas)_trailer.pdf	lopdf-0.45.0	ok	6	8729	-1	28	
corrupted/saveas/text/New_Care_Models_Aging_Society(saveas)_trailer.pdf	pdfrum-0.4.0	ok	6	8729	621	39	
corrupted/saveas/text/New_Care_Models_Aging_Society(saveas)_trailer.pdf	hayro-syntax-0.8.0	ok	6	-1	-1	2	
corrupted/saveas/text/New_Care_Models_Aging_Society(saveas)_xref.pdf	lopdf-0.45.0	ok	6	8729	-1	29	
corrupted/saveas/text/New_Care_Models_Aging_Society(saveas)_xref.pdf	pdfrum-0.4.0	ok	6	8729	621	30	
corrupted/saveas/text/New_Care_Models_Aging_Society(saveas)_xref.pdf	hayro-syntax-0.8.0	ok	6	-1	-1	1	
corrupted/saveas/text/Next_Decade_Space_Exploration(saveas)_font_mapping_loss.pdf	lopdf-0.45.0	ok	6	0	-1	15	
corrupted/saveas/text/Next_Decade_Space_Exploration(saveas)_font_mapping_loss.pdf	pdfrum-0.4.0	ok	6	9519	2243	63	
corrupted/saveas/text/Next_Decade_Space_Exploration(saveas)_font_mapping_loss.pdf	hayro-syntax-0.8.0	ok	6	-1	-1	1	
corrupted/saveas/text/Next_Decade_Space_Exploration(saveas)_header.pdf	lopdf-0.45.0	err	0	0	-1	0	couldn't parse input
corrupted/saveas/text/Next_Decade_Space_Exploration(saveas)_header.pdf	pdfrum-0.4.0	err	0	0	-1	0	cannot open document: not a PDF file
corrupted/saveas/text/Next_Decade_Space_Exploration(saveas)_header.pdf	hayro-syntax-0.8.0	ok	6	-1	-1	0	
corrupted/saveas/text/Next_Decade_Space_Exploration(saveas)_object_header.pdf	lopdf-0.45.0	err	0	0	-1	1	couldn't parse input
corrupted/saveas/text/Next_Decade_Space_Exploration(saveas)_object_header.pdf	pdfrum-0.4.0	err	0	0	-1	0	cannot open document: damaged beyond recovery: no document catalog
corrupted/saveas/text/Next_Decade_Space_Exploration(saveas)_object_header.pdf	hayro-syntax-0.8.0	err	0	0	-1	1	Invalid
corrupted/saveas/text/Next_Decade_Space_Exploration(saveas)_page_tree.pdf	lopdf-0.45.0	ok	0	0	-1	4	
corrupted/saveas/text/Next_Decade_Space_Exploration(saveas)_page_tree.pdf	pdfrum-0.4.0	err	0	0	-1	0	cannot open document: damaged beyond recovery: no document catalog
corrupted/saveas/text/Next_Decade_Space_Exploration(saveas)_page_tree.pdf	hayro-syntax-0.8.0	err	0	0	-1	1	Invalid
corrupted/saveas/text/Next_Decade_Space_Exploration(saveas)_partial_cut.pdf	lopdf-0.45.0	err	0	0	-1	0	failed parsing cross reference table
corrupted/saveas/text/Next_Decade_Space_Exploration(saveas)_partial_cut.pdf	pdfrum-0.4.0	err	0	0	-1	0	cannot open document: damaged beyond recovery: no usable cross-reference information
corrupted/saveas/text/Next_Decade_Space_Exploration(saveas)_partial_cut.pdf	hayro-syntax-0.8.0	ok	6	-1	-1	1	
corrupted/saveas/text/Next_Decade_Space_Exploration(saveas)_remove_fonts.pdf	lopdf-0.45.0	ok	6	7763	-1	16	
corrupted/saveas/text/Next_Decade_Space_Exploration(saveas)_remove_fonts.pdf	pdfrum-0.4.0	ok	6	7742	532	66	
corrupted/saveas/text/Next_Decade_Space_Exploration(saveas)_remove_fonts.pdf	hayro-syntax-0.8.0	ok	6	-1	-1	0	
corrupted/saveas/text/Next_Decade_Space_Exploration(saveas)_remove_unicode_fonts.pdf	lopdf-0.45.0	ok	6	6309	-1	23	
corrupted/saveas/text/Next_Decade_Space_Exploration(saveas)_remove_unicode_fonts.pdf	pdfrum-0.4.0	ok	6	7642	1087	56	
corrupted/saveas/text/Next_Decade_Space_Exploration(saveas)_remove_unicode_fonts.pdf	hayro-syntax-0.8.0	ok	6	-1	-1	0	
corrupted/saveas/text/Next_Decade_Space_Exploration(saveas)_stream_zlib.pdf	lopdf-0.45.0	ok	6	4424	-1	12	
corrupted/saveas/text/Next_Decade_Space_Exploration(saveas)_stream_zlib.pdf	pdfrum-0.4.0	ok	6	5508	1152	28	
corrupted/saveas/text/Next_Decade_Space_Exploration(saveas)_stream_zlib.pdf	hayro-syntax-0.8.0	ok	6	-1	-1	2	
corrupted/saveas/text/Next_Decade_Space_Exploration(saveas)_trailer.pdf	lopdf-0.45.0	ok	6	7763	-1	25	
corrupted/saveas/text/Next_Decade_Space_Exploration(saveas)_trailer.pdf	pdfrum-0.4.0	ok	6	7763	515	38	
corrupted/saveas/text/Next_Decade_Space_Exploration(saveas)_trailer.pdf	hayro-syntax-0.8.0	ok	6	-1	-1	3	
corrupted/saveas/text/Next_Decade_Space_Exploration(saveas)_xref.pdf	lopdf-0.45.0	ok	6	7763	-1	19	
corrupted/saveas/text/Next_Decade_Space_Exploration(saveas)_xref.pdf	pdfrum-0.4.0	ok	6	7763	515	31	
corrupted/saveas/text/Next_Decade_Space_Exploration(saveas)_xref.pdf	hayro-syntax-0.8.0	ok	6	-1	-1	2	
corrupted/saveas/text/OceanQuest_Modular_Water_Leisure_Equipment_Guide(saveas)_font_mapping_loss.pdf	lopdf-0.45.0	ok	6	0	-1	24	
corrupted/saveas/text/OceanQuest_Modular_Water_Leisure_Equipment_Guide(saveas)_font_mapping_loss.pdf	pdfrum-0.4.0	ok	6	12067	1621	98	
corrupted/saveas/text/OceanQuest_Modular_Water_Leisure_Equipment_Guide(saveas)_font_mapping_loss.pdf	hayro-syntax-0.8.0	ok	6	-1	-1	1	
corrupted/saveas/text/OceanQuest_Modular_Water_Leisure_Equipment_Guide(saveas)_header.pdf	lopdf-0.45.0	err	0	0	-1	0	couldn't parse input
corrupted/saveas/text/OceanQuest_Modular_Water_Leisure_Equipment_Guide(saveas)_header.pdf	pdfrum-0.4.0	err	0	0	-1	0	cannot open document: not a PDF file
corrupted/saveas/text/OceanQuest_Modular_Water_Leisure_Equipment_Guide(saveas)_header.pdf	hayro-syntax-0.8.0	ok	6	-1	-1	0	
corrupted/saveas/text/OceanQuest_Modular_Water_Leisure_Equipment_Guide(saveas)_object_header.pdf	lopdf-0.45.0	err	0	0	-1	1	couldn't parse input
corrupted/saveas/text/OceanQuest_Modular_Water_Leisure_Equipment_Guide(saveas)_object_header.pdf	pdfrum-0.4.0	err	0	0	-1	1	cannot open document: damaged beyond recovery: no document catalog
corrupted/saveas/text/OceanQuest_Modular_Water_Leisure_Equipment_Guide(saveas)_object_header.pdf	hayro-syntax-0.8.0	err	0	0	-1	1	Invalid
corrupted/saveas/text/OceanQuest_Modular_Water_Leisure_Equipment_Guide(saveas)_page_tree.pdf	lopdf-0.45.0	ok	0	0	-1	5	
corrupted/saveas/text/OceanQuest_Modular_Water_Leisure_Equipment_Guide(saveas)_page_tree.pdf	pdfrum-0.4.0	err	0	0	-1	0	cannot open document: damaged beyond recovery: no document catalog
corrupted/saveas/text/OceanQuest_Modular_Water_Leisure_Equipment_Guide(saveas)_page_tree.pdf	hayro-syntax-0.8.0	err	0	0	-1	1	Invalid
corrupted/saveas/text/OceanQuest_Modular_Water_Leisure_Equipment_Guide(saveas)_partial_cut.pdf	lopdf-0.45.0	err	0	0	-1	0	failed parsing cross reference table
corrupted/saveas/text/OceanQuest_Modular_Water_Leisure_Equipment_Guide(saveas)_partial_cut.pdf	pdfrum-0.4.0	err	0	0	-1	0	cannot open document: damaged beyond recovery: no usable cross-reference information
corrupted/saveas/text/OceanQuest_Modular_Water_Leisure_Equipment_Guide(saveas)_partial_cut.pdf	hayro-syntax-0.8.0	ok	6	-1	-1	1	
corrupted/saveas/text/OceanQuest_Modular_Water_Leisure_Equipment_Guide(saveas)_remove_fonts.pdf	lopdf-0.45.0	ok	6	9506	-1	25	
corrupted/saveas/text/OceanQuest_Modular_Water_Leisure_Equipment_Guide(saveas)_remove_fonts.pdf	pdfrum-0.4.0	ok	6	9411	684	44	
corrupted/saveas/text/OceanQuest_Modular_Water_Leisure_Equipment_Guide(saveas)_remove_fonts.pdf	hayro-syntax-0.8.0	ok	6	-1	-1	0	
corrupted/saveas/text/OceanQuest_Modular_Water_Leisure_Equipment_Guide(saveas)_remove_unicode_fonts.pdf	lopdf-0.45.0	ok	6	7659	-1	19	
corrupted/saveas/text/OceanQuest_Modular_Water_Leisure_Equipment_Guide(saveas)_remove_unicode_fonts.pdf	pdfrum-0.4.0	ok	6	9193	1490	46	
corrupted/saveas/text/OceanQuest_Modular_Water_Leisure_Equipment_Guide(saveas)_remove_unicode_fonts.pdf	hayro-syntax-0.8.0	ok	6	-1	-1	0	
corrupted/saveas/text/OceanQuest_Modular_Water_Leisure_Equipment_Guide(saveas)_stream_zlib.pdf	lopdf-0.45.0	ok	6	4539	-1	14	
corrupted/saveas/text/OceanQuest_Modular_Water_Leisure_Equipment_Guide(saveas)_stream_zlib.pdf	pdfrum-0.4.0	ok	6	5284	508	17	
corrupted/saveas/text/OceanQuest_Modular_Water_Leisure_Equipment_Guide(saveas)_stream_zlib.pdf	hayro-syntax-0.8.0	ok	6	-1	-1	1	
corrupted/saveas/text/OceanQuest_Modular_Water_Leisure_Equipment_Guide(saveas)_trailer.pdf	lopdf-0.45.0	ok	6	9506	-1	21	
corrupted/saveas/text/OceanQuest_Modular_Water_Leisure_Equipment_Guide(saveas)_trailer.pdf	pdfrum-0.4.0	ok	6	9506	597	34	
corrupted/saveas/text/OceanQuest_Modular_Water_Leisure_Equipment_Guide(saveas)_trailer.pdf	hayro-syntax-0.8.0	ok	6	-1	-1	2	
corrupted/saveas/text/OceanQuest_Modular_Water_Leisure_Equipment_Guide(saveas)_xref.pdf	lopdf-0.45.0	ok	6	9506	-1	21	
corrupted/saveas/text/OceanQuest_Modular_Water_Leisure_Equipment_Guide(saveas)_xref.pdf	pdfrum-0.4.0	ok	6	9506	597	32	
corrupted/saveas/text/OceanQuest_Modular_Water_Leisure_Equipment_Guide(saveas)_xref.pdf	hayro-syntax-0.8.0	ok	6	-1	-1	2	
corrupted/saveas/text/PetPal_Smart_PetCare_Products(saveas)_font_mapping_loss.pdf	lopdf-0.45.0	ok	6	0	-1	19	
corrupted/saveas/text/PetPal_Smart_PetCare_Products(saveas)_font_mapping_loss.pdf	pdfrum-0.4.0	ok	6	6230	1487	59	
corrupted/saveas/text/PetPal_Smart_PetCare_Products(saveas)_font_mapping_loss.pdf	hayro-syntax-0.8.0	ok	6	-1	-1	2	
corrupted/saveas/text/PetPal_Smart_PetCare_Products(saveas)_header.pdf	lopdf-0.45.0	err	0	0	-1	0	couldn't parse input
corrupted/saveas/text/PetPal_Smart_PetCare_Products(saveas)_header.pdf	pdfrum-0.4.0	err	0	0	-1	0	cannot open document: not a PDF file
corrupted/saveas/text/PetPal_Smart_PetCare_Products(saveas)_header.pdf	hayro-syntax-0.8.0	ok	6	-1	-1	0	
corrupted/saveas/text/PetPal_Smart_PetCare_Products(saveas)_object_header.pdf	lopdf-0.45.0	err	0	0	-1	1	couldn't parse input
corrupted/saveas/text/PetPal_Smart_PetCare_Products(saveas)_object_header.pdf	pdfrum-0.4.0	err	0	0	-1	0	cannot open document: damaged beyond recovery: no document catalog
corrupted/saveas/text/PetPal_Smart_PetCare_Products(saveas)_object_header.pdf	hayro-syntax-0.8.0	err	0	0	-1	2	Invalid
corrupted/saveas/text/PetPal_Smart_PetCare_Products(saveas)_page_tree.pdf	lopdf-0.45.0	ok	0	0	-1	4	
corrupted/saveas/text/PetPal_Smart_PetCare_Products(saveas)_page_tree.pdf	pdfrum-0.4.0	err	0	0	-1	1	cannot open document: damaged beyond recovery: no document catalog
corrupted/saveas/text/PetPal_Smart_PetCare_Products(saveas)_page_tree.pdf	hayro-syntax-0.8.0	err	0	0	-1	2	Invalid
corrupted/saveas/text/PetPal_Smart_PetCare_Products(saveas)_partial_cut.pdf	lopdf-0.45.0	err	0	0	-1	0	failed parsing cross reference table
corrupted/saveas/text/PetPal_Smart_PetCare_Products(saveas)_partial_cut.pdf	pdfrum-0.4.0	err	0	0	-1	0	cannot open document: damaged beyond recovery: no usable cross-reference information
corrupted/saveas/text/PetPal_Smart_PetCare_Products(saveas)_partial_cut.pdf	hayro-syntax-0.8.0	ok	6	-1	-1	1	
corrupted/saveas/text/PetPal_Smart_PetCare_Products(saveas)_remove_fonts.pdf	lopdf-0.45.0	ok	6	5249	-1	16	
corrupted/saveas/text/PetPal_Smart_PetCare_Products(saveas)_remove_fonts.pdf	pdfrum-0.4.0	ok	6	5232	432	46	
corrupted/saveas/text/PetPal_Smart_PetCare_Products(saveas)_remove_fonts.pdf	hayro-syntax-0.8.0	ok	6	-1	-1	0	
corrupted/saveas/text/PetPal_Smart_PetCare_Products(saveas)_remove_unicode_fonts.pdf	lopdf-0.45.0	ok	6	4229	-1	15	
corrupted/saveas/text/PetPal_Smart_PetCare_Products(saveas)_remove_unicode_fonts.pdf	pdfrum-0.4.0	ok	6	5195	896	47	
corrupted/saveas/text/PetPal_Smart_PetCare_Products(saveas)_remove_unicode_fonts.pdf	hayro-syntax-0.8.0	ok	6	-1	-1	0	
corrupted/saveas/text/PetPal_Smart_PetCare_Products(saveas)_stream_zlib.pdf	lopdf-0.45.0	ok	6	-1	-1	19	
corrupted/saveas/text/PetPal_Smart_PetCare_Products(saveas)_stream_zlib.pdf	pdfrum-0.4.0	ok	6	4954	614	28	
corrupted/saveas/text/PetPal_Smart_PetCare_Products(saveas)_stream_zlib.pdf	hayro-syntax-0.8.0	ok	6	-1	-1	2	
corrupted/saveas/text/PetPal_Smart_PetCare_Products(saveas)_trailer.pdf	lopdf-0.45.0	ok	6	5249	-1	22	
corrupted/saveas/text/PetPal_Smart_PetCare_Products(saveas)_trailer.pdf	pdfrum-0.4.0	ok	6	5249	425	41	
corrupted/saveas/text/PetPal_Smart_PetCare_Products(saveas)_trailer.pdf	hayro-syntax-0.8.0	ok	6	-1	-1	3	
corrupted/saveas/text/PetPal_Smart_PetCare_Products(saveas)_xref.pdf	lopdf-0.45.0	ok	6	5249	-1	22	
corrupted/saveas/text/PetPal_Smart_PetCare_Products(saveas)_xref.pdf	pdfrum-0.4.0	ok	6	5249	425	38	
corrupted/saveas/text/PetPal_Smart_PetCare_Products(saveas)_xref.pdf	hayro-syntax-0.8.0	ok	6	-1	-1	2	
corrupted/saveas/text/Quantum_Computing_Race(saveas)_font_mapping_loss.pdf	lopdf-0.45.0	ok	6	0	-1	25	
corrupted/saveas/text/Quantum_Computing_Race(saveas)_font_mapping_loss.pdf	pdfrum-0.4.0	ok	6	10969	2258	107	
corrupted/saveas/text/Quantum_Computing_Race(saveas)_font_mapping_loss.pdf	hayro-syntax-0.8.0	ok	6	-1	-1	2	
corrupted/saveas/text/Quantum_Computing_Race(saveas)_header.pdf	lopdf-0.45.0	err	0	0	-1	0	couldn't parse input
corrupted/saveas/text/Quantum_Computing_Race(saveas)_header.pdf	pdfrum-0.4.0	err	0	0	-1	0	cannot open document: not a PDF file
corrupted/saveas/text/Quantum_Computing_Race(saveas)_header.pdf	hayro-syntax-0.8.0	ok	6	-1	-1	0	
corrupted/saveas/text/Quantum_Computing_Race(saveas)_object_header.pdf	lopdf-0.45.0	err	0	0	-1	1	couldn't parse input
corrupted/saveas/text/Quantum_Computing_Race(saveas)_object_header.pdf	pdfrum-0.4.0	err	0	0	-1	1	cannot open document: damaged beyond recovery: no document catalog
corrupted/saveas/text/Quantum_Computing_Race(saveas)_object_header.pdf	hayro-syntax-0.8.0	err	0	0	-1	2	Invalid
corrupted/saveas/text/Quantum_Computing_Race(saveas)_page_tree.pdf	lopdf-0.45.0	ok	0	0	-1	5	
corrupted/saveas/text/Quantum_Computing_Race(saveas)_page_tree.pdf	pdfrum-0.4.0	err	0	0	-1	1	cannot open document: damaged beyond recovery: no document catalog
corrupted/saveas/text/Quantum_Computing_Race(saveas)_page_tree.pdf	hayro-syntax-0.8.0	err	0	0	-1	2	Invalid
corrupted/saveas/text/Quantum_Computing_Race(saveas)_partial_cut.pdf	lopdf-0.45.0	err	0	0	-1	0	failed parsing cross reference table
corrupted/saveas/text/Quantum_Computing_Race(saveas)_partial_cut.pdf	pdfrum-0.4.0	err	0	0	-1	0	cannot open document: damaged beyond recovery: no usable cross-reference information
corrupted/saveas/text/Quantum_Computing_Race(saveas)_partial_cut.pdf	hayro-syntax-0.8.0	ok	6	-1	-1	2	
corrupted/saveas/text/Quantum_Computing_Race(saveas)_remove_fonts.pdf	lopdf-0.45.0	ok	6	8574	-1	29	
corrupted/saveas/text/Quantum_Computing_Race(saveas)_remove_fonts.pdf	pdfrum-0.4.0	ok	6	8485	665	75	
corrupted/saveas/text/Quantum_Computing_Race(saveas)_remove_fonts.pdf	hayro-syntax-0.8.0	ok	6	-1	-1	0	
corrupted/saveas/text/Quantum_Computing_Race(saveas)_remove_unicode_fonts.pdf	lopdf-0.45.0	ok	6	6764	-1	19	
corrupted/saveas/text/Quantum_Computing_Race(saveas)_remove_unicode_fonts.pdf	pdfrum-0.4.0	ok	6	8322	1399	47	
corrupted/saveas/text/Quantum_Computing_Race(saveas)_remove_unicode_fonts.pdf	hayro-syntax-0.8.0	ok	6	-1	-1	0	
corrupted/saveas/text/Quantum_Computing_Race(saveas)_stream_zlib.pdf	lopdf-0.45.0	ok	6	5720	-1	16	
corrupted/saveas/text/Quantum_Computing_Race(saveas)_stream_zlib.pdf	pdfrum-0.4.0	ok	6	5671	1580	24	
corrupted/saveas/text/Quantum_Computing_Race(saveas)_stream_zlib.pdf	hayro-syntax-0.8.0	ok	6	-1	-1	2	
corrupted/saveas/text/Quantum_Computing_Race(saveas)_trailer.pdf	lopdf-0.45.0	ok	6	8574	-1	21	
corrupted/saveas/text/Quantum_Computing_Race(saveas)_trailer.pdf	pdfrum-0.4.0	ok	6	8574	604	32	
corrupted/saveas/text/Quantum_Computing_Race(saveas)_trailer.pdf	hayro-syntax-0.8.0	ok	6	-1	-1	2	
corrupted/saveas/text/Quantum_Computing_Race(saveas)_xref.pdf	lopdf-0.45.0	ok	6	8574	-1	20	
corrupted/saveas/text/Quantum_Computing_Race(saveas)_xref.pdf	pdfrum-0.4.0	ok	6	8574	604	35	
corrupted/saveas/text/Quantum_Computing_Race(saveas)_xref.pdf	hayro-syntax-0.8.0	ok	6	-1	-1	2	
corrupted/saveas/text/Robots_Automation_Future_Work(saveas)_font_mapping_loss.pdf	lopdf-0.45.0	ok	6	0	-1	16	
corrupted/saveas/text/Robots_Automation_Future_Work(saveas)_font_mapping_loss.pdf	pdfrum-0.4.0	ok	6	9579	1812	74	
corrupted/saveas/text/Robots_Automation_Future_Work(saveas)_font_mapping_loss.pdf	hayro-syntax-0.8.0	ok	6	-1	-1	2	
corrupted/saveas/text/Robots_Automation_Future_Work(saveas)_header.pdf	lopdf-0.45.0	err	0	0	-1	0	couldn't parse input
corrupted/saveas/text/Robots_Automation_Future_Work(saveas)_header.pdf	pdfrum-0.4.0	err	0	0	-1	0	cannot open document: not a PDF file
corrupted/saveas/text/Robots_Automation_Future_Work(saveas)_header.pdf	hayro-syntax-0.8.0	ok	6	-1	-1	0	
corrupted/saveas/text/Robots_Automation_Future_Work(saveas)_object_header.pdf	lopdf-0.45.0	err	0	0	-1	1	couldn't parse input
corrupted/saveas/text/Robots_Automation_Future_Work(saveas)_object_header.pdf	pdfrum-0.4.0	err	0	0	-1	1	cannot open document: damaged beyond recovery: no document catalog
corrupted/saveas/text/Robots_Automation_Future_Work(saveas)_object_header.pdf	hayro-syntax-0.8.0	err	0	0	-1	1	Invalid
corrupted/saveas/text/Robots_Automation_Future_Work(saveas)_page_tree.pdf	lopdf-0.45.0	ok	0	0	-1	4	
corrupted/saveas/text/Robots_Automation_Future_Work(saveas)_page_tree.pdf	pdfrum-0.4.0	err	0	0	-1	0	cannot open document: damaged beyond recovery: no document catalog
corrupted/saveas/text/Robots_Automation_Future_Work(saveas)_page_tree.pdf	hayro-syntax-0.8.0	err	0	0	-1	1	Invalid
corrupted/saveas/text/Robots_Automation_Future_Work(saveas)_partial_cut.pdf	lopdf-0.45.0	err	0	0	-1	0	failed parsing cross reference table
corrupted/saveas/text/Robots_Automation_Future_Work(saveas)_partial_cut.pdf	pdfrum-0.4.0	err	0	0	-1	0	cannot open document: damaged beyond recovery: no usable cross-reference information
corrupted/saveas/text/Robots_Automation_Future_Work(saveas)_partial_cut.pdf	hayro-syntax-0.8.0	ok	6	-1	-1	1	
corrupted/saveas/text/Robots_Automation_Future_Work(saveas)_remove_fonts.pdf	lopdf-0.45.0	ok	6	7753	-1	29	
corrupted/saveas/text/Robots_Automation_Future_Work(saveas)_remove_fonts.pdf	pdfrum-0.4.0	ok	6	7741	543	63	
corrupted/saveas/text/Robots_Automation_Future_Work(saveas)_remove_fonts.pdf	hayro-syntax-0.8.0	ok	6	-1	-1	0	
corrupted/saveas/text/Robots_Automation_Future_Work(saveas)_remove_unicode_fonts.pdf	lopdf-0.45.0	ok	6	6239	-1	30	
corrupted/saveas/text/Robots_Automation_Future_Work(saveas)_remove_unicode_fonts.pdf	pdfrum-0.4.0	ok	6	7521	1098	80	
corrupted/saveas/text/Robots_Automation_Future_Work(saveas)_remove_unicode_fonts.pdf	hayro-syntax-0.8.0	ok	6	-1	-1	0	
corrupted/saveas/text/Robots_Automation_Future_Work(saveas)_stream_zlib.pdf	lopdf-0.45.0	ok	6	6924	-1	30	
corrupted/saveas/text/Robots_Automation_Future_Work(saveas)_stream_zlib.pdf	pdfrum-0.4.0	ok	6	6913	715	32	
corrupted/saveas/text/Robots_Automation_Future_Work(saveas)_stream_zlib.pdf	hayro-syntax-0.8.0	ok	6	-1	-1	1	
corrupted/saveas/text/Robots_Automation_Future_Work(saveas)_trailer.pdf	lopdf-0.45.0	ok	6	7753	-1	17	
corrupted/saveas/text/Robots_Automation_Future_Work(saveas)_trailer.pdf	pdfrum-0.4.0	ok	6	7753	534	26	
corrupted/saveas/text/Robots_Automation_Future_Work(saveas)_trailer.pdf	hayro-syntax-0.8.0	ok	6	-1	-1	2	
corrupted/saveas/text/Robots_Automation_Future_Work(saveas)_xref.pdf	lopdf-0.45.0	ok	6	7753	-1	16	
corrupted/saveas/text/Robots_Automation_Future_Work(saveas)_xref.pdf	pdfrum-0.4.0	ok	6	7753	534	26	
corrupted/saveas/text/Robots_Automation_Future_Work(saveas)_xref.pdf	hayro-syntax-0.8.0	ok	6	-1	-1	1	
corrupted/saveas/text/Security_Breach_Investigation_Report(saveas)_font_mapping_loss.pdf	lopdf-0.45.0	ok	6	0	-1	17	
corrupted/saveas/text/Security_Breach_Investigation_Report(saveas)_font_mapping_loss.pdf	pdfrum-0.4.0	ok	6	6873	1114	124	
corrupted/saveas/text/Security_Breach_Investigation_Report(saveas)_font_mapping_loss.pdf	hayro-syntax-0.8.0	ok	6	-1	-1	3	
corrupted/saveas/text/Security_Breach_Investigation_Report(saveas)_header.pdf	lopdf-0.45.0	err	0	0	-1	0	couldn't parse input
corrupted/saveas/text/Security_Breach_Investigation_Report(saveas)_header.pdf	pdfrum-0.4.0	err	0	0	-1	0	cannot open document: not a PDF file
corrupted/saveas/text/Security_Breach_Investigation_Report(saveas)_header.pdf	hayro-syntax-0.8.0	ok	6	-1	-1	0	
corrupted/saveas/text/Security_Breach_Investigation_Report(saveas)_object_header.pdf	lopdf-0.45.0	err	0	0	-1	2	couldn't parse input
corrupted/saveas/text/Security_Breach_Investigation_Report(saveas)_object_header.pdf	pdfrum-0.4.0	err	0	0	-1	1	cannot open document: damaged beyond recovery: no document catalog
corrupted/saveas/text/Security_Breach_Investigation_Report(saveas)_object_header.pdf	hayro-syntax-0.8.0	err	0	0	-1	3	Invalid
corrupted/saveas/text/Security_Breach_Investigation_Report(saveas)_page_tree.pdf	lopdf-0.45.0	ok	0	0	-1	7	
corrupted/saveas/text/Security_Breach_Investigation_Report(saveas)_page_tree.pdf	pdfrum-0.4.0	err	0	0	-1	2	cannot open document: damaged beyond recovery: no document catalog
corrupted/saveas/text/Security_Breach_Investigation_Report(saveas)_page_tree.pdf	hayro-syntax-0.8.0	err	0	0	-1	3	Invalid
corrupted/saveas/text/Security_Breach_Investigation_Report(saveas)_partial_cut.pdf	lopdf-0.45.0	err	0	0	-1	1	failed parsing cross reference table
corrupted/saveas/text/Security_Breach_Investigation_Report(saveas)_partial_cut.pdf	pdfrum-0.4.0	err	0	0	-1	1	cannot open document: damaged beyond recovery: no usable cross-reference information
corrupted/saveas/text/Security_Breach_Investigation_Report(saveas)_partial_cut.pdf	hayro-syntax-0.8.0	ok	6	-1	-1	3	
corrupted/saveas/text/Security_Breach_Investigation_Report(saveas)_remove_fonts.pdf	lopdf-0.45.0	ok	6	5752	-1	37	
corrupted/saveas/text/Security_Breach_Investigation_Report(saveas)_remove_fonts.pdf	pdfrum-0.4.0	ok	6	5704	552	83	
corrupted/saveas/text/Security_Breach_Investigation_Report(saveas)_remove_fonts.pdf	hayro-syntax-0.8.0	ok	6	-1	-1	0	
corrupted/saveas/text/Security_Breach_Investigation_Report(saveas)_remove_unicode_fonts.pdf	lopdf-0.45.0	ok	6	4731	-1	19	
corrupted/saveas/text/Security_Breach_Investigation_Report(saveas)_remove_unicode_fonts.pdf	pdfrum-0.4.0	ok	6	5650	978	49	
corrupted/saveas/text/Security_Breach_Investigation_Report(saveas)_remove_unicode_fonts.pdf	hayro-syntax-0.8.0	ok	6	-1	-1	0	
corrupted/saveas/text/Security_Breach_Investigation_Report(saveas)_stream_zlib.pdf	lopdf-0.45.0	ok	6	-1	-1	15	
corrupted/saveas/text/Security_Breach_Investigation_Report(saveas)_stream_zlib.pdf	pdfrum-0.4.0	ok	6	4073	700	23	
corrupted/saveas/text/Security_Breach_Investigation_Report(saveas)_stream_zlib.pdf	hayro-syntax-0.8.0	ok	6	-1	-1	0	
corrupted/saveas/text/Security_Breach_Investigation_Report(saveas)_trailer.pdf	lopdf-0.45.0	ok	6	5752	-1	21	
corrupted/saveas/text/Security_Breach_Investigation_Report(saveas)_trailer.pdf	pdfrum-0.4.0	ok	6	5752	514	33	
corrupted/saveas/text/Security_Breach_Investigation_Report(saveas)_trailer.pdf	hayro-syntax-0.8.0	ok	6	-1	-1	2	
corrupted/saveas/text/Security_Breach_Investigation_Report(saveas)_xref.pdf	lopdf-0.45.0	ok	6	5752	-1	23	
corrupted/saveas/text/Security_Breach_Investigation_Report(saveas)_xref.pdf	pdfrum-0.4.0	ok	6	5752	514	35	
corrupted/saveas/text/Security_Breach_Investigation_Report(saveas)_xref.pdf	hayro-syntax-0.8.0	ok	6	-1	-1	2	
corrupted/saveas/text/SkyGarden_Indoor_Vertical_Garden_Solutions(saveas)_font_mapping_loss.pdf	lopdf-0.45.0	ok	6	0	-1	13	
corrupted/saveas/text/SkyGarden_Indoor_Vertical_Garden_Solutions(saveas)_font_mapping_loss.pdf	pdfrum-0.4.0	ok	6	5495	1325	50	
corrupted/saveas/text/SkyGarden_Indoor_Vertical_Garden_Solutions(saveas)_font_mapping_loss.pdf	hayro-syntax-0.8.0	ok	6	-1	-1	2	
corrupted/saveas/text/SkyGarden_Indoor_Vertical_Garden_Solutions(saveas)_header.pdf	lopdf-0.45.0	err	0	0	-1	0	couldn't parse input
corrupted/saveas/text/SkyGarden_Indoor_Vertical_Garden_Solutions(saveas)_header.pdf	pdfrum-0.4.0	err	0	0	-1	0	cannot open document: not a PDF file
corrupted/saveas/text/SkyGarden_Indoor_Vertical_Garden_Solutions(saveas)_header.pdf	hayro-syntax-0.8.0	ok	6	-1	-1	0	
corrupted/saveas/text/SkyGarden_Indoor_Vertical_Garden_Solutions(saveas)_object_header.pdf	lopdf-0.45.0	err	0	0	-1	1	couldn't parse input
corrupted/saveas/text/SkyGarden_Indoor_Vertical_Garden_Solutions(saveas)_object_header.pdf	pdfrum-0.4.0	err	0	0	-1	0	cannot open document: damaged beyond recovery: no document catalog
corrupted/saveas/text/SkyGarden_Indoor_Vertical_Garden_Solutions(saveas)_object_header.pdf	hayro-syntax-0.8.0	err	0	0	-1	1	Invalid
corrupted/saveas/text/SkyGarden_Indoor_Vertical_Garden_Solutions(saveas)_page_tree.pdf	lopdf-0.45.0	ok	0	0	-1	4	
corrupted/saveas/text/SkyGarden_Indoor_Vertical_Garden_Solutions(saveas)_page_tree.pdf	pdfrum-0.4.0	err	0	0	-1	0	cannot open document: damaged beyond recovery: no document catalog
corrupted/saveas/text/SkyGarden_Indoor_Vertical_Garden_Solutions(saveas)_page_tree.pdf	hayro-syntax-0.8.0	err	0	0	-1	2	Invalid
corrupted/saveas/text/SkyGarden_Indoor_Vertical_Garden_Solutions(saveas)_partial_cut.pdf	lopdf-0.45.0	err	0	0	-1	0	failed parsing cross reference table
corrupted/saveas/text/SkyGarden_Indoor_Vertical_Garden_Solutions(saveas)_partial_cut.pdf	pdfrum-0.4.0	err	0	0	-1	0	cannot open document: damaged beyond recovery: no usable cross-reference information
corrupted/saveas/text/SkyGarden_Indoor_Vertical_Garden_Solutions(saveas)_partial_cut.pdf	hayro-syntax-0.8.0	ok	6	-1	-1	2	
corrupted/saveas/text/SkyGarden_Indoor_Vertical_Garden_Solutions(saveas)_remove_fonts.pdf	lopdf-0.45.0	ok	6	4771	-1	30	
corrupted/saveas/text/SkyGarden_Indoor_Vertical_Garden_Solutions(saveas)_remove_fonts.pdf	pdfrum-0.4.0	ok	6	4747	414	47	
corrupted/saveas/text/SkyGarden_Indoor_Vertical_Garden_Solutions(saveas)_remove_fonts.pdf	hayro-syntax-0.8.0	ok	6	-1	-1	0	
corrupted/saveas/text/SkyGarden_Indoor_Vertical_Garden_Solutions(saveas)_remove_unicode_fonts.pdf	lopdf-0.45.0	ok	6	3843	-1	13	
corrupted/saveas/text/SkyGarden_Indoor_Vertical_Garden_Solutions(saveas)_remove_unicode_fonts.pdf	pdfrum-0.4.0	ok	6	4685	825	45	
corrupted/saveas/text/SkyGarden_Indoor_Vertical_Garden_Solutions(saveas)_remove_unicode_fonts.pdf	hayro-syntax-0.8.0	ok	6	-1	-1	0	
corrupted/saveas/text/SkyGarden_Indoor_Vertical_Garden_Solutions(saveas)_stream_zlib.pdf	lopdf-0.45.0	ok	6	3397	-1	10	
corrupted/saveas/text/SkyGarden_Indoor_Vertical_Garden_Solutions(saveas)_stream_zlib.pdf	pdfrum-0.4.0	ok	6	4315	807	22	
corrupted/saveas/text/SkyGarden_Indoor_Vertical_Garden_Solutions(saveas)_stream_zlib.pdf	hayro-syntax-0.8.0	ok	6	-1	-1	2	
corrupted/saveas/text/SkyGarden_Indoor_Vertical_Garden_Solutions(saveas)_trailer.pdf	lopdf-0.45.0	ok	6	4771	-1	13	
corrupted/saveas/text/SkyGarden_Indoor_Vertical_Garden_Solutions(saveas)_trailer.pdf	pdfrum-0.4.0	ok	6	4771	396	28	
corrupted/saveas/text/SkyGarden_Indoor_Vertical_Garden_Solutions(saveas)_trailer.pdf	hayro-syntax-0.8.0	ok	6	-1	-1	2	
corrupted/saveas/text/SkyGarden_Indoor_Vertical_Garden_Solutions(saveas)_xref.pdf	lopdf-0.45.0	ok	6	4771	-1	14	
corrupted/saveas/text/SkyGarden_Indoor_Vertical_Garden_Solutions(saveas)_xref.pdf	pdfrum-0.4.0	ok	6	4771	396	29	
corrupted/saveas/text/SkyGarden_Indoor_Vertical_Garden_Solutions(saveas)_xref.pdf	hayro-syntax-0.8.0	ok	6	-1	-1	2	
corrupted/saveas/text/Sustainable_Fashion_Innovation(saveas)_font_mapping_loss.pdf	lopdf-0.45.0	ok	6	0	-1	35	
corrupted/saveas/text/Sustainable_Fashion_Innovation(saveas)_font_mapping_loss.pdf	pdfrum-0.4.0	ok	6	9724	2773	85	
corrupted/saveas/text/Sustainable_Fashion_Innovation(saveas)_font_mapping_loss.pdf	hayro-syntax-0.8.0	ok	6	-1	-1	2	
corrupted/saveas/text/Sustainable_Fashion_Innovation(saveas)_header.pdf	lopdf-0.45.0	err	0	0	-1	0	couldn't parse input
corrupted/saveas/text/Sustainable_Fashion_Innovation(saveas)_header.pdf	pdfrum-0.4.0	err	0	0	-1	0	cannot open document: not a PDF file
corrupted/saveas/text/Sustainable_Fashion_Innovation(saveas)_header.pdf	hayro-syntax-0.8.0	ok	6	-1	-1	0	
corrupted/saveas/text/Sustainable_Fashion_Innovation(saveas)_object_header.pdf	lopdf-0.45.0	err	0	0	-1	1	couldn't parse input
corrupted/saveas/text/Sustainable_Fashion_Innovation(saveas)_object_header.pdf	pdfrum-0.4.0	err	0	0	-1	0	cannot open document: damaged beyond recovery: no document catalog
corrupted/saveas/text/Sustainable_Fashion_Innovation(saveas)_object_header.pdf	hayro-syntax-0.8.0	err	0	0	-1	1	Invalid
corrupted/saveas/text/Sustainable_Fashion_Innovation(saveas)_page_tree.pdf	lopdf-0.45.0	ok	0	0	-1	5	
corrupted/saveas/text/Sustainable_Fashion_Innovation(saveas)_page_tree.pdf	pdfrum-0.4.0	err	0	0	-1	1	cannot open document: damaged beyond recovery: no document catalog
corrupted/saveas/text/Sustainable_Fashion_Innovation(saveas)_page_tree.pdf	hayro-syntax-0.8.0	err	0	0	-1	2	Invalid
corrupted/saveas/text/Sustainable_Fashion_Innovation(saveas)_partial_cut.pdf	lopdf-0.45.0	err	0	0	-1	0	failed parsing cross reference table
corrupted/saveas/text/Sustainable_Fashion_Innovation(saveas)_partial_cut.pdf	pdfrum-0.4.0	err	0	0	-1	1	cannot open document: damaged beyond recovery: no usable cross-reference information
corrupted/saveas/text/Sustainable_Fashion_Innovation(saveas)_partial_cut.pdf	hayro-syntax-0.8.0	ok	6	-1	-1	2	
corrupted/saveas/text/Sustainable_Fashion_Innovation(saveas)_remove_fonts.pdf	lopdf-0.45.0	ok	6	8754	-1	20	
corrupted/saveas/text/Sustainable_Fashion_Innovation(saveas)_remove_fonts.pdf	pdfrum-0.4.0	ok	6	8727	643	49	
corrupted/saveas/text/Sustainable_Fashion_Innovation(saveas)_remove_fonts.pdf	hayro-syntax-0.8.0	ok	6	-1	-1	0	
corrupted/saveas/text/Sustainable_Fashion_Innovation(saveas)_remove_unicode_fonts.pdf	lopdf-0.45.0	ok	6	7047	-1	18	
corrupted/saveas/text/Sustainable_Fashion_Innovation(saveas)_remove_unicode_fonts.pdf	pdfrum-0.4.0	ok	6	8606	1326	52	
corrupted/saveas/text/Sustainable_Fashion_Innovation(saveas)_remove_unicode_fonts.pdf	hayro-syntax-0.8.0	ok	6	-1	-1	0	
corrupted/saveas/text/Sustainable_Fashion_Innovation(saveas)_stream_zlib.pdf	lopdf-0.45.0	ok	6	8295	-1	25	
corrupted/saveas/text/Sustainable_Fashion_Innovation(saveas)_stream_zlib.pdf	pdfrum-0.4.0	ok	6	7826	836	38	
corrupted/saveas/text/Sustainable_Fashion_Innovation(saveas)_stream_zlib.pdf	hayro-syntax-0.8.0	ok	6	-1	-1	0	
corrupted/saveas/text/Sustainable_Fashion_Innovation(saveas)_trailer.pdf	lopdf-0.45.0	ok	6	8754	-1	31	
corrupted/saveas/text/Sustainable_Fashion_Innovation(saveas)_trailer.pdf	pdfrum-0.4.0	ok	6	8754	623	45	
corrupted/saveas/text/Sustainable_Fashion_Innovation(saveas)_trailer.pdf	hayro-syntax-0.8.0	ok	6	-1	-1	3	
corrupted/saveas/text/Sustainable_Fashion_Innovation(saveas)_xref.pdf	lopdf-0.45.0	ok	6	8754	-1	21	
corrupted/saveas/text/Sustainable_Fashion_Innovation(saveas)_xref.pdf	pdfrum-0.4.0	ok	6	8754	623	33	
corrupted/saveas/text/Sustainable_Fashion_Innovation(saveas)_xref.pdf	hayro-syntax-0.8.0	ok	6	-1	-1	1	
corrupted/saveas/text/UrbanRide_Electric_Bike_Scooter_Series(saveas)_font_mapping_loss.pdf	lopdf-0.45.0	ok	6	0	-1	15	
corrupted/saveas/text/UrbanRide_Electric_Bike_Scooter_Series(saveas)_font_mapping_loss.pdf	pdfrum-0.4.0	ok	6	5866	1600	60	
corrupted/saveas/text/UrbanRide_Electric_Bike_Scooter_Series(saveas)_font_mapping_loss.pdf	hayro-syntax-0.8.0	ok	6	-1	-1	2	
corrupted/saveas/text/UrbanRide_Electric_Bike_Scooter_Series(saveas)_header.pdf	lopdf-0.45.0	err	0	0	-1	0	couldn't parse input
corrupted/saveas/text/UrbanRide_Electric_Bike_Scooter_Series(saveas)_header.pdf	pdfrum-0.4.0	err	0	0	-1	0	cannot open document: not a PDF file
corrupted/saveas/text/UrbanRide_Electric_Bike_Scooter_Series(saveas)_header.pdf	hayro-syntax-0.8.0	ok	6	-1	-1	0	
corrupted/saveas/text/UrbanRide_Electric_Bike_Scooter_Series(saveas)_object_header.pdf	lopdf-0.45.0	err	0	0	-1	1	couldn't parse input
corrupted/saveas/text/UrbanRide_Electric_Bike_Scooter_Series(saveas)_object_header.pdf	pdfrum-0.4.0	err	0	0	-1	1	cannot open document: damaged beyond recovery: no document catalog
corrupted/saveas/text/UrbanRide_Electric_Bike_Scooter_Series(saveas)_object_header.pdf	hayro-syntax-0.8.0	err	0	0	-1	2	Invalid
corrupted/saveas/text/UrbanRide_Electric_Bike_Scooter_Series(saveas)_page_tree.pdf	lopdf-0.45.0	ok	0	0	-1	5	
corrupted/saveas/text/UrbanRide_Electric_Bike_Scooter_Series(saveas)_page_tree.pdf	pdfrum-0.4.0	err	0	0	-1	1	cannot open document: damaged beyond recovery: no document catalog
corrupted/saveas/text/UrbanRide_Electric_Bike_Scooter_Series(saveas)_page_tree.pdf	hayro-syntax-0.8.0	err	0	0	-1	2	Invalid
corrupted/saveas/text/UrbanRide_Electric_Bike_Scooter_Series(saveas)_partial_cut.pdf	lopdf-0.45.0	err	0	0	-1	0	failed parsing cross reference table
corrupted/saveas/text/UrbanRide_Electric_Bike_Scooter_Series(saveas)_partial_cut.pdf	pdfrum-0.4.0	err	0	0	-1	0	cannot open document: damaged beyond recovery: no usable cross-reference information
corrupted/saveas/text/UrbanRide_Electric_Bike_Scooter_Series(saveas)_partial_cut.pdf	hayro-syntax-0.8.0	ok	6	-1	-1	2	
corrupted/saveas/text/UrbanRide_Electric_Bike_Scooter_Series(saveas)_remove_fonts.pdf	lopdf-0.45.0	ok	6	5411	-1	17	
corrupted/saveas/text/UrbanRide_Electric_Bike_Scooter_Series(saveas)_remove_fonts.pdf	pdfrum-0.4.0	ok	6	5392	465	46	
corrupted/saveas/text/UrbanRide_Electric_Bike_Scooter_Series(saveas)_remove_fonts.pdf	hayro-syntax-0.8.0	ok	6	-1	-1	0	
corrupted/saveas/text/UrbanRide_Electric_Bike_Scooter_Series(saveas)_remove_unicode_fonts.pdf	lopdf-0.45.0	ok	6	4476	-1	16	
corrupted/saveas/text/UrbanRide_Electric_Bike_Scooter_Series(saveas)_remove_unicode_fonts.pdf	pdfrum-0.4.0	ok	6	5312	912	48	
corrupted/saveas/text/UrbanRide_Electric_Bike_Scooter_Series(saveas)_remove_unicode_fonts.pdf	hayro-syntax-0.8.0	ok	6	-1	-1	0	
corrupted/saveas/text/UrbanRide_Electric_Bike_Scooter_Series(saveas)_stream_zlib.pdf	lopdf-0.45.0	ok	6	4260	-1	13	
corrupted/saveas/text/UrbanRide_Electric_Bike_Scooter_Series(saveas)_stream_zlib.pdf	pdfrum-0.4.0	ok	6	5114	518	26	
corrupted/saveas/text/UrbanRide_Electric_Bike_Scooter_Series(saveas)_stream_zlib.pdf	hayro-syntax-0.8.0	ok	6	-1	-1	2	
corrupted/saveas/text/UrbanRide_Electric_Bike_Scooter_Series(saveas)_trailer.pdf	lopdf-0.45.0	ok	6	5411	-1	18	
corrupted/saveas/text/UrbanRide_Electric_Bike_Scooter_Series(saveas)_trailer.pdf	pdfrum-0.4.0	ok	6	5411	455	29	
corrupted/saveas/text/UrbanRide_Electric_Bike_Scooter_Series(saveas)_trailer.pdf	hayro-syntax-0.8.0	ok	6	-1	-1	2	
corrupted/saveas/text/UrbanRide_Electric_Bike_Scooter_Series(saveas)_xref.pdf	lopdf-0.45.0	ok	6	5411	-1	17	
corrupted/saveas/text/UrbanRide_Electric_Bike_Scooter_Series(saveas)_xref.pdf	pdfrum-0.4.0	ok	6	5411	455	29	
corrupted/saveas/text/UrbanRide_Electric_Bike_Scooter_Series(saveas)_xref.pdf	hayro-syntax-0.8.0	ok	6	-1	-1	3	
corrupted/saveas/text/Urban_Fine_Particulate_Matter(saveas)_font_mapping_loss.pdf	lopdf-0.45.0	ok	6	0	-1	17	
corrupted/saveas/text/Urban_Fine_Particulate_Matter(saveas)_font_mapping_loss.pdf	pdfrum-0.4.0	ok	6	9718	2223	74	
corrupted/saveas/text/Urban_Fine_Particulate_Matter(saveas)_font_mapping_loss.pdf	hayro-syntax-0.8.0	ok	6	-1	-1	2	
corrupted/saveas/text/Urban_Fine_Particulate_Matter(saveas)_header.pdf	lopdf-0.45.0	err	0	0	-1	0	couldn't parse input
corrupted/saveas/text/Urban_Fine_Particulate_Matter(saveas)_header.pdf	pdfrum-0.4.0	err	0	0	-1	0	cannot open document: not a PDF file
corrupted/saveas/text/Urban_Fine_Particulate_Matter(saveas)_header.pdf	hayro-syntax-0.8.0	ok	6	-1	-1	0	
corrupted/saveas/text/Urban_Fine_Particulate_Matter(saveas)_object_header.pdf	lopdf-0.45.0	err	0	0	-1	1	couldn't parse input
corrupted/saveas/text/Urban_Fine_Particulate_Matter(saveas)_object_header.pdf	pdfrum-0.4.0	err	0	0	-1	0	cannot open document: damaged beyond recovery: no document catalog
corrupted/saveas/text/Urban_Fine_Particulate_Matter(saveas)_object_header.pdf	hayro-syntax-0.8.0	err	0	0	-1	1	Invalid
corrupted/saveas/text/Urban_Fine_Particulate_Matter(saveas)_page_tree.pdf	lopdf-0.45.0	ok	0	0	-1	5	
corrupted/saveas/text/Urban_Fine_Particulate_Matter(saveas)_page_tree.pdf	pdfrum-0.4.0	err	0	0	-1	0	cannot open document: damaged beyond recovery: no document catalog
corrupted/saveas/text/Urban_Fine_Particulate_Matter(saveas)_page_tree.pdf	hayro-syntax-0.8.0	err	0	0	-1	1	Invalid
corrupted/saveas/text/Urban_Fine_Particulate_Matter(saveas)_partial_cut.pdf	lopdf-0.45.0	err	0	0	-1	0	failed parsing cross reference table
corrupted/saveas/text/Urban_Fine_Particulate_Matter(saveas)_partial_cut.pdf	pdfrum-0.4.0	err	0	0	-1	0	cannot open document: damaged beyond recovery: no usable cross-reference information
corrupted/saveas/text/Urban_Fine_Particulate_Matter(saveas)_partial_cut.pdf	hayro-syntax-0.8.0	ok	6	-1	-1	1	
corrupted/saveas/text/Urban_Fine_Particulate_Matter(saveas)_remove_fonts.pdf	lopdf-0.45.0	ok	6	8173	-1	19	
corrupted/saveas/text/Urban_Fine_Particulate_Matter(saveas)_remove_fonts.pdf	pdfrum-0.4.0	ok	6	8117	602	46	
corrupted/saveas/text/Urban_Fine_Particulate_Matter(saveas)_remove_fonts.pdf	hayro-syntax-0.8.0	ok	6	-1	-1	0	
corrupted/saveas/text/Urban_Fine_Particulate_Matter(saveas)_remove_unicode_fonts.pdf	lopdf-0.45.0	ok	6	6632	-1	17	
corrupted/saveas/text/Urban_Fine_Particulate_Matter(saveas)_remove_unicode_fonts.pdf	pdfrum-0.4.0	ok	6	7971	1246	72	
corrupted/saveas/text/Urban_Fine_Particulate_Matter(saveas)_remove_unicode_fonts.pdf	hayro-syntax-0.8.0	ok	6	-1	-1	0	
corrupted/saveas/text/Urban_Fine_Particulate_Matter(saveas)_stream_zlib.pdf	lopdf-0.45.0	ok	6	7422	-1	25	
corrupted/saveas/text/Urban_Fine_Particulate_Matter(saveas)_stream_zlib.pdf	pdfrum-0.4.0	ok	6	8065	893	40	
corrupted/saveas/text/Urban_Fine_Particulate_Matter(saveas)_stream_zlib.pdf	hayro-syntax-0.8.0	ok	6	-1	-1	0	
corrupted/saveas/text/Urban_Fine_Particulate_Matter(saveas)_trailer.pdf	lopdf-0.45.0	ok	6	8173	-1	20	
corrupted/saveas/text/Urban_Fine_Particulate_Matter(saveas)_trailer.pdf	pdfrum-0.4.0	ok	6	8173	556	31	
corrupted/saveas/text/Urban_Fine_Particulate_Matter(saveas)_trailer.pdf	hayro-syntax-0.8.0	ok	6	-1	-1	2	
corrupted/saveas/text/Urban_Fine_Particulate_Matter(saveas)_xref.pdf	lopdf-0.45.0	ok	6	8173	-1	18	
corrupted/saveas/text/Urban_Fine_Particulate_Matter(saveas)_xref.pdf	pdfrum-0.4.0	ok	6	8173	556	28	
corrupted/saveas/text/Urban_Fine_Particulate_Matter(saveas)_xref.pdf	hayro-syntax-0.8.0	ok	6	-1	-1	2	
corrupted/saveas/text/ai_ethics_responsible_use_guidelines_multilang(saveas)_font_mapping_loss.pdf	lopdf-0.45.0	ok	6	0	-1	18	
corrupted/saveas/text/ai_ethics_responsible_use_guidelines_multilang(saveas)_font_mapping_loss.pdf	pdfrum-0.4.0	ok	6	7766	1893	81	
corrupted/saveas/text/ai_ethics_responsible_use_guidelines_multilang(saveas)_font_mapping_loss.pdf	hayro-syntax-0.8.0	ok	6	-1	-1	1	
corrupted/saveas/text/ai_ethics_responsible_use_guidelines_multilang(saveas)_header.pdf	lopdf-0.45.0	err	0	0	-1	0	couldn't parse input
corrupted/saveas/text/ai_ethics_responsible_use_guidelines_multilang(saveas)_header.pdf	pdfrum-0.4.0	err	0	0	-1	0	cannot open document: not a PDF file
corrupted/saveas/text/ai_ethics_responsible_use_guidelines_multilang(saveas)_header.pdf	hayro-syntax-0.8.0	ok	6	-1	-1	0	
corrupted/saveas/text/ai_ethics_responsible_use_guidelines_multilang(saveas)_object_header.pdf	lopdf-0.45.0	err	0	0	-1	1	couldn't parse input
corrupted/saveas/text/ai_ethics_responsible_use_guidelines_multilang(saveas)_object_header.pdf	pdfrum-0.4.0	err	0	0	-1	1	cannot open document: damaged beyond recovery: no document catalog
corrupted/saveas/text/ai_ethics_responsible_use_guidelines_multilang(saveas)_object_header.pdf	hayro-syntax-0.8.0	err	0	0	-1	1	Invalid
corrupted/saveas/text/ai_ethics_responsible_use_guidelines_multilang(saveas)_page_tree.pdf	lopdf-0.45.0	ok	0	0	-1	6	
corrupted/saveas/text/ai_ethics_responsible_use_guidelines_multilang(saveas)_page_tree.pdf	pdfrum-0.4.0	err	0	0	-1	5	cannot open document: damaged beyond recovery: no document catalog
corrupted/saveas/text/ai_ethics_responsible_use_guidelines_multilang(saveas)_page_tree.pdf	hayro-syntax-0.8.0	err	0	0	-1	2	Invalid
corrupted/saveas/text/ai_ethics_responsible_use_guidelines_multilang(saveas)_partial_cut.pdf	lopdf-0.45.0	err	0	0	-1	0	failed parsing cross reference table
corrupted/saveas/text/ai_ethics_responsible_use_guidelines_multilang(saveas)_partial_cut.pdf	pdfrum-0.4.0	err	0	0	-1	0	cannot open document: damaged beyond recovery: no usable cross-reference information
corrupted/saveas/text/ai_ethics_responsible_use_guidelines_multilang(saveas)_partial_cut.pdf	hayro-syntax-0.8.0	ok	6	-1	-1	2	
corrupted/saveas/text/ai_ethics_responsible_use_guidelines_multilang(saveas)_remove_fonts.pdf	lopdf-0.45.0	ok	6	6535	-1	20	
corrupted/saveas/text/ai_ethics_responsible_use_guidelines_multilang(saveas)_remove_fonts.pdf	pdfrum-0.4.0	ok	6	6530	662	44	
corrupted/saveas/text/ai_ethics_responsible_use_guidelines_multilang(saveas)_remove_fonts.pdf	hayro-syntax-0.8.0	ok	6	-1	-1	0	
corrupted/saveas/text/ai_ethics_responsible_use_guidelines_multilang(saveas)_remove_unicode_fonts.pdf	lopdf-0.45.0	ok	6	5243	-1	18	
corrupted/saveas/text/ai_ethics_responsible_use_guidelines_multilang(saveas)_remove_unicode_fonts.pdf	pdfrum-0.4.0	ok	6	6398	1138	42	
corrupted/saveas/text/ai_ethics_responsible_use_guidelines_multilang(saveas)_remove_unicode_fonts.pdf	hayro-syntax-0.8.0	ok	6	-1	-1	0	
corrupted/saveas/text/ai_ethics_responsible_use_guidelines_multilang(saveas)_stream_zlib.pdf	lopdf-0.45.0	ok	6	5465	-1	19	
corrupted/saveas/text/ai_ethics_responsible_use_guidelines_multilang(saveas)_stream_zlib.pdf	pdfrum-0.4.0	ok	6	5544	648	25	
corrupted/saveas/text/ai_ethics_responsible_use_guidelines_multilang(saveas)_stream_zlib.pdf	hayro-syntax-0.8.0	ok	6	-1	-1	0	
corrupted/saveas/text/ai_ethics_responsible_use_guidelines_multilang(saveas)_trailer.pdf	lopdf-0.45.0	ok	6	6535	-1	19	
corrupted/saveas/text/ai_ethics_responsible_use_guidelines_multilang(saveas)_trailer.pdf	pdfrum-0.4.0	ok	6	6535	652	28	
corrupted/saveas/text/ai_ethics_responsible_use_guidelines_multilang(saveas)_trailer.pdf	hayro-syntax-0.8.0	ok	6	-1	-1	2	
corrupted/saveas/text/ai_ethics_responsible_use_guidelines_multilang(saveas)_xref.pdf	lopdf-0.45.0	ok	6	6535	-1	19	
corrupted/saveas/text/ai_ethics_responsible_use_guidelines_multilang(saveas)_xref.pdf	pdfrum-0.4.0	ok	6	6535	652	26	
corrupted/saveas/text/ai_ethics_responsible_use_guidelines_multilang(saveas)_xref.pdf	hayro-syntax-0.8.0	ok	6	-1	-1	1	
corrupted/saveas/text/climate_crisis_preparedness_community_action_guidelines_multilang(saveas)_font_mapping_loss.pdf	lopdf-0.45.0	ok	6	0	-1	20	
corrupted/saveas/text/climate_crisis_preparedness_community_action_guidelines_multilang(saveas)_font_mapping_loss.pdf	pdfrum-0.4.0	ok	6	9357	2883	90	
corrupted/saveas/text/climate_crisis_preparedness_community_action_guidelines_multilang(saveas)_font_mapping_loss.pdf	hayro-syntax-0.8.0	ok	6	-1	-1	2	
corrupted/saveas/text/climate_crisis_preparedness_community_action_guidelines_multilang(saveas)_header.pdf	lopdf-0.45.0	err	0	0	-1	0	couldn't parse input
corrupted/saveas/text/climate_crisis_preparedness_community_action_guidelines_multilang(saveas)_header.pdf	pdfrum-0.4.0	err	0	0	-1	0	cannot open document: not a PDF file
corrupted/saveas/text/climate_crisis_preparedness_community_action_guidelines_multilang(saveas)_header.pdf	hayro-syntax-0.8.0	ok	6	-1	-1	0	
corrupted/saveas/text/climate_crisis_preparedness_community_action_guidelines_multilang(saveas)_object_header.pdf	lopdf-0.45.0	err	0	0	-1	1	couldn't parse input
corrupted/saveas/text/climate_crisis_preparedness_community_action_guidelines_multilang(saveas)_object_header.pdf	pdfrum-0.4.0	err	0	0	-1	0	cannot open document: damaged beyond recovery: no document catalog
corrupted/saveas/text/climate_crisis_preparedness_community_action_guidelines_multilang(saveas)_object_header.pdf	hayro-syntax-0.8.0	err	0	0	-1	1	Invalid
corrupted/saveas/text/climate_crisis_preparedness_community_action_guidelines_multilang(saveas)_page_tree.pdf	lopdf-0.45.0	ok	0	0	-1	5	
corrupted/saveas/text/climate_crisis_preparedness_community_action_guidelines_multilang(saveas)_page_tree.pdf	pdfrum-0.4.0	err	0	0	-1	1	cannot open document: damaged beyond recovery: no document catalog
corrupted/saveas/text/climate_crisis_preparedness_community_action_guidelines_multilang(saveas)_page_tree.pdf	hayro-syntax-0.8.0	err	0	0	-1	1	Invalid
corrupted/saveas/text/climate_crisis_preparedness_community_action_guidelines_multilang(saveas)_partial_cut.pdf	lopdf-0.45.0	err	0	0	-1	0	failed parsing cross reference table
corrupted/saveas/text/climate_crisis_preparedness_community_action_guidelines_multilang(saveas)_partial_cut.pdf	pdfrum-0.4.0	err	0	0	-1	0	cannot open document: damaged beyond recovery: no usable cross-reference information
corrupted/saveas/text/climate_crisis_preparedness_community_action_guidelines_multilang(saveas)_partial_cut.pdf	hayro-syntax-0.8.0	ok	6	-1	-1	1	
corrupted/saveas/text/climate_crisis_preparedness_community_action_guidelines_multilang(saveas)_remove_fonts.pdf	lopdf-0.45.0	ok	6	8044	-1	23	
corrupted/saveas/text/climate_crisis_preparedness_community_action_guidelines_multilang(saveas)_remove_fonts.pdf	pdfrum-0.4.0	ok	6	8017	794	48	
corrupted/saveas/text/climate_crisis_preparedness_community_action_guidelines_multilang(saveas)_remove_fonts.pdf	hayro-syntax-0.8.0	ok	6	-1	-1	0	
corrupted/saveas/text/climate_crisis_preparedness_community_action_guidelines_multilang(saveas)_remove_unicode_fonts.pdf	lopdf-0.45.0	ok	6	6373	-1	21	
corrupted/saveas/text/climate_crisis_preparedness_community_action_guidelines_multilang(saveas)_remove_unicode_fonts.pdf	pdfrum-0.4.0	ok	6	7808	1384	51	
corrupted/saveas/text/climate_crisis_preparedness_community_action_guidelines_multilang(saveas)_remove_unicode_fonts.pdf	hayro-syntax-0.8.0	ok	6	-1	-1	0	
corrupted/saveas/text/climate_crisis_preparedness_community_action_guidelines_multilang(saveas)_stream_zlib.pdf	lopdf-0.45.0	ok	6	1746	-1	13	
corrupted/saveas/text/climate_crisis_preparedness_community_action_guidelines_multilang(saveas)_stream_zlib.pdf	pdfrum-0.4.0	ok	6	2981	2214	22	
corrupted/saveas/text/climate_crisis_preparedness_community_action_guidelines_multilang(saveas)_stream_zlib.pdf	hayro-syntax-0.8.0	ok	6	-1	-1	0	
corrupted/saveas/text/climate_crisis_preparedness_community_action_guidelines_multilang(saveas)_trailer.pdf	lopdf-0.45.0	ok	6	8044	-1	25	
corrupted/saveas/text/climate_crisis_preparedness_community_action_guidelines_multilang(saveas)_trailer.pdf	pdfrum-0.4.0	ok	6	8044	770	35	
corrupted/saveas/text/climate_crisis_preparedness_community_action_guidelines_multilang(saveas)_trailer.pdf	hayro-syntax-0.8.0	ok	6	-1	-1	2	
corrupted/saveas/text/climate_crisis_preparedness_community_action_guidelines_multilang(saveas)_xref.pdf	lopdf-0.45.0	ok	6	8044	-1	22	
corrupted/saveas/text/climate_crisis_preparedness_community_action_guidelines_multilang(saveas)_xref.pdf	pdfrum-0.4.0	ok	6	8044	770	30	
corrupted/saveas/text/climate_crisis_preparedness_community_action_guidelines_multilang(saveas)_xref.pdf	hayro-syntax-0.8.0	ok	6	-1	-1	1	
corrupted/saveas/text/confidential_doc_leak_collusion_investigation(saveas)_font_mapping_loss.pdf	lopdf-0.45.0	ok	6	0	-1	12	
corrupted/saveas/text/confidential_doc_leak_collusion_investigation(saveas)_font_mapping_loss.pdf	pdfrum-0.4.0	ok	6	4644	1325	45	
corrupted/saveas/text/confidential_doc_leak_collusion_investigation(saveas)_font_mapping_loss.pdf	hayro-syntax-0.8.0	ok	6	-1	-1	1	
corrupted/saveas/text/confidential_doc_leak_collusion_investigation(saveas)_header.pdf	lopdf-0.45.0	err	0	0	-1	0	couldn't parse input
corrupted/saveas/text/confidential_doc_leak_collusion_investigation(saveas)_header.pdf	pdfrum-0.4.0	err	0	0	-1	0	cannot open document: not a PDF file
corrupted/saveas/text/confidential_doc_leak_collusion_investigation(saveas)_header.pdf	hayro-syntax-0.8.0	ok	6	-1	-1	0	
corrupted/saveas/text/confidential_doc_leak_collusion_investigation(saveas)_object_header.pdf	lopdf-0.45.0	err	0	0	-1	0	couldn't parse input
corrupted/saveas/text/confidential_doc_leak_collusion_investigation(saveas)_object_header.pdf	pdfrum-0.4.0	err	0	0	-1	0	cannot open document: damaged beyond recovery: no document catalog
corrupted/saveas/text/confidential_doc_leak_collusion_investigation(saveas)_object_header.pdf	hayro-syntax-0.8.0	err	0	0	-1	1	Invalid
corrupted/saveas/text/confidential_doc_leak_collusion_investigation(saveas)_page_tree.pdf	lopdf-0.45.0	ok	0	0	-1	4	
corrupted/saveas/text/confidential_doc_leak_collusion_investigation(saveas)_page_tree.pdf	pdfrum-0.4.0	err	0	0	-1	0	cannot open document: damaged beyond recovery: no document catalog
corrupted/saveas/text/confidential_doc_leak_collusion_investigation(saveas)_page_tree.pdf	hayro-syntax-0.8.0	err	0	0	-1	1	Invalid
corrupted/saveas/text/confidential_doc_leak_collusion_investigation(saveas)_partial_cut.pdf	lopdf-0.45.0	err	0	0	-1	0	failed parsing cross reference table
corrupted/saveas/text/confidential_doc_leak_collusion_investigation(saveas)_partial_cut.pdf	pdfrum-0.4.0	err	0	0	-1	0	cannot open document: damaged beyond recovery: no usable cross-reference information
corrupted/saveas/text/confidential_doc_leak_collusion_investigation(saveas)_partial_cut.pdf	hayro-syntax-0.8.0	ok	6	-1	-1	2	
corrupted/saveas/text/confidential_doc_leak_collusion_investigation(saveas)_remove_fonts.pdf	lopdf-0.45.0	ok	6	3999	-1	13	
corrupted/saveas/text/confidential_doc_leak_collusion_investigation(saveas)_remove_fonts.pdf	pdfrum-0.4.0	ok	6	3985	392	46	
corrupted/saveas/text/confidential_doc_leak_collusion_investigation(saveas)_remove_fonts.pdf	hayro-syntax-0.8.0	ok	6	-1	-1	0	
corrupted/saveas/text/confidential_doc_leak_collusion_investigation(saveas)_remove_unicode_fonts.pdf	lopdf-0.45.0	ok	6	3179	-1	13	
corrupted/saveas/text/confidential_doc_leak_collusion_investigation(saveas)_remove_unicode_fonts.pdf	pdfrum-0.4.0	ok	6	3938	735	42	
corrupted/saveas/text/confidential_doc_leak_collusion_investigation(saveas)_remove_unicode_fonts.pdf	hayro-syntax-0.8.0	ok	6	-1	-1	0	
corrupted/saveas/text/confidential_doc_leak_collusion_investigation(saveas)_stream_zlib.pdf	lopdf-0.45.0	ok	6	3284	-1	13	
corrupted/saveas/text/confidential_doc_leak_collusion_investigation(saveas)_stream_zlib.pdf	pdfrum-0.4.0	ok	6	3812	653	22	
corrupted/saveas/text/confidential_doc_leak_collusion_investigation(saveas)_stream_zlib.pdf	hayro-syntax-0.8.0	ok	6	-1	-1	1	
corrupted/saveas/text/confidential_doc_leak_collusion_investigation(saveas)_trailer.pdf	lopdf-0.45.0	ok	6	3999	-1	13	
corrupted/saveas/text/confidential_doc_leak_collusion_investigation(saveas)_trailer.pdf	pdfrum-0.4.0	ok	6	3999	385	25	
corrupted/saveas/text/confidential_doc_leak_collusion_investigation(saveas)_trailer.pdf	hayro-syntax-0.8.0	ok	6	-1	-1	2	
corrupted/saveas/text/confidential_doc_leak_collusion_investigation(saveas)_xref.pdf	lopdf-0.45.0	ok	6	3999	-1	12	
corrupted/saveas/text/confidential_doc_leak_collusion_investigation(saveas)_xref.pdf	pdfrum-0.4.0	ok	6	3999	385	21	
corrupted/saveas/text/confidential_doc_leak_collusion_investigation(saveas)_xref.pdf	hayro-syntax-0.8.0	ok	6	-1	-1	1	
corrupted/saveas/text/digital_data_security_guidelines(saveas)_font_mapping_loss.pdf	lopdf-0.45.0	ok	6	0	-1	17	
corrupted/saveas/text/digital_data_security_guidelines(saveas)_font_mapping_loss.pdf	pdfrum-0.4.0	ok	6	8387	1448	75	
corrupted/saveas/text/digital_data_security_guidelines(saveas)_font_mapping_loss.pdf	hayro-syntax-0.8.0	ok	6	-1	-1	1	
corrupted/saveas/text/digital_data_security_guidelines(saveas)_header.pdf	lopdf-0.45.0	err	0	0	-1	0	couldn't parse input
corrupted/saveas/text/digital_data_security_guidelines(saveas)_header.pdf	pdfrum-0.4.0	err	0	0	-1	0	cannot open document: not a PDF file
corrupted/saveas/text/digital_data_security_guidelines(saveas)_header.pdf	hayro-syntax-0.8.0	ok	6	-1	-1	0	
corrupted/saveas/text/digital_data_security_guidelines(saveas)_object_header.pdf	lopdf-0.45.0	err	0	0	-1	1	couldn't parse input
corrupted/saveas/text/digital_data_security_guidelines(saveas)_object_header.pdf	pdfrum-0.4.0	err	0	0	-1	0	cannot open document: damaged beyond recovery: no document catalog
corrupted/saveas/text/digital_data_security_guidelines(saveas)_object_header.pdf	hayro-syntax-0.8.0	err	0	0	-1	1	Invalid
corrupted/saveas/text/digital_data_security_guidelines(saveas)_page_tree.pdf	lopdf-0.45.0	ok	0	0	-1	6	
corrupted/saveas/text/digital_data_security_guidelines(saveas)_page_tree.pdf	pdfrum-0.4.0	err	0	0	-1	0	cannot open document: damaged beyond recovery: no document catalog
corrupted/saveas/text/digital_data_security_guidelines(saveas)_page_tree.pdf	hayro-syntax-0.8.0	err	0	0	-1	1	Invalid
corrupted/saveas/text/digital_data_security_guidelines(saveas)_partial_cut.pdf	lopdf-0.45.0	err	0	0	-1	0	failed parsing cross reference table
corrupted/saveas/text/digital_data_security_guidelines(saveas)_partial_cut.pdf	pdfrum-0.4.0	err	0	0	-1	0	cannot open document: damaged beyond recovery: no usable cross-reference information
corrupted/saveas/text/digital_data_security_guidelines(saveas)_partial_cut.pdf	hayro-syntax-0.8.0	ok	6	-1	-1	1	
corrupted/saveas/text/digital_data_security_guidelines(saveas)_remove_fonts.pdf	lopdf-0.45.0	ok	6	7199	-1	19	
corrupted/saveas/text/digital_data_security_guidelines(saveas)_remove_fonts.pdf	pdfrum-0.4.0	ok	6	7193	699	42	
corrupted/saveas/text/digital_data_security_guidelines(saveas)_remove_fonts.pdf	hayro-syntax-0.8.0	ok	6	-1	-1	0	
corrupted/saveas/text/digital_data_security_guidelines(saveas)_remove_unicode_fonts.pdf	lopdf-0.45.0	ok	6	5627	-1	18	
corrupted/saveas/text/digital_data_security_guidelines(saveas)_remove_unicode_fonts.pdf	pdfrum-0.4.0	ok	6	6966	1196	39	
corrupted/saveas/text/digital_data_security_guidelines(saveas)_remove_unicode_fonts.pdf	hayro-syntax-0.8.0	ok	6	-1	-1	0	
corrupted/saveas/text/digital_data_security_guidelines(saveas)_stream_zlib.pdf	lopdf-0.45.0	ok	6	4453	-1	15	
corrupted/saveas/text/digital_data_security_guidelines(saveas)_stream_zlib.pdf	pdfrum-0.4.0	ok	6	4074	662	22	
corrupted/saveas/text/digital_data_security_guidelines(saveas)_stream_zlib.pdf	hayro-syntax-0.8.0	ok	6	-1	-1	0	
corrupted/saveas/text/digital_data_security_guidelines(saveas)_trailer.pdf	lopdf-0.45.0	ok	6	7199	-1	19	
corrupted/saveas/text/digital_data_security_guidelines(saveas)_trailer.pdf	pdfrum-0.4.0	ok	6	7199	696	28	
corrupted/saveas/text/digital_data_security_guidelines(saveas)_trailer.pdf	hayro-syntax-0.8.0	ok	6	-1	-1	2	
corrupted/saveas/text/digital_data_security_guidelines(saveas)_xref.pdf	lopdf-0.45.0	ok	6	7199	-1	19	
corrupted/saveas/text/digital_data_security_guidelines(saveas)_xref.pdf	pdfrum-0.4.0	ok	6	7199	696	29	
corrupted/saveas/text/digital_data_security_guidelines(saveas)_xref.pdf	hayro-syntax-0.8.0	ok	6	-1	-1	1	
corrupted/saveas/text/educational_technology_elearning_safety_guidelines_multilang(saveas)_font_mapping_loss.pdf	lopdf-0.45.0	ok	6	0	-1	26	
corrupted/saveas/text/educational_technology_elearning_safety_guidelines_multilang(saveas)_font_mapping_loss.pdf	pdfrum-0.4.0	ok	6	8416	2003	82	
corrupted/saveas/text/educational_technology_elearning_safety_guidelines_multilang(saveas)_font_mapping_loss.pdf	hayro-syntax-0.8.0	ok	6	-1	-1	2	
corrupted/saveas/text/educational_technology_elearning_safety_guidelines_multilang(saveas)_header.pdf	lopdf-0.45.0	err	0	0	-1	0	couldn't parse input
corrupted/saveas/text/educational_technology_elearning_safety_guidelines_multilang(saveas)_header.pdf	pdfrum-0.4.0	err	0	0	-1	0	cannot open document: not a PDF file
corrupted/saveas/text/educational_technology_elearning_safety_guidelines_multilang(saveas)_header.pdf	hayro-syntax-0.8.0	ok	6	-1	-1	0	
corrupted/saveas/text/educational_technology_elearning_safety_guidelines_multilang(saveas)_object_header.pdf	lopdf-0.45.0	err	0	0	-1	1	couldn't parse input
corrupted/saveas/text/educational_technology_elearning_safety_guidelines_multilang(saveas)_object_header.pdf	pdfrum-0.4.0	err	0	0	-1	0	cannot open document: damaged beyond recovery: no document catalog
corrupted/saveas/text/educational_technology_elearning_safety_guidelines_multilang(saveas)_object_header.pdf	hayro-syntax-0.8.0	err	0	0	-1	2	Invalid
corrupted/saveas/text/educational_technology_elearning_safety_guidelines_multilang(saveas)_page_tree.pdf	lopdf-0.45.0	ok	0	0	-1	4	
corrupted/saveas/text/educational_technology_elearning_safety_guidelines_multilang(saveas)_page_tree.pdf	pdfrum-0.4.0	err	0	0	-1	0	cannot open document: damaged beyond recovery: no document catalog
corrupted/saveas/text/educational_technology_elearning_safety_guidelines_multilang(saveas)_page_tree.pdf	hayro-syntax-0.8.0	err	0	0	-1	1	Invalid
corrupted/saveas/text/educational_technology_elearning_safety_guidelines_multilang(saveas)_partial_cut.pdf	lopdf-0.45.0	err	0	0	-1	0	failed parsing cross reference table
corrupted/saveas/text/educational_technology_elearning_safety_guidelines_multilang(saveas)_partial_cut.pdf	pdfrum-0.4.0	err	0	0	-1	0	cannot open document: damaged beyond recovery: no usable cross-reference information
corrupted/saveas/text/educational_technology_elearning_safety_guidelines_multilang(saveas)_partial_cut.pdf	hayro-syntax-0.8.0	ok	6	-1	-1	1	
corrupted/saveas/text/educational_technology_elearning_safety_guidelines_multilang(saveas)_remove_fonts.pdf	lopdf-0.45.0	ok	6	7485	-1	20	
corrupted/saveas/text/educational_technology_elearning_safety_guidelines_multilang(saveas)_remove_fonts.pdf	pdfrum-0.4.0	ok	6	7476	741	44	
corrupted/saveas/text/educational_technology_elearning_safety_guidelines_multilang(saveas)_remove_fonts.pdf	hayro-syntax-0.8.0	ok	6	-1	-1	0	
corrupted/saveas/text/educational_technology_elearning_safety_guidelines_multilang(saveas)_remove_unicode_fonts.pdf	lopdf-0.45.0	ok	6	5907	-1	21	
corrupted/saveas/text/educational_technology_elearning_safety_guidelines_multilang(saveas)_remove_unicode_fonts.pdf	pdfrum-0.4.0	ok	6	7213	1250	70	
corrupted/saveas/text/educational_technology_elearning_safety_guidelines_multilang(saveas)_remove_unicode_fonts.pdf	hayro-syntax-0.8.0	ok	6	-1	-1	0	
corrupted/saveas/text/educational_technology_elearning_safety_guidelines_multilang(saveas)_stream_zlib.pdf	lopdf-0.45.0	ok	6	4985	-1	17	
corrupted/saveas/text/educational_technology_elearning_safety_guidelines_multilang(saveas)_stream_zlib.pdf	pdfrum-0.4.0	ok	6	6200	1169	26	
corrupted/saveas/text/educational_technology_elearning_safety_guidelines_multilang(saveas)_stream_zlib.pdf	hayro-syntax-0.8.0	ok	6	-1	-1	0	
corrupted/saveas/text/educational_technology_elearning_safety_guidelines_multilang(saveas)_trailer.pdf	lopdf-0.45.0	ok	6	7485	-1	21	
corrupted/saveas/text/educational_technology_elearning_safety_guidelines_multilang(saveas)_trailer.pdf	pdfrum-0.4.0	ok	6	7485	734	28	
corrupted/saveas/text/educational_technology_elearning_safety_guidelines_multilang(saveas)_trailer.pdf	hayro-syntax-0.8.0	ok	6	-1	-1	2	
corrupted/saveas/text/educational_technology_elearning_safety_guidelines_multilang(saveas)_xref.pdf	lopdf-0.45.0	ok	6	7485	-1	19	
corrupted/saveas/text/educational_technology_elearning_safety_guidelines_multilang(saveas)_xref.pdf	pdfrum-0.4.0	ok	6	7485	734	28	
corrupted/saveas/text/educational_technology_elearning_safety_guidelines_multilang(saveas)_xref.pdf	hayro-syntax-0.8.0	ok	6	-1	-1	1	
corrupted/saveas/text/global_cloud_datacenter_cooling_failure_report(saveas)_font_mapping_loss.pdf	lopdf-0.45.0	ok	6	0	-1	9	
corrupted/saveas/text/global_cloud_datacenter_cooling_failure_report(saveas)_font_mapping_loss.pdf	pdfrum-0.4.0	ok	6	3197	796	37	
corrupted/saveas/text/global_cloud_datacenter_cooling_failure_report(saveas)_font_mapping_loss.pdf	hayro-syntax-0.8.0	ok	6	-1	-1	1	
corrupted/saveas/text/global_cloud_datacenter_cooling_failure_report(saveas)_header.pdf	lopdf-0.45.0	err	0	0	-1	0	couldn't parse input
corrupted/saveas/text/global_cloud_datacenter_cooling_failure_report(saveas)_header.pdf	pdfrum-0.4.0	err	0	0	-1	0	cannot open document: not a PDF file
corrupted/saveas/text/global_cloud_datacenter_cooling_failure_report(saveas)_header.pdf	hayro-syntax-0.8.0	ok	6	-1	-1	0	
corrupted/saveas/text/global_cloud_datacenter_cooling_failure_report(saveas)_object_header.pdf	lopdf-0.45.0	err	0	0	-1	1	couldn't parse input
corrupted/saveas/text/global_cloud_datacenter_cooling_failure_report(saveas)_object_header.pdf	pdfrum-0.4.0	err	0	0	-1	0	cannot open document: damaged beyond recovery: no document catalog
corrupted/saveas/text/global_cloud_datacenter_cooling_failure_report(saveas)_object_header.pdf	hayro-syntax-0.8.0	err	0	0	-1	1	Invalid
corrupted/saveas/text/global_cloud_datacenter_cooling_failure_report(saveas)_page_tree.pdf	lopdf-0.45.0	ok	0	0	-1	3	
corrupted/saveas/text/global_cloud_datacenter_cooling_failure_report(saveas)_page_tree.pdf	pdfrum-0.4.0	err	0	0	-1	0	cannot open document: damaged beyond recovery: no document catalog
corrupted/saveas/text/global_cloud_datacenter_cooling_failure_report(saveas)_page_tree.pdf	hayro-syntax-0.8.0	err	0	0	-1	1	Invalid
corrupted/saveas/text/global_cloud_datacenter_cooling_failure_report(saveas)_partial_cut.pdf	lopdf-0.45.0	err	0	0	-1	0	failed parsing cross reference table
corrupted/saveas/text/global_cloud_datacenter_cooling_failure_report(saveas)_partial_cut.pdf	pdfrum-0.4.0	err	0	0	-1	0	cannot open document: damaged beyond recovery: no usable cross-reference information
corrupted/saveas/text/global_cloud_datacenter_cooling_failure_report(saveas)_partial_cut.pdf	hayro-syntax-0.8.0	ok	6	-1	-1	1	
corrupted/saveas/text/global_cloud_datacenter_cooling_failure_report(saveas)_remove_fonts.pdf	lopdf-0.45.0	ok	6	2761	-1	10	
corrupted/saveas/text/global_cloud_datacenter_cooling_failure_report(saveas)_remove_fonts.pdf	pdfrum-0.4.0	ok	6	2754	306	42	
corrupted/saveas/text/global_cloud_datacenter_cooling_failure_report(saveas)_remove_fonts.pdf	hayro-syntax-0.8.0	ok	6	-1	-1	0	
corrupted/saveas/text/global_cloud_datacenter_cooling_failure_report(saveas)_remove_unicode_fonts.pdf	lopdf-0.45.0	ok	6	2292	-1	10	
corrupted/saveas/text/global_cloud_datacenter_cooling_failure_report(saveas)_remove_unicode_fonts.pdf	pdfrum-0.4.0	ok	6	2722	524	33	
corrupted/saveas/text/global_cloud_datacenter_cooling_failure_report(saveas)_remove_unicode_fonts.pdf	hayro-syntax-0.8.0	ok	6	-1	-1	0	
corrupted/saveas/text/global_cloud_datacenter_cooling_failure_report(saveas)_stream_zlib.pdf	lopdf-0.45.0	ok	6	2713	-1	9	
corrupted/saveas/text/global_cloud_datacenter_cooling_failure_report(saveas)_stream_zlib.pdf	pdfrum-0.4.0	ok	6	2762	350	21	
corrupted/saveas/text/global_cloud_datacenter_cooling_failure_report(saveas)_stream_zlib.pdf	hayro-syntax-0.8.0	ok	6	-1	-1	2	
corrupted/saveas/text/global_cloud_datacenter_cooling_failure_report(saveas)_trailer.pdf	lopdf-0.45.0	ok	6	2761	-1	10	
corrupted/saveas/text/global_cloud_datacenter_cooling_failure_report(saveas)_trailer.pdf	pdfrum-0.4.0	ok	6	2761	304	22	
corrupted/saveas/text/global_cloud_datacenter_cooling_failure_report(saveas)_trailer.pdf	hayro-syntax-0.8.0	ok	6	-1	-1	2	
corrupted/saveas/text/global_cloud_datacenter_cooling_failure_report(saveas)_xref.pdf	lopdf-0.45.0	ok	6	2761	-1	17	
corrupted/saveas/text/global_cloud_datacenter_cooling_failure_report(saveas)_xref.pdf	pdfrum-0.4.0	ok	6	2761	304	22	
corrupted/saveas/text/global_cloud_datacenter_cooling_failure_report(saveas)_xref.pdf	hayro-syntax-0.8.0	ok	6	-1	-1	1	
corrupted/saveas/text/green_energy_sustainable_living_guidelines_multilang(saveas)_font_mapping_loss.pdf	lopdf-0.45.0	ok	6	0	-1	16	
corrupted/saveas/text/green_energy_sustainable_living_guidelines_multilang(saveas)_font_mapping_loss.pdf	pdfrum-0.4.0	ok	6	6978	1773	70	
corrupted/saveas/text/green_energy_sustainable_living_guidelines_multilang(saveas)_font_mapping_loss.pdf	hayro-syntax-0.8.0	ok	6	-1	-1	1	
corrupted/saveas/text/green_energy_sustainable_living_guidelines_multilang(saveas)_header.pdf	lopdf-0.45.0	err	0	0	-1	0	couldn't parse input
corrupted/saveas/text/green_energy_sustainable_living_guidelines_multilang(saveas)_header.pdf	pdfrum-0.4.0	err	0	0	-1	0	cannot open document: not a PDF file
corrupted/saveas/text/green_energy_sustainable_living_guidelines_multilang(saveas)_header.pdf	hayro-syntax-0.8.0	ok	6	-1	-1	0	
corrupted/saveas/text/green_energy_sustainable_living_guidelines_multilang(saveas)_object_header.pdf	lopdf-0.45.0	err	0	0	-1	0	couldn't parse input
corrupted/saveas/text/green_energy_sustainable_living_guidelines_multilang(saveas)_object_header.pdf	pdfrum-0.4.0	err	0	0	-1	0	cannot open document: damaged beyond recovery: no document catalog
corrupted/saveas/text/green_energy_sustainable_living_guidelines_multilang(saveas)_object_header.pdf	hayro-syntax-0.8.0	err	0	0	-1	1	Invalid
corrupted/saveas/text/green_energy_sustainable_living_guidelines_multilang(saveas)_page_tree.pdf	lopdf-0.45.0	ok	0	0	-1	4	
corrupted/saveas/text/green_energy_sustainable_living_guidelines_multilang(saveas)_page_tree.pdf	pdfrum-0.4.0	err	0	0	-1	0	cannot open document: damaged beyond recovery: no document catalog
corrupted/saveas/text/green_energy_sustainable_living_guidelines_multilang(saveas)_page_tree.pdf	hayro-syntax-0.8.0	err	0	0	-1	1	Invalid
corrupted/saveas/text/green_energy_sustainable_living_guidelines_multilang(saveas)_partial_cut.pdf	lopdf-0.45.0	err	0	0	-1	0	failed parsing cross reference table
corrupted/saveas/text/green_energy_sustainable_living_guidelines_multilang(saveas)_partial_cut.pdf	pdfrum-0.4.0	err	0	0	-1	0	cannot open document: damaged beyond recovery: no usable cross-reference information
corrupted/saveas/text/green_energy_sustainable_living_guidelines_multilang(saveas)_partial_cut.pdf	hayro-syntax-0.8.0	ok	6	-1	-1	1	
corrupted/saveas/text/green_energy_sustainable_living_guidelines_multilang(saveas)_remove_fonts.pdf	lopdf-0.45.0	ok	6	5843	-1	18	
corrupted/saveas/text/green_energy_sustainable_living_guidelines_multilang(saveas)_remove_fonts.pdf	pdfrum-0.4.0	ok	6	5827	651	44	
corrupted/saveas/text/green_energy_sustainable_living_guidelines_multilang(saveas)_remove_fonts.pdf	hayro-syntax-0.8.0	ok	6	-1	-1	0	
corrupted/saveas/text/green_energy_sustainable_living_guidelines_multilang(saveas)_remove_unicode_fonts.pdf	lopdf-0.45.0	ok	6	4705	-1	19	
corrupted/saveas/text/green_energy_sustainable_living_guidelines_multilang(saveas)_remove_unicode_fonts.pdf	pdfrum-0.4.0	ok	6	5747	1091	46	
corrupted/saveas/text/green_energy_sustainable_living_guidelines_multilang(saveas)_remove_unicode_fonts.pdf	hayro-syntax-0.8.0	ok	6	-1	-1	0	
corrupted/saveas/text/green_energy_sustainable_living_guidelines_multilang(saveas)_stream_zlib.pdf	lopdf-0.45.0	ok	6	5171	-1	16	
corrupted/saveas/text/green_energy_sustainable_living_guidelines_multilang(saveas)_stream_zlib.pdf	pdfrum-0.4.0	ok	6	4810	865	26	
corrupted/saveas/text/green_energy_sustainable_living_guidelines_multilang(saveas)_stream_zlib.pdf	hayro-syntax-0.8.0	ok	6	-1	-1	0	
corrupted/saveas/text/green_energy_sustainable_living_guidelines_multilang(saveas)_trailer.pdf	lopdf-0.45.0	ok	6	5843	-1	20	
corrupted/saveas/text/green_energy_sustainable_living_guidelines_multilang(saveas)_trailer.pdf	pdfrum-0.4.0	ok	6	5843	641	27	
corrupted/saveas/text/green_energy_sustainable_living_guidelines_multilang(saveas)_trailer.pdf	hayro-syntax-0.8.0	ok	6	-1	-1	2	
corrupted/saveas/text/green_energy_sustainable_living_guidelines_multilang(saveas)_xref.pdf	lopdf-0.45.0	ok	6	5843	-1	18	
corrupted/saveas/text/green_energy_sustainable_living_guidelines_multilang(saveas)_xref.pdf	pdfrum-0.4.0	ok	6	5843	641	27	
corrupted/saveas/text/green_energy_sustainable_living_guidelines_multilang(saveas)_xref.pdf	hayro-syntax-0.8.0	ok	6	-1	-1	1	
corrupted/saveas/text/health_wellbeing_digital_age_guidelines_multilang(saveas)_font_mapping_loss.pdf	lopdf-0.45.0	ok	6	0	-1	17	
corrupted/saveas/text/health_wellbeing_digital_age_guidelines_multilang(saveas)_font_mapping_loss.pdf	pdfrum-0.4.0	ok	6	7986	1521	76	
corrupted/saveas/text/health_wellbeing_digital_age_guidelines_multilang(saveas)_font_mapping_loss.pdf	hayro-syntax-0.8.0	ok	6	-1	-1	1	
corrupted/saveas/text/health_wellbeing_digital_age_guidelines_multilang(saveas)_header.pdf	lopdf-0.45.0	err	0	0	-1	0	couldn't parse input
corrupted/saveas/text/health_wellbeing_digital_age_guidelines_multilang(saveas)_header.pdf	pdfrum-0.4.0	err	0	0	-1	0	cannot open document: not a PDF file
corrupted/saveas/text/health_wellbeing_digital_age_guidelines_multilang(saveas)_header.pdf	hayro-syntax-0.8.0	ok	6	-1	-1	0	
corrupted/saveas/text/health_wellbeing_digital_age_guidelines_multilang(saveas)_object_header.pdf	lopdf-0.45.0	err	0	0	-1	0	couldn't parse input
corrupted/saveas/text/health_wellbeing_digital_age_guidelines_multilang(saveas)_object_header.pdf	pdfrum-0.4.0	err	0	0	-1	0	cannot open document: damaged beyond recovery: no document catalog
corrupted/saveas/text/health_wellbeing_digital_age_guidelines_multilang(saveas)_object_header.pdf	hayro-syntax-0.8.0	err	0	0	-1	1	Invalid
corrupted/saveas/text/health_wellbeing_digital_age_guidelines_multilang(saveas)_page_tree.pdf	lopdf-0.45.0	ok	0	0	-1	3	
corrupted/saveas/text/health_wellbeing_digital_age_guidelines_multilang(saveas)_page_tree.pdf	pdfrum-0.4.0	err	0	0	-1	0	cannot open document: damaged beyond recovery: no document catalog
corrupted/saveas/text/health_wellbeing_digital_age_guidelines_multilang(saveas)_page_tree.pdf	hayro-syntax-0.8.0	err	0	0	-1	1	Invalid
corrupted/saveas/text/health_wellbeing_digital_age_guidelines_multilang(saveas)_partial_cut.pdf	lopdf-0.45.0	err	0	0	-1	0	failed parsing cross reference table
corrupted/saveas/text/health_wellbeing_digital_age_guidelines_multilang(saveas)_partial_cut.pdf	pdfrum-0.4.0	err	0	0	-1	0	cannot open document: damaged beyond recovery: no usable cross-reference information
corrupted/saveas/text/health_wellbeing_digital_age_guidelines_multilang(saveas)_partial_cut.pdf	hayro-syntax-0.8.0	ok	6	-1	-1	1	
corrupted/saveas/text/health_wellbeing_digital_age_guidelines_multilang(saveas)_remove_fonts.pdf	lopdf-0.45.0	ok	6	6231	-1	29	
corrupted/saveas/text/health_wellbeing_digital_age_guidelines_multilang(saveas)_remove_fonts.pdf	pdfrum-0.4.0	ok	6	6225	679	48	
corrupted/saveas/text/health_wellbeing_digital_age_guidelines_multilang(saveas)_remove_fonts.pdf	hayro-syntax-0.8.0	ok	6	-1	-1	0	
corrupted/saveas/text/health_wellbeing_digital_age_guidelines_multilang(saveas)_remove_unicode_fonts.pdf	lopdf-0.45.0	ok	6	5397	-1	18	
corrupted/saveas/text/health_wellbeing_digital_age_guidelines_multilang(saveas)_remove_unicode_fonts.pdf	pdfrum-0.4.0	ok	6	6139	1148	31	
corrupted/saveas/text/health_wellbeing_digital_age_guidelines_multilang(saveas)_remove_unicode_fonts.pdf	hayro-syntax-0.8.0	ok	6	-1	-1	0	
corrupted/saveas/text/health_wellbeing_digital_age_guidelines_multilang(saveas)_stream_zlib.pdf	lopdf-0.45.0	ok	6	5266	-1	12	
corrupted/saveas/text/health_wellbeing_digital_age_guidelines_multilang(saveas)_stream_zlib.pdf	pdfrum-0.4.0	ok	6	5516	749	19	
corrupted/saveas/text/health_wellbeing_digital_age_guidelines_multilang(saveas)_stream_zlib.pdf	hayro-syntax-0.8.0	ok	6	-1	-1	1	
corrupted/saveas/text/health_wellbeing_digital_age_guidelines_multilang(saveas)_trailer.pdf	lopdf-0.45.0	ok	6	6231	-1	17	
corrupted/saveas/text/health_wellbeing_digital_age_guidelines_multilang(saveas)_trailer.pdf	pdfrum-0.4.0	ok	6	6231	675	21	
corrupted/saveas/text/health_wellbeing_digital_age_guidelines_multilang(saveas)_trailer.pdf	hayro-syntax-0.8.0	ok	6	-1	-1	1	
corrupted/saveas/text/health_wellbeing_digital_age_guidelines_multilang(saveas)_xref.pdf	lopdf-0.45.0	ok	6	6231	-1	18	
corrupted/saveas/text/health_wellbeing_digital_age_guidelines_multilang(saveas)_xref.pdf	pdfrum-0.4.0	ok	6	6231	675	22	
corrupted/saveas/text/health_wellbeing_digital_age_guidelines_multilang(saveas)_xref.pdf	hayro-syntax-0.8.0	ok	6	-1	-1	1	
corrupted/saveas/text/illegal_item_trading_money_laundering_in_games(saveas)_font_mapping_loss.pdf	lopdf-0.45.0	ok	6	0	-1	11	
corrupted/saveas/text/illegal_item_trading_money_laundering_in_games(saveas)_font_mapping_loss.pdf	pdfrum-0.4.0	ok	6	4570	1251	44	
corrupted/saveas/text/illegal_item_trading_money_laundering_in_games(saveas)_font_mapping_loss.pdf	hayro-syntax-0.8.0	ok	6	-1	-1	1	
corrupted/saveas/text/illegal_item_trading_money_laundering_in_games(saveas)_header.pdf	lopdf-0.45.0	err	0	0	-1	0	couldn't parse input
corrupted/saveas/text/illegal_item_trading_money_laundering_in_games(saveas)_header.pdf	pdfrum-0.4.0	err	0	0	-1	0	cannot open document: not a PDF file
corrupted/saveas/text/illegal_item_trading_money_laundering_in_games(saveas)_header.pdf	hayro-syntax-0.8.0	ok	6	-1	-1	0	
corrupted/saveas/text/illegal_item_trading_money_laundering_in_games(saveas)_object_header.pdf	lopdf-0.45.0	err	0	0	-1	1	couldn't parse input
corrupted/saveas/text/illegal_item_trading_money_laundering_in_games(saveas)_object_header.pdf	pdfrum-0.4.0	err	0	0	-1	0	cannot open document: damaged beyond recovery: no document catalog
corrupted/saveas/text/illegal_item_trading_money_laundering_in_games(saveas)_object_header.pdf	hayro-syntax-0.8.0	err	0	0	-1	1	Invalid
corrupted/saveas/text/illegal_item_trading_money_laundering_in_games(saveas)_page_tree.pdf	lopdf-0.45.0	ok	0	0	-1	4	
corrupted/saveas/text/illegal_item_trading_money_laundering_in_games(saveas)_page_tree.pdf	pdfrum-0.4.0	err	0	0	-1	0	cannot open document: damaged beyond recovery: no document catalog
corrupted/saveas/text/illegal_item_trading_money_laundering_in_games(saveas)_page_tree.pdf	hayro-syntax-0.8.0	err	0	0	-1	1	Invalid
corrupted/saveas/text/illegal_item_trading_money_laundering_in_games(saveas)_partial_cut.pdf	lopdf-0.45.0	err	0	0	-1	0	failed parsing cross reference table
corrupted/saveas/text/illegal_item_trading_money_laundering_in_games(saveas)_partial_cut.pdf	pdfrum-0.4.0	err	0	0	-1	0	cannot open document: damaged beyond recovery: no usable cross-reference information
corrupted/saveas/text/illegal_item_trading_money_laundering_in_games(saveas)_partial_cut.pdf	hayro-syntax-0.8.0	ok	6	-1	-1	1	
corrupted/saveas/text/illegal_item_trading_money_laundering_in_games(saveas)_remove_fonts.pdf	lopdf-0.45.0	ok	6	3736	-1	12	
corrupted/saveas/text/illegal_item_trading_money_laundering_in_games(saveas)_remove_fonts.pdf	pdfrum-0.4.0	ok	6	3726	401	44	
corrupted/saveas/text/illegal_item_trading_money_laundering_in_games(saveas)_remove_fonts.pdf	hayro-syntax-0.8.0	ok	6	-1	-1	0	
corrupted/saveas/text/illegal_item_trading_money_laundering_in_games(saveas)_remove_unicode_fonts.pdf	lopdf-0.45.0	ok	6	2902	-1	16	
corrupted/saveas/text/illegal_item_trading_money_laundering_in_games(saveas)_remove_unicode_fonts.pdf	pdfrum-0.4.0	ok	6	3701	725	57	
corrupted/saveas/text/illegal_item_trading_money_laundering_in_games(saveas)_remove_unicode_fonts.pdf	hayro-syntax-0.8.0	ok	6	-1	-1	0	
corrupted/saveas/text/illegal_item_trading_money_laundering_in_games(saveas)_stream_zlib.pdf	lopdf-0.45.0	ok	6	3083	-1	16	
corrupted/saveas/text/illegal_item_trading_money_laundering_in_games(saveas)_stream_zlib.pdf	pdfrum-0.4.0	ok	6	3019	404	28	
corrupted/saveas/text/illegal_item_trading_money_laundering_in_games(saveas)_stream_zlib.pdf	hayro-syntax-0.8.0	ok	6	-1	-1	0	
corrupted/saveas/text/illegal_item_trading_money_laundering_in_games(saveas)_trailer.pdf	lopdf-0.45.0	ok	6	3736	-1	18	
corrupted/saveas/text/illegal_item_trading_money_laundering_in_games(saveas)_trailer.pdf	pdfrum-0.4.0	ok	6	3736	396	33	
corrupted/saveas/text/illegal_item_trading_money_laundering_in_games(saveas)_trailer.pdf	hayro-syntax-0.8.0	ok	6	-1	-1	3	
corrupted/saveas/text/illegal_item_trading_money_laundering_in_games(saveas)_xref.pdf	lopdf-0.45.0	ok	6	3736	-1	17	
corrupted/saveas/text/illegal_item_trading_money_laundering_in_games(saveas)_xref.pdf	pdfrum-0.4.0	ok	6	3736	396	33	
corrupted/saveas/text/illegal_item_trading_money_laundering_in_games(saveas)_xref.pdf	hayro-syntax-0.8.0	ok	6	-1	-1	2	
corrupted/saveas/text/messenger_app_data_misuse_investigation(saveas)_font_mapping_loss.pdf	lopdf-0.45.0	ok	6	0	-1	13	
corrupted/saveas/text/messenger_app_data_misuse_investigation(saveas)_font_mapping_loss.pdf	pdfrum-0.4.0	ok	6	3993	909	59	
corrupted/saveas/text/messenger_app_data_misuse_investigation(saveas)_font_mapping_loss.pdf	hayro-syntax-0.8.0	ok	6	-1	-1	1	
corrupted/saveas/text/messenger_app_data_misuse_investigation(saveas)_header.pdf	lopdf-0.45.0	err	0	0	-1	0	couldn't parse input
corrupted/saveas/text/messenger_app_data_misuse_investigation(saveas)_header.pdf	pdfrum-0.4.0	err	0	0	-1	0	cannot open document: not a PDF file
corrupted/saveas/text/messenger_app_data_misuse_investigation(saveas)_header.pdf	hayro-syntax-0.8.0	ok	6	-1	-1	0	
corrupted/saveas/text/messenger_app_data_misuse_investigation(saveas)_object_header.pdf	lopdf-0.45.0	err	0	0	-1	0	couldn't parse input
corrupted/saveas/text/messenger_app_data_misuse_investigation(saveas)_object_header.pdf	pdfrum-0.4.0	err	0	0	-1	0	cannot open document: damaged beyond recovery: no document catalog
corrupted/saveas/text/messenger_app_data_misuse_investigation(saveas)_object_header.pdf	hayro-syntax-0.8.0	err	0	0	-1	1	Invalid
corrupted/saveas/text/messenger_app_data_misuse_investigation(saveas)_page_tree.pdf	lopdf-0.45.0	ok	0	0	-1	3	
corrupted/saveas/text/messenger_app_data_misuse_investigation(saveas)_page_tree.pdf	pdfrum-0.4.0	err	0	0	-1	0	cannot open document: damaged beyond recovery: no document catalog
corrupted/saveas/text/messenger_app_data_misuse_investigation(saveas)_page_tree.pdf	hayro-syntax-0.8.0	err	0	0	-1	1	Invalid
corrupted/saveas/text/messenger_app_data_misuse_investigation(saveas)_partial_cut.pdf	lopdf-0.45.0	err	0	0	-1	0	failed parsing cross reference table
corrupted/saveas/text/messenger_app_data_misuse_investigation(saveas)_partial_cut.pdf	pdfrum-0.4.0	err	0	0	-1	0	cannot open document: damaged beyond recovery: no usable cross-reference information
corrupted/saveas/text/messenger_app_data_misuse_investigation(saveas)_partial_cut.pdf	hayro-syntax-0.8.0	ok	6	-1	-1	1	
corrupted/saveas/text/messenger_app_data_misuse_investigation(saveas)_remove_fonts.pdf	lopdf-0.45.0	ok	6	3396	-1	10	
corrupted/saveas/text/messenger_app_data_misuse_investigation(saveas)_remove_fonts.pdf	pdfrum-0.4.0	ok	6	3396	318	32	
corrupted/saveas/text/messenger_app_data_misuse_investigation(saveas)_remove_fonts.pdf	hayro-syntax-0.8.0	ok	6	-1	-1	0	
corrupted/saveas/text/messenger_app_data_misuse_investigation(saveas)_remove_unicode_fonts.pdf	lopdf-0.45.0	ok	6	2817	-1	9	
corrupted/saveas/text/messenger_app_data_misuse_investigation(saveas)_remove_unicode_fonts.pdf	pdfrum-0.4.0	ok	6	3334	549	30	
corrupted/saveas/text/messenger_app_data_misuse_investigation(saveas)_remove_unicode_fonts.pdf	hayro-syntax-0.8.0	ok	6	-1	-1	0	
corrupted/saveas/text/messenger_app_data_misuse_investigation(saveas)_stream_zlib.pdf	lopdf-0.45.0	ok	6	2080	-1	7	
corrupted/saveas/text/messenger_app_data_misuse_investigation(saveas)_stream_zlib.pdf	pdfrum-0.4.0	ok	6	2401	687	15	
corrupted/saveas/text/messenger_app_data_misuse_investigation(saveas)_stream_zlib.pdf	hayro-syntax-0.8.0	ok	6	-1	-1	1	
corrupted/saveas/text/messenger_app_data_misuse_investigation(saveas)_trailer.pdf	lopdf-0.45.0	ok	6	3396	-1	11	
corrupted/saveas/text/messenger_app_data_misuse_investigation(saveas)_trailer.pdf	pdfrum-0.4.0	ok	6	3396	321	19	
corrupted/saveas/text/messenger_app_data_misuse_investigation(saveas)_trailer.pdf	hayro-syntax-0.8.0	ok	6	-1	-1	1	
corrupted/saveas/text/messenger_app_data_misuse_investigation(saveas)_xref.pdf	lopdf-0.45.0	ok	6	3396	-1	10	
corrupted/saveas/text/messenger_app_data_misuse_investigation(saveas)_xref.pdf	pdfrum-0.4.0	ok	6	3396	321	19	
corrupted/saveas/text/messenger_app_data_misuse_investigation(saveas)_xref.pdf	hayro-syntax-0.8.0	ok	6	-1	-1	1	
corrupted/saveas/text/open_source_software_contribution_guidelines_multilang(saveas)_font_mapping_loss.pdf	lopdf-0.45.0	ok	6	0	-1	21	
corrupted/saveas/text/open_source_software_contribution_guidelines_multilang(saveas)_font_mapping_loss.pdf	pdfrum-0.4.0	ok	6	8800	1712	93	
corrupted/saveas/text/open_source_software_contribution_guidelines_multilang(saveas)_font_mapping_loss.pdf	hayro-syntax-0.8.0	ok	6	-1	-1	1	
corrupted/saveas/text/open_source_software_contribution_guidelines_multilang(saveas)_header.pdf	lopdf-0.45.0	err	0	0	-1	0	couldn't parse input
corrupted/saveas/text/open_source_software_contribution_guidelines_multilang(saveas)_header.pdf	pdfrum-0.4.0	err	0	0	-1	0	cannot open document: not a PDF file
corrupted/saveas/text/open_source_software_contribution_guidelines_multilang(saveas)_header.pdf	hayro-syntax-0.8.0	ok	6	-1	-1	0	
corrupted/saveas/text/open_source_software_contribution_guidelines_multilang(saveas)_object_header.pdf	lopdf-0.45.0	err	0	0	-1	1	couldn't parse input
corrupted/saveas/text/open_source_software_contribution_guidelines_multilang(saveas)_object_header.pdf	pdfrum-0.4.0	err	0	0	-1	0	cannot open document: damaged beyond recovery: no document catalog
corrupted/saveas/text/open_source_software_contribution_guidelines_multilang(saveas)_object_header.pdf	hayro-syntax-0.8.0	err	0	0	-1	1	Invalid
corrupted/saveas/text/open_source_software_contribution_guidelines_multilang(saveas)_page_tree.pdf	lopdf-0.45.0	ok	0	0	-1	6	
corrupted/saveas/text/open_source_software_contribution_guidelines_multilang(saveas)_page_tree.pdf	pdfrum-0.4.0	err	0	0	-1	1	cannot open document: damaged beyond recovery: no document catalog
corrupted/saveas/text/open_source_software_contribution_guidelines_multilang(saveas)_page_tree.pdf	hayro-syntax-0.8.0	err	0	0	-1	1	Invalid
corrupted/saveas/text/open_source_software_contribution_guidelines_multilang(saveas)_partial_cut.pdf	lopdf-0.45.0	err	0	0	-1	0	failed parsing cross reference table
corrupted/saveas/text/open_source_software_contribution_guidelines_multilang(saveas)_partial_cut.pdf	pdfrum-0.4.0	err	0	0	-1	0	cannot open document: damaged beyond recovery: no usable cross-reference information
corrupted/saveas/text/open_source_software_contribution_guidelines_multilang(saveas)_partial_cut.pdf	hayro-syntax-0.8.0	ok	6	-1	-1	1	
corrupted/saveas/text/open_source_software_contribution_guidelines_multilang(saveas)_remove_fonts.pdf	lopdf-0.45.0	ok	6	7280	-1	26	
corrupted/saveas/text/open_source_software_contribution_guidelines_multilang(saveas)_remove_fonts.pdf	pdfrum-0.4.0	ok	6	7266	738	46	
corrupted/saveas/text/open_source_software_contribution_guidelines_multilang(saveas)_remove_fonts.pdf	hayro-syntax-0.8.0	ok	6	-1	-1	0	
corrupted/saveas/text/open_source_software_contribution_guidelines_multilang(saveas)_remove_unicode_fonts.pdf	lopdf-0.45.0	ok	6	6017	-1	19	
corrupted/saveas/text/open_source_software_contribution_guidelines_multilang(saveas)_remove_unicode_fonts.pdf	pdfrum-0.4.0	ok	6	7099	1258	44	
corrupted/saveas/text/open_source_software_contribution_guidelines_multilang(saveas)_remove_unicode_fonts.pdf	hayro-syntax-0.8.0	ok	6	-1	-1	0	
corrupted/saveas/text/open_source_software_contribution_guidelines_multilang(saveas)_stream_zlib.pdf	lopdf-0.45.0	ok	6	5972	-1	18	
corrupted/saveas/text/open_source_software_contribution_guidelines_multilang(saveas)_stream_zlib.pdf	pdfrum-0.4.0	ok	6	6831	755	25	
corrupted/saveas/text/open_source_software_contribution_guidelines_multilang(saveas)_stream_zlib.pdf	hayro-syntax-0.8.0	ok	6	-1	-1	0	
corrupted/saveas/text/open_source_software_contribution_guidelines_multilang(saveas)_trailer.pdf	lopdf-0.45.0	ok	6	7280	-1	19	
corrupted/saveas/text/open_source_software_contribution_guidelines_multilang(saveas)_trailer.pdf	pdfrum-0.4.0	ok	6	7280	731	28	
corrupted/saveas/text/open_source_software_contribution_guidelines_multilang(saveas)_trailer.pdf	hayro-syntax-0.8.0	ok	6	-1	-1	2	
corrupted/saveas/text/open_source_software_contribution_guidelines_multilang(saveas)_xref.pdf	lopdf-0.45.0	ok	6	7280	-1	19	
corrupted/saveas/text/open_source_software_contribution_guidelines_multilang(saveas)_xref.pdf	pdfrum-0.4.0	ok	6	7280	731	31	
corrupted/saveas/text/open_source_software_contribution_guidelines_multilang(saveas)_xref.pdf	hayro-syntax-0.8.0	ok	6	-1	-1	1	
corrupted/saveas/text/personal_finance_cyber_fraud_prevention_guidelines_multilang(saveas)_font_mapping_loss.pdf	lopdf-0.45.0	ok	6	0	-1	18	
corrupted/saveas/text/personal_finance_cyber_fraud_prevention_guidelines_multilang(saveas)_font_mapping_loss.pdf	pdfrum-0.4.0	ok	6	8585	2300	106	
corrupted/saveas/text/personal_finance_cyber_fraud_prevention_guidelines_multilang(saveas)_font_mapping_loss.pdf	hayro-syntax-0.8.0	ok	6	-1	-1	2	
corrupted/saveas/text/personal_finance_cyber_fraud_prevention_guidelines_multilang(saveas)_header.pdf	lopdf-0.45.0	err	0	0	-1	0	couldn't parse input
corrupted/saveas/text/personal_finance_cyber_fraud_prevention_guidelines_multilang(saveas)_header.pdf	pdfrum-0.4.0	err	0	0	-1	0	cannot open document: not a PDF file
corrupted/saveas/text/personal_finance_cyber_fraud_prevention_guidelines_multilang(saveas)_header.pdf	hayro-syntax-0.8.0	ok	6	-1	-1	0	
corrupted/saveas/text/personal_finance_cyber_fraud_prevention_guidelines_multilang(saveas)_object_header.pdf	lopdf-0.45.0	err	0	0	-1	1	couldn't parse input
corrupted/saveas/text/personal_finance_cyber_fraud_prevention_guidelines_multilang(saveas)_object_header.pdf	pdfrum-0.4.0	err	0	0	-1	1	cannot open document: damaged beyond recovery: no document catalog
corrupted/saveas/text/personal_finance_cyber_fraud_prevention_guidelines_multilang(saveas)_object_header.pdf	hayro-syntax-0.8.0	err	0	0	-1	1	Invalid
corrupted/saveas/text/personal_finance_cyber_fraud_prevention_guidelines_multilang(saveas)_page_tree.pdf	lopdf-0.45.0	ok	0	0	-1	4	
corrupted/saveas/text/personal_finance_cyber_fraud_prevention_guidelines_multilang(saveas)_page_tree.pdf	pdfrum-0.4.0	err	0	0	-1	0	cannot open document: damaged beyond recovery: no document catalog
corrupted/saveas/text/personal_finance_cyber_fraud_prevention_guidelines_multilang(saveas)_page_tree.pdf	hayro-syntax-0.8.0	err	0	0	-1	1	Invalid
corrupted/saveas/text/personal_finance_cyber_fraud_prevention_guidelines_multilang(saveas)_partial_cut.pdf	lopdf-0.45.0	err	0	0	-1	0	failed parsing cross reference table
corrupted/saveas/text/personal_finance_cyber_fraud_prevention_guidelines_multilang(saveas)_partial_cut.pdf	pdfrum-0.4.0	err	0	0	-1	0	cannot open document: damaged beyond recovery: no usable cross-reference information
corrupted/saveas/text/personal_finance_cyber_fraud_prevention_guidelines_multilang(saveas)_partial_cut.pdf	hayro-syntax-0.8.0	ok	6	-1	-1	1	
corrupted/saveas/text/personal_finance_cyber_fraud_prevention_guidelines_multilang(saveas)_remove_fonts.pdf	lopdf-0.45.0	ok	6	7445	-1	21	
corrupted/saveas/text/personal_finance_cyber_fraud_prevention_guidelines_multilang(saveas)_remove_fonts.pdf	pdfrum-0.4.0	ok	6	7428	782	44	
corrupted/saveas/text/personal_finance_cyber_fraud_prevention_guidelines_multilang(saveas)_remove_fonts.pdf	hayro-syntax-0.8.0	ok	6	-1	-1	0	
corrupted/saveas/text/personal_finance_cyber_fraud_prevention_guidelines_multilang(saveas)_remove_unicode_fonts.pdf	lopdf-0.45.0	ok	6	6136	-1	25	
corrupted/saveas/text/personal_finance_cyber_fraud_prevention_guidelines_multilang(saveas)_remove_unicode_fonts.pdf	pdfrum-0.4.0	ok	6	7221	1309	62	
corrupted/saveas/text/personal_finance_cyber_fraud_prevention_guidelines_multilang(saveas)_remove_unicode_fonts.pdf	hayro-syntax-0.8.0	ok	6	-1	-1	0	
corrupted/saveas/text/personal_finance_cyber_fraud_prevention_guidelines_multilang(saveas)_stream_zlib.pdf	lopdf-0.45.0	ok	6	4366	-1	14	
corrupted/saveas/text/personal_finance_cyber_fraud_prevention_guidelines_multilang(saveas)_stream_zlib.pdf	pdfrum-0.4.0	ok	6	3941	628	19	
corrupted/saveas/text/personal_finance_cyber_fraud_prevention_guidelines_multilang(saveas)_stream_zlib.pdf	hayro-syntax-0.8.0	ok	6	-1	-1	1	
corrupted/saveas/text/personal_finance_cyber_fraud_prevention_guidelines_multilang(saveas)_trailer.pdf	lopdf-0.45.0	ok	6	7445	-1	21	
corrupted/saveas/text/personal_finance_cyber_fraud_prevention_guidelines_multilang(saveas)_trailer.pdf	pdfrum-0.4.0	ok	6	7445	773	30	
corrupted/saveas/text/personal_finance_cyber_fraud_prevention_guidelines_multilang(saveas)_trailer.pdf	hayro-syntax-0.8.0	ok	6	-1	-1	2	
corrupted/saveas/text/personal_finance_cyber_fraud_prevention_guidelines_multilang(saveas)_xref.pdf	lopdf-0.45.0	ok	6	7445	-1	22	
corrupted/saveas/text/personal_finance_cyber_fraud_prevention_guidelines_multilang(saveas)_xref.pdf	pdfrum-0.4.0	ok	6	7445	773	27	
corrupted/saveas/text/personal_finance_cyber_fraud_prevention_guidelines_multilang(saveas)_xref.pdf	hayro-syntax-0.8.0	ok	6	-1	-1	1	
corrupted/saveas/text/remote_work_home_office_guidelines(saveas)_font_mapping_loss.pdf	lopdf-0.45.0	ok	6	0	-1	15	
corrupted/saveas/text/remote_work_home_office_guidelines(saveas)_font_mapping_loss.pdf	pdfrum-0.4.0	ok	6	6805	1630	66	
corrupted/saveas/text/remote_work_home_office_guidelines(saveas)_font_mapping_loss.pdf	hayro-syntax-0.8.0	ok	6	-1	-1	1	
corrupted/saveas/text/remote_work_home_office_guidelines(saveas)_header.pdf	lopdf-0.45.0	err	0	0	-1	0	couldn't parse input
corrupted/saveas/text/remote_work_home_office_guidelines(saveas)_header.pdf	pdfrum-0.4.0	err	0	0	-1	0	cannot open document: not a PDF file
corrupted/saveas/text/remote_work_home_office_guidelines(saveas)_header.pdf	hayro-syntax-0.8.0	ok	6	-1	-1	0	
corrupted/saveas/text/remote_work_home_office_guidelines(saveas)_object_header.pdf	lopdf-0.45.0	err	0	0	-1	1	couldn't parse input
corrupted/saveas/text/remote_work_home_office_guidelines(saveas)_object_header.pdf	pdfrum-0.4.0	err	0	0	-1	0	cannot open document: damaged beyond recovery: no document catalog
corrupted/saveas/text/remote_work_home_office_guidelines(saveas)_object_header.pdf	hayro-syntax-0.8.0	err	0	0	-1	1	Invalid
corrupted/saveas/text/remote_work_home_office_guidelines(saveas)_page_tree.pdf	lopdf-0.45.0	ok	0	0	-1	4	
corrupted/saveas/text/remote_work_home_office_guidelines(saveas)_page_tree.pdf	pdfrum-0.4.0	err	0	0	-1	0	cannot open document: damaged beyond recovery: no document catalog
corrupted/saveas/text/remote_work_home_office_guidelines(saveas)_page_tree.pdf	hayro-syntax-0.8.0	err	0	0	-1	1	Invalid
corrupted/saveas/text/remote_work_home_office_guidelines(saveas)_partial_cut.pdf	lopdf-0.45.0	err	0	0	-1	0	failed parsing cross reference table
corrupted/saveas/text/remote_work_home_office_guidelines(saveas)_partial_cut.pdf	pdfrum-0.4.0	err	0	0	-1	0	cannot open document: damaged beyond recovery: no usable cross-reference information
corrupted/saveas/text/remote_work_home_office_guidelines(saveas)_partial_cut.pdf	hayro-syntax-0.8.0	ok	6	-1	-1	1	
corrupted/saveas/text/remote_work_home_office_guidelines(saveas)_remove_fonts.pdf	lopdf-0.45.0	ok	6	5892	-1	19	
corrupted/saveas/text/remote_work_home_office_guidelines(saveas)_remove_fonts.pdf	pdfrum-0.4.0	ok	6	5873	653	42	
corrupted/saveas/text/remote_work_home_office_guidelines(saveas)_remove_fonts.pdf	hayro-syntax-0.8.0	ok	6	-1	-1	0	
corrupted/saveas/text/remote_work_home_office_guidelines(saveas)_remove_unicode_fonts.pdf	lopdf-0.45.0	ok	6	4676	-1	17	
corrupted/saveas/text/remote_work_home_office_guidelines(saveas)_remove_unicode_fonts.pdf	pdfrum-0.4.0	ok	6	5671	1119	43	
corrupted/saveas/text/remote_work_home_office_guidelines(saveas)_remove_unicode_fonts.pdf	hayro-syntax-0.8.0	ok	6	-1	-1	0	
corrupted/saveas/text/remote_work_home_office_guidelines(saveas)_stream_zlib.pdf	lopdf-0.45.0	ok	6	4617	-1	16	
corrupted/saveas/text/remote_work_home_office_guidelines(saveas)_stream_zlib.pdf	pdfrum-0.4.0	ok	6	5036	763	25	
corrupted/saveas/text/remote_work_home_office_guidelines(saveas)_stream_zlib.pdf	hayro-syntax-0.8.0	ok	6	-1	-1	2	
corrupted/saveas/text/remote_work_home_office_guidelines(saveas)_trailer.pdf	lopdf-0.45.0	ok	6	5892	-1	18	
corrupted/saveas/text/remote_work_home_office_guidelines(saveas)_trailer.pdf	pdfrum-0.4.0	ok	6	5892	635	27	
corrupted/saveas/text/remote_work_home_office_guidelines(saveas)_trailer.pdf	hayro-syntax-0.8.0	ok	6	-1	-1	2	
corrupted/saveas/text/remote_work_home_office_guidelines(saveas)_xref.pdf	lopdf-0.45.0	ok	6	5892	-1	18	
corrupted/saveas/text/remote_work_home_office_guidelines(saveas)_xref.pdf	pdfrum-0.4.0	ok	6	5892	635	26	
corrupted/saveas/text/remote_work_home_office_guidelines(saveas)_xref.pdf	hayro-syntax-0.8.0	ok	6	-1	-1	1	
corrupted/saveas/text/smart_city_data_privacy_guidelines_multilang(saveas)_font_mapping_loss.pdf	lopdf-0.45.0	ok	6	0	-1	19	
corrupted/saveas/text/smart_city_data_privacy_guidelines_multilang(saveas)_font_mapping_loss.pdf	pdfrum-0.4.0	ok	6	9694	1541	84	
corrupted/saveas/text/smart_city_data_privacy_guidelines_multilang(saveas)_font_mapping_loss.pdf	hayro-syntax-0.8.0	ok	6	-1	-1	1	
corrupted/saveas/text/smart_city_data_privacy_guidelines_multilang(saveas)_header.pdf	lopdf-0.45.0	err	0	0	-1	0	couldn't parse input
corrupted/saveas/text/smart_city_data_privacy_guidelines_multilang(saveas)_header.pdf	pdfrum-0.4.0	err	0	0	-1	0	cannot open document: not a PDF file
corrupted/saveas/text/smart_city_data_privacy_guidelines_multilang(saveas)_header.pdf	hayro-syntax-0.8.0	ok	6	-1	-1	0	
corrupted/saveas/text/smart_city_data_privacy_guidelines_multilang(saveas)_object_header.pdf	lopdf-0.45.0	err	0	0	-1	1	couldn't parse input
corrupted/saveas/text/smart_city_data_privacy_guidelines_multilang(saveas)_object_header.pdf	pdfrum-0.4.0	err	0	0	-1	0	cannot open document: damaged beyond recovery: no document catalog
corrupted/saveas/text/smart_city_data_privacy_guidelines_multilang(saveas)_object_header.pdf	hayro-syntax-0.8.0	err	0	0	-1	1	Invalid
corrupted/saveas/text/smart_city_data_privacy_guidelines_multilang(saveas)_page_tree.pdf	lopdf-0.45.0	ok	0	0	-1	5	
corrupted/saveas/text/smart_city_data_privacy_guidelines_multilang(saveas)_page_tree.pdf	pdfrum-0.4.0	err	0	0	-1	0	cannot open document: damaged beyond recovery: no document catalog
corrupted/saveas/text/smart_city_data_privacy_guidelines_multilang(saveas)_page_tree.pdf	hayro-syntax-0.8.0	err	0	0	-1	1	Invalid
corrupted/saveas/text/smart_city_data_privacy_guidelines_multilang(saveas)_partial_cut.pdf	lopdf-0.45.0	err	0	0	-1	0	failed parsing cross reference table
corrupted/saveas/text/smart_city_data_privacy_guidelines_multilang(saveas)_partial_cut.pdf	pdfrum-0.4.0	err	0	0	-1	0	cannot open document: damaged beyond recovery: no usable cross-reference information
corrupted/saveas/text/smart_city_data_privacy_guidelines_multilang(saveas)_partial_cut.pdf	hayro-syntax-0.8.0	ok	6	-1	-1	1	
corrupted/saveas/text/smart_city_data_privacy_guidelines_multilang(saveas)_remove_fonts.pdf	lopdf-0.45.0	ok	6	7665	-1	20	
corrupted/saveas/text/smart_city_data_privacy_guidelines_multilang(saveas)_remove_fonts.pdf	pdfrum-0.4.0	ok	6	7663	782	40	
corrupted/saveas/text/smart_city_data_privacy_guidelines_multilang(saveas)_remove_fonts.pdf	hayro-syntax-0.8.0	ok	6	-1	-1	0	
corrupted/saveas/text/smart_city_data_privacy_guidelines_multilang(saveas)_remove_unicode_fonts.pdf	lopdf-0.45.0	ok	6	6495	-1	19	
corrupted/saveas/text/smart_city_data_privacy_guidelines_multilang(saveas)_remove_unicode_fonts.pdf	pdfrum-0.4.0	ok	6	7459	1312	36	
corrupted/saveas/text/smart_city_data_privacy_guidelines_multilang(saveas)_remove_unicode_fonts.pdf	hayro-syntax-0.8.0	ok	6	-1	-1	0	
corrupted/saveas/text/smart_city_data_privacy_guidelines_multilang(saveas)_stream_zlib.pdf	lopdf-0.45.0	ok	6	4588	-1	17	
corrupted/saveas/text/smart_city_data_privacy_guidelines_multilang(saveas)_stream_zlib.pdf	pdfrum-0.4.0	ok	6	6184	2059	26	
corrupted/saveas/text/smart_city_data_privacy_guidelines_multilang(saveas)_stream_zlib.pdf	hayro-syntax-0.8.0	ok	6	-1	-1	1	
corrupted/saveas/text/smart_city_data_privacy_guidelines_multilang(saveas)_trailer.pdf	lopdf-0.45.0	ok	6	7665	-1	23	
corrupted/saveas/text/smart_city_data_privacy_guidelines_multilang(saveas)_trailer.pdf	pdfrum-0.4.0	ok	6	7665	781	29	
corrupted/saveas/text/smart_city_data_privacy_guidelines_multilang(saveas)_trailer.pdf	hayro-syntax-0.8.0	ok	6	-1	-1	2	
corrupted/saveas/text/smart_city_data_privacy_guidelines_multilang(saveas)_xref.pdf	lopdf-0.45.0	ok	6	7665	-1	22	
corrupted/saveas/text/smart_city_data_privacy_guidelines_multilang(saveas)_xref.pdf	pdfrum-0.4.0	ok	6	7665	781	29	
corrupted/saveas/text/smart_city_data_privacy_guidelines_multilang(saveas)_xref.pdf	hayro-syntax-0.8.0	ok	6	-1	-1	1	
corrupted/saveas/text/smart_factory_robot_malfunction_analysis(saveas)_font_mapping_loss.pdf	lopdf-0.45.0	ok	6	0	-1	11	
corrupted/saveas/text/smart_factory_robot_malfunction_analysis(saveas)_font_mapping_loss.pdf	pdfrum-0.4.0	ok	6	4771	832	45	
corrupted/saveas/text/smart_factory_robot_malfunction_analysis(saveas)_font_mapping_loss.pdf	hayro-syntax-0.8.0	ok	6	-1	-1	1	
corrupted/saveas/text/smart_factory_robot_malfunction_analysis(saveas)_header.pdf	lopdf-0.45.0	err	0	0	-1	0	couldn't parse input
corrupted/saveas/text/smart_factory_robot_malfunction_analysis(saveas)_header.pdf	pdfrum-0.4.0	err	0	0	-1	0	cannot open document: not a PDF file
corrupted/saveas/text/smart_factory_robot_malfunction_analysis(saveas)_header.pdf	hayro-syntax-0.8.0	ok	6	-1	-1	0	
corrupted/saveas/text/smart_factory_robot_malfunction_analysis(saveas)_object_header.pdf	lopdf-0.45.0	err	0	0	-1	0	couldn't parse input
corrupted/saveas/text/smart_factory_robot_malfunction_analysis(saveas)_object_header.pdf	pdfrum-0.4.0	err	0	0	-1	0	cannot open document: damaged beyond recovery: no document catalog
corrupted/saveas/text/smart_factory_robot_malfunction_analysis(saveas)_object_header.pdf	hayro-syntax-0.8.0	err	0	0	-1	1	Invalid
corrupted/saveas/text/smart_factory_robot_malfunction_analysis(saveas)_page_tree.pdf	lopdf-0.45.0	ok	0	0	-1	7	
corrupted/saveas/text/smart_factory_robot_malfunction_analysis(saveas)_page_tree.pdf	pdfrum-0.4.0	err	0	0	-1	0	cannot open document: damaged beyond recovery: no document catalog
corrupted/saveas/text/smart_factory_robot_malfunction_analysis(saveas)_page_tree.pdf	hayro-syntax-0.8.0	err	0	0	-1	1	Invalid
corrupted/saveas/text/smart_factory_robot_malfunction_analysis(saveas)_partial_cut.pdf	lopdf-0.45.0	err	0	0	-1	0	failed parsing cross reference table
corrupted/saveas/text/smart_factory_robot_malfunction_analysis(saveas)_partial_cut.pdf	pdfrum-0.4.0	err	0	0	-1	0	cannot open document: damaged beyond recovery: no usable cross-reference information
corrupted/saveas/text/smart_factory_robot_malfunction_analysis(saveas)_partial_cut.pdf	hayro-syntax-0.8.0	ok	6	-1	-1	1	
corrupted/saveas/text/smart_factory_robot_malfunction_analysis(saveas)_remove_fonts.pdf	lopdf-0.45.0	ok	6	3809	-1	21	
corrupted/saveas/text/smart_factory_robot_malfunction_analysis(saveas)_remove_fonts.pdf	pdfrum-0.4.0	ok	6	3809	365	33	
corrupted/saveas/text/smart_factory_robot_malfunction_analysis(saveas)_remove_fonts.pdf	hayro-syntax-0.8.0	ok	6	-1	-1	0	
corrupted/saveas/text/smart_factory_robot_malfunction_analysis(saveas)_remove_unicode_fonts.pdf	lopdf-0.45.0	ok	6	3058	-1	16	
corrupted/saveas/text/smart_factory_robot_malfunction_analysis(saveas)_remove_unicode_fonts.pdf	pdfrum-0.4.0	ok	6	3731	648	47	
corrupted/saveas/text/smart_factory_robot_malfunction_analysis(saveas)_remove_unicode_fonts.pdf	hayro-syntax-0.8.0	ok	6	-1	-1	0	
corrupted/saveas/text/smart_factory_robot_malfunction_analysis(saveas)_stream_zlib.pdf	lopdf-0.45.0	ok	6	3142	-1	15	
corrupted/saveas/text/smart_factory_robot_malfunction_analysis(saveas)_stream_zlib.pdf	pdfrum-0.4.0	ok	6	2823	316	20	
corrupted/saveas/text/smart_factory_robot_malfunction_analysis(saveas)_stream_zlib.pdf	hayro-syntax-0.8.0	ok	6	-1	-1	0	
corrupted/saveas/text/smart_factory_robot_malfunction_analysis(saveas)_trailer.pdf	lopdf-0.45.0	ok	6	3809	-1	12	
corrupted/saveas/text/smart_factory_robot_malfunction_analysis(saveas)_trailer.pdf	pdfrum-0.4.0	ok	6	3809	368	18	
corrupted/saveas/text/smart_factory_robot_malfunction_analysis(saveas)_trailer.pdf	hayro-syntax-0.8.0	ok	6	-1	-1	1	
corrupted/saveas/text/smart_factory_robot_malfunction_analysis(saveas)_xref.pdf	lopdf-0.45.0	ok	6	3809	-1	16	
corrupted/saveas/text/smart_factory_robot_malfunction_analysis(saveas)_xref.pdf	pdfrum-0.4.0	ok	6	3809	368	18	
corrupted/saveas/text/smart_factory_robot_malfunction_analysis(saveas)_xref.pdf	hayro-syntax-0.8.0	ok	6	-1	-1	1	
original/print/text+img/global_agriculture_food_security_climate_impact(print).pdf	lopdf-0.45.0	ok	6	9760	-1	26	
original/print/text+img/global_agriculture_food_security_climate_impact(print).pdf	pdfrum-0.4.0	ok	6	9759	1171	40	
original/print/text+img/global_agriculture_food_security_climate_impact(print).pdf	hayro-syntax-0.8.0	ok	6	-1	-1	1	
original/print/text+img/global_ai_technology_investment_and_industry_adoption(print).pdf	lopdf-0.45.0	ok	6	7313	-1	13	
original/print/text+img/global_ai_technology_investment_and_industry_adoption(print).pdf	pdfrum-0.4.0	ok	6	7325	640	33	
original/print/text+img/global_ai_technology_investment_and_industry_adoption(print).pdf	hayro-syntax-0.8.0	ok	6	-1	-1	2	
original/print/text+img/global_climate_change_indicators_and_ghg_emissions(print).pdf	lopdf-0.45.0	ok	6	7800	-1	28	
original/print/text+img/global_climate_change_indicators_and_ghg_emissions(print).pdf	pdfrum-0.4.0	ok	6	7816	644	48	
original/print/text+img/global_climate_change_indicators_and_ghg_emissions(print).pdf	hayro-syntax-0.8.0	ok	6	-1	-1	3	
original/print/text+img/global_esports_and_gaming_industry_growth(print).pdf	lopdf-0.45.0	ok	6	7676	-1	15	
original/print/text+img/global_esports_and_gaming_industry_growth(print).pdf	pdfrum-0.4.0	ok	6	7692	680	37	
original/print/text+img/global_esports_and_gaming_industry_growth(print).pdf	hayro-syntax-0.8.0	ok	6	-1	-1	3	
original/print/text+img/global_ev_market_growth_statistics(print).pdf	lopdf-0.45.0	ok	6	5794	-1	34	
original/print/text+img/global_ev_market_growth_statistics(print).pdf	pdfrum-0.4.0	ok	6	5803	528	40	
original/print/text+img/global_ev_market_growth_statistics(print).pdf	hayro-syntax-0.8.0	ok	6	-1	-1	2	
original/print/text+img/global_healthcare_digital_health_patient_data_trends(print).pdf	lopdf-0.45.0	ok	6	7134	-1	69	
original/print/text+img/global_healthcare_digital_health_patient_data_trends(print).pdf	pdfrum-0.4.0	ok	6	7158	686	68	
original/print/text+img/global_healthcare_digital_health_patient_data_trends(print).pdf	hayro-syntax-0.8.0	ok	6	-1	-1	3	
original/print/text+img/global_renewable_energy_generation_and_carbon_reduction_analysis(print).pdf	lopdf-0.45.0	ok	6	6504	-1	28	
original/print/text+img/global_renewable_energy_generation_and_carbon_reduction_analysis(print).pdf	pdfrum-0.4.0	ok	6	6505	678	50	
original/print/text+img/global_renewable_energy_generation_and_carbon_reduction_analysis(print).pdf	hayro-syntax-0.8.0	ok	6	-1	-1	3	
original/print/text+img/international_tourism_trends_country_spending_patterns_multilang(print).pdf	lopdf-0.45.0	ok	6	7942	-1	18	
original/print/text+img/international_tourism_trends_country_spending_patterns_multilang(print).pdf	pdfrum-0.4.0	ok	6	7947	716	35	
original/print/text+img/international_tourism_trends_country_spending_patterns_multilang(print).pdf	hayro-syntax-0.8.0	ok	6	-1	-1	3	
original/print/text+img/mobile_payment_and_fintech_service_expansion(print).pdf	lopdf-0.45.0	ok	6	7254	-1	36	
original/print/text+img/mobile_payment_and_fintech_service_expansion(print).pdf	pdfrum-0.4.0	ok	6	7272	671	48	
original/print/text+img/mobile_payment_and_fintech_service_expansion(print).pdf	hayro-syntax-0.8.0	ok	6	-1	-1	2	
original/print/text+img/online_education_elearning_market_growth_analysis(print).pdf	lopdf-0.45.0	ok	6	7764	-1	76	
original/print/text+img/online_education_elearning_market_growth_analysis(print).pdf	pdfrum-0.4.0	ok	6	7764	832	68	
original/print/text+img/online_education_elearning_market_growth_analysis(print).pdf	hayro-syntax-0.8.0	ok	6	-1	-1	3	
original/print/text/AI_Development_MultiLanguage(print).pdf	lopdf-0.45.0	ok	6	6838	-1	40	
original/print/text/AI_Development_MultiLanguage(print).pdf	pdfrum-0.4.0	ok	6	6849	537	52	
original/print/text/AI_Development_MultiLanguage(print).pdf	hayro-syntax-0.8.0	ok	6	-1	-1	3	
original/print/text/AeroChef_Drone_Delivery_Cooking_Service(print).pdf	lopdf-0.45.0	ok	6	4821	-1	16	
original/print/text/AeroChef_Drone_Delivery_Cooking_Service(print).pdf	pdfrum-0.4.0	ok	6	4823	472	49	
original/print/text/AeroChef_Drone_Delivery_Cooking_Service(print).pdf	hayro-syntax-0.8.0	ok	6	-1	-1	4	
original/print/text/Aurora_VR_AR_Game_Lineup_Multilingual(print).pdf	lopdf-0.45.0	ok	6	10212	-1	141	
original/print/text/Aurora_VR_AR_Game_Lineup_Multilingual(print).pdf	pdfrum-0.4.0	ok	6	10212	879	103	
original/print/text/Aurora_VR_AR_Game_Lineup_Multilingual(print).pdf	hayro-syntax-0.8.0	ok	6	-1	-1	5	
original/print/text/Autonomous_Vehicle_Accident_Report(print).pdf	lopdf-0.45.0	ok	6	4189	-1	24	
original/print/text/Autonomous_Vehicle_Accident_Report(print).pdf	pdfrum-0.4.0	ok	6	4192	403	47	
original/print/text/Autonomous_Vehicle_Accident_Report(print).pdf	hayro-syntax-0.8.0	ok	6	-1	-1	4	
original/print/text/BioNext_Data_Leak_Report(print).pdf	lopdf-0.45.0	ok	6	4727	-1	52	
original/print/text/BioNext_Data_Leak_Report(print).pdf	pdfrum-0.4.0	ok	6	4736	396	46	
original/print/text/BioNext_Data_Leak_Report(print).pdf	hayro-syntax-0.8.0	ok	6	-1	-1	2	
original/print/text/Digital_Minimalism(print).pdf	lopdf-0.45.0	ok	6	6809	-1	29	
original/print/text/Digital_Minimalism(print).pdf	pdfrum-0.4.0	ok	6	6811	669	40	
original/print/text/Digital_Minimalism(print).pdf	hayro-syntax-0.8.0	ok	6	-1	-1	2	
original/print/text/E-Payment_Service_Outage_Report(print).pdf	lopdf-0.45.0	ok	6	4682	-1	18	
original/print/text/E-Payment_Service_Outage_Report(print).pdf	pdfrum-0.4.0	ok	6	4682	508	35	
original/print/text/E-Payment_Service_Outage_Report(print).pdf	hayro-syntax-0.8.0	ok	6	-1	-1	2	
original/print/text/EcoWave_Sustainable_Fashion_Collection(print).pdf	lopdf-0.45.0	ok	6	4881	-1	10	
original/print/text/EcoWave_Sustainable_Fashion_Collection(print).pdf	pdfrum-0.4.0	ok	6	4892	432	32	
original/print/text/EcoWave_Sustainable_Fashion_Collection(print).pdf	hayro-syntax-0.8.0	ok	6	-1	-1	1	
original/print/text/EduBot_AI_Learning_Robot_Series(print).pdf	lopdf-0.45.0	ok	6	4862	-1	11	
original/print/text/EduBot_AI_Learning_Robot_Series(print).pdf	pdfrum-0.4.0	ok	6	4863	476	35	
original/print/text/EduBot_AI_Learning_Robot_Series(print).pdf	hayro-syntax-0.8.0	ok	6	-1	-1	2	
original/print/text/Evolution_Biodegradable_Plastics(print).pdf	lopdf-0.45.0	ok	6	8624	-1	17	
original/print/text/Evolution_Biodegradable_Plastics(print).pdf	pdfrum-0.4.0	ok	6	8629	851	37	
original/print/text/Evolution_Biodegradable_Plastics(print).pdf	hayro-syntax-0.8.0	ok	6	-1	-1	2	
original/print/text/Evolution_Food_Culture_Alternative_Foods(print).pdf	lopdf-0.45.0	ok	6	7547	-1	26	
original/print/text/Evolution_Food_Culture_Alternative_Foods(print).pdf	pdfrum-0.4.0	ok	6	7551	751	43	
original/print/text/Evolution_Food_Culture_Alternative_Foods(print).pdf	hayro-syntax-0.8.0	ok	6	-1	-1	2	
original/print/text/International_Logistics_Fire_Report(print).pdf	lopdf-0.45.0	ok	6	4490	-1	23	
original/print/text/International_Logistics_Fire_Report(print).pdf	pdfrum-0.4.0	ok	6	4499	478	35	
original/print/text/International_Logistics_Fire_Report(print).pdf	hayro-syntax-0.8.0	ok	6	-1	-1	2	
original/print/text/Lumina_Interior_Lighting_Designbook(print).pdf	lopdf-0.45.0	ok	6	4937	-1	10	
original/print/text/Lumina_Interior_Lighting_Designbook(print).pdf	pdfrum-0.4.0	ok	6	4942	436	35	
original/print/text/Lumina_Interior_Lighting_Designbook(print).pdf	hayro-syntax-0.8.0	ok	6	-1	-1	1	
original/print/text/NeoHome_Smart_Appliances_Catalog_v5(print).pdf	lopdf-0.45.0	ok	6	6044	-1	70	
original/print/text/NeoHome_Smart_Appliances_Catalog_v5(print).pdf	pdfrum-0.4.0	ok	6	6047	645	62	
original/print/text/NeoHome_Smart_Appliances_Catalog_v5(print).pdf	hayro-syntax-0.8.0	ok	6	-1	-1	2	
original/print/text/New_Care_Models_Aging_Society(print).pdf	lopdf-0.45.0	ok	6	7938	-1	86	
original/print/text/New_Care_Models_Aging_Society(print).pdf	pdfrum-0.4.0	ok	6	7953	669	61	
original/print/text/New_Care_Models_Aging_Society(print).pdf	hayro-syntax-0.8.0	ok	6	-1	-1	2	
original/print/text/Next_Decade_Space_Exploration(print).pdf	lopdf-0.45.0	ok	6	7601	-1	12	
original/print/text/Next_Decade_Space_Exploration(print).pdf	pdfrum-0.4.0	ok	6	7614	540	31	
original/print/text/Next_Decade_Space_Exploration(print).pdf	hayro-syntax-0.8.0	ok	6	-1	-1	1	
original/print/text/OceanQuest_Modular_Water_Leisure_Equipment_Guide(print).pdf	lopdf-0.45.0	ok	6	8715	-1	81	
original/print/text/OceanQuest_Modular_Water_Leisure_Equipment_Guide(print).pdf	pdfrum-0.4.0	ok	6	8717	703	69	
original/print/text/OceanQuest_Modular_Water_Leisure_Equipment_Guide(print).pdf	hayro-syntax-0.8.0	ok	6	-1	-1	3	
original/print/text/PetPal_Smart_PetCare_Products(print).pdf	lopdf-0.45.0	ok	6	4849	-1	44	
original/print/text/PetPal_Smart_PetCare_Products(print).pdf	pdfrum-0.4.0	ok	6	4855	442	55	
original/print/text/PetPal_Smart_PetCare_Products(print).pdf	hayro-syntax-0.8.0	ok	6	-1	-1	3	
original/print/text/Quantum_Computing_Race(print).pdf	lopdf-0.45.0	ok	6	8284	-1	15	
original/print/text/Quantum_Computing_Race(print).pdf	pdfrum-0.4.0	ok	6	8289	731	36	
original/print/text/Quantum_Computing_Race(print).pdf	hayro-syntax-0.8.0	ok	6	-1	-1	2	
original/print/text/Robots_Automation_Future_Work(print).pdf	lopdf-0.45.0	ok	6	6554	-1	39	
original/print/text/Robots_Automation_Future_Work(print).pdf	pdfrum-0.4.0	ok	6	6568	571	41	
original/print/text/Robots_Automation_Future_Work(print).pdf	hayro-syntax-0.8.0	ok	6	-1	-1	2	
original/print/text/Security_Breach_Investigation_Report(print).pdf	lopdf-0.45.0	ok	6	5220	-1	27	
original/print/text/Security_Breach_Investigation_Report(print).pdf	pdfrum-0.4.0	ok	6	5221	504	45	
original/print/text/Security_Breach_Investigation_Report(print).pdf	hayro-syntax-0.8.0	ok	6	-1	-1	4	
original/print/text/SkyGarden_Indoor_Vertical_Garden_Solutions(print).pdf	lopdf-0.45.0	ok	6	3957	-1	30	
original/print/text/SkyGarden_Indoor_Vertical_Garden_Solutions(print).pdf	pdfrum-0.4.0	ok	6	3956	465	50	
original/print/text/SkyGarden_Indoor_Vertical_Garden_Solutions(print).pdf	hayro-syntax-0.8.0	ok	6	-1	-1	4	
original/print/text/Sustainable_Fashion_Innovation(print).pdf	lopdf-0.45.0	ok	6	8415	-1	16	
original/print/text/Sustainable_Fashion_Innovation(print).pdf	pdfrum-0.4.0	ok	6	8435	755	35	
original/print/text/Sustainable_Fashion_Innovation(print).pdf	hayro-syntax-0.8.0	ok	6	-1	-1	2	
original/print/text/UrbanRide_Electric_Bike_Scooter_Series(print).pdf	lopdf-0.45.0	ok	6	4855	-1	20	
original/print/text/UrbanRide_Electric_Bike_Scooter_Series(print).pdf	pdfrum-0.4.0	ok	6	4861	462	49	
original/print/text/UrbanRide_Electric_Bike_Scooter_Series(print).pdf	hayro-syntax-0.8.0	ok	6	-1	-1	3	
original/print/text/Urban_Fine_Particulate_Matter(print).pdf	lopdf-0.45.0	ok	6	7921	-1	15	
original/print/text/Urban_Fine_Particulate_Matter(print).pdf	pdfrum-0.4.0	ok	6	7922	747	31	
original/print/text/Urban_Fine_Particulate_Matter(print).pdf	hayro-syntax-0.8.0	ok	6	-1	-1	1	
original/print/text/ai_ethics_responsible_use_guidelines_multilang(print).pdf	lopdf-0.45.0	ok	6	6404	-1	14	
original/print/text/ai_ethics_responsible_use_guidelines_multilang(print).pdf	pdfrum-0.4.0	ok	6	6406	613	26	
original/print/text/ai_ethics_responsible_use_guidelines_multilang(print).pdf	hayro-syntax-0.8.0	ok	6	-1	-1	1	
original/print/text/climate_crisis_preparedness_community_action_guidelines_multilang(print).pdf	lopdf-0.45.0	ok	6	7253	-1	62	
original/print/text/climate_crisis_preparedness_community_action_guidelines_multilang(print).pdf	pdfrum-0.4.0	ok	6	7256	711	57	
original/print/text/climate_crisis_preparedness_community_action_guidelines_multilang(print).pdf	hayro-syntax-0.8.0	ok	6	-1	-1	3	
original/print/text/confidential_doc_leak_collusion_investigation(print).pdf	lopdf-0.45.0	ok	6	3864	-1	11	
original/print/text/confidential_doc_leak_collusion_investigation(print).pdf	pdfrum-0.4.0	ok	6	3864	434	34	
original/print/text/confidential_doc_leak_collusion_investigation(print).pdf	hayro-syntax-0.8.0	ok	6	-1	-1	3	
original/print/text/digital_data_security_guidelines(print).pdf	lopdf-0.45.0	ok	6	6876	-1	21	
original/print/text/digital_data_security_guidelines(print).pdf	pdfrum-0.4.0	ok	6	6881	669	33	
original/print/text/digital_data_security_guidelines(print).pdf	hayro-syntax-0.8.0	ok	6	-1	-1	1	
original/print/text/educational_technology_elearning_safety_guidelines_multilang(print).pdf	lopdf-0.45.0	ok	6	7135	-1	15	
original/print/text/educational_technology_elearning_safety_guidelines_multilang(print).pdf	pdfrum-0.4.0	ok	6	7155	550	28	
original/print/text/educational_technology_elearning_safety_guidelines_multilang(print).pdf	hayro-syntax-0.8.0	ok	6	-1	-1	1	
original/print/text/global_cloud_datacenter_cooling_failure_report(print).pdf	lopdf-0.45.0	ok	6	2579	-1	18	
original/print/text/global_cloud_datacenter_cooling_failure_report(print).pdf	pdfrum-0.4.0	ok	6	2583	294	36	
original/print/text/global_cloud_datacenter_cooling_failure_report(print).pdf	hayro-syntax-0.8.0	ok	6	-1	-1	2	
original/print/text/green_energy_sustainable_living_guidelines_multilang(print).pdf	lopdf-0.45.0	ok	6	4823	-1	28	
original/print/text/green_energy_sustainable_living_guidelines_multilang(print).pdf	pdfrum-0.4.0	ok	6	4823	535	38	
original/print/text/green_energy_sustainable_living_guidelines_multilang(print).pdf	hayro-syntax-0.8.0	ok	6	-1	-1	2	
original/print/text/health_wellbeing_digital_age_guidelines_multilang(print).pdf	lopdf-0.45.0	ok	6	6003	-1	11	
original/print/text/health_wellbeing_digital_age_guidelines_multilang(print).pdf	pdfrum-0.4.0	ok	6	6017	413	21	
original/print/text/health_wellbeing_digital_age_guidelines_multilang(print).pdf	hayro-syntax-0.8.0	ok	6	-1	-1	1	
original/print/text/illegal_item_trading_money_laundering_in_games(print).pdf	lopdf-0.45.0	ok	6	3272	-1	17	
original/print/text/illegal_item_trading_money_laundering_in_games(print).pdf	pdfrum-0.4.0	ok	6	3276	387	37	
original/print/text/illegal_item_trading_money_laundering_in_games(print).pdf	hayro-syntax-0.8.0	ok	6	-1	-1	3	
original/print/text/messenger_app_data_misuse_investigation(print).pdf	lopdf-0.45.0	ok	6	2766	-1	18	
original/print/text/messenger_app_data_misuse_investigation(print).pdf	pdfrum-0.4.0	ok	6	2765	359	33	
original/print/text/messenger_app_data_misuse_investigation(print).pdf	hayro-syntax-0.8.0	ok	6	-1	-1	1	
original/print/text/open_source_software_contribution_guidelines_multilang(print).pdf	lopdf-0.45.0	ok	6	7015	-1	18	
original/print/text/open_source_software_contribution_guidelines_multilang(print).pdf	pdfrum-0.4.0	ok	6	7016	675	34	
original/print/text/open_source_software_contribution_guidelines_multilang(print).pdf	hayro-syntax-0.8.0	ok	6	-1	-1	2	
original/print/text/personal_finance_cyber_fraud_prevention_guidelines_multilang(print).pdf	lopdf-0.45.0	ok	6	6812	-1	54	
original/print/text/personal_finance_cyber_fraud_prevention_guidelines_multilang(print).pdf	pdfrum-0.4.0	ok	6	6832	516	49	
original/print/text/personal_finance_cyber_fraud_prevention_guidelines_multilang(print).pdf	hayro-syntax-0.8.0	ok	6	-1	-1	3	
original/print/text/remote_work_home_office_guidelines(print).pdf	lopdf-0.45.0	ok	6	5497	-1	14	
original/print/text/remote_work_home_office_guidelines(print).pdf	pdfrum-0.4.0	ok	6	5497	598	31	
original/print/text/remote_work_home_office_guidelines(print).pdf	hayro-syntax-0.8.0	ok	6	-1	-1	2	
original/print/text/smart_city_data_privacy_guidelines_multilang(print).pdf	lopdf-0.45.0	ok	6	7371	-1	12	
original/print/text/smart_city_data_privacy_guidelines_multilang(print).pdf	pdfrum-0.4.0	ok	6	7388	487	29	
original/print/text/smart_city_data_privacy_guidelines_multilang(print).pdf	hayro-syntax-0.8.0	ok	6	-1	-1	2	
original/print/text/smart_factory_robot_malfunction_analysis(print).pdf	lopdf-0.45.0	ok	6	3482	-1	39	
original/print/text/smart_factory_robot_malfunction_analysis(print).pdf	pdfrum-0.4.0	ok	6	3482	424	47	
original/print/text/smart_factory_robot_malfunction_analysis(print).pdf	hayro-syntax-0.8.0	ok	6	-1	-1	4	
original/saveas/text+img/global_agriculture_food_security_climate_impact(saveas).pdf	lopdf-0.45.0	ok	6	10074	-1	33	
original/saveas/text+img/global_agriculture_food_security_climate_impact(saveas).pdf	pdfrum-0.4.0	ok	6	10074	709	42	
original/saveas/text+img/global_agriculture_food_security_climate_impact(saveas).pdf	hayro-syntax-0.8.0	ok	6	-1	-1	0	
original/saveas/text+img/global_ai_technology_investment_and_industry_adoption(saveas).pdf	lopdf-0.45.0	ok	6	7532	-1	19	
original/saveas/text+img/global_ai_technology_investment_and_industry_adoption(saveas).pdf	pdfrum-0.4.0	ok	6	7532	555	29	
original/saveas/text+img/global_ai_technology_investment_and_industry_adoption(saveas).pdf	hayro-syntax-0.8.0	ok	6	-1	-1	0	
original/saveas/text+img/global_climate_change_indicators_and_ghg_emissions(saveas).pdf	lopdf-0.45.0	ok	6	8210	-1	17	
original/saveas/text+img/global_climate_change_indicators_and_ghg_emissions(saveas).pdf	pdfrum-0.4.0	ok	6	8210	585	28	
original/saveas/text+img/global_climate_change_indicators_and_ghg_emissions(saveas).pdf	hayro-syntax-0.8.0	ok	6	-1	-1	0	
original/saveas/text+img/global_esports_and_gaming_industry_growth(saveas).pdf	lopdf-0.45.0	ok	6	7915	-1	19	
original/saveas/text+img/global_esports_and_gaming_industry_growth(saveas).pdf	pdfrum-0.4.0	ok	6	7915	582	30	
original/saveas/text+img/global_esports_and_gaming_industry_growth(saveas).pdf	hayro-syntax-0.8.0	ok	6	-1	-1	0	
original/saveas/text+img/global_ev_market_growth_statistics(saveas).pdf	lopdf-0.45.0	ok	6	6245	-1	16	
original/saveas/text+img/global_ev_market_growth_statistics(saveas).pdf	pdfrum-0.4.0	ok	6	6245	462	28	
original/saveas/text+img/global_ev_market_growth_statistics(saveas).pdf	hayro-syntax-0.8.0	ok	6	-1	-1	0	
original/saveas/text+img/global_healthcare_digital_health_patient_data_trends(saveas).pdf	lopdf-0.45.0	ok	6	9157	-1	21	
original/saveas/text+img/global_healthcare_digital_health_patient_data_trends(saveas).pdf	pdfrum-0.4.0	ok	6	9157	677	65	
original/saveas/text+img/global_healthcare_digital_health_patient_data_trends(saveas).pdf	hayro-syntax-0.8.0	ok	6	-1	-1	0	
original/saveas/text+img/global_renewable_energy_generation_and_carbon_reduction_analysis(saveas).pdf	lopdf-0.45.0	ok	6	7423	-1	17	
original/saveas/text+img/global_renewable_energy_generation_and_carbon_reduction_analysis(saveas).pdf	pdfrum-0.4.0	ok	6	7423	537	26	
original/saveas/text+img/global_renewable_energy_generation_and_carbon_reduction_analysis(saveas).pdf	hayro-syntax-0.8.0	ok	6	-1	-1	0	
original/saveas/text+img/international_tourism_trends_country_spending_patterns_multilang(saveas).pdf	lopdf-0.45.0	ok	6	8195	-1	18	
original/saveas/text+img/international_tourism_trends_country_spending_patterns_multilang(saveas).pdf	pdfrum-0.4.0	ok	6	8195	618	27	
original/saveas/text+img/international_tourism_trends_country_spending_patterns_multilang(saveas).pdf	hayro-syntax-0.8.0	ok	6	-1	-1	0	
original/saveas/text+img/mobile_payment_and_fintech_service_expansion(saveas).pdf	lopdf-0.45.0	ok	6	8397	-1	23	
original/saveas/text+img/mobile_payment_and_fintech_service_expansion(saveas).pdf	pdfrum-0.4.0	ok	6	8397	637	31	
original/saveas/text+img/mobile_payment_and_fintech_service_expansion(saveas).pdf	hayro-syntax-0.8.0	ok	6	-1	-1	0	
original/saveas/text+img/online_education_elearning_market_growth_analysis(saveas).pdf	lopdf-0.45.0	ok	6	8478	-1	19	
original/saveas/text+img/online_education_elearning_market_growth_analysis(saveas).pdf	pdfrum-0.4.0	ok	6	8478	627	28	
original/saveas/text+img/online_education_elearning_market_growth_analysis(saveas).pdf	hayro-syntax-0.8.0	ok	6	-1	-1	0	
original/saveas/text/AI_Development_MultiLanguage(saveas).pdf	lopdf-0.45.0	ok	6	7252	-1	18	
original/saveas/text/AI_Development_MultiLanguage(saveas).pdf	pdfrum-0.4.0	ok	6	7252	509	31	
original/saveas/text/AI_Development_MultiLanguage(saveas).pdf	hayro-syntax-0.8.0	ok	6	-1	-1	0	
original/saveas/text/AeroChef_Drone_Delivery_Cooking_Service(saveas).pdf	lopdf-0.45.0	ok	6	4924	-1	21	
original/saveas/text/AeroChef_Drone_Delivery_Cooking_Service(saveas).pdf	pdfrum-0.4.0	ok	6	4924	411	28	
original/saveas/text/AeroChef_Drone_Delivery_Cooking_Service(saveas).pdf	hayro-syntax-0.8.0	ok	6	-1	-1	0	
original/saveas/text/Aurora_VR_AR_Game_Lineup_Multilingual(saveas).pdf	lopdf-0.45.0	ok	6	11330	-1	23	
original/saveas/text/Aurora_VR_AR_Game_Lineup_Multilingual(saveas).pdf	pdfrum-0.4.0	ok	6	11330	667	31	
original/saveas/text/Aurora_VR_AR_Game_Lineup_Multilingual(saveas).pdf	hayro-syntax-0.8.0	ok	6	-1	-1	0	
original/saveas/text/Autonomous_Vehicle_Accident_Report(saveas).pdf	lopdf-0.45.0	ok	6	4471	-1	15	
original/saveas/text/Autonomous_Vehicle_Accident_Report(saveas).pdf	pdfrum-0.4.0	ok	6	4471	475	27	
original/saveas/text/Autonomous_Vehicle_Accident_Report(saveas).pdf	hayro-syntax-0.8.0	ok	6	-1	-1	0	
original/saveas/text/BioNext_Data_Leak_Report(saveas).pdf	lopdf-0.45.0	ok	6	5081	-1	16	
original/saveas/text/BioNext_Data_Leak_Report(saveas).pdf	pdfrum-0.4.0	ok	6	5081	490	24	
original/saveas/text/BioNext_Data_Leak_Report(saveas).pdf	hayro-syntax-0.8.0	ok	6	-1	-1	0	
original/saveas/text/Digital_Minimalism(saveas).pdf	lopdf-0.45.0	ok	6	7864	-1	25	
original/saveas/text/Digital_Minimalism(saveas).pdf	pdfrum-0.4.0	ok	6	7864	554	27	
original/saveas/text/Digital_Minimalism(saveas).pdf	hayro-syntax-0.8.0	ok	6	-1	-1	0	
original/saveas/text/E-Payment_Service_Outage_Report(saveas).pdf	lopdf-0.45.0	ok	6	5170	-1	18	
original/saveas/text/E-Payment_Service_Outage_Report(saveas).pdf	pdfrum-0.4.0	ok	6	5170	488	27	
original/saveas/text/E-Payment_Service_Outage_Report(saveas).pdf	hayro-syntax-0.8.0	ok	6	-1	-1	0	
original/saveas/text/EcoWave_Sustainable_Fashion_Collection(saveas).pdf	lopdf-0.45.0	ok	6	5034	-1	14	
original/saveas/text/EcoWave_Sustainable_Fashion_Collection(saveas).pdf	pdfrum-0.4.0	ok	6	5034	439	28	
original/saveas/text/EcoWave_Sustainable_Fashion_Collection(saveas).pdf	hayro-syntax-0.8.0	ok	6	-1	-1	0	
original/saveas/text/EduBot_AI_Learning_Robot_Series(saveas).pdf	lopdf-0.45.0	ok	6	5028	-1	14	
original/saveas/text/EduBot_AI_Learning_Robot_Series(saveas).pdf	pdfrum-0.4.0	ok	6	5028	403	27	
original/saveas/text/EduBot_AI_Learning_Robot_Series(saveas).pdf	hayro-syntax-0.8.0	ok	6	-1	-1	0	
original/saveas/text/Evolution_Biodegradable_Plastics(saveas).pdf	lopdf-0.45.0	ok	6	9008	-1	21	
original/saveas/text/Evolution_Biodegradable_Plastics(saveas).pdf	pdfrum-0.4.0	ok	6	9008	630	28	
original/saveas/text/Evolution_Biodegradable_Plastics(saveas).pdf	hayro-syntax-0.8.0	ok	6	-1	-1	0	
original/saveas/text/Evolution_Food_Culture_Alternative_Foods(saveas).pdf	lopdf-0.45.0	ok	6	8287	-1	25	
original/saveas/text/Evolution_Food_Culture_Alternative_Foods(saveas).pdf	pdfrum-0.4.0	ok	6	8287	570	40	
original/saveas/text/Evolution_Food_Culture_Alternative_Foods(saveas).pdf	hayro-syntax-0.8.0	ok	6	-1	-1	0	
original/saveas/text/International_Logistics_Fire_Report(saveas).pdf	lopdf-0.45.0	ok	6	5141	-1	22	
original/saveas/text/International_Logistics_Fire_Report(saveas).pdf	pdfrum-0.4.0	ok	6	5141	508	34	
original/saveas/text/International_Logistics_Fire_Report(saveas).pdf	hayro-syntax-0.8.0	ok	6	-1	-1	0	
original/saveas/text/Lumina_Interior_Lighting_Designbook(saveas).pdf	lopdf-0.45.0	ok	6	5097	-1	23	
original/saveas/text/Lumina_Interior_Lighting_Designbook(saveas).pdf	pdfrum-0.4.0	ok	6	5097	415	38	
original/saveas/text/Lumina_Interior_Lighting_Designbook(saveas).pdf	hayro-syntax-0.8.0	ok	6	-1	-1	0	
original/saveas/text/NeoHome_Smart_Appliances_Catalog_v5(saveas).pdf	lopdf-0.45.0	ok	6	6638	-1	18	
original/saveas/text/NeoHome_Smart_Appliances_Catalog_v5(saveas).pdf	pdfrum-0.4.0	ok	6	6638	526	28	
original/saveas/text/NeoHome_Smart_Appliances_Catalog_v5(saveas).pdf	hayro-syntax-0.8.0	ok	6	-1	-1	0	
original/saveas/text/New_Care_Models_Aging_Society(saveas).pdf	lopdf-0.45.0	ok	6	8729	-1	19	
original/saveas/text/New_Care_Models_Aging_Society(saveas).pdf	pdfrum-0.4.0	ok	6	8729	618	25	
original/saveas/text/New_Care_Models_Aging_Society(saveas).pdf	hayro-syntax-0.8.0	ok	6	-1	-1	0	
original/saveas/text/Next_Decade_Space_Exploration(saveas).pdf	lopdf-0.45.0	ok	6	7763	-1	16	
original/saveas/text/Next_Decade_Space_Exploration(saveas).pdf	pdfrum-0.4.0	ok	6	7763	512	28	
original/saveas/text/Next_Decade_Space_Exploration(saveas).pdf	hayro-syntax-0.8.0	ok	6	-1	-1	0	
original/saveas/text/OceanQuest_Modular_Water_Leisure_Equipment_Guide(saveas).pdf	lopdf-0.45.0	ok	6	9506	-1	21	
original/saveas/text/OceanQuest_Modular_Water_Leisure_Equipment_Guide(saveas).pdf	pdfrum-0.4.0	ok	6	9506	594	36	
original/saveas/text/OceanQuest_Modular_Water_Leisure_Equipment_Guide(saveas).pdf	hayro-syntax-0.8.0	ok	6	-1	-1	0	
original/saveas/text/PetPal_Smart_PetCare_Products(saveas).pdf	lopdf-0.45.0	ok	6	5249	-1	17	
original/saveas/text/PetPal_Smart_PetCare_Products(saveas).pdf	pdfrum-0.4.0	ok	6	5249	422	26	
original/saveas/text/PetPal_Smart_PetCare_Products(saveas).pdf	hayro-syntax-0.8.0	ok	6	-1	-1	0	
original/saveas/text/Quantum_Computing_Race(saveas).pdf	lopdf-0.45.0	ok	6	8574	-1	18	
original/saveas/text/Quantum_Computing_Race(saveas).pdf	pdfrum-0.4.0	ok	6	8574	601	27	
original/saveas/text/Quantum_Computing_Race(saveas).pdf	hayro-syntax-0.8.0	ok	6	-1	-1	0	
original/saveas/text/Robots_Automation_Future_Work(saveas).pdf	lopdf-0.45.0	ok	6	7753	-1	16	
original/saveas/text/Robots_Automation_Future_Work(saveas).pdf	pdfrum-0.4.0	ok	6	7753	531	25	
original/saveas/text/Robots_Automation_Future_Work(saveas).pdf	hayro-syntax-0.8.0	ok	6	-1	-1	0	
original/saveas/text/Security_Breach_Investigation_Report(saveas).pdf	lopdf-0.45.0	ok	6	5752	-1	16	
original/saveas/text/Security_Breach_Investigation_Report(saveas).pdf	pdfrum-0.4.0	ok	6	5752	511	27	
original/saveas/text/Security_Breach_Investigation_Report(saveas).pdf	hayro-syntax-0.8.0	ok	6	-1	-1	0	
original/saveas/text/SkyGarden_Indoor_Vertical_Garden_Solutions(saveas).pdf	lopdf-0.45.0	ok	6	4771	-1	16	
original/saveas/text/SkyGarden_Indoor_Vertical_Garden_Solutions(saveas).pdf	pdfrum-0.4.0	ok	6	4771	393	26	
original/saveas/text/SkyGarden_Indoor_Vertical_Garden_Solutions(saveas).pdf	hayro-syntax-0.8.0	ok	6	-1	-1	0	
original/saveas/text/Sustainable_Fashion_Innovation(saveas).pdf	lopdf-0.45.0	ok	6	8754	-1	19	
original/saveas/text/Sustainable_Fashion_Innovation(saveas).pdf	pdfrum-0.4.0	ok	6	8754	620	27	
original/saveas/text/Sustainable_Fashion_Innovation(saveas).pdf	hayro-syntax-0.8.0	ok	6	-1	-1	0	
original/saveas/text/UrbanRide_Electric_Bike_Scooter_Series(saveas).pdf	lopdf-0.45.0	ok	6	5411	-1	14	
original/saveas/text/UrbanRide_Electric_Bike_Scooter_Series(saveas).pdf	pdfrum-0.4.0	ok	6	5411	452	26	
original/saveas/text/UrbanRide_Electric_Bike_Scooter_Series(saveas).pdf	hayro-syntax-0.8.0	ok	6	-1	-1	0	
original/saveas/text/Urban_Fine_Particulate_Matter(saveas).pdf	lopdf-0.45.0	ok	6	8173	-1	16	
original/saveas/text/Urban_Fine_Particulate_Matter(saveas).pdf	pdfrum-0.4.0	ok	6	8173	553	27	
original/saveas/text/Urban_Fine_Particulate_Matter(saveas).pdf	hayro-syntax-0.8.0	ok	6	-1	-1	0	
original/saveas/text/ai_ethics_responsible_use_guidelines_multilang(saveas).pdf	lopdf-0.45.0	ok	6	6535	-1	17	
original/saveas/text/ai_ethics_responsible_use_guidelines_multilang(saveas).pdf	pdfrum-0.4.0	ok	6	6535	649	25	
original/saveas/text/ai_ethics_responsible_use_guidelines_multilang(saveas).pdf	hayro-syntax-0.8.0	ok	6	-1	-1	0	
original/saveas/text/climate_crisis_preparedness_community_action_guidelines_multilang(saveas).pdf	lopdf-0.45.0	ok	6	8044	-1	20	
original/saveas/text/climate_crisis_preparedness_community_action_guidelines_multilang(saveas).pdf	pdfrum-0.4.0	ok	6	8044	767	28	
original/saveas/text/climate_crisis_preparedness_community_action_guidelines_multilang(saveas).pdf	hayro-syntax-0.8.0	ok	6	-1	-1	0	
original/saveas/text/confidential_doc_leak_collusion_investigation(saveas).pdf	lopdf-0.45.0	ok	6	3999	-1	12	
original/saveas/text/confidential_doc_leak_collusion_investigation(saveas).pdf	pdfrum-0.4.0	ok	6	3999	382	22	
original/saveas/text/confidential_doc_leak_collusion_investigation(saveas).pdf	hayro-syntax-0.8.0	ok	6	-1	-1	0	
original/saveas/text/digital_data_security_guidelines(saveas).pdf	lopdf-0.45.0	ok	6	7199	-1	18	
original/saveas/text/digital_data_security_guidelines(saveas).pdf	pdfrum-0.4.0	ok	6	7199	693	27	
original/saveas/text/digital_data_security_guidelines(saveas).pdf	hayro-syntax-0.8.0	ok	6	-1	-1	0	
original/saveas/text/educational_technology_elearning_safety_guidelines_multilang(saveas).pdf	lopdf-0.45.0	ok	6	7485	-1	20	
original/saveas/text/educational_technology_elearning_safety_guidelines_multilang(saveas).pdf	pdfrum-0.4.0	ok	6	7485	731	27	
original/saveas/text/educational_technology_elearning_safety_guidelines_multilang(saveas).pdf	hayro-syntax-0.8.0	ok	6	-1	-1	0	
original/saveas/text/global_cloud_datacenter_cooling_failure_report(saveas).pdf	lopdf-0.45.0	ok	6	2761	-1	10	
original/saveas/text/global_cloud_datacenter_cooling_failure_report(saveas).pdf	pdfrum-0.4.0	ok	6	2761	301	21	
original/saveas/text/global_cloud_datacenter_cooling_failure_report(saveas).pdf	hayro-syntax-0.8.0	ok	6	-1	-1	0	
original/saveas/text/green_energy_sustainable_living_guidelines_multilang(saveas).pdf	lopdf-0.45.0	ok	6	5843	-1	16	
original/saveas/text/green_energy_sustainable_living_guidelines_multilang(saveas).pdf	pdfrum-0.4.0	ok	6	5843	638	24	
original/saveas/text/green_energy_sustainable_living_guidelines_multilang(saveas).pdf	hayro-syntax-0.8.0	ok	6	-1	-1	0	
original/saveas/text/health_wellbeing_digital_age_guidelines_multilang(saveas).pdf	lopdf-0.45.0	ok	6	6231	-1	18	
original/saveas/text/health_wellbeing_digital_age_guidelines_multilang(saveas).pdf	pdfrum-0.4.0	ok	6	6231	672	21	
original/saveas/text/health_wellbeing_digital_age_guidelines_multilang(saveas).pdf	hayro-syntax-0.8.0	ok	6	-1	-1	0	
original/saveas/text/illegal_item_trading_money_laundering_in_games(saveas).pdf	lopdf-0.45.0	ok	6	3736	-1	12	
original/saveas/text/illegal_item_trading_money_laundering_in_games(saveas).pdf	pdfrum-0.4.0	ok	6	3736	393	33	
original/saveas/text/illegal_item_trading_money_laundering_in_games(saveas).pdf	hayro-syntax-0.8.0	ok	6	-1	-1	0	
original/saveas/text/messenger_app_data_misuse_investigation(saveas).pdf	lopdf-0.45.0	ok	6	3396	-1	10	
original/saveas/text/messenger_app_data_misuse_investigation(saveas).pdf	pdfrum-0.4.0	ok	6	3396	318	22	
original/saveas/text/messenger_app_data_misuse_investigation(saveas).pdf	hayro-syntax-0.8.0	ok	6	-1	-1	0	
original/saveas/text/open_source_software_contribution_guidelines_multilang(saveas).pdf	lopdf-0.45.0	ok	6	7280	-1	27	
original/saveas/text/open_source_software_contribution_guidelines_multilang(saveas).pdf	pdfrum-0.4.0	ok	6	7280	728	28	
original/saveas/text/open_source_software_contribution_guidelines_multilang(saveas).pdf	hayro-syntax-0.8.0	ok	6	-1	-1	0	
original/saveas/text/personal_finance_cyber_fraud_prevention_guidelines_multilang(saveas).pdf	lopdf-0.45.0	ok	6	7445	-1	20	
original/saveas/text/personal_finance_cyber_fraud_prevention_guidelines_multilang(saveas).pdf	pdfrum-0.4.0	ok	6	7445	770	26	
original/saveas/text/personal_finance_cyber_fraud_prevention_guidelines_multilang(saveas).pdf	hayro-syntax-0.8.0	ok	6	-1	-1	0	
original/saveas/text/remote_work_home_office_guidelines(saveas).pdf	lopdf-0.45.0	ok	6	5892	-1	18	
original/saveas/text/remote_work_home_office_guidelines(saveas).pdf	pdfrum-0.4.0	ok	6	5892	632	25	
original/saveas/text/remote_work_home_office_guidelines(saveas).pdf	hayro-syntax-0.8.0	ok	6	-1	-1	0	
original/saveas/text/smart_city_data_privacy_guidelines_multilang(saveas).pdf	lopdf-0.45.0	ok	6	7665	-1	20	
original/saveas/text/smart_city_data_privacy_guidelines_multilang(saveas).pdf	pdfrum-0.4.0	ok	6	7665	778	26	
original/saveas/text/smart_city_data_privacy_guidelines_multilang(saveas).pdf	hayro-syntax-0.8.0	ok	6	-1	-1	0	
original/saveas/text/smart_factory_robot_malfunction_analysis(saveas).pdf	lopdf-0.45.0	ok	6	3809	-1	11	
original/saveas/text/smart_factory_robot_malfunction_analysis(saveas).pdf	pdfrum-0.4.0	ok	6	3809	365	18	
original/saveas/text/smart_factory_robot_malfunction_analysis(saveas).pdf	hayro-syntax-0.8.0	ok	6	-1	-1	0	
