file,producer,intact_streams,calibrated_memset,damaged_offset,counterpart,truth_memset,calibration_replays_truth
print/text+img/global_agriculture_food_security_climate_impact(print)_stream_zlib.pdf,print,14,-,144,ok,-,0
print/text+img/global_agriculture_food_security_climate_impact(print)_stream_zlib.pdf,print,14,-,41228,ok,-,0
print/text+img/global_agriculture_food_security_climate_impact(print)_stream_zlib.pdf,print,14,-,169625,ok,-,0
print/text+img/global_agriculture_food_security_climate_impact(print)_stream_zlib.pdf,print,14,-,421869,ok,-,0
print/text+img/global_agriculture_food_security_climate_impact(print)_stream_zlib.pdf,print,14,-,440787,ok,-,0
print/text+img/global_agriculture_food_security_climate_impact(print)_stream_zlib.pdf,print,14,-,461588,no_counterpart,-,
print/text+img/global_agriculture_food_security_climate_impact(print)_stream_zlib.pdf,print,14,-,520739,ok,-,0
print/text+img/global_agriculture_food_security_climate_impact(print)_stream_zlib.pdf,print,14,-,631876,no_counterpart,-,
print/text+img/global_agriculture_food_security_climate_impact(print)_stream_zlib.pdf,print,14,-,648917,ok,-,0
print/text+img/global_agriculture_food_security_climate_impact(print)_stream_zlib.pdf,print,14,-,659521,no_counterpart,-,
print/text+img/global_agriculture_food_security_climate_impact(print)_stream_zlib.pdf,print,14,-,660668,no_counterpart,-,
print/text+img/global_agriculture_food_security_climate_impact(print)_stream_zlib.pdf,print,14,-,662302,no_counterpart,-,
print/text+img/global_agriculture_food_security_climate_impact(print)_stream_zlib.pdf,print,14,-,663632,no_counterpart,-,
print/text+img/global_agriculture_food_security_climate_impact(print)_stream_zlib.pdf,print,14,-,664856,no_counterpart,-,
print/text+img/global_agriculture_food_security_climate_impact(print)_stream_zlib.pdf,print,14,-,672643,no_counterpart,-,
print/text+img/global_agriculture_food_security_climate_impact(print)_stream_zlib.pdf,print,14,-,673119,no_counterpart,-,
print/text+img/global_agriculture_food_security_climate_impact(print)_stream_zlib.pdf,print,14,-,674424,no_counterpart,-,
print/text+img/global_agriculture_food_security_climate_impact(print)_stream_zlib.pdf,print,14,-,676793,no_counterpart,-,
print/text+img/global_agriculture_food_security_climate_impact(print)_stream_zlib.pdf,print,14,-,678788,no_counterpart,-,
print/text+img/global_agriculture_food_security_climate_impact(print)_stream_zlib.pdf,print,14,-,679960,no_counterpart,-,
print/text+img/global_agriculture_food_security_climate_impact(print)_stream_zlib.pdf,print,14,-,681628,no_counterpart,-,
print/text+img/global_agriculture_food_security_climate_impact(print)_stream_zlib.pdf,print,14,-,682715,no_counterpart,-,
print/text+img/global_agriculture_food_security_climate_impact(print)_stream_zlib.pdf,print,14,-,684584,no_counterpart,-,
print/text+img/global_agriculture_food_security_climate_impact(print)_stream_zlib.pdf,print,14,-,685540,no_counterpart,-,
print/text+img/global_ai_technology_investment_and_industry_adoption(print)_stream_zlib.pdf,print,12,-,144,ok,-,0
print/text+img/global_ai_technology_investment_and_industry_adoption(print)_stream_zlib.pdf,print,12,-,15840,ok,-,0
print/text+img/global_ai_technology_investment_and_industry_adoption(print)_stream_zlib.pdf,print,12,-,263540,ok,-,0
print/text+img/global_ai_technology_investment_and_industry_adoption(print)_stream_zlib.pdf,print,12,-,287019,ok,-,0
print/text+img/global_ai_technology_investment_and_industry_adoption(print)_stream_zlib.pdf,print,12,-,398997,no_counterpart,-,
print/text+img/global_ai_technology_investment_and_industry_adoption(print)_stream_zlib.pdf,print,12,-,453373,ok,-,0
print/text+img/global_ai_technology_investment_and_industry_adoption(print)_stream_zlib.pdf,print,12,-,501031,ok,-,0
print/text+img/global_ai_technology_investment_and_industry_adoption(print)_stream_zlib.pdf,print,12,-,573448,ok,-,0
print/text+img/global_ai_technology_investment_and_industry_adoption(print)_stream_zlib.pdf,print,12,-,626474,ok,-,0
print/text+img/global_ai_technology_investment_and_industry_adoption(print)_stream_zlib.pdf,print,12,-,639275,ok,-,0
print/text+img/global_ai_technology_investment_and_industry_adoption(print)_stream_zlib.pdf,print,12,-,647942,no_counterpart,-,
print/text+img/global_ai_technology_investment_and_industry_adoption(print)_stream_zlib.pdf,print,12,-,720668,ok,-,0
print/text+img/global_ai_technology_investment_and_industry_adoption(print)_stream_zlib.pdf,print,12,-,767748,ok,-,0
print/text+img/global_ai_technology_investment_and_industry_adoption(print)_stream_zlib.pdf,print,12,-,819588,ok,-,0
print/text+img/global_ai_technology_investment_and_industry_adoption(print)_stream_zlib.pdf,print,12,-,856970,ok,-,0
print/text+img/global_ai_technology_investment_and_industry_adoption(print)_stream_zlib.pdf,print,12,-,864496,no_counterpart,-,
print/text+img/global_ai_technology_investment_and_industry_adoption(print)_stream_zlib.pdf,print,12,-,865591,no_counterpart,-,
print/text+img/global_ai_technology_investment_and_industry_adoption(print)_stream_zlib.pdf,print,12,-,866068,no_counterpart,-,
print/text+img/global_ai_technology_investment_and_industry_adoption(print)_stream_zlib.pdf,print,12,-,867896,no_counterpart,-,
print/text+img/global_ai_technology_investment_and_industry_adoption(print)_stream_zlib.pdf,print,12,-,869240,no_counterpart,-,
print/text+img/global_ai_technology_investment_and_industry_adoption(print)_stream_zlib.pdf,print,12,-,870218,no_counterpart,-,
print/text+img/global_ai_technology_investment_and_industry_adoption(print)_stream_zlib.pdf,print,12,-,875398,no_counterpart,-,
print/text+img/global_ai_technology_investment_and_industry_adoption(print)_stream_zlib.pdf,print,12,-,879357,no_counterpart,-,
print/text+img/global_ai_technology_investment_and_industry_adoption(print)_stream_zlib.pdf,print,12,-,879833,no_counterpart,-,
print/text+img/global_ai_technology_investment_and_industry_adoption(print)_stream_zlib.pdf,print,12,-,881113,no_counterpart,-,
print/text+img/global_ai_technology_investment_and_industry_adoption(print)_stream_zlib.pdf,print,12,-,882536,no_counterpart,-,
print/text+img/global_ai_technology_investment_and_industry_adoption(print)_stream_zlib.pdf,print,12,-,884757,no_counterpart,-,
print/text+img/global_ai_technology_investment_and_industry_adoption(print)_stream_zlib.pdf,print,12,-,887291,no_counterpart,-,
print/text+img/global_ai_technology_investment_and_industry_adoption(print)_stream_zlib.pdf,print,12,-,888444,no_counterpart,-,
print/text+img/global_ai_technology_investment_and_industry_adoption(print)_stream_zlib.pdf,print,12,-,890162,no_counterpart,-,
print/text+img/global_ai_technology_investment_and_industry_adoption(print)_stream_zlib.pdf,print,12,-,891879,no_counterpart,-,
print/text+img/global_ai_technology_investment_and_industry_adoption(print)_stream_zlib.pdf,print,12,-,893453,no_counterpart,-,
print/text+img/global_ai_technology_investment_and_industry_adoption(print)_stream_zlib.pdf,print,12,-,894469,no_counterpart,-,
print/text+img/global_ai_technology_investment_and_industry_adoption(print)_stream_zlib.pdf,print,12,-,897102,no_counterpart,-,
print/text+img/global_climate_change_indicators_and_ghg_emissions(print)_stream_zlib.pdf,print,17,-,7570,ok,-,0
print/text+img/global_climate_change_indicators_and_ghg_emissions(print)_stream_zlib.pdf,print,17,-,104587,ok,-,0
print/text+img/global_climate_change_indicators_and_ghg_emissions(print)_stream_zlib.pdf,print,17,-,262181,no_counterpart,-,
print/text+img/global_climate_change_indicators_and_ghg_emissions(print)_stream_zlib.pdf,print,17,-,332984,ok,-,0
print/text+img/global_climate_change_indicators_and_ghg_emissions(print)_stream_zlib.pdf,print,17,-,424518,ok,-,0
print/text+img/global_climate_change_indicators_and_ghg_emissions(print)_stream_zlib.pdf,print,17,-,576844,ok,-,0
print/text+img/global_climate_change_indicators_and_ghg_emissions(print)_stream_zlib.pdf,print,17,-,708449,ok,-,0
print/text+img/global_climate_change_indicators_and_ghg_emissions(print)_stream_zlib.pdf,print,17,-,769328,ok,-,0
print/text+img/global_climate_change_indicators_and_ghg_emissions(print)_stream_zlib.pdf,print,17,-,789834,ok,-,0
print/text+img/global_climate_change_indicators_and_ghg_emissions(print)_stream_zlib.pdf,print,17,-,863243,ok,-,0
print/text+img/global_climate_change_indicators_and_ghg_emissions(print)_stream_zlib.pdf,print,17,-,1434712,ok,-,0
print/text+img/global_climate_change_indicators_and_ghg_emissions(print)_stream_zlib.pdf,print,17,-,1491908,no_counterpart,-,
print/text+img/global_climate_change_indicators_and_ghg_emissions(print)_stream_zlib.pdf,print,17,-,1563851,ok,-,0
print/text+img/global_climate_change_indicators_and_ghg_emissions(print)_stream_zlib.pdf,print,17,-,1571530,no_counterpart,-,
print/text+img/global_climate_change_indicators_and_ghg_emissions(print)_stream_zlib.pdf,print,17,-,1572532,no_counterpart,-,
print/text+img/global_climate_change_indicators_and_ghg_emissions(print)_stream_zlib.pdf,print,17,-,1573008,no_counterpart,-,
print/text+img/global_climate_change_indicators_and_ghg_emissions(print)_stream_zlib.pdf,print,17,-,1574568,no_counterpart,-,
print/text+img/global_climate_change_indicators_and_ghg_emissions(print)_stream_zlib.pdf,print,17,-,1576278,no_counterpart,-,
print/text+img/global_climate_change_indicators_and_ghg_emissions(print)_stream_zlib.pdf,print,17,-,1576786,no_counterpart,-,
print/text+img/global_climate_change_indicators_and_ghg_emissions(print)_stream_zlib.pdf,print,17,-,1577680,no_counterpart,-,
print/text+img/global_climate_change_indicators_and_ghg_emissions(print)_stream_zlib.pdf,print,17,-,1582945,no_counterpart,-,
print/text+img/global_climate_change_indicators_and_ghg_emissions(print)_stream_zlib.pdf,print,17,-,1584064,no_counterpart,-,
print/text+img/global_climate_change_indicators_and_ghg_emissions(print)_stream_zlib.pdf,print,17,-,1586487,no_counterpart,-,
print/text+img/global_climate_change_indicators_and_ghg_emissions(print)_stream_zlib.pdf,print,17,-,1588745,no_counterpart,-,
print/text+img/global_climate_change_indicators_and_ghg_emissions(print)_stream_zlib.pdf,print,17,-,1589733,no_counterpart,-,
print/text+img/global_climate_change_indicators_and_ghg_emissions(print)_stream_zlib.pdf,print,17,-,1591479,no_counterpart,-,
print/text+img/global_climate_change_indicators_and_ghg_emissions(print)_stream_zlib.pdf,print,17,-,1592978,no_counterpart,-,
print/text+img/global_climate_change_indicators_and_ghg_emissions(print)_stream_zlib.pdf,print,17,-,1594180,no_counterpart,-,
print/text+img/global_climate_change_indicators_and_ghg_emissions(print)_stream_zlib.pdf,print,17,-,1596043,no_counterpart,-,
print/text+img/global_climate_change_indicators_and_ghg_emissions(print)_stream_zlib.pdf,print,17,-,1597444,no_counterpart,-,
print/text+img/global_climate_change_indicators_and_ghg_emissions(print)_stream_zlib.pdf,print,17,-,1598676,no_counterpart,-,
print/text+img/global_climate_change_indicators_and_ghg_emissions(print)_stream_zlib.pdf,print,17,-,1600752,no_counterpart,-,
print/text+img/global_esports_and_gaming_industry_growth(print)_stream_zlib.pdf,print,13,-,145,ok,-,0
print/text+img/global_esports_and_gaming_industry_growth(print)_stream_zlib.pdf,print,13,-,237665,ok,-,0
print/text+img/global_esports_and_gaming_industry_growth(print)_stream_zlib.pdf,print,13,-,343031,ok,-,0
print/text+img/global_esports_and_gaming_industry_growth(print)_stream_zlib.pdf,print,13,-,419517,no_counterpart,-,
print/text+img/global_esports_and_gaming_industry_growth(print)_stream_zlib.pdf,print,13,-,526210,ok,-,0
print/text+img/global_esports_and_gaming_industry_growth(print)_stream_zlib.pdf,print,13,-,576683,ok,-,0
print/text+img/global_esports_and_gaming_industry_growth(print)_stream_zlib.pdf,print,13,-,622447,ok,-,0
print/text+img/global_esports_and_gaming_industry_growth(print)_stream_zlib.pdf,print,13,-,635553,no_counterpart,-,
print/text+img/global_esports_and_gaming_industry_growth(print)_stream_zlib.pdf,print,13,-,691464,ok,-,0
print/text+img/global_esports_and_gaming_industry_growth(print)_stream_zlib.pdf,print,13,-,699064,ok,-,0
print/text+img/global_esports_and_gaming_industry_growth(print)_stream_zlib.pdf,print,13,-,807744,ok,-,0
print/text+img/global_esports_and_gaming_industry_growth(print)_stream_zlib.pdf,print,13,-,1310427,ok,-,0
print/text+img/global_esports_and_gaming_industry_growth(print)_stream_zlib.pdf,print,13,-,1334773,ok,-,0
print/text+img/global_esports_and_gaming_industry_growth(print)_stream_zlib.pdf,print,13,-,1346144,ok,-,0
print/text+img/global_esports_and_gaming_industry_growth(print)_stream_zlib.pdf,print,13,-,1393725,no_counterpart,-,
print/text+img/global_esports_and_gaming_industry_growth(print)_stream_zlib.pdf,print,13,-,1394199,no_counterpart,-,
print/text+img/global_esports_and_gaming_industry_growth(print)_stream_zlib.pdf,print,13,-,1395852,no_counterpart,-,
print/text+img/global_esports_and_gaming_industry_growth(print)_stream_zlib.pdf,print,13,-,1396334,no_counterpart,-,
print/text+img/global_esports_and_gaming_industry_growth(print)_stream_zlib.pdf,print,13,-,1397795,no_counterpart,-,
print/text+img/global_esports_and_gaming_industry_growth(print)_stream_zlib.pdf,print,13,-,1403041,no_counterpart,-,
print/text+img/global_esports_and_gaming_industry_growth(print)_stream_zlib.pdf,print,13,-,1407147,no_counterpart,-,
print/text+img/global_esports_and_gaming_industry_growth(print)_stream_zlib.pdf,print,13,-,1408174,no_counterpart,-,
print/text+img/global_esports_and_gaming_industry_growth(print)_stream_zlib.pdf,print,13,-,1410284,no_counterpart,-,
print/text+img/global_esports_and_gaming_industry_growth(print)_stream_zlib.pdf,print,13,-,1412789,no_counterpart,-,
print/text+img/global_esports_and_gaming_industry_growth(print)_stream_zlib.pdf,print,13,-,1413276,no_counterpart,-,
print/text+img/global_esports_and_gaming_industry_growth(print)_stream_zlib.pdf,print,13,-,1414427,no_counterpart,-,
print/text+img/global_esports_and_gaming_industry_growth(print)_stream_zlib.pdf,print,13,-,1415992,no_counterpart,-,
print/text+img/global_esports_and_gaming_industry_growth(print)_stream_zlib.pdf,print,13,-,1417784,no_counterpart,-,
print/text+img/global_esports_and_gaming_industry_growth(print)_stream_zlib.pdf,print,13,-,1418883,no_counterpart,-,
print/text+img/global_esports_and_gaming_industry_growth(print)_stream_zlib.pdf,print,13,-,1420522,no_counterpart,-,
print/text+img/global_esports_and_gaming_industry_growth(print)_stream_zlib.pdf,print,13,-,1422094,no_counterpart,-,
print/text+img/global_esports_and_gaming_industry_growth(print)_stream_zlib.pdf,print,13,-,1423002,no_counterpart,-,
print/text+img/global_esports_and_gaming_industry_growth(print)_stream_zlib.pdf,print,13,-,1425615,no_counterpart,-,
print/text+img/global_ev_market_growth_statistics(print)_stream_zlib.pdf,print,13,-,143,ok,-,0
print/text+img/global_ev_market_growth_statistics(print)_stream_zlib.pdf,print,13,-,142256,ok,-,0
print/text+img/global_ev_market_growth_statistics(print)_stream_zlib.pdf,print,13,-,160219,ok,-,0
print/text+img/global_ev_market_growth_statistics(print)_stream_zlib.pdf,print,13,-,272197,no_counterpart,-,
print/text+img/global_ev_market_growth_statistics(print)_stream_zlib.pdf,print,13,-,332281,ok,-,0
print/text+img/global_ev_market_growth_statistics(print)_stream_zlib.pdf,print,13,-,484476,ok,-,0
print/text+img/global_ev_market_growth_statistics(print)_stream_zlib.pdf,print,13,-,635619,ok,-,0
print/text+img/global_ev_market_growth_statistics(print)_stream_zlib.pdf,print,13,-,711950,ok,-,0
print/text+img/global_ev_market_growth_statistics(print)_stream_zlib.pdf,print,13,-,745802,ok,-,0
print/text+img/global_ev_market_growth_statistics(print)_stream_zlib.pdf,print,13,-,791513,ok,-,0
print/text+img/global_ev_market_growth_statistics(print)_stream_zlib.pdf,print,13,-,823894,ok,-,0
print/text+img/global_ev_market_growth_statistics(print)_stream_zlib.pdf,print,13,-,945420,ok,-,0
print/text+img/global_ev_market_growth_statistics(print)_stream_zlib.pdf,print,13,-,998670,ok,-,0
print/text+img/global_ev_market_growth_statistics(print)_stream_zlib.pdf,print,13,-,1012915,ok,-,0
print/text+img/global_ev_market_growth_statistics(print)_stream_zlib.pdf,print,13,-,1056959,ok,-,0
print/text+img/global_ev_market_growth_statistics(print)_stream_zlib.pdf,print,13,-,1085785,ok,-,0
print/text+img/global_ev_market_growth_statistics(print)_stream_zlib.pdf,print,13,-,1120164,ok,-,0
print/text+img/global_ev_market_growth_statistics(print)_stream_zlib.pdf,print,13,-,1163378,no_counterpart,-,
print/text+img/global_ev_market_growth_statistics(print)_stream_zlib.pdf,print,13,-,1222369,ok,-,0
print/text+img/global_ev_market_growth_statistics(print)_stream_zlib.pdf,print,13,-,1228936,no_counterpart,-,
print/text+img/global_ev_market_growth_statistics(print)_stream_zlib.pdf,print,13,-,1230107,no_counterpart,-,
print/text+img/global_ev_market_growth_statistics(print)_stream_zlib.pdf,print,13,-,1230583,no_counterpart,-,
print/text+img/global_ev_market_growth_statistics(print)_stream_zlib.pdf,print,13,-,1232301,no_counterpart,-,
print/text+img/global_ev_market_growth_statistics(print)_stream_zlib.pdf,print,13,-,1234071,no_counterpart,-,
print/text+img/global_ev_market_growth_statistics(print)_stream_zlib.pdf,print,13,-,1234547,no_counterpart,-,
print/text+img/global_ev_market_growth_statistics(print)_stream_zlib.pdf,print,13,-,1235495,no_counterpart,-,
print/text+img/global_ev_market_growth_statistics(print)_stream_zlib.pdf,print,13,-,1238694,no_counterpart,-,
print/text+img/global_ev_market_growth_statistics(print)_stream_zlib.pdf,print,13,-,1239901,no_counterpart,-,
print/text+img/global_ev_market_growth_statistics(print)_stream_zlib.pdf,print,13,-,1242263,no_counterpart,-,
print/text+img/global_ev_market_growth_statistics(print)_stream_zlib.pdf,print,13,-,1244565,no_counterpart,-,
print/text+img/global_ev_market_growth_statistics(print)_stream_zlib.pdf,print,13,-,1245797,no_counterpart,-,
print/text+img/global_ev_market_growth_statistics(print)_stream_zlib.pdf,print,13,-,1247596,no_counterpart,-,
print/text+img/global_ev_market_growth_statistics(print)_stream_zlib.pdf,print,13,-,1249018,no_counterpart,-,
print/text+img/global_ev_market_growth_statistics(print)_stream_zlib.pdf,print,13,-,1250152,no_counterpart,-,
print/text+img/global_ev_market_growth_statistics(print)_stream_zlib.pdf,print,13,-,1251818,no_counterpart,-,
print/text+img/global_ev_market_growth_statistics(print)_stream_zlib.pdf,print,13,-,1253559,no_counterpart,-,
print/text+img/global_ev_market_growth_statistics(print)_stream_zlib.pdf,print,13,-,1254592,no_counterpart,-,
print/text+img/global_ev_market_growth_statistics(print)_stream_zlib.pdf,print,13,-,1257498,no_counterpart,-,
print/text+img/global_healthcare_digital_health_patient_data_trends(print)_stream_zlib.pdf,print,19,-,16045,ok,-,0
print/text+img/global_healthcare_digital_health_patient_data_trends(print)_stream_zlib.pdf,print,19,-,228990,ok,-,0
print/text+img/global_healthcare_digital_health_patient_data_trends(print)_stream_zlib.pdf,print,19,-,329220,ok,-,0
print/text+img/global_healthcare_digital_health_patient_data_trends(print)_stream_zlib.pdf,print,19,-,380136,ok,-,0
print/text+img/global_healthcare_digital_health_patient_data_trends(print)_stream_zlib.pdf,print,19,-,480576,ok,-,0
print/text+img/global_healthcare_digital_health_patient_data_trends(print)_stream_zlib.pdf,print,19,-,581055,no_counterpart,-,
print/text+img/global_healthcare_digital_health_patient_data_trends(print)_stream_zlib.pdf,print,19,-,630637,ok,-,0
print/text+img/global_healthcare_digital_health_patient_data_trends(print)_stream_zlib.pdf,print,19,-,693796,ok,-,0
print/text+img/global_healthcare_digital_health_patient_data_trends(print)_stream_zlib.pdf,print,19,-,819772,ok,-,0
print/text+img/global_healthcare_digital_health_patient_data_trends(print)_stream_zlib.pdf,print,19,-,896316,ok,-,0
print/text+img/global_healthcare_digital_health_patient_data_trends(print)_stream_zlib.pdf,print,19,-,1096642,ok,-,0
print/text+img/global_healthcare_digital_health_patient_data_trends(print)_stream_zlib.pdf,print,19,-,1115184,ok,-,0
print/text+img/global_healthcare_digital_health_patient_data_trends(print)_stream_zlib.pdf,print,19,-,1204629,ok,-,0
print/text+img/global_healthcare_digital_health_patient_data_trends(print)_stream_zlib.pdf,print,19,-,1275021,no_counterpart,-,
print/text+img/global_healthcare_digital_health_patient_data_trends(print)_stream_zlib.pdf,print,19,-,1314777,ok,-,0
print/text+img/global_healthcare_digital_health_patient_data_trends(print)_stream_zlib.pdf,print,19,-,1426719,ok,-,0
print/text+img/global_healthcare_digital_health_patient_data_trends(print)_stream_zlib.pdf,print,19,-,1430983,ok,-,0
print/text+img/global_healthcare_digital_health_patient_data_trends(print)_stream_zlib.pdf,print,19,-,1458817,ok,-,0
print/text+img/global_healthcare_digital_health_patient_data_trends(print)_stream_zlib.pdf,print,19,-,1506062,no_counterpart,-,
print/text+img/global_healthcare_digital_health_patient_data_trends(print)_stream_zlib.pdf,print,19,-,1507211,no_counterpart,-,
print/text+img/global_healthcare_digital_health_patient_data_trends(print)_stream_zlib.pdf,print,19,-,1507687,no_counterpart,-,
print/text+img/global_healthcare_digital_health_patient_data_trends(print)_stream_zlib.pdf,print,19,-,1508169,no_counterpart,-,
print/text+img/global_healthcare_digital_health_patient_data_trends(print)_stream_zlib.pdf,print,19,-,1508688,no_counterpart,-,
print/text+img/global_healthcare_digital_health_patient_data_trends(print)_stream_zlib.pdf,print,19,-,1509175,no_counterpart,-,
print/text+img/global_healthcare_digital_health_patient_data_trends(print)_stream_zlib.pdf,print,19,-,1510222,no_counterpart,-,
print/text+img/global_healthcare_digital_health_patient_data_trends(print)_stream_zlib.pdf,print,19,-,1515824,no_counterpart,-,
print/text+img/global_healthcare_digital_health_patient_data_trends(print)_stream_zlib.pdf,print,19,-,1517017,no_counterpart,-,
print/text+img/global_healthcare_digital_health_patient_data_trends(print)_stream_zlib.pdf,print,19,-,1519525,no_counterpart,-,
print/text+img/global_healthcare_digital_health_patient_data_trends(print)_stream_zlib.pdf,print,19,-,1521752,no_counterpart,-,
print/text+img/global_healthcare_digital_health_patient_data_trends(print)_stream_zlib.pdf,print,19,-,1522934,no_counterpart,-,
print/text+img/global_healthcare_digital_health_patient_data_trends(print)_stream_zlib.pdf,print,19,-,1524800,no_counterpart,-,
print/text+img/global_healthcare_digital_health_patient_data_trends(print)_stream_zlib.pdf,print,19,-,1526010,no_counterpart,-,
print/text+img/global_healthcare_digital_health_patient_data_trends(print)_stream_zlib.pdf,print,19,-,1527878,no_counterpart,-,
print/text+img/global_healthcare_digital_health_patient_data_trends(print)_stream_zlib.pdf,print,19,-,1528386,no_counterpart,-,
print/text+img/global_healthcare_digital_health_patient_data_trends(print)_stream_zlib.pdf,print,19,-,1529346,no_counterpart,-,
print/text+img/global_renewable_energy_generation_and_carbon_reduction_analysis(print)_stream_zlib.pdf,print,20,-,143,ok,-,0
print/text+img/global_renewable_energy_generation_and_carbon_reduction_analysis(print)_stream_zlib.pdf,print,20,-,431742,ok,-,0
print/text+img/global_renewable_energy_generation_and_carbon_reduction_analysis(print)_stream_zlib.pdf,print,20,-,499810,ok,-,0
print/text+img/global_renewable_energy_generation_and_carbon_reduction_analysis(print)_stream_zlib.pdf,print,20,-,614526,ok,-,0
print/text+img/global_renewable_energy_generation_and_carbon_reduction_analysis(print)_stream_zlib.pdf,print,20,-,687818,no_counterpart,-,
print/text+img/global_renewable_energy_generation_and_carbon_reduction_analysis(print)_stream_zlib.pdf,print,20,-,749707,ok,-,0
print/text+img/global_renewable_energy_generation_and_carbon_reduction_analysis(print)_stream_zlib.pdf,print,20,-,762671,ok,-,0
print/text+img/global_renewable_energy_generation_and_carbon_reduction_analysis(print)_stream_zlib.pdf,print,20,-,1394660,no_counterpart,-,
print/text+img/global_renewable_energy_generation_and_carbon_reduction_analysis(print)_stream_zlib.pdf,print,20,-,1478329,ok,-,0
print/text+img/global_renewable_energy_generation_and_carbon_reduction_analysis(print)_stream_zlib.pdf,print,20,-,1482657,ok,-,0
print/text+img/global_renewable_energy_generation_and_carbon_reduction_analysis(print)_stream_zlib.pdf,print,20,-,1563740,ok,-,0
print/text+img/global_renewable_energy_generation_and_carbon_reduction_analysis(print)_stream_zlib.pdf,print,20,-,1571141,no_counterpart,-,
print/text+img/global_renewable_energy_generation_and_carbon_reduction_analysis(print)_stream_zlib.pdf,print,20,-,1572167,no_counterpart,-,
print/text+img/global_renewable_energy_generation_and_carbon_reduction_analysis(print)_stream_zlib.pdf,print,20,-,1573731,no_counterpart,-,
print/text+img/global_renewable_energy_generation_and_carbon_reduction_analysis(print)_stream_zlib.pdf,print,20,-,1574233,no_counterpart,-,
print/text+img/global_renewable_energy_generation_and_carbon_reduction_analysis(print)_stream_zlib.pdf,print,20,-,1575231,no_counterpart,-,
print/text+img/global_renewable_energy_generation_and_carbon_reduction_analysis(print)_stream_zlib.pdf,print,20,-,1579300,no_counterpart,-,
print/text+img/global_renewable_energy_generation_and_carbon_reduction_analysis(print)_stream_zlib.pdf,print,20,-,1583104,no_counterpart,-,
print/text+img/global_renewable_energy_generation_and_carbon_reduction_analysis(print)_stream_zlib.pdf,print,20,-,1583580,no_counterpart,-,
print/text+img/global_renewable_energy_generation_and_carbon_reduction_analysis(print)_stream_zlib.pdf,print,20,-,1584698,no_counterpart,-,
print/text+img/global_renewable_energy_generation_and_carbon_reduction_analysis(print)_stream_zlib.pdf,print,20,-,1586701,no_counterpart,-,
print/text+img/global_renewable_energy_generation_and_carbon_reduction_analysis(print)_stream_zlib.pdf,print,20,-,1588975,no_counterpart,-,
print/text+img/global_renewable_energy_generation_and_carbon_reduction_analysis(print)_stream_zlib.pdf,print,20,-,1590175,no_counterpart,-,
print/text+img/global_renewable_energy_generation_and_carbon_reduction_analysis(print)_stream_zlib.pdf,print,20,-,1591865,no_counterpart,-,
print/text+img/global_renewable_energy_generation_and_carbon_reduction_analysis(print)_stream_zlib.pdf,print,20,-,1593439,no_counterpart,-,
print/text+img/global_renewable_energy_generation_and_carbon_reduction_analysis(print)_stream_zlib.pdf,print,20,-,1594553,no_counterpart,-,
print/text+img/global_renewable_energy_generation_and_carbon_reduction_analysis(print)_stream_zlib.pdf,print,20,-,1596297,no_counterpart,-,
print/text+img/global_renewable_energy_generation_and_carbon_reduction_analysis(print)_stream_zlib.pdf,print,20,-,1598012,no_counterpart,-,
print/text+img/global_renewable_energy_generation_and_carbon_reduction_analysis(print)_stream_zlib.pdf,print,20,-,1599433,no_counterpart,-,
print/text+img/global_renewable_energy_generation_and_carbon_reduction_analysis(print)_stream_zlib.pdf,print,20,-,1601509,no_counterpart,-,
print/text+img/international_tourism_trends_country_spending_patterns_multilang(print)_stream_zlib.pdf,print,15,-,27960,ok,-,0
print/text+img/international_tourism_trends_country_spending_patterns_multilang(print)_stream_zlib.pdf,print,15,-,153034,ok,-,0
print/text+img/international_tourism_trends_country_spending_patterns_multilang(print)_stream_zlib.pdf,print,15,-,188900,ok,-,0
print/text+img/international_tourism_trends_country_spending_patterns_multilang(print)_stream_zlib.pdf,print,15,-,259637,no_counterpart,-,
print/text+img/international_tourism_trends_country_spending_patterns_multilang(print)_stream_zlib.pdf,print,15,-,399559,ok,-,0
print/text+img/international_tourism_trends_country_spending_patterns_multilang(print)_stream_zlib.pdf,print,15,-,472840,ok,-,0
print/text+img/international_tourism_trends_country_spending_patterns_multilang(print)_stream_zlib.pdf,print,15,-,514696,ok,-,0
print/text+img/international_tourism_trends_country_spending_patterns_multilang(print)_stream_zlib.pdf,print,15,-,588625,ok,-,0
print/text+img/international_tourism_trends_country_spending_patterns_multilang(print)_stream_zlib.pdf,print,15,-,603420,ok,-,0
print/text+img/international_tourism_trends_country_spending_patterns_multilang(print)_stream_zlib.pdf,print,15,-,1123679,no_counterpart,-,
print/text+img/international_tourism_trends_country_spending_patterns_multilang(print)_stream_zlib.pdf,print,15,-,1181555,ok,-,0
print/text+img/international_tourism_trends_country_spending_patterns_multilang(print)_stream_zlib.pdf,print,15,-,1269182,ok,-,0
print/text+img/international_tourism_trends_country_spending_patterns_multilang(print)_stream_zlib.pdf,print,15,-,1277202,no_counterpart,-,
print/text+img/international_tourism_trends_country_spending_patterns_multilang(print)_stream_zlib.pdf,print,15,-,1278302,no_counterpart,-,
print/text+img/international_tourism_trends_country_spending_patterns_multilang(print)_stream_zlib.pdf,print,15,-,1278779,no_counterpart,-,
print/text+img/international_tourism_trends_country_spending_patterns_multilang(print)_stream_zlib.pdf,print,15,-,1280597,no_counterpart,-,
print/text+img/international_tourism_trends_country_spending_patterns_multilang(print)_stream_zlib.pdf,print,15,-,1281962,no_counterpart,-,
print/text+img/international_tourism_trends_country_spending_patterns_multilang(print)_stream_zlib.pdf,print,15,-,1282827,no_counterpart,-,
print/text+img/international_tourism_trends_country_spending_patterns_multilang(print)_stream_zlib.pdf,print,15,-,1288700,no_counterpart,-,
print/text+img/international_tourism_trends_country_spending_patterns_multilang(print)_stream_zlib.pdf,print,15,-,1291379,no_counterpart,-,
print/text+img/international_tourism_trends_country_spending_patterns_multilang(print)_stream_zlib.pdf,print,15,-,1292384,no_counterpart,-,
print/text+img/international_tourism_trends_country_spending_patterns_multilang(print)_stream_zlib.pdf,print,15,-,1294844,no_counterpart,-,
print/text+img/international_tourism_trends_country_spending_patterns_multilang(print)_stream_zlib.pdf,print,15,-,1297020,no_counterpart,-,
print/text+img/international_tourism_trends_country_spending_patterns_multilang(print)_stream_zlib.pdf,print,15,-,1298072,no_counterpart,-,
print/text+img/international_tourism_trends_country_spending_patterns_multilang(print)_stream_zlib.pdf,print,15,-,1299869,no_counterpart,-,
print/text+img/international_tourism_trends_country_spending_patterns_multilang(print)_stream_zlib.pdf,print,15,-,1301393,no_counterpart,-,
print/text+img/international_tourism_trends_country_spending_patterns_multilang(print)_stream_zlib.pdf,print,15,-,1302432,no_counterpart,-,
print/text+img/international_tourism_trends_country_spending_patterns_multilang(print)_stream_zlib.pdf,print,15,-,1304247,no_counterpart,-,
print/text+img/international_tourism_trends_country_spending_patterns_multilang(print)_stream_zlib.pdf,print,15,-,1305810,no_counterpart,-,
print/text+img/international_tourism_trends_country_spending_patterns_multilang(print)_stream_zlib.pdf,print,15,-,1306667,no_counterpart,-,
print/text+img/international_tourism_trends_country_spending_patterns_multilang(print)_stream_zlib.pdf,print,15,-,1309479,no_counterpart,-,
print/text+img/mobile_payment_and_fintech_service_expansion(print)_stream_zlib.pdf,print,16,-,389466,ok,-,0
print/text+img/mobile_payment_and_fintech_service_expansion(print)_stream_zlib.pdf,print,16,-,437224,ok,-,0
print/text+img/mobile_payment_and_fintech_service_expansion(print)_stream_zlib.pdf,print,16,-,469133,ok,-,0
print/text+img/mobile_payment_and_fintech_service_expansion(print)_stream_zlib.pdf,print,16,-,511632,ok,-,0
print/text+img/mobile_payment_and_fintech_service_expansion(print)_stream_zlib.pdf,print,16,-,710623,ok,-,0
print/text+img/mobile_payment_and_fintech_service_expansion(print)_stream_zlib.pdf,print,16,-,783678,ok,-,0
print/text+img/mobile_payment_and_fintech_service_expansion(print)_stream_zlib.pdf,print,16,-,833927,ok,-,0
print/text+img/mobile_payment_and_fintech_service_expansion(print)_stream_zlib.pdf,print,16,-,861316,ok,-,0
print/text+img/mobile_payment_and_fintech_service_expansion(print)_stream_zlib.pdf,print,16,-,865632,ok,-,0
print/text+img/mobile_payment_and_fintech_service_expansion(print)_stream_zlib.pdf,print,16,-,873716,ok,-,0
print/text+img/mobile_payment_and_fintech_service_expansion(print)_stream_zlib.pdf,print,16,-,882537,ok,-,0
print/text+img/mobile_payment_and_fintech_service_expansion(print)_stream_zlib.pdf,print,16,-,895037,no_counterpart,-,
print/text+img/mobile_payment_and_fintech_service_expansion(print)_stream_zlib.pdf,print,16,-,962819,ok,-,0
print/text+img/mobile_payment_and_fintech_service_expansion(print)_stream_zlib.pdf,print,16,-,997253,ok,-,0
print/text+img/mobile_payment_and_fintech_service_expansion(print)_stream_zlib.pdf,print,16,-,1037145,no_counterpart,-,
print/text+img/mobile_payment_and_fintech_service_expansion(print)_stream_zlib.pdf,print,16,-,1133121,no_counterpart,-,
print/text+img/mobile_payment_and_fintech_service_expansion(print)_stream_zlib.pdf,print,16,-,1134220,no_counterpart,-,
print/text+img/mobile_payment_and_fintech_service_expansion(print)_stream_zlib.pdf,print,16,-,1134696,no_counterpart,-,
print/text+img/mobile_payment_and_fintech_service_expansion(print)_stream_zlib.pdf,print,16,-,1136241,no_counterpart,-,
print/text+img/mobile_payment_and_fintech_service_expansion(print)_stream_zlib.pdf,print,16,-,1137135,no_counterpart,-,
print/text+img/mobile_payment_and_fintech_service_expansion(print)_stream_zlib.pdf,print,16,-,1141454,no_counterpart,-,
print/text+img/mobile_payment_and_fintech_service_expansion(print)_stream_zlib.pdf,print,16,-,1146318,no_counterpart,-,
print/text+img/mobile_payment_and_fintech_service_expansion(print)_stream_zlib.pdf,print,16,-,1146822,no_counterpart,-,
print/text+img/mobile_payment_and_fintech_service_expansion(print)_stream_zlib.pdf,print,16,-,1147881,no_counterpart,-,
print/text+img/mobile_payment_and_fintech_service_expansion(print)_stream_zlib.pdf,print,16,-,1150147,no_counterpart,-,
print/text+img/mobile_payment_and_fintech_service_expansion(print)_stream_zlib.pdf,print,16,-,1152481,no_counterpart,-,
print/text+img/mobile_payment_and_fintech_service_expansion(print)_stream_zlib.pdf,print,16,-,1153660,no_counterpart,-,
print/text+img/mobile_payment_and_fintech_service_expansion(print)_stream_zlib.pdf,print,16,-,1155279,no_counterpart,-,
print/text+img/mobile_payment_and_fintech_service_expansion(print)_stream_zlib.pdf,print,16,-,1156842,no_counterpart,-,
print/text+img/mobile_payment_and_fintech_service_expansion(print)_stream_zlib.pdf,print,16,-,1157967,no_counterpart,-,
print/text+img/mobile_payment_and_fintech_service_expansion(print)_stream_zlib.pdf,print,16,-,1159664,no_counterpart,-,
print/text+img/mobile_payment_and_fintech_service_expansion(print)_stream_zlib.pdf,print,16,-,1161066,no_counterpart,-,
print/text+img/mobile_payment_and_fintech_service_expansion(print)_stream_zlib.pdf,print,16,-,1161958,no_counterpart,-,
print/text+img/mobile_payment_and_fintech_service_expansion(print)_stream_zlib.pdf,print,16,-,1163967,no_counterpart,-,
print/text+img/online_education_elearning_market_growth_analysis(print)_stream_zlib.pdf,print,11,-,143,ok,-,0
print/text+img/online_education_elearning_market_growth_analysis(print)_stream_zlib.pdf,print,11,-,42346,no_counterpart,-,
print/text+img/online_education_elearning_market_growth_analysis(print)_stream_zlib.pdf,print,11,-,109492,ok,-,0
print/text+img/online_education_elearning_market_growth_analysis(print)_stream_zlib.pdf,print,11,-,113237,ok,-,0
print/text+img/online_education_elearning_market_growth_analysis(print)_stream_zlib.pdf,print,11,-,243281,ok,-,0
print/text+img/online_education_elearning_market_growth_analysis(print)_stream_zlib.pdf,print,11,-,320844,ok,-,0
print/text+img/online_education_elearning_market_growth_analysis(print)_stream_zlib.pdf,print,11,-,397178,ok,-,0
print/text+img/online_education_elearning_market_growth_analysis(print)_stream_zlib.pdf,print,11,-,474060,ok,-,0
print/text+img/online_education_elearning_market_growth_analysis(print)_stream_zlib.pdf,print,11,-,551218,ok,-,0
print/text+img/online_education_elearning_market_growth_analysis(print)_stream_zlib.pdf,print,11,-,783246,ok,-,0
print/text+img/online_education_elearning_market_growth_analysis(print)_stream_zlib.pdf,print,11,-,860592,ok,-,0
print/text+img/online_education_elearning_market_growth_analysis(print)_stream_zlib.pdf,print,11,-,1015274,ok,-,0
print/text+img/online_education_elearning_market_growth_analysis(print)_stream_zlib.pdf,print,11,-,1093237,ok,-,0
print/text+img/online_education_elearning_market_growth_analysis(print)_stream_zlib.pdf,print,11,-,1205215,no_counterpart,-,
print/text+img/online_education_elearning_market_growth_analysis(print)_stream_zlib.pdf,print,11,-,1263635,ok,-,0
print/text+img/online_education_elearning_market_growth_analysis(print)_stream_zlib.pdf,print,11,-,1335076,ok,-,0
print/text+img/online_education_elearning_market_growth_analysis(print)_stream_zlib.pdf,print,11,-,1381417,ok,-,0
print/text+img/online_education_elearning_market_growth_analysis(print)_stream_zlib.pdf,print,11,-,1456855,ok,-,0
print/text+img/online_education_elearning_market_growth_analysis(print)_stream_zlib.pdf,print,11,-,1956540,ok,-,0
print/text+img/online_education_elearning_market_growth_analysis(print)_stream_zlib.pdf,print,11,-,1961036,ok,-,0
print/text+img/online_education_elearning_market_growth_analysis(print)_stream_zlib.pdf,print,11,-,1981859,ok,-,0
print/text+img/online_education_elearning_market_growth_analysis(print)_stream_zlib.pdf,print,11,-,2030935,no_counterpart,-,
print/text+img/online_education_elearning_market_growth_analysis(print)_stream_zlib.pdf,print,11,-,2032082,no_counterpart,-,
print/text+img/online_education_elearning_market_growth_analysis(print)_stream_zlib.pdf,print,11,-,2033915,no_counterpart,-,
print/text+img/online_education_elearning_market_growth_analysis(print)_stream_zlib.pdf,print,11,-,2034953,no_counterpart,-,
print/text+img/online_education_elearning_market_growth_analysis(print)_stream_zlib.pdf,print,11,-,2035429,no_counterpart,-,
print/text+img/online_education_elearning_market_growth_analysis(print)_stream_zlib.pdf,print,11,-,2035905,no_counterpart,-,
print/text+img/online_education_elearning_market_growth_analysis(print)_stream_zlib.pdf,print,11,-,2037182,no_counterpart,-,
print/text+img/online_education_elearning_market_growth_analysis(print)_stream_zlib.pdf,print,11,-,2039815,no_counterpart,-,
print/text+img/online_education_elearning_market_growth_analysis(print)_stream_zlib.pdf,print,11,-,2041015,no_counterpart,-,
print/text+img/online_education_elearning_market_growth_analysis(print)_stream_zlib.pdf,print,11,-,2042852,no_counterpart,-,
print/text+img/online_education_elearning_market_growth_analysis(print)_stream_zlib.pdf,print,11,-,2043975,no_counterpart,-,
print/text+img/online_education_elearning_market_growth_analysis(print)_stream_zlib.pdf,print,11,-,2045826,no_counterpart,-,
print/text+img/online_education_elearning_market_growth_analysis(print)_stream_zlib.pdf,print,11,-,2046669,no_counterpart,-,
print/text/AI_Development_MultiLanguage(print)_stream_zlib.pdf,print,15,-,144,ok,-,0
print/text/AI_Development_MultiLanguage(print)_stream_zlib.pdf,print,15,-,108085,ok,-,0
print/text/AI_Development_MultiLanguage(print)_stream_zlib.pdf,print,15,-,138378,ok,-,0
print/text/AI_Development_MultiLanguage(print)_stream_zlib.pdf,print,15,-,154928,ok,-,0
print/text/AI_Development_MultiLanguage(print)_stream_zlib.pdf,print,15,-,401128,ok,-,0
print/text/AI_Development_MultiLanguage(print)_stream_zlib.pdf,print,15,-,477642,ok,-,0
print/text/AI_Development_MultiLanguage(print)_stream_zlib.pdf,print,15,-,526569,ok,-,0
print/text/AI_Development_MultiLanguage(print)_stream_zlib.pdf,print,15,-,605463,ok,-,0
print/text/AI_Development_MultiLanguage(print)_stream_zlib.pdf,print,15,-,703505,ok,-,0
print/text/AI_Development_MultiLanguage(print)_stream_zlib.pdf,print,15,-,789093,ok,-,0
print/text/AI_Development_MultiLanguage(print)_stream_zlib.pdf,print,15,-,798695,ok,-,0
print/text/AI_Development_MultiLanguage(print)_stream_zlib.pdf,print,15,-,829885,ok,-,0
print/text/AI_Development_MultiLanguage(print)_stream_zlib.pdf,print,15,-,856298,ok,-,0
print/text/AI_Development_MultiLanguage(print)_stream_zlib.pdf,print,15,-,936978,no_counterpart,-,
print/text/AI_Development_MultiLanguage(print)_stream_zlib.pdf,print,15,-,938081,no_counterpart,-,
print/text/AI_Development_MultiLanguage(print)_stream_zlib.pdf,print,15,-,938557,no_counterpart,-,
print/text/AI_Development_MultiLanguage(print)_stream_zlib.pdf,print,15,-,939954,no_counterpart,-,
print/text/AI_Development_MultiLanguage(print)_stream_zlib.pdf,print,15,-,941332,no_counterpart,-,
print/text/AI_Development_MultiLanguage(print)_stream_zlib.pdf,print,15,-,942329,no_counterpart,-,
print/text/AI_Development_MultiLanguage(print)_stream_zlib.pdf,print,15,-,947545,no_counterpart,-,
print/text/AI_Development_MultiLanguage(print)_stream_zlib.pdf,print,15,-,948620,no_counterpart,-,
print/text/AI_Development_MultiLanguage(print)_stream_zlib.pdf,print,15,-,951111,no_counterpart,-,
print/text/AI_Development_MultiLanguage(print)_stream_zlib.pdf,print,15,-,953442,no_counterpart,-,
print/text/AI_Development_MultiLanguage(print)_stream_zlib.pdf,print,15,-,954474,no_counterpart,-,
print/text/AI_Development_MultiLanguage(print)_stream_zlib.pdf,print,15,-,955964,no_counterpart,-,
print/text/AI_Development_MultiLanguage(print)_stream_zlib.pdf,print,15,-,957368,no_counterpart,-,
print/text/AI_Development_MultiLanguage(print)_stream_zlib.pdf,print,15,-,958310,no_counterpart,-,
print/text/AI_Development_MultiLanguage(print)_stream_zlib.pdf,print,15,-,959796,no_counterpart,-,
print/text/AI_Development_MultiLanguage(print)_stream_zlib.pdf,print,15,-,961181,no_counterpart,-,
print/text/AI_Development_MultiLanguage(print)_stream_zlib.pdf,print,15,-,962097,no_counterpart,-,
print/text/AI_Development_MultiLanguage(print)_stream_zlib.pdf,print,15,-,964909,no_counterpart,-,
print/text/AeroChef_Drone_Delivery_Cooking_Service(print)_stream_zlib.pdf,print,13,-,27801,ok,-,0
print/text/AeroChef_Drone_Delivery_Cooking_Service(print)_stream_zlib.pdf,print,13,-,40109,ok,-,0
print/text/AeroChef_Drone_Delivery_Cooking_Service(print)_stream_zlib.pdf,print,13,-,118334,ok,-,0
print/text/AeroChef_Drone_Delivery_Cooking_Service(print)_stream_zlib.pdf,print,13,-,234607,ok,-,0
print/text/AeroChef_Drone_Delivery_Cooking_Service(print)_stream_zlib.pdf,print,13,-,346412,ok,-,0
print/text/AeroChef_Drone_Delivery_Cooking_Service(print)_stream_zlib.pdf,print,13,-,443351,ok,-,0
print/text/AeroChef_Drone_Delivery_Cooking_Service(print)_stream_zlib.pdf,print,13,-,445758,ok,-,0
print/text/AeroChef_Drone_Delivery_Cooking_Service(print)_stream_zlib.pdf,print,13,-,458297,ok,-,0
print/text/AeroChef_Drone_Delivery_Cooking_Service(print)_stream_zlib.pdf,print,13,-,480703,ok,-,0
print/text/AeroChef_Drone_Delivery_Cooking_Service(print)_stream_zlib.pdf,print,13,-,522770,ok,-,0
print/text/AeroChef_Drone_Delivery_Cooking_Service(print)_stream_zlib.pdf,print,13,-,529287,ok,-,0
print/text/AeroChef_Drone_Delivery_Cooking_Service(print)_stream_zlib.pdf,print,13,-,623835,ok,-,0
print/text/AeroChef_Drone_Delivery_Cooking_Service(print)_stream_zlib.pdf,print,13,-,634900,ok,-,0
print/text/AeroChef_Drone_Delivery_Cooking_Service(print)_stream_zlib.pdf,print,13,-,645800,ok,-,0
print/text/AeroChef_Drone_Delivery_Cooking_Service(print)_stream_zlib.pdf,print,13,-,1225333,ok,-,0
print/text/AeroChef_Drone_Delivery_Cooking_Service(print)_stream_zlib.pdf,print,13,-,1265752,no_counterpart,-,
print/text/AeroChef_Drone_Delivery_Cooking_Service(print)_stream_zlib.pdf,print,13,-,1266717,no_counterpart,-,
print/text/AeroChef_Drone_Delivery_Cooking_Service(print)_stream_zlib.pdf,print,13,-,1268059,no_counterpart,-,
print/text/AeroChef_Drone_Delivery_Cooking_Service(print)_stream_zlib.pdf,print,13,-,1268540,no_counterpart,-,
print/text/AeroChef_Drone_Delivery_Cooking_Service(print)_stream_zlib.pdf,print,13,-,1269016,no_counterpart,-,
print/text/AeroChef_Drone_Delivery_Cooking_Service(print)_stream_zlib.pdf,print,13,-,1270433,no_counterpart,-,
print/text/AeroChef_Drone_Delivery_Cooking_Service(print)_stream_zlib.pdf,print,13,-,1270909,no_counterpart,-,
print/text/AeroChef_Drone_Delivery_Cooking_Service(print)_stream_zlib.pdf,print,13,-,1271893,no_counterpart,-,
print/text/AeroChef_Drone_Delivery_Cooking_Service(print)_stream_zlib.pdf,print,13,-,1276584,no_counterpart,-,
print/text/AeroChef_Drone_Delivery_Cooking_Service(print)_stream_zlib.pdf,print,13,-,1278948,no_counterpart,-,
print/text/AeroChef_Drone_Delivery_Cooking_Service(print)_stream_zlib.pdf,print,13,-,1279424,no_counterpart,-,
print/text/AeroChef_Drone_Delivery_Cooking_Service(print)_stream_zlib.pdf,print,13,-,1280565,no_counterpart,-,
print/text/AeroChef_Drone_Delivery_Cooking_Service(print)_stream_zlib.pdf,print,13,-,1283179,no_counterpart,-,
print/text/AeroChef_Drone_Delivery_Cooking_Service(print)_stream_zlib.pdf,print,13,-,1285508,no_counterpart,-,
print/text/AeroChef_Drone_Delivery_Cooking_Service(print)_stream_zlib.pdf,print,13,-,1286504,no_counterpart,-,
print/text/AeroChef_Drone_Delivery_Cooking_Service(print)_stream_zlib.pdf,print,13,-,1287906,no_counterpart,-,
print/text/AeroChef_Drone_Delivery_Cooking_Service(print)_stream_zlib.pdf,print,13,-,1289229,no_counterpart,-,
print/text/AeroChef_Drone_Delivery_Cooking_Service(print)_stream_zlib.pdf,print,13,-,1290167,no_counterpart,-,
print/text/AeroChef_Drone_Delivery_Cooking_Service(print)_stream_zlib.pdf,print,13,-,1291726,no_counterpart,-,
print/text/AeroChef_Drone_Delivery_Cooking_Service(print)_stream_zlib.pdf,print,13,-,1293231,no_counterpart,-,
print/text/AeroChef_Drone_Delivery_Cooking_Service(print)_stream_zlib.pdf,print,13,-,1294241,no_counterpart,-,
print/text/AeroChef_Drone_Delivery_Cooking_Service(print)_stream_zlib.pdf,print,13,-,1296262,no_counterpart,-,
print/text/Aurora_VR_AR_Game_Lineup_Multilingual(print)_stream_zlib.pdf,print,16,-,144,ok,-,0
print/text/Aurora_VR_AR_Game_Lineup_Multilingual(print)_stream_zlib.pdf,print,16,-,344245,ok,-,0
print/text/Aurora_VR_AR_Game_Lineup_Multilingual(print)_stream_zlib.pdf,print,16,-,574995,ok,-,0
print/text/Aurora_VR_AR_Game_Lineup_Multilingual(print)_stream_zlib.pdf,print,16,-,729215,ok,-,0
print/text/Aurora_VR_AR_Game_Lineup_Multilingual(print)_stream_zlib.pdf,print,16,-,806122,ok,-,0
print/text/Aurora_VR_AR_Game_Lineup_Multilingual(print)_stream_zlib.pdf,print,16,-,883224,ok,-,0
print/text/Aurora_VR_AR_Game_Lineup_Multilingual(print)_stream_zlib.pdf,print,16,-,959731,ok,-,0
print/text/Aurora_VR_AR_Game_Lineup_Multilingual(print)_stream_zlib.pdf,print,16,-,1113708,ok,-,0
print/text/Aurora_VR_AR_Game_Lineup_Multilingual(print)_stream_zlib.pdf,print,16,-,1190331,ok,-,0
print/text/Aurora_VR_AR_Game_Lineup_Multilingual(print)_stream_zlib.pdf,print,16,-,1267354,ok,-,0
print/text/Aurora_VR_AR_Game_Lineup_Multilingual(print)_stream_zlib.pdf,print,16,-,1412180,ok,-,0
print/text/Aurora_VR_AR_Game_Lineup_Multilingual(print)_stream_zlib.pdf,print,16,-,1464062,ok,-,0
print/text/Aurora_VR_AR_Game_Lineup_Multilingual(print)_stream_zlib.pdf,print,16,-,1469427,ok,-,0
print/text/Aurora_VR_AR_Game_Lineup_Multilingual(print)_stream_zlib.pdf,print,16,-,1497288,ok,-,0
print/text/Aurora_VR_AR_Game_Lineup_Multilingual(print)_stream_zlib.pdf,print,16,-,1984157,ok,-,0
print/text/Aurora_VR_AR_Game_Lineup_Multilingual(print)_stream_zlib.pdf,print,16,-,1989881,ok,-,0
print/text/Aurora_VR_AR_Game_Lineup_Multilingual(print)_stream_zlib.pdf,print,16,-,2059350,no_counterpart,-,
print/text/Aurora_VR_AR_Game_Lineup_Multilingual(print)_stream_zlib.pdf,print,16,-,2060714,no_counterpart,-,
print/text/Aurora_VR_AR_Game_Lineup_Multilingual(print)_stream_zlib.pdf,print,16,-,2061191,no_counterpart,-,
print/text/Aurora_VR_AR_Game_Lineup_Multilingual(print)_stream_zlib.pdf,print,16,-,2063061,no_counterpart,-,
print/text/Aurora_VR_AR_Game_Lineup_Multilingual(print)_stream_zlib.pdf,print,16,-,2065098,no_counterpart,-,
print/text/Aurora_VR_AR_Game_Lineup_Multilingual(print)_stream_zlib.pdf,print,16,-,2066800,no_counterpart,-,
print/text/Aurora_VR_AR_Game_Lineup_Multilingual(print)_stream_zlib.pdf,print,16,-,2068262,no_counterpart,-,
print/text/Aurora_VR_AR_Game_Lineup_Multilingual(print)_stream_zlib.pdf,print,16,-,2069511,no_counterpart,-,
print/text/Aurora_VR_AR_Game_Lineup_Multilingual(print)_stream_zlib.pdf,print,16,-,2070895,no_counterpart,-,
print/text/Aurora_VR_AR_Game_Lineup_Multilingual(print)_stream_zlib.pdf,print,16,-,2072312,no_counterpart,-,
print/text/Aurora_VR_AR_Game_Lineup_Multilingual(print)_stream_zlib.pdf,print,16,-,2074126,no_counterpart,-,
print/text/Autonomous_Vehicle_Accident_Report(print)_stream_zlib.pdf,print,10,-,27418,ok,-,0
print/text/Autonomous_Vehicle_Accident_Report(print)_stream_zlib.pdf,print,10,-,142481,ok,-,0
print/text/Autonomous_Vehicle_Accident_Report(print)_stream_zlib.pdf,print,10,-,240639,ok,-,0
print/text/Autonomous_Vehicle_Accident_Report(print)_stream_zlib.pdf,print,10,-,306414,ok,-,0
print/text/Autonomous_Vehicle_Accident_Report(print)_stream_zlib.pdf,print,10,-,309012,ok,-,0
print/text/Autonomous_Vehicle_Accident_Report(print)_stream_zlib.pdf,print,10,-,399473,ok,-,0
print/text/Autonomous_Vehicle_Accident_Report(print)_stream_zlib.pdf,print,10,-,511356,ok,-,0
print/text/Autonomous_Vehicle_Accident_Report(print)_stream_zlib.pdf,print,10,-,516623,ok,-,0
print/text/Autonomous_Vehicle_Accident_Report(print)_stream_zlib.pdf,print,10,-,614254,ok,-,0
print/text/Autonomous_Vehicle_Accident_Report(print)_stream_zlib.pdf,print,10,-,633780,ok,-,0
print/text/Autonomous_Vehicle_Accident_Report(print)_stream_zlib.pdf,print,10,-,644251,ok,-,0
print/text/Autonomous_Vehicle_Accident_Report(print)_stream_zlib.pdf,print,10,-,1145130,ok,-,0
print/text/Autonomous_Vehicle_Accident_Report(print)_stream_zlib.pdf,print,10,-,1181371,ok,-,0
print/text/Autonomous_Vehicle_Accident_Report(print)_stream_zlib.pdf,print,10,-,1211694,ok,-,0
print/text/Autonomous_Vehicle_Accident_Report(print)_stream_zlib.pdf,print,10,-,1222070,ok,-,0
print/text/Autonomous_Vehicle_Accident_Report(print)_stream_zlib.pdf,print,10,-,1228860,no_counterpart,-,
print/text/Autonomous_Vehicle_Accident_Report(print)_stream_zlib.pdf,print,10,-,1229960,no_counterpart,-,
print/text/Autonomous_Vehicle_Accident_Report(print)_stream_zlib.pdf,print,10,-,1230437,no_counterpart,-,
print/text/Autonomous_Vehicle_Accident_Report(print)_stream_zlib.pdf,print,10,-,1232285,no_counterpart,-,
print/text/Autonomous_Vehicle_Accident_Report(print)_stream_zlib.pdf,print,10,-,1233318,no_counterpart,-,
print/text/Autonomous_Vehicle_Accident_Report(print)_stream_zlib.pdf,print,10,-,1237840,no_counterpart,-,
print/text/Autonomous_Vehicle_Accident_Report(print)_stream_zlib.pdf,print,10,-,1240199,no_counterpart,-,
print/text/Autonomous_Vehicle_Accident_Report(print)_stream_zlib.pdf,print,10,-,1241240,no_counterpart,-,
print/text/Autonomous_Vehicle_Accident_Report(print)_stream_zlib.pdf,print,10,-,1243577,no_counterpart,-,
print/text/Autonomous_Vehicle_Accident_Report(print)_stream_zlib.pdf,print,10,-,1245284,no_counterpart,-,
print/text/Autonomous_Vehicle_Accident_Report(print)_stream_zlib.pdf,print,10,-,1245761,no_counterpart,-,
print/text/Autonomous_Vehicle_Accident_Report(print)_stream_zlib.pdf,print,10,-,1246799,no_counterpart,-,
print/text/Autonomous_Vehicle_Accident_Report(print)_stream_zlib.pdf,print,10,-,1248669,no_counterpart,-,
print/text/Autonomous_Vehicle_Accident_Report(print)_stream_zlib.pdf,print,10,-,1250288,no_counterpart,-,
print/text/Autonomous_Vehicle_Accident_Report(print)_stream_zlib.pdf,print,10,-,1251923,no_counterpart,-,
print/text/Autonomous_Vehicle_Accident_Report(print)_stream_zlib.pdf,print,10,-,1253754,no_counterpart,-,
print/text/Autonomous_Vehicle_Accident_Report(print)_stream_zlib.pdf,print,10,-,1254624,no_counterpart,-,
print/text/Autonomous_Vehicle_Accident_Report(print)_stream_zlib.pdf,print,10,-,1257081,no_counterpart,-,
print/text/BioNext_Data_Leak_Report(print)_stream_zlib.pdf,print,13,-,143,ok,-,0
print/text/BioNext_Data_Leak_Report(print)_stream_zlib.pdf,print,13,-,104577,ok,-,0
print/text/BioNext_Data_Leak_Report(print)_stream_zlib.pdf,print,13,-,122864,ok,-,0
print/text/BioNext_Data_Leak_Report(print)_stream_zlib.pdf,print,13,-,157023,ok,-,0
print/text/BioNext_Data_Leak_Report(print)_stream_zlib.pdf,print,13,-,330623,ok,-,0
print/text/BioNext_Data_Leak_Report(print)_stream_zlib.pdf,print,13,-,406098,ok,-,0
print/text/BioNext_Data_Leak_Report(print)_stream_zlib.pdf,print,13,-,481522,ok,-,0
print/text/BioNext_Data_Leak_Report(print)_stream_zlib.pdf,print,13,-,608237,ok,-,0
print/text/BioNext_Data_Leak_Report(print)_stream_zlib.pdf,print,13,-,689245,ok,-,0
print/text/BioNext_Data_Leak_Report(print)_stream_zlib.pdf,print,13,-,737371,ok,-,0
print/text/BioNext_Data_Leak_Report(print)_stream_zlib.pdf,print,13,-,807333,ok,-,0
print/text/BioNext_Data_Leak_Report(print)_stream_zlib.pdf,print,13,-,811760,ok,-,0
print/text/BioNext_Data_Leak_Report(print)_stream_zlib.pdf,print,13,-,817904,ok,-,0
print/text/BioNext_Data_Leak_Report(print)_stream_zlib.pdf,print,13,-,829333,ok,-,0
print/text/BioNext_Data_Leak_Report(print)_stream_zlib.pdf,print,13,-,845649,ok,-,0
print/text/BioNext_Data_Leak_Report(print)_stream_zlib.pdf,print,13,-,849996,ok,-,0
print/text/BioNext_Data_Leak_Report(print)_stream_zlib.pdf,print,13,-,923469,ok,-,0
print/text/BioNext_Data_Leak_Report(print)_stream_zlib.pdf,print,13,-,940696,no_counterpart,-,
print/text/BioNext_Data_Leak_Report(print)_stream_zlib.pdf,print,13,-,941674,no_counterpart,-,
print/text/BioNext_Data_Leak_Report(print)_stream_zlib.pdf,print,13,-,942151,no_counterpart,-,
print/text/BioNext_Data_Leak_Report(print)_stream_zlib.pdf,print,13,-,944021,no_counterpart,-,
print/text/BioNext_Data_Leak_Report(print)_stream_zlib.pdf,print,13,-,945732,no_counterpart,-,
print/text/BioNext_Data_Leak_Report(print)_stream_zlib.pdf,print,13,-,946715,no_counterpart,-,
print/text/BioNext_Data_Leak_Report(print)_stream_zlib.pdf,print,13,-,949183,no_counterpart,-,
print/text/BioNext_Data_Leak_Report(print)_stream_zlib.pdf,print,13,-,950228,no_counterpart,-,
print/text/BioNext_Data_Leak_Report(print)_stream_zlib.pdf,print,13,-,952786,no_counterpart,-,
print/text/BioNext_Data_Leak_Report(print)_stream_zlib.pdf,print,13,-,954841,no_counterpart,-,
print/text/BioNext_Data_Leak_Report(print)_stream_zlib.pdf,print,13,-,955828,no_counterpart,-,
print/text/BioNext_Data_Leak_Report(print)_stream_zlib.pdf,print,13,-,957800,no_counterpart,-,
print/text/BioNext_Data_Leak_Report(print)_stream_zlib.pdf,print,13,-,959462,no_counterpart,-,
print/text/BioNext_Data_Leak_Report(print)_stream_zlib.pdf,print,13,-,960504,no_counterpart,-,
print/text/BioNext_Data_Leak_Report(print)_stream_zlib.pdf,print,13,-,962418,no_counterpart,-,
print/text/BioNext_Data_Leak_Report(print)_stream_zlib.pdf,print,13,-,962898,no_counterpart,-,
print/text/BioNext_Data_Leak_Report(print)_stream_zlib.pdf,print,13,-,964492,no_counterpart,-,
print/text/BioNext_Data_Leak_Report(print)_stream_zlib.pdf,print,13,-,965442,no_counterpart,-,
print/text/BioNext_Data_Leak_Report(print)_stream_zlib.pdf,print,13,-,968899,no_counterpart,-,
print/text/Digital_Minimalism(print)_stream_zlib.pdf,print,17,-,143,ok,-,0
print/text/Digital_Minimalism(print)_stream_zlib.pdf,print,17,-,226624,ok,-,0
print/text/Digital_Minimalism(print)_stream_zlib.pdf,print,17,-,288083,ok,-,0
print/text/Digital_Minimalism(print)_stream_zlib.pdf,print,17,-,409257,ok,-,0
print/text/Digital_Minimalism(print)_stream_zlib.pdf,print,17,-,450738,ok,-,0
print/text/Digital_Minimalism(print)_stream_zlib.pdf,print,17,-,534286,ok,-,0
print/text/Digital_Minimalism(print)_stream_zlib.pdf,print,17,-,627039,ok,-,0
print/text/Digital_Minimalism(print)_stream_zlib.pdf,print,17,-,639056,ok,-,0
print/text/Digital_Minimalism(print)_stream_zlib.pdf,print,17,-,682577,ok,-,0
print/text/Digital_Minimalism(print)_stream_zlib.pdf,print,17,-,1231479,ok,-,0
print/text/Digital_Minimalism(print)_stream_zlib.pdf,print,17,-,1263150,ok,-,0
print/text/Digital_Minimalism(print)_stream_zlib.pdf,print,17,-,1340046,ok,-,0
print/text/Digital_Minimalism(print)_stream_zlib.pdf,print,17,-,1346990,no_counterpart,-,
print/text/Digital_Minimalism(print)_stream_zlib.pdf,print,17,-,1348016,no_counterpart,-,
print/text/Digital_Minimalism(print)_stream_zlib.pdf,print,17,-,1348492,no_counterpart,-,
print/text/Digital_Minimalism(print)_stream_zlib.pdf,print,17,-,1349902,no_counterpart,-,
print/text/Digital_Minimalism(print)_stream_zlib.pdf,print,17,-,1350934,no_counterpart,-,
print/text/Digital_Minimalism(print)_stream_zlib.pdf,print,17,-,1351411,no_counterpart,-,
print/text/Digital_Minimalism(print)_stream_zlib.pdf,print,17,-,1357120,no_counterpart,-,
print/text/Digital_Minimalism(print)_stream_zlib.pdf,print,17,-,1361747,no_counterpart,-,
print/text/Digital_Minimalism(print)_stream_zlib.pdf,print,17,-,1363021,no_counterpart,-,
print/text/Digital_Minimalism(print)_stream_zlib.pdf,print,17,-,1365127,no_counterpart,-,
print/text/Digital_Minimalism(print)_stream_zlib.pdf,print,17,-,1367172,no_counterpart,-,
print/text/Digital_Minimalism(print)_stream_zlib.pdf,print,17,-,1368173,no_counterpart,-,
print/text/Digital_Minimalism(print)_stream_zlib.pdf,print,17,-,1369559,no_counterpart,-,
print/text/Digital_Minimalism(print)_stream_zlib.pdf,print,17,-,1370817,no_counterpart,-,
print/text/Digital_Minimalism(print)_stream_zlib.pdf,print,17,-,1371806,no_counterpart,-,
print/text/Digital_Minimalism(print)_stream_zlib.pdf,print,17,-,1373315,no_counterpart,-,
print/text/Digital_Minimalism(print)_stream_zlib.pdf,print,17,-,1374654,no_counterpart,-,
print/text/Digital_Minimalism(print)_stream_zlib.pdf,print,17,-,1376021,no_counterpart,-,
print/text/Digital_Minimalism(print)_stream_zlib.pdf,print,17,-,1378006,no_counterpart,-,
print/text/E-Payment_Service_Outage_Report(print)_stream_zlib.pdf,print,10,-,143,ok,-,0
print/text/E-Payment_Service_Outage_Report(print)_stream_zlib.pdf,print,10,-,7729,ok,-,0
print/text/E-Payment_Service_Outage_Report(print)_stream_zlib.pdf,print,10,-,185544,ok,-,0
print/text/E-Payment_Service_Outage_Report(print)_stream_zlib.pdf,print,10,-,244871,ok,-,0
print/text/E-Payment_Service_Outage_Report(print)_stream_zlib.pdf,print,10,-,356750,ok,-,0
print/text/E-Payment_Service_Outage_Report(print)_stream_zlib.pdf,print,10,-,357571,ok,-,0
print/text/E-Payment_Service_Outage_Report(print)_stream_zlib.pdf,print,10,-,363220,ok,-,0
print/text/E-Payment_Service_Outage_Report(print)_stream_zlib.pdf,print,10,-,471368,ok,-,0
print/text/E-Payment_Service_Outage_Report(print)_stream_zlib.pdf,print,10,-,489024,ok,-,0
print/text/E-Payment_Service_Outage_Report(print)_stream_zlib.pdf,print,10,-,541683,ok,-,0
print/text/E-Payment_Service_Outage_Report(print)_stream_zlib.pdf,print,10,-,569927,ok,-,0
print/text/E-Payment_Service_Outage_Report(print)_stream_zlib.pdf,print,10,-,582091,ok,-,0
print/text/E-Payment_Service_Outage_Report(print)_stream_zlib.pdf,print,10,-,683509,ok,-,0
print/text/E-Payment_Service_Outage_Report(print)_stream_zlib.pdf,print,10,-,693794,ok,-,0
print/text/E-Payment_Service_Outage_Report(print)_stream_zlib.pdf,print,10,-,1217803,ok,-,0
print/text/E-Payment_Service_Outage_Report(print)_stream_zlib.pdf,print,10,-,1275916,ok,-,0
print/text/E-Payment_Service_Outage_Report(print)_stream_zlib.pdf,print,10,-,1304738,ok,-,0
print/text/E-Payment_Service_Outage_Report(print)_stream_zlib.pdf,print,10,-,1311464,no_counterpart,-,
print/text/E-Payment_Service_Outage_Report(print)_stream_zlib.pdf,print,10,-,1312514,no_counterpart,-,
print/text/E-Payment_Service_Outage_Report(print)_stream_zlib.pdf,print,10,-,1312991,no_counterpart,-,
print/text/E-Payment_Service_Outage_Report(print)_stream_zlib.pdf,print,10,-,1314783,no_counterpart,-,
print/text/E-Payment_Service_Outage_Report(print)_stream_zlib.pdf,print,10,-,1315259,no_counterpart,-,
print/text/E-Payment_Service_Outage_Report(print)_stream_zlib.pdf,print,10,-,1316123,no_counterpart,-,
print/text/E-Payment_Service_Outage_Report(print)_stream_zlib.pdf,print,10,-,1319132,no_counterpart,-,
print/text/E-Payment_Service_Outage_Report(print)_stream_zlib.pdf,print,10,-,1323399,no_counterpart,-,
print/text/E-Payment_Service_Outage_Report(print)_stream_zlib.pdf,print,10,-,1324469,no_counterpart,-,
print/text/E-Payment_Service_Outage_Report(print)_stream_zlib.pdf,print,10,-,1326832,no_counterpart,-,
print/text/E-Payment_Service_Outage_Report(print)_stream_zlib.pdf,print,10,-,1329115,no_counterpart,-,
print/text/E-Payment_Service_Outage_Report(print)_stream_zlib.pdf,print,10,-,1330087,no_counterpart,-,
print/text/E-Payment_Service_Outage_Report(print)_stream_zlib.pdf,print,10,-,1331660,no_counterpart,-,
print/text/E-Payment_Service_Outage_Report(print)_stream_zlib.pdf,print,10,-,1333506,no_counterpart,-,
print/text/E-Payment_Service_Outage_Report(print)_stream_zlib.pdf,print,10,-,1334497,no_counterpart,-,
print/text/E-Payment_Service_Outage_Report(print)_stream_zlib.pdf,print,10,-,1336193,no_counterpart,-,
print/text/E-Payment_Service_Outage_Report(print)_stream_zlib.pdf,print,10,-,1337992,no_counterpart,-,
print/text/E-Payment_Service_Outage_Report(print)_stream_zlib.pdf,print,10,-,1339176,no_counterpart,-,
print/text/E-Payment_Service_Outage_Report(print)_stream_zlib.pdf,print,10,-,1341194,no_counterpart,-,
print/text/EcoWave_Sustainable_Fashion_Collection(print)_stream_zlib.pdf,print,15,-,143,ok,-,0
print/text/EcoWave_Sustainable_Fashion_Collection(print)_stream_zlib.pdf,print,15,-,131085,ok,-,0
print/text/EcoWave_Sustainable_Fashion_Collection(print)_stream_zlib.pdf,print,15,-,143393,ok,-,0
print/text/EcoWave_Sustainable_Fashion_Collection(print)_stream_zlib.pdf,print,15,-,243895,ok,-,0
print/text/EcoWave_Sustainable_Fashion_Collection(print)_stream_zlib.pdf,print,15,-,435487,ok,-,0
print/text/EcoWave_Sustainable_Fashion_Collection(print)_stream_zlib.pdf,print,15,-,475577,ok,-,0
print/text/EcoWave_Sustainable_Fashion_Collection(print)_stream_zlib.pdf,print,15,-,546479,ok,-,0
print/text/EcoWave_Sustainable_Fashion_Collection(print)_stream_zlib.pdf,print,15,-,554640,ok,-,0
print/text/EcoWave_Sustainable_Fashion_Collection(print)_stream_zlib.pdf,print,15,-,611809,ok,-,0
print/text/EcoWave_Sustainable_Fashion_Collection(print)_stream_zlib.pdf,print,15,-,658887,ok,-,0
print/text/EcoWave_Sustainable_Fashion_Collection(print)_stream_zlib.pdf,print,15,-,695175,ok,-,0
print/text/EcoWave_Sustainable_Fashion_Collection(print)_stream_zlib.pdf,print,15,-,748886,no_counterpart,-,
print/text/EcoWave_Sustainable_Fashion_Collection(print)_stream_zlib.pdf,print,15,-,749793,no_counterpart,-,
print/text/EcoWave_Sustainable_Fashion_Collection(print)_stream_zlib.pdf,print,15,-,750994,no_counterpart,-,
print/text/EcoWave_Sustainable_Fashion_Collection(print)_stream_zlib.pdf,print,15,-,751502,no_counterpart,-,
print/text/EcoWave_Sustainable_Fashion_Collection(print)_stream_zlib.pdf,print,15,-,751983,no_counterpart,-,
print/text/EcoWave_Sustainable_Fashion_Collection(print)_stream_zlib.pdf,print,15,-,752459,no_counterpart,-,
print/text/EcoWave_Sustainable_Fashion_Collection(print)_stream_zlib.pdf,print,15,-,754108,no_counterpart,-,
print/text/EcoWave_Sustainable_Fashion_Collection(print)_stream_zlib.pdf,print,15,-,754585,no_counterpart,-,
print/text/EcoWave_Sustainable_Fashion_Collection(print)_stream_zlib.pdf,print,15,-,758629,no_counterpart,-,
print/text/EcoWave_Sustainable_Fashion_Collection(print)_stream_zlib.pdf,print,15,-,762125,no_counterpart,-,
print/text/EcoWave_Sustainable_Fashion_Collection(print)_stream_zlib.pdf,print,15,-,764227,no_counterpart,-,
print/text/EcoWave_Sustainable_Fashion_Collection(print)_stream_zlib.pdf,print,15,-,766511,no_counterpart,-,
print/text/EcoWave_Sustainable_Fashion_Collection(print)_stream_zlib.pdf,print,15,-,767457,no_counterpart,-,
print/text/EcoWave_Sustainable_Fashion_Collection(print)_stream_zlib.pdf,print,15,-,768838,no_counterpart,-,
print/text/EcoWave_Sustainable_Fashion_Collection(print)_stream_zlib.pdf,print,15,-,770414,no_counterpart,-,
print/text/EcoWave_Sustainable_Fashion_Collection(print)_stream_zlib.pdf,print,15,-,771308,no_counterpart,-,
print/text/EcoWave_Sustainable_Fashion_Collection(print)_stream_zlib.pdf,print,15,-,772721,no_counterpart,-,
print/text/EcoWave_Sustainable_Fashion_Collection(print)_stream_zlib.pdf,print,15,-,774340,no_counterpart,-,
print/text/EcoWave_Sustainable_Fashion_Collection(print)_stream_zlib.pdf,print,15,-,775175,no_counterpart,-,
print/text/EcoWave_Sustainable_Fashion_Collection(print)_stream_zlib.pdf,print,15,-,778007,no_counterpart,-,
print/text/EduBot_AI_Learning_Robot_Series(print)_stream_zlib.pdf,print,15,-,144,ok,-,0
print/text/EduBot_AI_Learning_Robot_Series(print)_stream_zlib.pdf,print,15,-,110555,ok,-,0
print/text/EduBot_AI_Learning_Robot_Series(print)_stream_zlib.pdf,print,15,-,127964,ok,-,0
print/text/EduBot_AI_Learning_Robot_Series(print)_stream_zlib.pdf,print,15,-,274739,ok,-,0
print/text/EduBot_AI_Learning_Robot_Series(print)_stream_zlib.pdf,print,15,-,466950,ok,-,0
print/text/EduBot_AI_Learning_Robot_Series(print)_stream_zlib.pdf,print,15,-,631402,ok,-,0
print/text/EduBot_AI_Learning_Robot_Series(print)_stream_zlib.pdf,print,15,-,634971,ok,-,0
print/text/EduBot_AI_Learning_Robot_Series(print)_stream_zlib.pdf,print,15,-,643046,ok,-,0
print/text/EduBot_AI_Learning_Robot_Series(print)_stream_zlib.pdf,print,15,-,1138092,ok,-,0
print/text/EduBot_AI_Learning_Robot_Series(print)_stream_zlib.pdf,print,15,-,1166674,ok,-,0
print/text/EduBot_AI_Learning_Robot_Series(print)_stream_zlib.pdf,print,15,-,1231805,ok,-,0
print/text/EduBot_AI_Learning_Robot_Series(print)_stream_zlib.pdf,print,15,-,1238166,no_counterpart,-,
print/text/EduBot_AI_Learning_Robot_Series(print)_stream_zlib.pdf,print,15,-,1239498,no_counterpart,-,
print/text/EduBot_AI_Learning_Robot_Series(print)_stream_zlib.pdf,print,15,-,1239979,no_counterpart,-,
print/text/EduBot_AI_Learning_Robot_Series(print)_stream_zlib.pdf,print,15,-,1240455,no_counterpart,-,
print/text/EduBot_AI_Learning_Robot_Series(print)_stream_zlib.pdf,print,15,-,1242091,no_counterpart,-,
print/text/EduBot_AI_Learning_Robot_Series(print)_stream_zlib.pdf,print,15,-,1242568,no_counterpart,-,
print/text/EduBot_AI_Learning_Robot_Series(print)_stream_zlib.pdf,print,15,-,1246071,no_counterpart,-,
print/text/EduBot_AI_Learning_Robot_Series(print)_stream_zlib.pdf,print,15,-,1249305,no_counterpart,-,
print/text/EduBot_AI_Learning_Robot_Series(print)_stream_zlib.pdf,print,15,-,1250308,no_counterpart,-,
print/text/EduBot_AI_Learning_Robot_Series(print)_stream_zlib.pdf,print,15,-,1252524,no_counterpart,-,
print/text/EduBot_AI_Learning_Robot_Series(print)_stream_zlib.pdf,print,15,-,1253005,no_counterpart,-,
print/text/EduBot_AI_Learning_Robot_Series(print)_stream_zlib.pdf,print,15,-,1255470,no_counterpart,-,
print/text/EduBot_AI_Learning_Robot_Series(print)_stream_zlib.pdf,print,15,-,1256491,no_counterpart,-,
print/text/EduBot_AI_Learning_Robot_Series(print)_stream_zlib.pdf,print,15,-,1257879,no_counterpart,-,
print/text/EduBot_AI_Learning_Robot_Series(print)_stream_zlib.pdf,print,15,-,1259477,no_counterpart,-,
print/text/EduBot_AI_Learning_Robot_Series(print)_stream_zlib.pdf,print,15,-,1260467,no_counterpart,-,
print/text/EduBot_AI_Learning_Robot_Series(print)_stream_zlib.pdf,print,15,-,1261910,no_counterpart,-,
print/text/EduBot_AI_Learning_Robot_Series(print)_stream_zlib.pdf,print,15,-,1263433,no_counterpart,-,
print/text/EduBot_AI_Learning_Robot_Series(print)_stream_zlib.pdf,print,15,-,1264703,no_counterpart,-,
print/text/EduBot_AI_Learning_Robot_Series(print)_stream_zlib.pdf,print,15,-,1266604,no_counterpart,-,
print/text/Evolution_Biodegradable_Plastics(print)_stream_zlib.pdf,print,9,-,145,ok,-,0
print/text/Evolution_Biodegradable_Plastics(print)_stream_zlib.pdf,print,9,-,106231,ok,-,0
print/text/Evolution_Biodegradable_Plastics(print)_stream_zlib.pdf,print,9,-,154291,ok,-,0
print/text/Evolution_Biodegradable_Plastics(print)_stream_zlib.pdf,print,9,-,173880,ok,-,0
print/text/Evolution_Biodegradable_Plastics(print)_stream_zlib.pdf,print,9,-,198043,ok,-,0
print/text/Evolution_Biodegradable_Plastics(print)_stream_zlib.pdf,print,9,-,298467,ok,-,0
print/text/Evolution_Biodegradable_Plastics(print)_stream_zlib.pdf,print,9,-,311914,ok,-,0
print/text/Evolution_Biodegradable_Plastics(print)_stream_zlib.pdf,print,9,-,385333,ok,-,0
print/text/Evolution_Biodegradable_Plastics(print)_stream_zlib.pdf,print,9,-,393944,ok,-,0
print/text/Evolution_Biodegradable_Plastics(print)_stream_zlib.pdf,print,9,-,448704,ok,-,0
print/text/Evolution_Biodegradable_Plastics(print)_stream_zlib.pdf,print,9,-,501011,ok,-,0
print/text/Evolution_Biodegradable_Plastics(print)_stream_zlib.pdf,print,9,-,1019483,ok,-,0
print/text/Evolution_Biodegradable_Plastics(print)_stream_zlib.pdf,print,9,-,1030699,ok,-,0
print/text/Evolution_Biodegradable_Plastics(print)_stream_zlib.pdf,print,9,-,1039076,ok,-,0
print/text/Evolution_Biodegradable_Plastics(print)_stream_zlib.pdf,print,9,-,1108470,ok,-,0
print/text/Evolution_Biodegradable_Plastics(print)_stream_zlib.pdf,print,9,-,1116622,no_counterpart,-,
print/text/Evolution_Biodegradable_Plastics(print)_stream_zlib.pdf,print,9,-,1117095,no_counterpart,-,
print/text/Evolution_Biodegradable_Plastics(print)_stream_zlib.pdf,print,9,-,1118316,no_counterpart,-,
print/text/Evolution_Biodegradable_Plastics(print)_stream_zlib.pdf,print,9,-,1119650,no_counterpart,-,
print/text/Evolution_Biodegradable_Plastics(print)_stream_zlib.pdf,print,9,-,1120773,no_counterpart,-,
print/text/Evolution_Biodegradable_Plastics(print)_stream_zlib.pdf,print,9,-,1124645,no_counterpart,-,
print/text/Evolution_Biodegradable_Plastics(print)_stream_zlib.pdf,print,9,-,1130540,no_counterpart,-,
print/text/Evolution_Biodegradable_Plastics(print)_stream_zlib.pdf,print,9,-,1131857,no_counterpart,-,
print/text/Evolution_Biodegradable_Plastics(print)_stream_zlib.pdf,print,9,-,1133869,no_counterpart,-,
print/text/Evolution_Biodegradable_Plastics(print)_stream_zlib.pdf,print,9,-,1136273,no_counterpart,-,
print/text/Evolution_Biodegradable_Plastics(print)_stream_zlib.pdf,print,9,-,1137351,no_counterpart,-,
print/text/Evolution_Biodegradable_Plastics(print)_stream_zlib.pdf,print,9,-,1138684,no_counterpart,-,
print/text/Evolution_Biodegradable_Plastics(print)_stream_zlib.pdf,print,9,-,1140016,no_counterpart,-,
print/text/Evolution_Biodegradable_Plastics(print)_stream_zlib.pdf,print,9,-,1141097,no_counterpart,-,
print/text/Evolution_Biodegradable_Plastics(print)_stream_zlib.pdf,print,9,-,1142474,no_counterpart,-,
print/text/Evolution_Biodegradable_Plastics(print)_stream_zlib.pdf,print,9,-,1143781,no_counterpart,-,
print/text/Evolution_Biodegradable_Plastics(print)_stream_zlib.pdf,print,9,-,1145124,no_counterpart,-,
print/text/Evolution_Biodegradable_Plastics(print)_stream_zlib.pdf,print,9,-,1146910,no_counterpart,-,
print/text/Evolution_Food_Culture_Alternative_Foods(print)_stream_zlib.pdf,print,14,-,28857,ok,-,0
print/text/Evolution_Food_Culture_Alternative_Foods(print)_stream_zlib.pdf,print,14,-,142486,ok,-,0
print/text/Evolution_Food_Culture_Alternative_Foods(print)_stream_zlib.pdf,print,14,-,262874,ok,-,0
print/text/Evolution_Food_Culture_Alternative_Foods(print)_stream_zlib.pdf,print,14,-,474425,ok,-,0
print/text/Evolution_Food_Culture_Alternative_Foods(print)_stream_zlib.pdf,print,14,-,561978,ok,-,0
print/text/Evolution_Food_Culture_Alternative_Foods(print)_stream_zlib.pdf,print,14,-,586010,ok,-,0
print/text/Evolution_Food_Culture_Alternative_Foods(print)_stream_zlib.pdf,print,14,-,681329,ok,-,0
print/text/Evolution_Food_Culture_Alternative_Foods(print)_stream_zlib.pdf,print,14,-,685570,ok,-,0
print/text/Evolution_Food_Culture_Alternative_Foods(print)_stream_zlib.pdf,print,14,-,721734,ok,-,0
print/text/Evolution_Food_Culture_Alternative_Foods(print)_stream_zlib.pdf,print,14,-,1239899,ok,-,0
print/text/Evolution_Food_Culture_Alternative_Foods(print)_stream_zlib.pdf,print,14,-,1308783,ok,-,0
print/text/Evolution_Food_Culture_Alternative_Foods(print)_stream_zlib.pdf,print,14,-,1316274,no_counterpart,-,
print/text/Evolution_Food_Culture_Alternative_Foods(print)_stream_zlib.pdf,print,14,-,1317424,no_counterpart,-,
print/text/Evolution_Food_Culture_Alternative_Foods(print)_stream_zlib.pdf,print,14,-,1317900,no_counterpart,-,
print/text/Evolution_Food_Culture_Alternative_Foods(print)_stream_zlib.pdf,print,14,-,1319331,no_counterpart,-,
print/text/Evolution_Food_Culture_Alternative_Foods(print)_stream_zlib.pdf,print,14,-,1323719,no_counterpart,-,
print/text/Evolution_Food_Culture_Alternative_Foods(print)_stream_zlib.pdf,print,14,-,1329381,no_counterpart,-,
print/text/Evolution_Food_Culture_Alternative_Foods(print)_stream_zlib.pdf,print,14,-,1330519,no_counterpart,-,
print/text/Evolution_Food_Culture_Alternative_Foods(print)_stream_zlib.pdf,print,14,-,1332625,no_counterpart,-,
print/text/Evolution_Food_Culture_Alternative_Foods(print)_stream_zlib.pdf,print,14,-,1334713,no_counterpart,-,
print/text/Evolution_Food_Culture_Alternative_Foods(print)_stream_zlib.pdf,print,14,-,1335792,no_counterpart,-,
print/text/Evolution_Food_Culture_Alternative_Foods(print)_stream_zlib.pdf,print,14,-,1337047,no_counterpart,-,
print/text/Evolution_Food_Culture_Alternative_Foods(print)_stream_zlib.pdf,print,14,-,1338329,no_counterpart,-,
print/text/Evolution_Food_Culture_Alternative_Foods(print)_stream_zlib.pdf,print,14,-,1339437,no_counterpart,-,
print/text/Evolution_Food_Culture_Alternative_Foods(print)_stream_zlib.pdf,print,14,-,1340826,no_counterpart,-,
print/text/Evolution_Food_Culture_Alternative_Foods(print)_stream_zlib.pdf,print,14,-,1342175,no_counterpart,-,
print/text/Evolution_Food_Culture_Alternative_Foods(print)_stream_zlib.pdf,print,14,-,1343581,no_counterpart,-,
print/text/Evolution_Food_Culture_Alternative_Foods(print)_stream_zlib.pdf,print,14,-,1345440,no_counterpart,-,
print/text/International_Logistics_Fire_Report(print)_stream_zlib.pdf,print,15,-,144,ok,-,0
print/text/International_Logistics_Fire_Report(print)_stream_zlib.pdf,print,15,-,15542,ok,-,0
print/text/International_Logistics_Fire_Report(print)_stream_zlib.pdf,print,15,-,175317,ok,-,0
print/text/International_Logistics_Fire_Report(print)_stream_zlib.pdf,print,15,-,239176,ok,-,0
print/text/International_Logistics_Fire_Report(print)_stream_zlib.pdf,print,15,-,456601,ok,-,0
print/text/International_Logistics_Fire_Report(print)_stream_zlib.pdf,print,15,-,507043,ok,-,0
print/text/International_Logistics_Fire_Report(print)_stream_zlib.pdf,print,15,-,552248,ok,-,0
print/text/International_Logistics_Fire_Report(print)_stream_zlib.pdf,print,15,-,1100710,ok,-,0
print/text/International_Logistics_Fire_Report(print)_stream_zlib.pdf,print,15,-,1104994,ok,-,0
print/text/International_Logistics_Fire_Report(print)_stream_zlib.pdf,print,15,-,1168790,ok,-,0
print/text/International_Logistics_Fire_Report(print)_stream_zlib.pdf,print,15,-,1187619,no_counterpart,-,
print/text/International_Logistics_Fire_Report(print)_stream_zlib.pdf,print,15,-,1188560,no_counterpart,-,
print/text/International_Logistics_Fire_Report(print)_stream_zlib.pdf,print,15,-,1189037,no_counterpart,-,
print/text/International_Logistics_Fire_Report(print)_stream_zlib.pdf,print,15,-,1190739,no_counterpart,-,
print/text/International_Logistics_Fire_Report(print)_stream_zlib.pdf,print,15,-,1193826,no_counterpart,-,
print/text/International_Logistics_Fire_Report(print)_stream_zlib.pdf,print,15,-,1197865,no_counterpart,-,
print/text/International_Logistics_Fire_Report(print)_stream_zlib.pdf,print,15,-,1198914,no_counterpart,-,
print/text/International_Logistics_Fire_Report(print)_stream_zlib.pdf,print,15,-,1201234,no_counterpart,-,
print/text/International_Logistics_Fire_Report(print)_stream_zlib.pdf,print,15,-,1203709,no_counterpart,-,
print/text/International_Logistics_Fire_Report(print)_stream_zlib.pdf,print,15,-,1204623,no_counterpart,-,
print/text/International_Logistics_Fire_Report(print)_stream_zlib.pdf,print,15,-,1206287,no_counterpart,-,
print/text/International_Logistics_Fire_Report(print)_stream_zlib.pdf,print,15,-,1208153,no_counterpart,-,
print/text/International_Logistics_Fire_Report(print)_stream_zlib.pdf,print,15,-,1209107,no_counterpart,-,
print/text/International_Logistics_Fire_Report(print)_stream_zlib.pdf,print,15,-,1210883,no_counterpart,-,
print/text/International_Logistics_Fire_Report(print)_stream_zlib.pdf,print,15,-,1212672,no_counterpart,-,
print/text/International_Logistics_Fire_Report(print)_stream_zlib.pdf,print,15,-,1213424,no_counterpart,-,
print/text/International_Logistics_Fire_Report(print)_stream_zlib.pdf,print,15,-,1215549,no_counterpart,-,
print/text/Lumina_Interior_Lighting_Designbook(print)_stream_zlib.pdf,print,16,-,143,ok,-,0
print/text/Lumina_Interior_Lighting_Designbook(print)_stream_zlib.pdf,print,16,-,10161,ok,-,0
print/text/Lumina_Interior_Lighting_Designbook(print)_stream_zlib.pdf,print,16,-,138675,ok,-,0
print/text/Lumina_Interior_Lighting_Designbook(print)_stream_zlib.pdf,print,16,-,150983,ok,-,0
print/text/Lumina_Interior_Lighting_Designbook(print)_stream_zlib.pdf,print,16,-,234952,ok,-,0
print/text/Lumina_Interior_Lighting_Designbook(print)_stream_zlib.pdf,print,16,-,315271,ok,-,0
print/text/Lumina_Interior_Lighting_Designbook(print)_stream_zlib.pdf,print,16,-,337744,ok,-,0
print/text/Lumina_Interior_Lighting_Designbook(print)_stream_zlib.pdf,print,16,-,518016,ok,-,0
print/text/Lumina_Interior_Lighting_Designbook(print)_stream_zlib.pdf,print,16,-,575056,ok,-,0
print/text/Lumina_Interior_Lighting_Designbook(print)_stream_zlib.pdf,print,16,-,643798,ok,-,0
print/text/Lumina_Interior_Lighting_Designbook(print)_stream_zlib.pdf,print,16,-,770656,ok,-,0
print/text/Lumina_Interior_Lighting_Designbook(print)_stream_zlib.pdf,print,16,-,783429,ok,-,0
print/text/Lumina_Interior_Lighting_Designbook(print)_stream_zlib.pdf,print,16,-,790673,no_counterpart,-,
print/text/Lumina_Interior_Lighting_Designbook(print)_stream_zlib.pdf,print,16,-,791558,no_counterpart,-,
print/text/Lumina_Interior_Lighting_Designbook(print)_stream_zlib.pdf,print,16,-,792894,no_counterpart,-,
print/text/Lumina_Interior_Lighting_Designbook(print)_stream_zlib.pdf,print,16,-,793396,no_counterpart,-,
print/text/Lumina_Interior_Lighting_Designbook(print)_stream_zlib.pdf,print,16,-,793877,no_counterpart,-,
print/text/Lumina_Interior_Lighting_Designbook(print)_stream_zlib.pdf,print,16,-,794354,no_counterpart,-,
print/text/Lumina_Interior_Lighting_Designbook(print)_stream_zlib.pdf,print,16,-,796061,no_counterpart,-,
print/text/Lumina_Interior_Lighting_Designbook(print)_stream_zlib.pdf,print,16,-,796928,no_counterpart,-,
print/text/Lumina_Interior_Lighting_Designbook(print)_stream_zlib.pdf,print,16,-,800961,no_counterpart,-,
print/text/Lumina_Interior_Lighting_Designbook(print)_stream_zlib.pdf,print,16,-,804838,no_counterpart,-,
print/text/Lumina_Interior_Lighting_Designbook(print)_stream_zlib.pdf,print,16,-,805314,no_counterpart,-,
print/text/Lumina_Interior_Lighting_Designbook(print)_stream_zlib.pdf,print,16,-,806371,no_counterpart,-,
print/text/Lumina_Interior_Lighting_Designbook(print)_stream_zlib.pdf,print,16,-,808886,no_counterpart,-,
print/text/Lumina_Interior_Lighting_Designbook(print)_stream_zlib.pdf,print,16,-,811477,no_counterpart,-,
print/text/Lumina_Interior_Lighting_Designbook(print)_stream_zlib.pdf,print,16,-,812418,no_counterpart,-,
print/text/Lumina_Interior_Lighting_Designbook(print)_stream_zlib.pdf,print,16,-,813831,no_counterpart,-,
print/text/Lumina_Interior_Lighting_Designbook(print)_stream_zlib.pdf,print,16,-,815619,no_counterpart,-,
print/text/Lumina_Interior_Lighting_Designbook(print)_stream_zlib.pdf,print,16,-,816570,no_counterpart,-,
print/text/Lumina_Interior_Lighting_Designbook(print)_stream_zlib.pdf,print,16,-,817929,no_counterpart,-,
print/text/Lumina_Interior_Lighting_Designbook(print)_stream_zlib.pdf,print,16,-,819844,no_counterpart,-,
print/text/Lumina_Interior_Lighting_Designbook(print)_stream_zlib.pdf,print,16,-,820758,no_counterpart,-,
print/text/Lumina_Interior_Lighting_Designbook(print)_stream_zlib.pdf,print,16,-,822770,no_counterpart,-,
print/text/NeoHome_Smart_Appliances_Catalog_v5(print)_stream_zlib.pdf,print,19,-,144,ok,-,0
print/text/NeoHome_Smart_Appliances_Catalog_v5(print)_stream_zlib.pdf,print,19,-,333617,ok,-,0
print/text/NeoHome_Smart_Appliances_Catalog_v5(print)_stream_zlib.pdf,print,19,-,597421,ok,-,0
print/text/NeoHome_Smart_Appliances_Catalog_v5(print)_stream_zlib.pdf,print,19,-,673283,ok,-,0
print/text/NeoHome_Smart_Appliances_Catalog_v5(print)_stream_zlib.pdf,print,19,-,1057211,ok,-,0
print/text/NeoHome_Smart_Appliances_Catalog_v5(print)_stream_zlib.pdf,print,19,-,1112019,ok,-,0
print/text/NeoHome_Smart_Appliances_Catalog_v5(print)_stream_zlib.pdf,print,19,-,1180043,ok,-,0
print/text/NeoHome_Smart_Appliances_Catalog_v5(print)_stream_zlib.pdf,print,19,-,1187380,ok,-,0
print/text/NeoHome_Smart_Appliances_Catalog_v5(print)_stream_zlib.pdf,print,19,-,1270143,ok,-,0
print/text/NeoHome_Smart_Appliances_Catalog_v5(print)_stream_zlib.pdf,print,19,-,1300538,ok,-,0
print/text/NeoHome_Smart_Appliances_Catalog_v5(print)_stream_zlib.pdf,print,19,-,1329023,ok,-,0
print/text/NeoHome_Smart_Appliances_Catalog_v5(print)_stream_zlib.pdf,print,19,-,1383021,no_counterpart,-,
print/text/NeoHome_Smart_Appliances_Catalog_v5(print)_stream_zlib.pdf,print,19,-,1383962,no_counterpart,-,
print/text/NeoHome_Smart_Appliances_Catalog_v5(print)_stream_zlib.pdf,print,19,-,1385828,no_counterpart,-,
print/text/NeoHome_Smart_Appliances_Catalog_v5(print)_stream_zlib.pdf,print,19,-,1386308,no_counterpart,-,
print/text/NeoHome_Smart_Appliances_Catalog_v5(print)_stream_zlib.pdf,print,19,-,1386789,no_counterpart,-,
print/text/NeoHome_Smart_Appliances_Catalog_v5(print)_stream_zlib.pdf,print,19,-,1387265,no_counterpart,-,
print/text/NeoHome_Smart_Appliances_Catalog_v5(print)_stream_zlib.pdf,print,19,-,1387741,no_counterpart,-,
print/text/NeoHome_Smart_Appliances_Catalog_v5(print)_stream_zlib.pdf,print,19,-,1388519,no_counterpart,-,
print/text/NeoHome_Smart_Appliances_Catalog_v5(print)_stream_zlib.pdf,print,19,-,1389426,no_counterpart,-,
print/text/NeoHome_Smart_Appliances_Catalog_v5(print)_stream_zlib.pdf,print,19,-,1392182,no_counterpart,-,
print/text/NeoHome_Smart_Appliances_Catalog_v5(print)_stream_zlib.pdf,print,19,-,1393177,no_counterpart,-,
print/text/NeoHome_Smart_Appliances_Catalog_v5(print)_stream_zlib.pdf,print,19,-,1394947,no_counterpart,-,
print/text/NeoHome_Smart_Appliances_Catalog_v5(print)_stream_zlib.pdf,print,19,-,1395948,no_counterpart,-,
print/text/NeoHome_Smart_Appliances_Catalog_v5(print)_stream_zlib.pdf,print,19,-,1397891,no_counterpart,-,
print/text/NeoHome_Smart_Appliances_Catalog_v5(print)_stream_zlib.pdf,print,19,-,1398887,no_counterpart,-,
print/text/New_Care_Models_Aging_Society(print)_stream_zlib.pdf,print,17,-,145,ok,-,0
print/text/New_Care_Models_Aging_Society(print)_stream_zlib.pdf,print,17,-,97156,ok,-,0
print/text/New_Care_Models_Aging_Society(print)_stream_zlib.pdf,print,17,-,109251,ok,-,0
print/text/New_Care_Models_Aging_Society(print)_stream_zlib.pdf,print,17,-,385391,ok,-,0
print/text/New_Care_Models_Aging_Society(print)_stream_zlib.pdf,print,17,-,844174,ok,-,0
print/text/New_Care_Models_Aging_Society(print)_stream_zlib.pdf,print,17,-,998021,ok,-,0
print/text/New_Care_Models_Aging_Society(print)_stream_zlib.pdf,print,17,-,1075038,ok,-,0
print/text/New_Care_Models_Aging_Society(print)_stream_zlib.pdf,print,17,-,1110383,ok,-,0
print/text/New_Care_Models_Aging_Society(print)_stream_zlib.pdf,print,17,-,1145487,ok,-,0
print/text/New_Care_Models_Aging_Society(print)_stream_zlib.pdf,print,17,-,1188569,ok,-,0
print/text/New_Care_Models_Aging_Society(print)_stream_zlib.pdf,print,17,-,1282706,ok,-,0
print/text/New_Care_Models_Aging_Society(print)_stream_zlib.pdf,print,17,-,1317215,ok,-,0
print/text/New_Care_Models_Aging_Society(print)_stream_zlib.pdf,print,17,-,1325363,no_counterpart,-,
print/text/New_Care_Models_Aging_Society(print)_stream_zlib.pdf,print,17,-,1325836,no_counterpart,-,
print/text/New_Care_Models_Aging_Society(print)_stream_zlib.pdf,print,17,-,1327252,no_counterpart,-,
print/text/New_Care_Models_Aging_Society(print)_stream_zlib.pdf,print,17,-,1328310,no_counterpart,-,
print/text/New_Care_Models_Aging_Society(print)_stream_zlib.pdf,print,17,-,1329566,no_counterpart,-,
print/text/New_Care_Models_Aging_Society(print)_stream_zlib.pdf,print,17,-,1331995,no_counterpart,-,
print/text/New_Care_Models_Aging_Society(print)_stream_zlib.pdf,print,17,-,1333002,no_counterpart,-,
print/text/New_Care_Models_Aging_Society(print)_stream_zlib.pdf,print,17,-,1334463,no_counterpart,-,
print/text/New_Care_Models_Aging_Society(print)_stream_zlib.pdf,print,17,-,1335473,no_counterpart,-,
print/text/New_Care_Models_Aging_Society(print)_stream_zlib.pdf,print,17,-,1336961,no_counterpart,-,
print/text/New_Care_Models_Aging_Society(print)_stream_zlib.pdf,print,17,-,1337988,no_counterpart,-,
print/text/Next_Decade_Space_Exploration(print)_stream_zlib.pdf,print,14,-,143,ok,-,0
print/text/Next_Decade_Space_Exploration(print)_stream_zlib.pdf,print,14,-,105634,ok,-,0
print/text/Next_Decade_Space_Exploration(print)_stream_zlib.pdf,print,14,-,122687,ok,-,0
print/text/Next_Decade_Space_Exploration(print)_stream_zlib.pdf,print,14,-,234791,ok,-,0
print/text/Next_Decade_Space_Exploration(print)_stream_zlib.pdf,print,14,-,320226,ok,-,0
print/text/Next_Decade_Space_Exploration(print)_stream_zlib.pdf,print,14,-,351731,ok,-,0
print/text/Next_Decade_Space_Exploration(print)_stream_zlib.pdf,print,14,-,371305,ok,-,0
print/text/Next_Decade_Space_Exploration(print)_stream_zlib.pdf,print,14,-,504863,ok,-,0
print/text/Next_Decade_Space_Exploration(print)_stream_zlib.pdf,print,14,-,554917,ok,-,0
print/text/Next_Decade_Space_Exploration(print)_stream_zlib.pdf,print,14,-,640032,ok,-,0
print/text/Next_Decade_Space_Exploration(print)_stream_zlib.pdf,print,14,-,646729,no_counterpart,-,
print/text/Next_Decade_Space_Exploration(print)_stream_zlib.pdf,print,14,-,647875,no_counterpart,-,
print/text/Next_Decade_Space_Exploration(print)_stream_zlib.pdf,print,14,-,648351,no_counterpart,-,
print/text/Next_Decade_Space_Exploration(print)_stream_zlib.pdf,print,14,-,649889,no_counterpart,-,
print/text/Next_Decade_Space_Exploration(print)_stream_zlib.pdf,print,14,-,651211,no_counterpart,-,
print/text/Next_Decade_Space_Exploration(print)_stream_zlib.pdf,print,14,-,652327,no_counterpart,-,
print/text/Next_Decade_Space_Exploration(print)_stream_zlib.pdf,print,14,-,657905,no_counterpart,-,
print/text/Next_Decade_Space_Exploration(print)_stream_zlib.pdf,print,14,-,662646,no_counterpart,-,
print/text/Next_Decade_Space_Exploration(print)_stream_zlib.pdf,print,14,-,663909,no_counterpart,-,
print/text/Next_Decade_Space_Exploration(print)_stream_zlib.pdf,print,14,-,666190,no_counterpart,-,
print/text/Next_Decade_Space_Exploration(print)_stream_zlib.pdf,print,14,-,668276,no_counterpart,-,
print/text/Next_Decade_Space_Exploration(print)_stream_zlib.pdf,print,14,-,669685,no_counterpart,-,
print/text/Next_Decade_Space_Exploration(print)_stream_zlib.pdf,print,14,-,671185,no_counterpart,-,
print/text/Next_Decade_Space_Exploration(print)_stream_zlib.pdf,print,14,-,672223,no_counterpart,-,
print/text/Next_Decade_Space_Exploration(print)_stream_zlib.pdf,print,14,-,673654,no_counterpart,-,
print/text/Next_Decade_Space_Exploration(print)_stream_zlib.pdf,print,14,-,675085,no_counterpart,-,
print/text/Next_Decade_Space_Exploration(print)_stream_zlib.pdf,print,14,-,676046,no_counterpart,-,
print/text/Next_Decade_Space_Exploration(print)_stream_zlib.pdf,print,14,-,678210,no_counterpart,-,
print/text/OceanQuest_Modular_Water_Leisure_Equipment_Guide(print)_stream_zlib.pdf,print,18,-,144,ok,-,0
print/text/OceanQuest_Modular_Water_Leisure_Equipment_Guide(print)_stream_zlib.pdf,print,18,-,21764,ok,-,0
print/text/OceanQuest_Modular_Water_Leisure_Equipment_Guide(print)_stream_zlib.pdf,print,18,-,198675,ok,-,0
print/text/OceanQuest_Modular_Water_Leisure_Equipment_Guide(print)_stream_zlib.pdf,print,18,-,274752,ok,-,0
print/text/OceanQuest_Modular_Water_Leisure_Equipment_Guide(print)_stream_zlib.pdf,print,18,-,351408,ok,-,0
print/text/OceanQuest_Modular_Water_Leisure_Equipment_Guide(print)_stream_zlib.pdf,print,18,-,427436,ok,-,0
print/text/OceanQuest_Modular_Water_Leisure_Equipment_Guide(print)_stream_zlib.pdf,print,18,-,656283,ok,-,0
print/text/OceanQuest_Modular_Water_Leisure_Equipment_Guide(print)_stream_zlib.pdf,print,18,-,962439,ok,-,0
print/text/OceanQuest_Modular_Water_Leisure_Equipment_Guide(print)_stream_zlib.pdf,print,18,-,1074618,ok,-,0
print/text/OceanQuest_Modular_Water_Leisure_Equipment_Guide(print)_stream_zlib.pdf,print,18,-,1142774,ok,-,0
print/text/OceanQuest_Modular_Water_Leisure_Equipment_Guide(print)_stream_zlib.pdf,print,18,-,1234818,ok,-,0
print/text/OceanQuest_Modular_Water_Leisure_Equipment_Guide(print)_stream_zlib.pdf,print,18,-,1761271,ok,-,0
print/text/OceanQuest_Modular_Water_Leisure_Equipment_Guide(print)_stream_zlib.pdf,print,18,-,1769069,no_counterpart,-,
print/text/OceanQuest_Modular_Water_Leisure_Equipment_Guide(print)_stream_zlib.pdf,print,18,-,1770314,no_counterpart,-,
print/text/OceanQuest_Modular_Water_Leisure_Equipment_Guide(print)_stream_zlib.pdf,print,18,-,1771655,no_counterpart,-,
print/text/OceanQuest_Modular_Water_Leisure_Equipment_Guide(print)_stream_zlib.pdf,print,18,-,1772131,no_counterpart,-,
print/text/OceanQuest_Modular_Water_Leisure_Equipment_Guide(print)_stream_zlib.pdf,print,18,-,1773823,no_counterpart,-,
print/text/OceanQuest_Modular_Water_Leisure_Equipment_Guide(print)_stream_zlib.pdf,print,18,-,1775883,no_counterpart,-,
print/text/OceanQuest_Modular_Water_Leisure_Equipment_Guide(print)_stream_zlib.pdf,print,18,-,1777496,no_counterpart,-,
print/text/OceanQuest_Modular_Water_Leisure_Equipment_Guide(print)_stream_zlib.pdf,print,18,-,1778823,no_counterpart,-,
print/text/OceanQuest_Modular_Water_Leisure_Equipment_Guide(print)_stream_zlib.pdf,print,18,-,1780173,no_counterpart,-,
print/text/OceanQuest_Modular_Water_Leisure_Equipment_Guide(print)_stream_zlib.pdf,print,18,-,1781455,no_counterpart,-,
print/text/OceanQuest_Modular_Water_Leisure_Equipment_Guide(print)_stream_zlib.pdf,print,18,-,1782822,no_counterpart,-,
print/text/OceanQuest_Modular_Water_Leisure_Equipment_Guide(print)_stream_zlib.pdf,print,18,-,1784551,no_counterpart,-,
print/text/PetPal_Smart_PetCare_Products(print)_stream_zlib.pdf,print,14,-,30214,ok,-,0
print/text/PetPal_Smart_PetCare_Products(print)_stream_zlib.pdf,print,14,-,42522,ok,-,0
print/text/PetPal_Smart_PetCare_Products(print)_stream_zlib.pdf,print,14,-,127448,ok,-,0
print/text/PetPal_Smart_PetCare_Products(print)_stream_zlib.pdf,print,14,-,350122,ok,-,0
print/text/PetPal_Smart_PetCare_Products(print)_stream_zlib.pdf,print,14,-,455711,ok,-,0
print/text/PetPal_Smart_PetCare_Products(print)_stream_zlib.pdf,print,14,-,531420,ok,-,0
print/text/PetPal_Smart_PetCare_Products(print)_stream_zlib.pdf,print,14,-,606917,ok,-,0
print/text/PetPal_Smart_PetCare_Products(print)_stream_zlib.pdf,print,14,-,683500,ok,-,0
print/text/PetPal_Smart_PetCare_Products(print)_stream_zlib.pdf,print,14,-,759686,ok,-,0
print/text/PetPal_Smart_PetCare_Products(print)_stream_zlib.pdf,print,14,-,865343,ok,-,0
print/text/PetPal_Smart_PetCare_Products(print)_stream_zlib.pdf,print,14,-,944245,ok,-,0
print/text/PetPal_Smart_PetCare_Products(print)_stream_zlib.pdf,print,14,-,958187,ok,-,0
print/text/PetPal_Smart_PetCare_Products(print)_stream_zlib.pdf,print,14,-,1010893,ok,-,0
print/text/PetPal_Smart_PetCare_Products(print)_stream_zlib.pdf,print,14,-,1014529,ok,-,0
print/text/PetPal_Smart_PetCare_Products(print)_stream_zlib.pdf,print,14,-,1049946,ok,-,0
print/text/PetPal_Smart_PetCare_Products(print)_stream_zlib.pdf,print,14,-,1537590,ok,-,0
print/text/PetPal_Smart_PetCare_Products(print)_stream_zlib.pdf,print,14,-,1541781,ok,-,0
print/text/PetPal_Smart_PetCare_Products(print)_stream_zlib.pdf,print,14,-,1566387,ok,-,0
print/text/PetPal_Smart_PetCare_Products(print)_stream_zlib.pdf,print,14,-,1628667,no_counterpart,-,
print/text/PetPal_Smart_PetCare_Products(print)_stream_zlib.pdf,print,14,-,1629955,no_counterpart,-,
print/text/PetPal_Smart_PetCare_Products(print)_stream_zlib.pdf,print,14,-,1630436,no_counterpart,-,
print/text/PetPal_Smart_PetCare_Products(print)_stream_zlib.pdf,print,14,-,1630912,no_counterpart,-,
print/text/PetPal_Smart_PetCare_Products(print)_stream_zlib.pdf,print,14,-,1632494,no_counterpart,-,
print/text/PetPal_Smart_PetCare_Products(print)_stream_zlib.pdf,print,14,-,1632974,no_counterpart,-,
print/text/PetPal_Smart_PetCare_Products(print)_stream_zlib.pdf,print,14,-,1633450,no_counterpart,-,
print/text/PetPal_Smart_PetCare_Products(print)_stream_zlib.pdf,print,14,-,1634287,no_counterpart,-,
print/text/PetPal_Smart_PetCare_Products(print)_stream_zlib.pdf,print,14,-,1636449,no_counterpart,-,
print/text/PetPal_Smart_PetCare_Products(print)_stream_zlib.pdf,print,14,-,1637364,no_counterpart,-,
print/text/PetPal_Smart_PetCare_Products(print)_stream_zlib.pdf,print,14,-,1639624,no_counterpart,-,
print/text/PetPal_Smart_PetCare_Products(print)_stream_zlib.pdf,print,14,-,1641757,no_counterpart,-,
print/text/PetPal_Smart_PetCare_Products(print)_stream_zlib.pdf,print,14,-,1642632,no_counterpart,-,
print/text/PetPal_Smart_PetCare_Products(print)_stream_zlib.pdf,print,14,-,1644218,no_counterpart,-,
print/text/PetPal_Smart_PetCare_Products(print)_stream_zlib.pdf,print,14,-,1645716,no_counterpart,-,
print/text/PetPal_Smart_PetCare_Products(print)_stream_zlib.pdf,print,14,-,1646590,no_counterpart,-,
print/text/PetPal_Smart_PetCare_Products(print)_stream_zlib.pdf,print,14,-,1648007,no_counterpart,-,
print/text/PetPal_Smart_PetCare_Products(print)_stream_zlib.pdf,print,14,-,1649636,no_counterpart,-,
print/text/PetPal_Smart_PetCare_Products(print)_stream_zlib.pdf,print,14,-,1650798,no_counterpart,-,
print/text/PetPal_Smart_PetCare_Products(print)_stream_zlib.pdf,print,14,-,1652836,no_counterpart,-,
print/text/Quantum_Computing_Race(print)_stream_zlib.pdf,print,16,-,104987,ok,-,0
print/text/Quantum_Computing_Race(print)_stream_zlib.pdf,print,16,-,135996,ok,-,0
print/text/Quantum_Computing_Race(print)_stream_zlib.pdf,print,16,-,152291,ok,-,0
print/text/Quantum_Computing_Race(print)_stream_zlib.pdf,print,16,-,246867,ok,-,0
print/text/Quantum_Computing_Race(print)_stream_zlib.pdf,print,16,-,265813,ok,-,0
print/text/Quantum_Computing_Race(print)_stream_zlib.pdf,print,16,-,365284,ok,-,0
print/text/Quantum_Computing_Race(print)_stream_zlib.pdf,print,16,-,372963,ok,-,0
print/text/Quantum_Computing_Race(print)_stream_zlib.pdf,print,16,-,1067775,ok,-,0
print/text/Quantum_Computing_Race(print)_stream_zlib.pdf,print,16,-,1072076,ok,-,0
print/text/Quantum_Computing_Race(print)_stream_zlib.pdf,print,16,-,1146688,ok,-,0
print/text/Quantum_Computing_Race(print)_stream_zlib.pdf,print,16,-,1154484,no_counterpart,-,
print/text/Quantum_Computing_Race(print)_stream_zlib.pdf,print,16,-,1155606,no_counterpart,-,
print/text/Quantum_Computing_Race(print)_stream_zlib.pdf,print,16,-,1156082,no_counterpart,-,
print/text/Quantum_Computing_Race(print)_stream_zlib.pdf,print,16,-,1157479,no_counterpart,-,
print/text/Quantum_Computing_Race(print)_stream_zlib.pdf,print,16,-,1158799,no_counterpart,-,
print/text/Quantum_Computing_Race(print)_stream_zlib.pdf,print,16,-,1160029,no_counterpart,-,
print/text/Quantum_Computing_Race(print)_stream_zlib.pdf,print,16,-,1164996,no_counterpart,-,
print/text/Quantum_Computing_Race(print)_stream_zlib.pdf,print,16,-,1169585,no_counterpart,-,
print/text/Quantum_Computing_Race(print)_stream_zlib.pdf,print,16,-,1170757,no_counterpart,-,
print/text/Quantum_Computing_Race(print)_stream_zlib.pdf,print,16,-,1172753,no_counterpart,-,
print/text/Quantum_Computing_Race(print)_stream_zlib.pdf,print,16,-,1175118,no_counterpart,-,
print/text/Quantum_Computing_Race(print)_stream_zlib.pdf,print,16,-,1176245,no_counterpart,-,
print/text/Quantum_Computing_Race(print)_stream_zlib.pdf,print,16,-,1177526,no_counterpart,-,
print/text/Quantum_Computing_Race(print)_stream_zlib.pdf,print,16,-,1178982,no_counterpart,-,
print/text/Quantum_Computing_Race(print)_stream_zlib.pdf,print,16,-,1180151,no_counterpart,-,
print/text/Quantum_Computing_Race(print)_stream_zlib.pdf,print,16,-,1181614,no_counterpart,-,
print/text/Quantum_Computing_Race(print)_stream_zlib.pdf,print,16,-,1182948,no_counterpart,-,
print/text/Quantum_Computing_Race(print)_stream_zlib.pdf,print,16,-,1183428,no_counterpart,-,
print/text/Quantum_Computing_Race(print)_stream_zlib.pdf,print,16,-,1184362,no_counterpart,-,
print/text/Quantum_Computing_Race(print)_stream_zlib.pdf,print,16,-,1186269,no_counterpart,-,
print/text/Robots_Automation_Future_Work(print)_stream_zlib.pdf,print,16,-,108262,ok,-,0
print/text/Robots_Automation_Future_Work(print)_stream_zlib.pdf,print,16,-,259820,ok,-,0
print/text/Robots_Automation_Future_Work(print)_stream_zlib.pdf,print,16,-,380780,ok,-,0
print/text/Robots_Automation_Future_Work(print)_stream_zlib.pdf,print,16,-,431652,ok,-,0
print/text/Robots_Automation_Future_Work(print)_stream_zlib.pdf,print,16,-,724316,ok,-,0
print/text/Robots_Automation_Future_Work(print)_stream_zlib.pdf,print,16,-,801475,ok,-,0
print/text/Robots_Automation_Future_Work(print)_stream_zlib.pdf,print,16,-,808378,ok,-,0
print/text/Robots_Automation_Future_Work(print)_stream_zlib.pdf,print,16,-,891697,ok,-,0
print/text/Robots_Automation_Future_Work(print)_stream_zlib.pdf,print,16,-,895720,ok,-,0
print/text/Robots_Automation_Future_Work(print)_stream_zlib.pdf,print,16,-,942762,ok,-,0
print/text/Robots_Automation_Future_Work(print)_stream_zlib.pdf,print,16,-,981002,ok,-,0
print/text/Robots_Automation_Future_Work(print)_stream_zlib.pdf,print,16,-,1006862,ok,-,0
print/text/Robots_Automation_Future_Work(print)_stream_zlib.pdf,print,16,-,1024894,no_counterpart,-,
print/text/Robots_Automation_Future_Work(print)_stream_zlib.pdf,print,16,-,1026065,no_counterpart,-,
print/text/Robots_Automation_Future_Work(print)_stream_zlib.pdf,print,16,-,1026541,no_counterpart,-,
print/text/Robots_Automation_Future_Work(print)_stream_zlib.pdf,print,16,-,1027779,no_counterpart,-,
print/text/Robots_Automation_Future_Work(print)_stream_zlib.pdf,print,16,-,1033040,no_counterpart,-,
print/text/Robots_Automation_Future_Work(print)_stream_zlib.pdf,print,16,-,1036652,no_counterpart,-,
print/text/Robots_Automation_Future_Work(print)_stream_zlib.pdf,print,16,-,1037128,no_counterpart,-,
print/text/Robots_Automation_Future_Work(print)_stream_zlib.pdf,print,16,-,1038353,no_counterpart,-,
print/text/Robots_Automation_Future_Work(print)_stream_zlib.pdf,print,16,-,1040513,no_counterpart,-,
print/text/Robots_Automation_Future_Work(print)_stream_zlib.pdf,print,16,-,1042604,no_counterpart,-,
print/text/Robots_Automation_Future_Work(print)_stream_zlib.pdf,print,16,-,1043762,no_counterpart,-,
print/text/Robots_Automation_Future_Work(print)_stream_zlib.pdf,print,16,-,1045047,no_counterpart,-,
print/text/Robots_Automation_Future_Work(print)_stream_zlib.pdf,print,16,-,1046483,no_counterpart,-,
print/text/Robots_Automation_Future_Work(print)_stream_zlib.pdf,print,16,-,1047539,no_counterpart,-,
print/text/Robots_Automation_Future_Work(print)_stream_zlib.pdf,print,16,-,1048906,no_counterpart,-,
print/text/Robots_Automation_Future_Work(print)_stream_zlib.pdf,print,16,-,1050287,no_counterpart,-,
print/text/Robots_Automation_Future_Work(print)_stream_zlib.pdf,print,16,-,1051418,no_counterpart,-,
print/text/Robots_Automation_Future_Work(print)_stream_zlib.pdf,print,16,-,1053091,no_counterpart,-,
print/text/Security_Breach_Investigation_Report(print)_stream_zlib.pdf,print,18,-,15947,ok,-,0
print/text/Security_Breach_Investigation_Report(print)_stream_zlib.pdf,print,18,-,185955,ok,-,0
print/text/Security_Breach_Investigation_Report(print)_stream_zlib.pdf,print,18,-,220913,ok,-,0
print/text/Security_Breach_Investigation_Report(print)_stream_zlib.pdf,print,18,-,253844,ok,-,0
print/text/Security_Breach_Investigation_Report(print)_stream_zlib.pdf,print,18,-,402040,ok,-,0
print/text/Security_Breach_Investigation_Report(print)_stream_zlib.pdf,print,18,-,515933,ok,-,0
print/text/Security_Breach_Investigation_Report(print)_stream_zlib.pdf,print,18,-,715913,ok,-,0
print/text/Security_Breach_Investigation_Report(print)_stream_zlib.pdf,print,18,-,1231736,ok,-,0
print/text/Security_Breach_Investigation_Report(print)_stream_zlib.pdf,print,18,-,1348582,ok,-,0
print/text/Security_Breach_Investigation_Report(print)_stream_zlib.pdf,print,18,-,1423334,ok,-,0
print/text/Security_Breach_Investigation_Report(print)_stream_zlib.pdf,print,18,-,1458807,no_counterpart,-,
print/text/Security_Breach_Investigation_Report(print)_stream_zlib.pdf,print,18,-,1459880,no_counterpart,-,
print/text/Security_Breach_Investigation_Report(print)_stream_zlib.pdf,print,18,-,1460357,no_counterpart,-,
print/text/Security_Breach_Investigation_Report(print)_stream_zlib.pdf,print,18,-,1462130,no_counterpart,-,
print/text/Security_Breach_Investigation_Report(print)_stream_zlib.pdf,print,18,-,1463301,no_counterpart,-,
print/text/Security_Breach_Investigation_Report(print)_stream_zlib.pdf,print,18,-,1468532,no_counterpart,-,
print/text/Security_Breach_Investigation_Report(print)_stream_zlib.pdf,print,18,-,1469012,no_counterpart,-,
print/text/Security_Breach_Investigation_Report(print)_stream_zlib.pdf,print,18,-,1470351,no_counterpart,-,
print/text/Security_Breach_Investigation_Report(print)_stream_zlib.pdf,print,18,-,1473193,no_counterpart,-,
print/text/Security_Breach_Investigation_Report(print)_stream_zlib.pdf,print,18,-,1475283,no_counterpart,-,
print/text/Security_Breach_Investigation_Report(print)_stream_zlib.pdf,print,18,-,1476359,no_counterpart,-,
print/text/Security_Breach_Investigation_Report(print)_stream_zlib.pdf,print,18,-,1478310,no_counterpart,-,
print/text/Security_Breach_Investigation_Report(print)_stream_zlib.pdf,print,18,-,1479878,no_counterpart,-,
print/text/Security_Breach_Investigation_Report(print)_stream_zlib.pdf,print,18,-,1481009,no_counterpart,-,
print/text/Security_Breach_Investigation_Report(print)_stream_zlib.pdf,print,18,-,1482999,no_counterpart,-,
print/text/Security_Breach_Investigation_Report(print)_stream_zlib.pdf,print,18,-,1484643,no_counterpart,-,
print/text/Security_Breach_Investigation_Report(print)_stream_zlib.pdf,print,18,-,1485123,no_counterpart,-,
print/text/Security_Breach_Investigation_Report(print)_stream_zlib.pdf,print,18,-,1486178,no_counterpart,-,
print/text/Security_Breach_Investigation_Report(print)_stream_zlib.pdf,print,18,-,1488910,no_counterpart,-,
print/text/SkyGarden_Indoor_Vertical_Garden_Solutions(print)_stream_zlib.pdf,print,21,-,25839,ok,-,0
print/text/SkyGarden_Indoor_Vertical_Garden_Solutions(print)_stream_zlib.pdf,print,21,-,123786,ok,-,0
print/text/SkyGarden_Indoor_Vertical_Garden_Solutions(print)_stream_zlib.pdf,print,21,-,186308,ok,-,0
print/text/SkyGarden_Indoor_Vertical_Garden_Solutions(print)_stream_zlib.pdf,print,21,-,298330,ok,-,0
print/text/SkyGarden_Indoor_Vertical_Garden_Solutions(print)_stream_zlib.pdf,print,21,-,502734,ok,-,0
print/text/SkyGarden_Indoor_Vertical_Garden_Solutions(print)_stream_zlib.pdf,print,21,-,512814,ok,-,0
print/text/SkyGarden_Indoor_Vertical_Garden_Solutions(print)_stream_zlib.pdf,print,21,-,703308,ok,-,0
print/text/SkyGarden_Indoor_Vertical_Garden_Solutions(print)_stream_zlib.pdf,print,21,-,795718,ok,-,0
print/text/SkyGarden_Indoor_Vertical_Garden_Solutions(print)_stream_zlib.pdf,print,21,-,811938,ok,-,0
print/text/SkyGarden_Indoor_Vertical_Garden_Solutions(print)_stream_zlib.pdf,print,21,-,1483895,no_counterpart,-,
print/text/SkyGarden_Indoor_Vertical_Garden_Solutions(print)_stream_zlib.pdf,print,21,-,1484839,no_counterpart,-,
print/text/SkyGarden_Indoor_Vertical_Garden_Solutions(print)_stream_zlib.pdf,print,21,-,1485341,no_counterpart,-,
print/text/SkyGarden_Indoor_Vertical_Garden_Solutions(print)_stream_zlib.pdf,print,21,-,1485843,no_counterpart,-,
print/text/SkyGarden_Indoor_Vertical_Garden_Solutions(print)_stream_zlib.pdf,print,21,-,1486324,no_counterpart,-,
print/text/SkyGarden_Indoor_Vertical_Garden_Solutions(print)_stream_zlib.pdf,print,21,-,1486800,no_counterpart,-,
print/text/SkyGarden_Indoor_Vertical_Garden_Solutions(print)_stream_zlib.pdf,print,21,-,1488123,no_counterpart,-,
print/text/SkyGarden_Indoor_Vertical_Garden_Solutions(print)_stream_zlib.pdf,print,21,-,1489114,no_counterpart,-,
print/text/SkyGarden_Indoor_Vertical_Garden_Solutions(print)_stream_zlib.pdf,print,21,-,1493823,no_counterpart,-,
print/text/SkyGarden_Indoor_Vertical_Garden_Solutions(print)_stream_zlib.pdf,print,21,-,1495924,no_counterpart,-,
print/text/SkyGarden_Indoor_Vertical_Garden_Solutions(print)_stream_zlib.pdf,print,21,-,1497021,no_counterpart,-,
print/text/SkyGarden_Indoor_Vertical_Garden_Solutions(print)_stream_zlib.pdf,print,21,-,1499468,no_counterpart,-,
print/text/SkyGarden_Indoor_Vertical_Garden_Solutions(print)_stream_zlib.pdf,print,21,-,1501387,no_counterpart,-,
print/text/SkyGarden_Indoor_Vertical_Garden_Solutions(print)_stream_zlib.pdf,print,21,-,1502362,no_counterpart,-,
print/text/SkyGarden_Indoor_Vertical_Garden_Solutions(print)_stream_zlib.pdf,print,21,-,1503790,no_counterpart,-,
print/text/SkyGarden_Indoor_Vertical_Garden_Solutions(print)_stream_zlib.pdf,print,21,-,1505167,no_counterpart,-,
print/text/SkyGarden_Indoor_Vertical_Garden_Solutions(print)_stream_zlib.pdf,print,21,-,1506196,no_counterpart,-,
print/text/SkyGarden_Indoor_Vertical_Garden_Solutions(print)_stream_zlib.pdf,print,21,-,1507801,no_counterpart,-,
print/text/SkyGarden_Indoor_Vertical_Garden_Solutions(print)_stream_zlib.pdf,print,21,-,1509155,no_counterpart,-,
print/text/SkyGarden_Indoor_Vertical_Garden_Solutions(print)_stream_zlib.pdf,print,21,-,1510295,no_counterpart,-,
print/text/SkyGarden_Indoor_Vertical_Garden_Solutions(print)_stream_zlib.pdf,print,21,-,1512407,no_counterpart,-,
print/text/Sustainable_Fashion_Innovation(print)_stream_zlib.pdf,print,16,-,143,ok,-,0
print/text/Sustainable_Fashion_Innovation(print)_stream_zlib.pdf,print,16,-,292421,ok,-,0
print/text/Sustainable_Fashion_Innovation(print)_stream_zlib.pdf,print,16,-,299715,ok,-,0
print/text/Sustainable_Fashion_Innovation(print)_stream_zlib.pdf,print,16,-,344184,ok,-,0
print/text/Sustainable_Fashion_Innovation(print)_stream_zlib.pdf,print,16,-,357341,ok,-,0
print/text/Sustainable_Fashion_Innovation(print)_stream_zlib.pdf,print,16,-,893123,ok,-,0
print/text/Sustainable_Fashion_Innovation(print)_stream_zlib.pdf,print,16,-,949451,ok,-,0
print/text/Sustainable_Fashion_Innovation(print)_stream_zlib.pdf,print,16,-,1000792,no_counterpart,-,
print/text/Sustainable_Fashion_Innovation(print)_stream_zlib.pdf,print,16,-,1002140,no_counterpart,-,
print/text/Sustainable_Fashion_Innovation(print)_stream_zlib.pdf,print,16,-,1002616,no_counterpart,-,
print/text/Sustainable_Fashion_Innovation(print)_stream_zlib.pdf,print,16,-,1003912,no_counterpart,-,
print/text/Sustainable_Fashion_Innovation(print)_stream_zlib.pdf,print,16,-,1005019,no_counterpart,-,
print/text/Sustainable_Fashion_Innovation(print)_stream_zlib.pdf,print,16,-,1010015,no_counterpart,-,
print/text/Sustainable_Fashion_Innovation(print)_stream_zlib.pdf,print,16,-,1015205,no_counterpart,-,
print/text/Sustainable_Fashion_Innovation(print)_stream_zlib.pdf,print,16,-,1016508,no_counterpart,-,
print/text/Sustainable_Fashion_Innovation(print)_stream_zlib.pdf,print,16,-,1019142,no_counterpart,-,
print/text/Sustainable_Fashion_Innovation(print)_stream_zlib.pdf,print,16,-,1020201,no_counterpart,-,
print/text/Sustainable_Fashion_Innovation(print)_stream_zlib.pdf,print,16,-,1021737,no_counterpart,-,
print/text/Sustainable_Fashion_Innovation(print)_stream_zlib.pdf,print,16,-,1022990,no_counterpart,-,
print/text/Sustainable_Fashion_Innovation(print)_stream_zlib.pdf,print,16,-,1024071,no_counterpart,-,
print/text/Sustainable_Fashion_Innovation(print)_stream_zlib.pdf,print,16,-,1025552,no_counterpart,-,
print/text/Sustainable_Fashion_Innovation(print)_stream_zlib.pdf,print,16,-,1026762,no_counterpart,-,
print/text/Sustainable_Fashion_Innovation(print)_stream_zlib.pdf,print,16,-,1027794,no_counterpart,-,
print/text/Sustainable_Fashion_Innovation(print)_stream_zlib.pdf,print,16,-,1030802,no_counterpart,-,
print/text/UrbanRide_Electric_Bike_Scooter_Series(print)_stream_zlib.pdf,print,11,-,15647,ok,-,0
print/text/UrbanRide_Electric_Bike_Scooter_Series(print)_stream_zlib.pdf,print,11,-,151794,ok,-,0
print/text/UrbanRide_Electric_Bike_Scooter_Series(print)_stream_zlib.pdf,print,11,-,219561,ok,-,0
print/text/UrbanRide_Electric_Bike_Scooter_Series(print)_stream_zlib.pdf,print,11,-,425300,ok,-,0
print/text/UrbanRide_Electric_Bike_Scooter_Series(print)_stream_zlib.pdf,print,11,-,463391,ok,-,0
print/text/UrbanRide_Electric_Bike_Scooter_Series(print)_stream_zlib.pdf,print,11,-,483363,ok,-,0
print/text/UrbanRide_Electric_Bike_Scooter_Series(print)_stream_zlib.pdf,print,11,-,528433,ok,-,0
print/text/UrbanRide_Electric_Bike_Scooter_Series(print)_stream_zlib.pdf,print,11,-,550520,ok,-,0
print/text/UrbanRide_Electric_Bike_Scooter_Series(print)_stream_zlib.pdf,print,11,-,664888,ok,-,0
print/text/UrbanRide_Electric_Bike_Scooter_Series(print)_stream_zlib.pdf,print,11,-,720698,ok,-,0
print/text/UrbanRide_Electric_Bike_Scooter_Series(print)_stream_zlib.pdf,print,11,-,728607,ok,-,0
print/text/UrbanRide_Electric_Bike_Scooter_Series(print)_stream_zlib.pdf,print,11,-,753120,ok,-,0
print/text/UrbanRide_Electric_Bike_Scooter_Series(print)_stream_zlib.pdf,print,11,-,763748,ok,-,0
print/text/UrbanRide_Electric_Bike_Scooter_Series(print)_stream_zlib.pdf,print,11,-,1254274,ok,-,0
print/text/UrbanRide_Electric_Bike_Scooter_Series(print)_stream_zlib.pdf,print,11,-,1258421,ok,-,0
print/text/UrbanRide_Electric_Bike_Scooter_Series(print)_stream_zlib.pdf,print,11,-,1279415,ok,-,0
print/text/UrbanRide_Electric_Bike_Scooter_Series(print)_stream_zlib.pdf,print,11,-,1359248,ok,-,0
print/text/UrbanRide_Electric_Bike_Scooter_Series(print)_stream_zlib.pdf,print,11,-,1365990,no_counterpart,-,
print/text/UrbanRide_Electric_Bike_Scooter_Series(print)_stream_zlib.pdf,print,11,-,1366959,no_counterpart,-,
print/text/UrbanRide_Electric_Bike_Scooter_Series(print)_stream_zlib.pdf,print,11,-,1368279,no_counterpart,-,
print/text/UrbanRide_Electric_Bike_Scooter_Series(print)_stream_zlib.pdf,print,11,-,1368809,no_counterpart,-,
print/text/UrbanRide_Electric_Bike_Scooter_Series(print)_stream_zlib.pdf,print,11,-,1369290,no_counterpart,-,
print/text/UrbanRide_Electric_Bike_Scooter_Series(print)_stream_zlib.pdf,print,11,-,1369766,no_counterpart,-,
print/text/UrbanRide_Electric_Bike_Scooter_Series(print)_stream_zlib.pdf,print,11,-,1370271,no_counterpart,-,
print/text/UrbanRide_Electric_Bike_Scooter_Series(print)_stream_zlib.pdf,print,11,-,1374090,no_counterpart,-,
print/text/UrbanRide_Electric_Bike_Scooter_Series(print)_stream_zlib.pdf,print,11,-,1377512,no_counterpart,-,
print/text/UrbanRide_Electric_Bike_Scooter_Series(print)_stream_zlib.pdf,print,11,-,1378615,no_counterpart,-,
print/text/UrbanRide_Electric_Bike_Scooter_Series(print)_stream_zlib.pdf,print,11,-,1381147,no_counterpart,-,
print/text/UrbanRide_Electric_Bike_Scooter_Series(print)_stream_zlib.pdf,print,11,-,1383131,no_counterpart,-,
print/text/UrbanRide_Electric_Bike_Scooter_Series(print)_stream_zlib.pdf,print,11,-,1383611,no_counterpart,-,
print/text/UrbanRide_Electric_Bike_Scooter_Series(print)_stream_zlib.pdf,print,11,-,1384575,no_counterpart,-,
print/text/UrbanRide_Electric_Bike_Scooter_Series(print)_stream_zlib.pdf,print,11,-,1385931,no_counterpart,-,
print/text/UrbanRide_Electric_Bike_Scooter_Series(print)_stream_zlib.pdf,print,11,-,1387675,no_counterpart,-,
print/text/UrbanRide_Electric_Bike_Scooter_Series(print)_stream_zlib.pdf,print,11,-,1389385,no_counterpart,-,
print/text/UrbanRide_Electric_Bike_Scooter_Series(print)_stream_zlib.pdf,print,11,-,1391100,no_counterpart,-,
print/text/UrbanRide_Electric_Bike_Scooter_Series(print)_stream_zlib.pdf,print,11,-,1392129,no_counterpart,-,
print/text/UrbanRide_Electric_Bike_Scooter_Series(print)_stream_zlib.pdf,print,11,-,1394875,no_counterpart,-,
print/text/Urban_Fine_Particulate_Matter(print)_stream_zlib.pdf,print,15,-,145,ok,-,0
print/text/Urban_Fine_Particulate_Matter(print)_stream_zlib.pdf,print,15,-,97156,ok,-,0
print/text/Urban_Fine_Particulate_Matter(print)_stream_zlib.pdf,print,15,-,107937,ok,-,0
print/text/Urban_Fine_Particulate_Matter(print)_stream_zlib.pdf,print,15,-,144339,ok,-,0
print/text/Urban_Fine_Particulate_Matter(print)_stream_zlib.pdf,print,15,-,302401,ok,-,0
print/text/Urban_Fine_Particulate_Matter(print)_stream_zlib.pdf,print,15,-,495748,ok,-,0
print/text/Urban_Fine_Particulate_Matter(print)_stream_zlib.pdf,print,15,-,507732,ok,-,0
print/text/Urban_Fine_Particulate_Matter(print)_stream_zlib.pdf,print,15,-,544955,ok,-,0
print/text/Urban_Fine_Particulate_Matter(print)_stream_zlib.pdf,print,15,-,581401,ok,-,0
print/text/Urban_Fine_Particulate_Matter(print)_stream_zlib.pdf,print,15,-,643022,ok,-,0
print/text/Urban_Fine_Particulate_Matter(print)_stream_zlib.pdf,print,15,-,651213,no_counterpart,-,
print/text/Urban_Fine_Particulate_Matter(print)_stream_zlib.pdf,print,15,-,651686,no_counterpart,-,
print/text/Urban_Fine_Particulate_Matter(print)_stream_zlib.pdf,print,15,-,653201,no_counterpart,-,
print/text/Urban_Fine_Particulate_Matter(print)_stream_zlib.pdf,print,15,-,654423,no_counterpart,-,
print/text/Urban_Fine_Particulate_Matter(print)_stream_zlib.pdf,print,15,-,655501,no_counterpart,-,
print/text/Urban_Fine_Particulate_Matter(print)_stream_zlib.pdf,print,15,-,661221,no_counterpart,-,
print/text/Urban_Fine_Particulate_Matter(print)_stream_zlib.pdf,print,15,-,666147,no_counterpart,-,
print/text/Urban_Fine_Particulate_Matter(print)_stream_zlib.pdf,print,15,-,667156,no_counterpart,-,
print/text/Urban_Fine_Particulate_Matter(print)_stream_zlib.pdf,print,15,-,669433,no_counterpart,-,
print/text/Urban_Fine_Particulate_Matter(print)_stream_zlib.pdf,print,15,-,671470,no_counterpart,-,
print/text/Urban_Fine_Particulate_Matter(print)_stream_zlib.pdf,print,15,-,671956,no_counterpart,-,
print/text/Urban_Fine_Particulate_Matter(print)_stream_zlib.pdf,print,15,-,672982,no_counterpart,-,
print/text/Urban_Fine_Particulate_Matter(print)_stream_zlib.pdf,print,15,-,674410,no_counterpart,-,
print/text/Urban_Fine_Particulate_Matter(print)_stream_zlib.pdf,print,15,-,675813,no_counterpart,-,
print/text/Urban_Fine_Particulate_Matter(print)_stream_zlib.pdf,print,15,-,676869,no_counterpart,-,
print/text/Urban_Fine_Particulate_Matter(print)_stream_zlib.pdf,print,15,-,678510,no_counterpart,-,
print/text/Urban_Fine_Particulate_Matter(print)_stream_zlib.pdf,print,15,-,679741,no_counterpart,-,
print/text/Urban_Fine_Particulate_Matter(print)_stream_zlib.pdf,print,15,-,681061,no_counterpart,-,
print/text/Urban_Fine_Particulate_Matter(print)_stream_zlib.pdf,print,15,-,683153,no_counterpart,-,
print/text/ai_ethics_responsible_use_guidelines_multilang(print)_stream_zlib.pdf,print,15,-,37809,ok,-,0
print/text/ai_ethics_responsible_use_guidelines_multilang(print)_stream_zlib.pdf,print,15,-,169348,ok,-,0
print/text/ai_ethics_responsible_use_guidelines_multilang(print)_stream_zlib.pdf,print,15,-,281251,ok,-,0
print/text/ai_ethics_responsible_use_guidelines_multilang(print)_stream_zlib.pdf,print,15,-,320770,ok,-,0
print/text/ai_ethics_responsible_use_guidelines_multilang(print)_stream_zlib.pdf,print,15,-,337165,ok,-,0
print/text/ai_ethics_responsible_use_guidelines_multilang(print)_stream_zlib.pdf,print,15,-,437313,ok,-,0
print/text/ai_ethics_responsible_use_guidelines_multilang(print)_stream_zlib.pdf,print,15,-,495896,ok,-,0
print/text/ai_ethics_responsible_use_guidelines_multilang(print)_stream_zlib.pdf,print,15,-,509478,ok,-,0
print/text/ai_ethics_responsible_use_guidelines_multilang(print)_stream_zlib.pdf,print,15,-,621370,ok,-,0
print/text/ai_ethics_responsible_use_guidelines_multilang(print)_stream_zlib.pdf,print,15,-,624873,ok,-,0
print/text/ai_ethics_responsible_use_guidelines_multilang(print)_stream_zlib.pdf,print,15,-,711143,ok,-,0
print/text/ai_ethics_responsible_use_guidelines_multilang(print)_stream_zlib.pdf,print,15,-,718125,no_counterpart,-,
print/text/ai_ethics_responsible_use_guidelines_multilang(print)_stream_zlib.pdf,print,15,-,719114,no_counterpart,-,
print/text/ai_ethics_responsible_use_guidelines_multilang(print)_stream_zlib.pdf,print,15,-,720264,no_counterpart,-,
print/text/ai_ethics_responsible_use_guidelines_multilang(print)_stream_zlib.pdf,print,15,-,721920,no_counterpart,-,
print/text/ai_ethics_responsible_use_guidelines_multilang(print)_stream_zlib.pdf,print,15,-,722396,no_counterpart,-,
print/text/ai_ethics_responsible_use_guidelines_multilang(print)_stream_zlib.pdf,print,15,-,723286,no_counterpart,-,
print/text/ai_ethics_responsible_use_guidelines_multilang(print)_stream_zlib.pdf,print,15,-,725050,no_counterpart,-,
print/text/ai_ethics_responsible_use_guidelines_multilang(print)_stream_zlib.pdf,print,15,-,730579,no_counterpart,-,
print/text/ai_ethics_responsible_use_guidelines_multilang(print)_stream_zlib.pdf,print,15,-,731613,no_counterpart,-,
print/text/ai_ethics_responsible_use_guidelines_multilang(print)_stream_zlib.pdf,print,15,-,733099,no_counterpart,-,
print/text/ai_ethics_responsible_use_guidelines_multilang(print)_stream_zlib.pdf,print,15,-,735390,no_counterpart,-,
print/text/ai_ethics_responsible_use_guidelines_multilang(print)_stream_zlib.pdf,print,15,-,736377,no_counterpart,-,
print/text/ai_ethics_responsible_use_guidelines_multilang(print)_stream_zlib.pdf,print,15,-,737528,no_counterpart,-,
print/text/ai_ethics_responsible_use_guidelines_multilang(print)_stream_zlib.pdf,print,15,-,739243,no_counterpart,-,
print/text/ai_ethics_responsible_use_guidelines_multilang(print)_stream_zlib.pdf,print,15,-,740264,no_counterpart,-,
print/text/ai_ethics_responsible_use_guidelines_multilang(print)_stream_zlib.pdf,print,15,-,741448,no_counterpart,-,
print/text/ai_ethics_responsible_use_guidelines_multilang(print)_stream_zlib.pdf,print,15,-,743190,no_counterpart,-,
print/text/ai_ethics_responsible_use_guidelines_multilang(print)_stream_zlib.pdf,print,15,-,743670,no_counterpart,-,
print/text/ai_ethics_responsible_use_guidelines_multilang(print)_stream_zlib.pdf,print,15,-,744680,no_counterpart,-,
print/text/ai_ethics_responsible_use_guidelines_multilang(print)_stream_zlib.pdf,print,15,-,746415,no_counterpart,-,
print/text/climate_crisis_preparedness_community_action_guidelines_multilang(print)_stream_zlib.pdf,print,15,-,39973,ok,-,0
print/text/climate_crisis_preparedness_community_action_guidelines_multilang(print)_stream_zlib.pdf,print,15,-,195266,ok,-,0
print/text/climate_crisis_preparedness_community_action_guidelines_multilang(print)_stream_zlib.pdf,print,15,-,204859,ok,-,0
print/text/climate_crisis_preparedness_community_action_guidelines_multilang(print)_stream_zlib.pdf,print,15,-,221348,ok,-,0
print/text/climate_crisis_preparedness_community_action_guidelines_multilang(print)_stream_zlib.pdf,print,15,-,387728,ok,-,0
print/text/climate_crisis_preparedness_community_action_guidelines_multilang(print)_stream_zlib.pdf,print,15,-,464403,ok,-,0
print/text/climate_crisis_preparedness_community_action_guidelines_multilang(print)_stream_zlib.pdf,print,15,-,540396,ok,-,0
print/text/climate_crisis_preparedness_community_action_guidelines_multilang(print)_stream_zlib.pdf,print,15,-,848104,ok,-,0
print/text/climate_crisis_preparedness_community_action_guidelines_multilang(print)_stream_zlib.pdf,print,15,-,930877,ok,-,0
print/text/climate_crisis_preparedness_community_action_guidelines_multilang(print)_stream_zlib.pdf,print,15,-,984589,ok,-,0
print/text/climate_crisis_preparedness_community_action_guidelines_multilang(print)_stream_zlib.pdf,print,15,-,1005046,ok,-,0
print/text/climate_crisis_preparedness_community_action_guidelines_multilang(print)_stream_zlib.pdf,print,15,-,1013112,ok,-,0
print/text/climate_crisis_preparedness_community_action_guidelines_multilang(print)_stream_zlib.pdf,print,15,-,1091232,ok,-,0
print/text/climate_crisis_preparedness_community_action_guidelines_multilang(print)_stream_zlib.pdf,print,15,-,1101798,ok,-,0
print/text/climate_crisis_preparedness_community_action_guidelines_multilang(print)_stream_zlib.pdf,print,15,-,1587450,ok,-,0
print/text/climate_crisis_preparedness_community_action_guidelines_multilang(print)_stream_zlib.pdf,print,15,-,1598917,ok,-,0
print/text/climate_crisis_preparedness_community_action_guidelines_multilang(print)_stream_zlib.pdf,print,15,-,1603074,ok,-,0
print/text/climate_crisis_preparedness_community_action_guidelines_multilang(print)_stream_zlib.pdf,print,15,-,1665293,ok,-,0
print/text/climate_crisis_preparedness_community_action_guidelines_multilang(print)_stream_zlib.pdf,print,15,-,1702158,no_counterpart,-,
print/text/climate_crisis_preparedness_community_action_guidelines_multilang(print)_stream_zlib.pdf,print,15,-,1703153,no_counterpart,-,
print/text/climate_crisis_preparedness_community_action_guidelines_multilang(print)_stream_zlib.pdf,print,15,-,1704905,no_counterpart,-,
print/text/climate_crisis_preparedness_community_action_guidelines_multilang(print)_stream_zlib.pdf,print,15,-,1705381,no_counterpart,-,
print/text/climate_crisis_preparedness_community_action_guidelines_multilang(print)_stream_zlib.pdf,print,15,-,1706192,no_counterpart,-,
print/text/climate_crisis_preparedness_community_action_guidelines_multilang(print)_stream_zlib.pdf,print,15,-,1708077,no_counterpart,-,
print/text/climate_crisis_preparedness_community_action_guidelines_multilang(print)_stream_zlib.pdf,print,15,-,1709137,no_counterpart,-,
print/text/climate_crisis_preparedness_community_action_guidelines_multilang(print)_stream_zlib.pdf,print,15,-,1710715,no_counterpart,-,
print/text/climate_crisis_preparedness_community_action_guidelines_multilang(print)_stream_zlib.pdf,print,15,-,1713066,no_counterpart,-,
print/text/climate_crisis_preparedness_community_action_guidelines_multilang(print)_stream_zlib.pdf,print,15,-,1714113,no_counterpart,-,
print/text/climate_crisis_preparedness_community_action_guidelines_multilang(print)_stream_zlib.pdf,print,15,-,1715188,no_counterpart,-,
print/text/climate_crisis_preparedness_community_action_guidelines_multilang(print)_stream_zlib.pdf,print,15,-,1717113,no_counterpart,-,
print/text/climate_crisis_preparedness_community_action_guidelines_multilang(print)_stream_zlib.pdf,print,15,-,1718129,no_counterpart,-,
print/text/climate_crisis_preparedness_community_action_guidelines_multilang(print)_stream_zlib.pdf,print,15,-,1719323,no_counterpart,-,
print/text/climate_crisis_preparedness_community_action_guidelines_multilang(print)_stream_zlib.pdf,print,15,-,1721211,no_counterpart,-,
print/text/climate_crisis_preparedness_community_action_guidelines_multilang(print)_stream_zlib.pdf,print,15,-,1722335,no_counterpart,-,
print/text/climate_crisis_preparedness_community_action_guidelines_multilang(print)_stream_zlib.pdf,print,15,-,1723730,no_counterpart,-,
print/text/confidential_doc_leak_collusion_investigation(print)_stream_zlib.pdf,print,13,-,144,ok,-,0
print/text/confidential_doc_leak_collusion_investigation(print)_stream_zlib.pdf,print,13,-,16246,ok,-,0
print/text/confidential_doc_leak_collusion_investigation(print)_stream_zlib.pdf,print,13,-,49409,ok,-,0
print/text/confidential_doc_leak_collusion_investigation(print)_stream_zlib.pdf,print,13,-,104402,ok,-,0
print/text/confidential_doc_leak_collusion_investigation(print)_stream_zlib.pdf,print,13,-,286500,ok,-,0
print/text/confidential_doc_leak_collusion_investigation(print)_stream_zlib.pdf,print,13,-,477131,ok,-,0
print/text/confidential_doc_leak_collusion_investigation(print)_stream_zlib.pdf,print,13,-,574355,ok,-,0
print/text/confidential_doc_leak_collusion_investigation(print)_stream_zlib.pdf,print,13,-,581792,ok,-,0
print/text/confidential_doc_leak_collusion_investigation(print)_stream_zlib.pdf,print,13,-,584263,ok,-,0
print/text/confidential_doc_leak_collusion_investigation(print)_stream_zlib.pdf,print,13,-,1095649,ok,-,0
print/text/confidential_doc_leak_collusion_investigation(print)_stream_zlib.pdf,print,13,-,1161931,ok,-,0
print/text/confidential_doc_leak_collusion_investigation(print)_stream_zlib.pdf,print,13,-,1187273,ok,-,0
print/text/confidential_doc_leak_collusion_investigation(print)_stream_zlib.pdf,print,13,-,1192343,no_counterpart,-,
print/text/confidential_doc_leak_collusion_investigation(print)_stream_zlib.pdf,print,13,-,1193512,no_counterpart,-,
print/text/confidential_doc_leak_collusion_investigation(print)_stream_zlib.pdf,print,13,-,1195175,no_counterpart,-,
print/text/confidential_doc_leak_collusion_investigation(print)_stream_zlib.pdf,print,13,-,1195655,no_counterpart,-,
print/text/confidential_doc_leak_collusion_investigation(print)_stream_zlib.pdf,print,13,-,1196831,no_counterpart,-,
print/text/confidential_doc_leak_collusion_investigation(print)_stream_zlib.pdf,print,13,-,1197308,no_counterpart,-,
print/text/confidential_doc_leak_collusion_investigation(print)_stream_zlib.pdf,print,13,-,1200496,no_counterpart,-,
print/text/confidential_doc_leak_collusion_investigation(print)_stream_zlib.pdf,print,13,-,1201944,no_counterpart,-,
print/text/confidential_doc_leak_collusion_investigation(print)_stream_zlib.pdf,print,13,-,1203239,no_counterpart,-,
print/text/confidential_doc_leak_collusion_investigation(print)_stream_zlib.pdf,print,13,-,1205211,no_counterpart,-,
print/text/confidential_doc_leak_collusion_investigation(print)_stream_zlib.pdf,print,13,-,1206710,no_counterpart,-,
print/text/confidential_doc_leak_collusion_investigation(print)_stream_zlib.pdf,print,13,-,1207839,no_counterpart,-,
print/text/confidential_doc_leak_collusion_investigation(print)_stream_zlib.pdf,print,13,-,1209385,no_counterpart,-,
print/text/confidential_doc_leak_collusion_investigation(print)_stream_zlib.pdf,print,13,-,1210514,no_counterpart,-,
print/text/confidential_doc_leak_collusion_investigation(print)_stream_zlib.pdf,print,13,-,1211647,no_counterpart,-,
print/text/confidential_doc_leak_collusion_investigation(print)_stream_zlib.pdf,print,13,-,1213392,no_counterpart,-,
print/text/confidential_doc_leak_collusion_investigation(print)_stream_zlib.pdf,print,13,-,1214652,no_counterpart,-,
print/text/confidential_doc_leak_collusion_investigation(print)_stream_zlib.pdf,print,13,-,1216238,no_counterpart,-,
print/text/confidential_doc_leak_collusion_investigation(print)_stream_zlib.pdf,print,13,-,1217954,no_counterpart,-,
print/text/digital_data_security_guidelines(print)_stream_zlib.pdf,print,13,-,10194,ok,-,0
print/text/digital_data_security_guidelines(print)_stream_zlib.pdf,print,13,-,154728,ok,-,0
print/text/digital_data_security_guidelines(print)_stream_zlib.pdf,print,13,-,338839,ok,-,0
print/text/digital_data_security_guidelines(print)_stream_zlib.pdf,print,13,-,405491,ok,-,0
print/text/digital_data_security_guidelines(print)_stream_zlib.pdf,print,13,-,433519,ok,-,0
print/text/digital_data_security_guidelines(print)_stream_zlib.pdf,print,13,-,513880,ok,-,0
print/text/digital_data_security_guidelines(print)_stream_zlib.pdf,print,13,-,526888,ok,-,0
print/text/digital_data_security_guidelines(print)_stream_zlib.pdf,print,13,-,534092,ok,-,0
print/text/digital_data_security_guidelines(print)_stream_zlib.pdf,print,13,-,616233,no_counterpart,-,
print/text/digital_data_security_guidelines(print)_stream_zlib.pdf,print,13,-,627037,ok,-,0
print/text/digital_data_security_guidelines(print)_stream_zlib.pdf,print,13,-,670135,ok,-,0
print/text/digital_data_security_guidelines(print)_stream_zlib.pdf,print,13,-,696316,ok,-,0
print/text/digital_data_security_guidelines(print)_stream_zlib.pdf,print,13,-,776298,no_counterpart,-,
print/text/digital_data_security_guidelines(print)_stream_zlib.pdf,print,13,-,777205,no_counterpart,-,
print/text/digital_data_security_guidelines(print)_stream_zlib.pdf,print,13,-,777681,no_counterpart,-,
print/text/digital_data_security_guidelines(print)_stream_zlib.pdf,print,13,-,778873,no_counterpart,-,
print/text/digital_data_security_guidelines(print)_stream_zlib.pdf,print,13,-,780613,no_counterpart,-,
print/text/digital_data_security_guidelines(print)_stream_zlib.pdf,print,13,-,781330,no_counterpart,-,
print/text/digital_data_security_guidelines(print)_stream_zlib.pdf,print,13,-,787168,no_counterpart,-,
print/text/digital_data_security_guidelines(print)_stream_zlib.pdf,print,13,-,788112,no_counterpart,-,
print/text/digital_data_security_guidelines(print)_stream_zlib.pdf,print,13,-,789769,no_counterpart,-,
print/text/digital_data_security_guidelines(print)_stream_zlib.pdf,print,13,-,792314,no_counterpart,-,
print/text/digital_data_security_guidelines(print)_stream_zlib.pdf,print,13,-,792801,no_counterpart,-,
print/text/digital_data_security_guidelines(print)_stream_zlib.pdf,print,13,-,793715,no_counterpart,-,
print/text/digital_data_security_guidelines(print)_stream_zlib.pdf,print,13,-,794951,no_counterpart,-,
print/text/digital_data_security_guidelines(print)_stream_zlib.pdf,print,13,-,796617,no_counterpart,-,
print/text/digital_data_security_guidelines(print)_stream_zlib.pdf,print,13,-,797557,no_counterpart,-,
print/text/digital_data_security_guidelines(print)_stream_zlib.pdf,print,13,-,798692,no_counterpart,-,
print/text/digital_data_security_guidelines(print)_stream_zlib.pdf,print,13,-,800559,no_counterpart,-,
print/text/digital_data_security_guidelines(print)_stream_zlib.pdf,print,13,-,801381,no_counterpart,-,
print/text/digital_data_security_guidelines(print)_stream_zlib.pdf,print,13,-,803237,no_counterpart,-,
print/text/educational_technology_elearning_safety_guidelines_multilang(print)_stream_zlib.pdf,print,12,-,66504,ok,-,0
print/text/educational_technology_elearning_safety_guidelines_multilang(print)_stream_zlib.pdf,print,12,-,87187,ok,-,0
print/text/educational_technology_elearning_safety_guidelines_multilang(print)_stream_zlib.pdf,print,12,-,205435,ok,-,0
print/text/educational_technology_elearning_safety_guidelines_multilang(print)_stream_zlib.pdf,print,12,-,330770,ok,-,0
print/text/educational_technology_elearning_safety_guidelines_multilang(print)_stream_zlib.pdf,print,12,-,430283,ok,-,0
print/text/educational_technology_elearning_safety_guidelines_multilang(print)_stream_zlib.pdf,print,12,-,496582,ok,-,0
print/text/educational_technology_elearning_safety_guidelines_multilang(print)_stream_zlib.pdf,print,12,-,558254,ok,-,0
print/text/educational_technology_elearning_safety_guidelines_multilang(print)_stream_zlib.pdf,print,12,-,585659,ok,-,0
print/text/educational_technology_elearning_safety_guidelines_multilang(print)_stream_zlib.pdf,print,12,-,595546,ok,-,0
print/text/educational_technology_elearning_safety_guidelines_multilang(print)_stream_zlib.pdf,print,12,-,607057,ok,-,0
print/text/educational_technology_elearning_safety_guidelines_multilang(print)_stream_zlib.pdf,print,12,-,683231,ok,-,0
print/text/educational_technology_elearning_safety_guidelines_multilang(print)_stream_zlib.pdf,print,12,-,689432,no_counterpart,-,
print/text/educational_technology_elearning_safety_guidelines_multilang(print)_stream_zlib.pdf,print,12,-,690515,no_counterpart,-,
print/text/educational_technology_elearning_safety_guidelines_multilang(print)_stream_zlib.pdf,print,12,-,692333,no_counterpart,-,
print/text/educational_technology_elearning_safety_guidelines_multilang(print)_stream_zlib.pdf,print,12,-,693670,no_counterpart,-,
print/text/educational_technology_elearning_safety_guidelines_multilang(print)_stream_zlib.pdf,print,12,-,700270,no_counterpart,-,
print/text/educational_technology_elearning_safety_guidelines_multilang(print)_stream_zlib.pdf,print,12,-,700746,no_counterpart,-,
print/text/educational_technology_elearning_safety_guidelines_multilang(print)_stream_zlib.pdf,print,12,-,701760,no_counterpart,-,
print/text/educational_technology_elearning_safety_guidelines_multilang(print)_stream_zlib.pdf,print,12,-,703009,no_counterpart,-,
print/text/educational_technology_elearning_safety_guidelines_multilang(print)_stream_zlib.pdf,print,12,-,705595,no_counterpart,-,
print/text/educational_technology_elearning_safety_guidelines_multilang(print)_stream_zlib.pdf,print,12,-,706650,no_counterpart,-,
print/text/educational_technology_elearning_safety_guidelines_multilang(print)_stream_zlib.pdf,print,12,-,707707,no_counterpart,-,
print/text/educational_technology_elearning_safety_guidelines_multilang(print)_stream_zlib.pdf,print,12,-,709624,no_counterpart,-,
print/text/educational_technology_elearning_safety_guidelines_multilang(print)_stream_zlib.pdf,print,12,-,710688,no_counterpart,-,
print/text/educational_technology_elearning_safety_guidelines_multilang(print)_stream_zlib.pdf,print,12,-,711876,no_counterpart,-,
print/text/educational_technology_elearning_safety_guidelines_multilang(print)_stream_zlib.pdf,print,12,-,713761,no_counterpart,-,
print/text/educational_technology_elearning_safety_guidelines_multilang(print)_stream_zlib.pdf,print,12,-,714923,no_counterpart,-,
print/text/educational_technology_elearning_safety_guidelines_multilang(print)_stream_zlib.pdf,print,12,-,716055,no_counterpart,-,
print/text/global_cloud_datacenter_cooling_failure_report(print)_stream_zlib.pdf,print,14,-,10807,ok,-,0
print/text/global_cloud_datacenter_cooling_failure_report(print)_stream_zlib.pdf,print,14,-,139270,ok,-,0
print/text/global_cloud_datacenter_cooling_failure_report(print)_stream_zlib.pdf,print,14,-,251283,ok,-,0
print/text/global_cloud_datacenter_cooling_failure_report(print)_stream_zlib.pdf,print,14,-,447053,ok,-,0
print/text/global_cloud_datacenter_cooling_failure_report(print)_stream_zlib.pdf,print,14,-,641807,ok,-,0
print/text/global_cloud_datacenter_cooling_failure_report(print)_stream_zlib.pdf,print,14,-,753688,ok,-,0
print/text/global_cloud_datacenter_cooling_failure_report(print)_stream_zlib.pdf,print,14,-,802676,ok,-,0
print/text/global_cloud_datacenter_cooling_failure_report(print)_stream_zlib.pdf,print,14,-,810155,ok,-,0
print/text/global_cloud_datacenter_cooling_failure_report(print)_stream_zlib.pdf,print,14,-,828440,ok,-,0
print/text/global_cloud_datacenter_cooling_failure_report(print)_stream_zlib.pdf,print,14,-,884117,ok,-,0
print/text/global_cloud_datacenter_cooling_failure_report(print)_stream_zlib.pdf,print,14,-,895629,ok,-,0
print/text/global_cloud_datacenter_cooling_failure_report(print)_stream_zlib.pdf,print,14,-,937538,ok,-,0
print/text/global_cloud_datacenter_cooling_failure_report(print)_stream_zlib.pdf,print,14,-,964641,ok,-,0
print/text/global_cloud_datacenter_cooling_failure_report(print)_stream_zlib.pdf,print,14,-,994893,ok,-,0
print/text/global_cloud_datacenter_cooling_failure_report(print)_stream_zlib.pdf,print,14,-,1036576,ok,-,0
print/text/global_cloud_datacenter_cooling_failure_report(print)_stream_zlib.pdf,print,14,-,1040656,no_counterpart,-,
print/text/global_cloud_datacenter_cooling_failure_report(print)_stream_zlib.pdf,print,14,-,1041709,no_counterpart,-,
print/text/global_cloud_datacenter_cooling_failure_report(print)_stream_zlib.pdf,print,14,-,1043206,no_counterpart,-,
print/text/global_cloud_datacenter_cooling_failure_report(print)_stream_zlib.pdf,print,14,-,1043687,no_counterpart,-,
print/text/global_cloud_datacenter_cooling_failure_report(print)_stream_zlib.pdf,print,14,-,1044163,no_counterpart,-,
print/text/global_cloud_datacenter_cooling_failure_report(print)_stream_zlib.pdf,print,14,-,1045571,no_counterpart,-,
print/text/global_cloud_datacenter_cooling_failure_report(print)_stream_zlib.pdf,print,14,-,1046075,no_counterpart,-,
print/text/global_cloud_datacenter_cooling_failure_report(print)_stream_zlib.pdf,print,14,-,1046551,no_counterpart,-,
print/text/global_cloud_datacenter_cooling_failure_report(print)_stream_zlib.pdf,print,14,-,1047518,no_counterpart,-,
print/text/global_cloud_datacenter_cooling_failure_report(print)_stream_zlib.pdf,print,14,-,1049017,no_counterpart,-,
print/text/global_cloud_datacenter_cooling_failure_report(print)_stream_zlib.pdf,print,14,-,1050146,no_counterpart,-,
print/text/global_cloud_datacenter_cooling_failure_report(print)_stream_zlib.pdf,print,14,-,1052172,no_counterpart,-,
print/text/global_cloud_datacenter_cooling_failure_report(print)_stream_zlib.pdf,print,14,-,1053772,no_counterpart,-,
print/text/global_cloud_datacenter_cooling_failure_report(print)_stream_zlib.pdf,print,14,-,1054879,no_counterpart,-,
print/text/global_cloud_datacenter_cooling_failure_report(print)_stream_zlib.pdf,print,14,-,1056366,no_counterpart,-,
print/text/global_cloud_datacenter_cooling_failure_report(print)_stream_zlib.pdf,print,14,-,1057844,no_counterpart,-,
print/text/global_cloud_datacenter_cooling_failure_report(print)_stream_zlib.pdf,print,14,-,1059006,no_counterpart,-,
print/text/global_cloud_datacenter_cooling_failure_report(print)_stream_zlib.pdf,print,14,-,1060562,no_counterpart,-,
print/text/global_cloud_datacenter_cooling_failure_report(print)_stream_zlib.pdf,print,14,-,1062021,no_counterpart,-,
print/text/global_cloud_datacenter_cooling_failure_report(print)_stream_zlib.pdf,print,14,-,1062893,no_counterpart,-,
print/text/global_cloud_datacenter_cooling_failure_report(print)_stream_zlib.pdf,print,14,-,1065247,no_counterpart,-,
print/text/green_energy_sustainable_living_guidelines_multilang(print)_stream_zlib.pdf,print,14,-,144,ok,-,0
print/text/green_energy_sustainable_living_guidelines_multilang(print)_stream_zlib.pdf,print,14,-,42841,ok,-,0
print/text/green_energy_sustainable_living_guidelines_multilang(print)_stream_zlib.pdf,print,14,-,139778,ok,-,0
print/text/green_energy_sustainable_living_guidelines_multilang(print)_stream_zlib.pdf,print,14,-,202632,ok,-,0
print/text/green_energy_sustainable_living_guidelines_multilang(print)_stream_zlib.pdf,print,14,-,265124,ok,-,0
print/text/green_energy_sustainable_living_guidelines_multilang(print)_stream_zlib.pdf,print,14,-,327492,ok,-,0
print/text/green_energy_sustainable_living_guidelines_multilang(print)_stream_zlib.pdf,print,14,-,390357,ok,-,0
print/text/green_energy_sustainable_living_guidelines_multilang(print)_stream_zlib.pdf,print,14,-,416801,ok,-,0
print/text/green_energy_sustainable_living_guidelines_multilang(print)_stream_zlib.pdf,print,14,-,629493,ok,-,0
print/text/green_energy_sustainable_living_guidelines_multilang(print)_stream_zlib.pdf,print,14,-,743492,ok,-,0
print/text/green_energy_sustainable_living_guidelines_multilang(print)_stream_zlib.pdf,print,14,-,746636,ok,-,0
print/text/green_energy_sustainable_living_guidelines_multilang(print)_stream_zlib.pdf,print,14,-,1273239,ok,-,0
print/text/green_energy_sustainable_living_guidelines_multilang(print)_stream_zlib.pdf,print,14,-,1301959,ok,-,0
print/text/green_energy_sustainable_living_guidelines_multilang(print)_stream_zlib.pdf,print,14,-,1377556,no_counterpart,-,
print/text/green_energy_sustainable_living_guidelines_multilang(print)_stream_zlib.pdf,print,14,-,1378528,no_counterpart,-,
print/text/green_energy_sustainable_living_guidelines_multilang(print)_stream_zlib.pdf,print,14,-,1379684,no_counterpart,-,
print/text/green_energy_sustainable_living_guidelines_multilang(print)_stream_zlib.pdf,print,14,-,1380160,no_counterpart,-,
print/text/green_energy_sustainable_living_guidelines_multilang(print)_stream_zlib.pdf,print,14,-,1381973,no_counterpart,-,
print/text/green_energy_sustainable_living_guidelines_multilang(print)_stream_zlib.pdf,print,14,-,1387275,no_counterpart,-,
print/text/green_energy_sustainable_living_guidelines_multilang(print)_stream_zlib.pdf,print,14,-,1388197,no_counterpart,-,
print/text/green_energy_sustainable_living_guidelines_multilang(print)_stream_zlib.pdf,print,14,-,1389604,no_counterpart,-,
print/text/green_energy_sustainable_living_guidelines_multilang(print)_stream_zlib.pdf,print,14,-,1391867,no_counterpart,-,
print/text/green_energy_sustainable_living_guidelines_multilang(print)_stream_zlib.pdf,print,14,-,1392838,no_counterpart,-,
print/text/green_energy_sustainable_living_guidelines_multilang(print)_stream_zlib.pdf,print,14,-,1393896,no_counterpart,-,
print/text/green_energy_sustainable_living_guidelines_multilang(print)_stream_zlib.pdf,print,14,-,1395665,no_counterpart,-,
print/text/green_energy_sustainable_living_guidelines_multilang(print)_stream_zlib.pdf,print,14,-,1396607,no_counterpart,-,
print/text/green_energy_sustainable_living_guidelines_multilang(print)_stream_zlib.pdf,print,14,-,1397819,no_counterpart,-,
print/text/green_energy_sustainable_living_guidelines_multilang(print)_stream_zlib.pdf,print,14,-,1399588,no_counterpart,-,
print/text/green_energy_sustainable_living_guidelines_multilang(print)_stream_zlib.pdf,print,14,-,1400694,no_counterpart,-,
print/text/green_energy_sustainable_living_guidelines_multilang(print)_stream_zlib.pdf,print,14,-,1402031,no_counterpart,-,
print/text/health_wellbeing_digital_age_guidelines_multilang(print)_stream_zlib.pdf,print,6,-,144,ok,-,0
print/text/health_wellbeing_digital_age_guidelines_multilang(print)_stream_zlib.pdf,print,6,-,38337,ok,-,0
print/text/health_wellbeing_digital_age_guidelines_multilang(print)_stream_zlib.pdf,print,6,-,135274,ok,-,0
print/text/health_wellbeing_digital_age_guidelines_multilang(print)_stream_zlib.pdf,print,6,-,182043,ok,-,0
print/text/health_wellbeing_digital_age_guidelines_multilang(print)_stream_zlib.pdf,print,6,-,220187,ok,-,0
print/text/health_wellbeing_digital_age_guidelines_multilang(print)_stream_zlib.pdf,print,6,-,272476,ok,-,0
print/text/health_wellbeing_digital_age_guidelines_multilang(print)_stream_zlib.pdf,print,6,-,331233,ok,-,0
print/text/health_wellbeing_digital_age_guidelines_multilang(print)_stream_zlib.pdf,print,6,-,334488,ok,-,0
print/text/health_wellbeing_digital_age_guidelines_multilang(print)_stream_zlib.pdf,print,6,-,342769,ok,-,0
print/text/health_wellbeing_digital_age_guidelines_multilang(print)_stream_zlib.pdf,print,6,-,373813,ok,-,0
print/text/health_wellbeing_digital_age_guidelines_multilang(print)_stream_zlib.pdf,print,6,-,377206,ok,-,0
print/text/health_wellbeing_digital_age_guidelines_multilang(print)_stream_zlib.pdf,print,6,-,413125,ok,-,0
print/text/health_wellbeing_digital_age_guidelines_multilang(print)_stream_zlib.pdf,print,6,-,425374,ok,-,0
print/text/health_wellbeing_digital_age_guidelines_multilang(print)_stream_zlib.pdf,print,6,-,430828,no_counterpart,-,
print/text/health_wellbeing_digital_age_guidelines_multilang(print)_stream_zlib.pdf,print,6,-,431795,no_counterpart,-,
print/text/health_wellbeing_digital_age_guidelines_multilang(print)_stream_zlib.pdf,print,6,-,433496,no_counterpart,-,
print/text/health_wellbeing_digital_age_guidelines_multilang(print)_stream_zlib.pdf,print,6,-,433972,no_counterpart,-,
print/text/health_wellbeing_digital_age_guidelines_multilang(print)_stream_zlib.pdf,print,6,-,434757,no_counterpart,-,
print/text/health_wellbeing_digital_age_guidelines_multilang(print)_stream_zlib.pdf,print,6,-,441186,no_counterpart,-,
print/text/health_wellbeing_digital_age_guidelines_multilang(print)_stream_zlib.pdf,print,6,-,442146,no_counterpart,-,
print/text/health_wellbeing_digital_age_guidelines_multilang(print)_stream_zlib.pdf,print,6,-,444646,no_counterpart,-,
print/text/health_wellbeing_digital_age_guidelines_multilang(print)_stream_zlib.pdf,print,6,-,445585,no_counterpart,-,
print/text/health_wellbeing_digital_age_guidelines_multilang(print)_stream_zlib.pdf,print,6,-,447573,no_counterpart,-,
print/text/health_wellbeing_digital_age_guidelines_multilang(print)_stream_zlib.pdf,print,6,-,448705,no_counterpart,-,
print/text/health_wellbeing_digital_age_guidelines_multilang(print)_stream_zlib.pdf,print,6,-,450620,no_counterpart,-,
print/text/health_wellbeing_digital_age_guidelines_multilang(print)_stream_zlib.pdf,print,6,-,451429,no_counterpart,-,
print/text/illegal_item_trading_money_laundering_in_games(print)_stream_zlib.pdf,print,14,-,144,ok,-,0
print/text/illegal_item_trading_money_laundering_in_games(print)_stream_zlib.pdf,print,14,-,29804,ok,-,0
print/text/illegal_item_trading_money_laundering_in_games(print)_stream_zlib.pdf,print,14,-,154935,ok,-,0
print/text/illegal_item_trading_money_laundering_in_games(print)_stream_zlib.pdf,print,14,-,333808,ok,-,0
print/text/illegal_item_trading_money_laundering_in_games(print)_stream_zlib.pdf,print,14,-,462417,ok,-,0
print/text/illegal_item_trading_money_laundering_in_games(print)_stream_zlib.pdf,print,14,-,617978,ok,-,0
print/text/illegal_item_trading_money_laundering_in_games(print)_stream_zlib.pdf,print,14,-,621996,ok,-,0
print/text/illegal_item_trading_money_laundering_in_games(print)_stream_zlib.pdf,print,14,-,639241,ok,-,0
print/text/illegal_item_trading_money_laundering_in_games(print)_stream_zlib.pdf,print,14,-,692560,ok,-,0
print/text/illegal_item_trading_money_laundering_in_games(print)_stream_zlib.pdf,print,14,-,862313,ok,-,0
print/text/illegal_item_trading_money_laundering_in_games(print)_stream_zlib.pdf,print,14,-,1383764,ok,-,0
print/text/illegal_item_trading_money_laundering_in_games(print)_stream_zlib.pdf,print,14,-,1387171,ok,-,0
print/text/illegal_item_trading_money_laundering_in_games(print)_stream_zlib.pdf,print,14,-,1490104,no_counterpart,-,
print/text/illegal_item_trading_money_laundering_in_games(print)_stream_zlib.pdf,print,14,-,1491356,no_counterpart,-,
print/text/illegal_item_trading_money_laundering_in_games(print)_stream_zlib.pdf,print,14,-,1491836,no_counterpart,-,
print/text/illegal_item_trading_money_laundering_in_games(print)_stream_zlib.pdf,print,14,-,1493198,no_counterpart,-,
print/text/illegal_item_trading_money_laundering_in_games(print)_stream_zlib.pdf,print,14,-,1493675,no_counterpart,-,
print/text/illegal_item_trading_money_laundering_in_games(print)_stream_zlib.pdf,print,14,-,1495962,no_counterpart,-,
print/text/illegal_item_trading_money_laundering_in_games(print)_stream_zlib.pdf,print,14,-,1498938,no_counterpart,-,
print/text/illegal_item_trading_money_laundering_in_games(print)_stream_zlib.pdf,print,14,-,1500360,no_counterpart,-,
print/text/illegal_item_trading_money_laundering_in_games(print)_stream_zlib.pdf,print,14,-,1502251,no_counterpart,-,
print/text/illegal_item_trading_money_laundering_in_games(print)_stream_zlib.pdf,print,14,-,1504379,no_counterpart,-,
print/text/illegal_item_trading_money_laundering_in_games(print)_stream_zlib.pdf,print,14,-,1505509,no_counterpart,-,
print/text/illegal_item_trading_money_laundering_in_games(print)_stream_zlib.pdf,print,14,-,1506808,no_counterpart,-,
print/text/illegal_item_trading_money_laundering_in_games(print)_stream_zlib.pdf,print,14,-,1508498,no_counterpart,-,
print/text/illegal_item_trading_money_laundering_in_games(print)_stream_zlib.pdf,print,14,-,1508984,no_counterpart,-,
print/text/illegal_item_trading_money_laundering_in_games(print)_stream_zlib.pdf,print,14,-,1510168,no_counterpart,-,
print/text/illegal_item_trading_money_laundering_in_games(print)_stream_zlib.pdf,print,14,-,1511506,no_counterpart,-,
print/text/illegal_item_trading_money_laundering_in_games(print)_stream_zlib.pdf,print,14,-,1513310,no_counterpart,-,
print/text/illegal_item_trading_money_laundering_in_games(print)_stream_zlib.pdf,print,14,-,1515124,no_counterpart,-,
print/text/illegal_item_trading_money_laundering_in_games(print)_stream_zlib.pdf,print,14,-,1516669,no_counterpart,-,
print/text/messenger_app_data_misuse_investigation(print)_stream_zlib.pdf,print,12,-,6941,ok,-,0
print/text/messenger_app_data_misuse_investigation(print)_stream_zlib.pdf,print,12,-,19249,ok,-,0
print/text/messenger_app_data_misuse_investigation(print)_stream_zlib.pdf,print,12,-,87016,ok,-,0
print/text/messenger_app_data_misuse_investigation(print)_stream_zlib.pdf,print,12,-,393682,ok,-,0
print/text/messenger_app_data_misuse_investigation(print)_stream_zlib.pdf,print,12,-,446513,ok,-,0
print/text/messenger_app_data_misuse_investigation(print)_stream_zlib.pdf,print,12,-,494182,ok,-,0
print/text/messenger_app_data_misuse_investigation(print)_stream_zlib.pdf,print,12,-,608231,ok,-,0
print/text/messenger_app_data_misuse_investigation(print)_stream_zlib.pdf,print,12,-,647602,ok,-,0
print/text/messenger_app_data_misuse_investigation(print)_stream_zlib.pdf,print,12,-,663632,ok,-,0
print/text/messenger_app_data_misuse_investigation(print)_stream_zlib.pdf,print,12,-,719207,ok,-,0
print/text/messenger_app_data_misuse_investigation(print)_stream_zlib.pdf,print,12,-,760185,ok,-,0
print/text/messenger_app_data_misuse_investigation(print)_stream_zlib.pdf,print,12,-,764051,no_counterpart,-,
print/text/messenger_app_data_misuse_investigation(print)_stream_zlib.pdf,print,12,-,765055,no_counterpart,-,
print/text/messenger_app_data_misuse_investigation(print)_stream_zlib.pdf,print,12,-,765536,no_counterpart,-,
print/text/messenger_app_data_misuse_investigation(print)_stream_zlib.pdf,print,12,-,766012,no_counterpart,-,
print/text/messenger_app_data_misuse_investigation(print)_stream_zlib.pdf,print,12,-,766488,no_counterpart,-,
print/text/messenger_app_data_misuse_investigation(print)_stream_zlib.pdf,print,12,-,767770,no_counterpart,-,
print/text/messenger_app_data_misuse_investigation(print)_stream_zlib.pdf,print,12,-,771560,no_counterpart,-,
print/text/messenger_app_data_misuse_investigation(print)_stream_zlib.pdf,print,12,-,772064,no_counterpart,-,
print/text/messenger_app_data_misuse_investigation(print)_stream_zlib.pdf,print,12,-,772538,no_counterpart,-,
print/text/messenger_app_data_misuse_investigation(print)_stream_zlib.pdf,print,12,-,773818,no_counterpart,-,
print/text/messenger_app_data_misuse_investigation(print)_stream_zlib.pdf,print,12,-,776140,no_counterpart,-,
print/text/messenger_app_data_misuse_investigation(print)_stream_zlib.pdf,print,12,-,777269,no_counterpart,-,
print/text/messenger_app_data_misuse_investigation(print)_stream_zlib.pdf,print,12,-,779247,no_counterpart,-,
print/text/messenger_app_data_misuse_investigation(print)_stream_zlib.pdf,print,12,-,780288,no_counterpart,-,
print/text/messenger_app_data_misuse_investigation(print)_stream_zlib.pdf,print,12,-,781843,no_counterpart,-,
print/text/open_source_software_contribution_guidelines_multilang(print)_stream_zlib.pdf,print,12,-,143,ok,-,0
print/text/open_source_software_contribution_guidelines_multilang(print)_stream_zlib.pdf,print,12,-,24502,ok,-,0
print/text/open_source_software_contribution_guidelines_multilang(print)_stream_zlib.pdf,print,12,-,121519,ok,-,0
print/text/open_source_software_contribution_guidelines_multilang(print)_stream_zlib.pdf,print,12,-,160773,ok,-,0
print/text/open_source_software_contribution_guidelines_multilang(print)_stream_zlib.pdf,print,12,-,219925,ok,-,0
print/text/open_source_software_contribution_guidelines_multilang(print)_stream_zlib.pdf,print,12,-,406376,ok,-,0
print/text/open_source_software_contribution_guidelines_multilang(print)_stream_zlib.pdf,print,12,-,452105,ok,-,0
print/text/open_source_software_contribution_guidelines_multilang(print)_stream_zlib.pdf,print,12,-,497009,ok,-,0
print/text/open_source_software_contribution_guidelines_multilang(print)_stream_zlib.pdf,print,12,-,548550,ok,-,0
print/text/open_source_software_contribution_guidelines_multilang(print)_stream_zlib.pdf,print,12,-,1075325,ok,-,0
print/text/open_source_software_contribution_guidelines_multilang(print)_stream_zlib.pdf,print,12,-,1079069,ok,-,0
print/text/open_source_software_contribution_guidelines_multilang(print)_stream_zlib.pdf,print,12,-,1106838,ok,-,0
print/text/open_source_software_contribution_guidelines_multilang(print)_stream_zlib.pdf,print,12,-,1175122,ok,-,0
print/text/open_source_software_contribution_guidelines_multilang(print)_stream_zlib.pdf,print,12,-,1182220,no_counterpart,-,
print/text/open_source_software_contribution_guidelines_multilang(print)_stream_zlib.pdf,print,12,-,1183198,no_counterpart,-,
print/text/open_source_software_contribution_guidelines_multilang(print)_stream_zlib.pdf,print,12,-,1184406,no_counterpart,-,
print/text/open_source_software_contribution_guidelines_multilang(print)_stream_zlib.pdf,print,12,-,1184883,no_counterpart,-,
print/text/open_source_software_contribution_guidelines_multilang(print)_stream_zlib.pdf,print,12,-,1186801,no_counterpart,-,
print/text/open_source_software_contribution_guidelines_multilang(print)_stream_zlib.pdf,print,12,-,1193411,no_counterpart,-,
print/text/open_source_software_contribution_guidelines_multilang(print)_stream_zlib.pdf,print,12,-,1193887,no_counterpart,-,
print/text/open_source_software_contribution_guidelines_multilang(print)_stream_zlib.pdf,print,12,-,1194833,no_counterpart,-,
print/text/open_source_software_contribution_guidelines_multilang(print)_stream_zlib.pdf,print,12,-,1196245,no_counterpart,-,
print/text/open_source_software_contribution_guidelines_multilang(print)_stream_zlib.pdf,print,12,-,1199012,no_counterpart,-,
print/text/open_source_software_contribution_guidelines_multilang(print)_stream_zlib.pdf,print,12,-,1200032,no_counterpart,-,
print/text/open_source_software_contribution_guidelines_multilang(print)_stream_zlib.pdf,print,12,-,1201116,no_counterpart,-,
print/text/open_source_software_contribution_guidelines_multilang(print)_stream_zlib.pdf,print,12,-,1203036,no_counterpart,-,
print/text/open_source_software_contribution_guidelines_multilang(print)_stream_zlib.pdf,print,12,-,1204067,no_counterpart,-,
print/text/open_source_software_contribution_guidelines_multilang(print)_stream_zlib.pdf,print,12,-,1205304,no_counterpart,-,
print/text/open_source_software_contribution_guidelines_multilang(print)_stream_zlib.pdf,print,12,-,1207192,no_counterpart,-,
print/text/open_source_software_contribution_guidelines_multilang(print)_stream_zlib.pdf,print,12,-,1208043,no_counterpart,-,
print/text/open_source_software_contribution_guidelines_multilang(print)_stream_zlib.pdf,print,12,-,1209246,no_counterpart,-,
print/text/personal_finance_cyber_fraud_prevention_guidelines_multilang(print)_stream_zlib.pdf,print,19,-,143,ok,-,0
print/text/personal_finance_cyber_fraud_prevention_guidelines_multilang(print)_stream_zlib.pdf,print,19,-,25035,ok,-,0
print/text/personal_finance_cyber_fraud_prevention_guidelines_multilang(print)_stream_zlib.pdf,print,19,-,147185,ok,-,0
print/text/personal_finance_cyber_fraud_prevention_guidelines_multilang(print)_stream_zlib.pdf,print,19,-,150923,ok,-,0
print/text/personal_finance_cyber_fraud_prevention_guidelines_multilang(print)_stream_zlib.pdf,print,19,-,161708,ok,-,0
print/text/personal_finance_cyber_fraud_prevention_guidelines_multilang(print)_stream_zlib.pdf,print,19,-,622090,ok,-,0
print/text/personal_finance_cyber_fraud_prevention_guidelines_multilang(print)_stream_zlib.pdf,print,19,-,795957,ok,-,0
print/text/personal_finance_cyber_fraud_prevention_guidelines_multilang(print)_stream_zlib.pdf,print,19,-,892894,ok,-,0
print/text/personal_finance_cyber_fraud_prevention_guidelines_multilang(print)_stream_zlib.pdf,print,19,-,956840,ok,-,0
print/text/personal_finance_cyber_fraud_prevention_guidelines_multilang(print)_stream_zlib.pdf,print,19,-,997293,ok,-,0
print/text/personal_finance_cyber_fraud_prevention_guidelines_multilang(print)_stream_zlib.pdf,print,19,-,1034306,ok,-,0
print/text/personal_finance_cyber_fraud_prevention_guidelines_multilang(print)_stream_zlib.pdf,print,19,-,1116898,ok,-,0
print/text/personal_finance_cyber_fraud_prevention_guidelines_multilang(print)_stream_zlib.pdf,print,19,-,1649407,ok,-,0
print/text/personal_finance_cyber_fraud_prevention_guidelines_multilang(print)_stream_zlib.pdf,print,19,-,1722660,ok,-,0
print/text/personal_finance_cyber_fraud_prevention_guidelines_multilang(print)_stream_zlib.pdf,print,19,-,1729239,no_counterpart,-,
print/text/personal_finance_cyber_fraud_prevention_guidelines_multilang(print)_stream_zlib.pdf,print,19,-,1730218,no_counterpart,-,
print/text/personal_finance_cyber_fraud_prevention_guidelines_multilang(print)_stream_zlib.pdf,print,19,-,1731984,no_counterpart,-,
print/text/personal_finance_cyber_fraud_prevention_guidelines_multilang(print)_stream_zlib.pdf,print,19,-,1732942,no_counterpart,-,
print/text/personal_finance_cyber_fraud_prevention_guidelines_multilang(print)_stream_zlib.pdf,print,19,-,1733418,no_counterpart,-,
print/text/personal_finance_cyber_fraud_prevention_guidelines_multilang(print)_stream_zlib.pdf,print,19,-,1734245,no_counterpart,-,
print/text/personal_finance_cyber_fraud_prevention_guidelines_multilang(print)_stream_zlib.pdf,print,19,-,1735363,no_counterpart,-,
print/text/personal_finance_cyber_fraud_prevention_guidelines_multilang(print)_stream_zlib.pdf,print,19,-,1735839,no_counterpart,-,
print/text/personal_finance_cyber_fraud_prevention_guidelines_multilang(print)_stream_zlib.pdf,print,19,-,1736928,no_counterpart,-,
print/text/personal_finance_cyber_fraud_prevention_guidelines_multilang(print)_stream_zlib.pdf,print,19,-,1739334,no_counterpart,-,
print/text/personal_finance_cyber_fraud_prevention_guidelines_multilang(print)_stream_zlib.pdf,print,19,-,1740450,no_counterpart,-,
print/text/personal_finance_cyber_fraud_prevention_guidelines_multilang(print)_stream_zlib.pdf,print,19,-,1741528,no_counterpart,-,
print/text/personal_finance_cyber_fraud_prevention_guidelines_multilang(print)_stream_zlib.pdf,print,19,-,1743472,no_counterpart,-,
print/text/personal_finance_cyber_fraud_prevention_guidelines_multilang(print)_stream_zlib.pdf,print,19,-,1744498,no_counterpart,-,
print/text/personal_finance_cyber_fraud_prevention_guidelines_multilang(print)_stream_zlib.pdf,print,19,-,1745472,no_counterpart,-,
print/text/personal_finance_cyber_fraud_prevention_guidelines_multilang(print)_stream_zlib.pdf,print,19,-,1747345,no_counterpart,-,
print/text/personal_finance_cyber_fraud_prevention_guidelines_multilang(print)_stream_zlib.pdf,print,19,-,1748310,no_counterpart,-,
print/text/personal_finance_cyber_fraud_prevention_guidelines_multilang(print)_stream_zlib.pdf,print,19,-,1749258,no_counterpart,-,
print/text/personal_finance_cyber_fraud_prevention_guidelines_multilang(print)_stream_zlib.pdf,print,19,-,1752475,no_counterpart,-,
print/text/remote_work_home_office_guidelines(print)_stream_zlib.pdf,print,16,-,8275,ok,-,0
print/text/remote_work_home_office_guidelines(print)_stream_zlib.pdf,print,16,-,312319,ok,-,0
print/text/remote_work_home_office_guidelines(print)_stream_zlib.pdf,print,16,-,386093,ok,-,0
print/text/remote_work_home_office_guidelines(print)_stream_zlib.pdf,print,16,-,392076,ok,-,0
print/text/remote_work_home_office_guidelines(print)_stream_zlib.pdf,print,16,-,456225,ok,-,0
print/text/remote_work_home_office_guidelines(print)_stream_zlib.pdf,print,16,-,459433,ok,-,0
print/text/remote_work_home_office_guidelines(print)_stream_zlib.pdf,print,16,-,464973,ok,-,0
print/text/remote_work_home_office_guidelines(print)_stream_zlib.pdf,print,16,-,967363,ok,-,0
print/text/remote_work_home_office_guidelines(print)_stream_zlib.pdf,print,16,-,998506,ok,-,0
print/text/remote_work_home_office_guidelines(print)_stream_zlib.pdf,print,16,-,1044342,no_counterpart,-,
print/text/remote_work_home_office_guidelines(print)_stream_zlib.pdf,print,16,-,1045300,no_counterpart,-,
print/text/remote_work_home_office_guidelines(print)_stream_zlib.pdf,print,16,-,1045777,no_counterpart,-,
print/text/remote_work_home_office_guidelines(print)_stream_zlib.pdf,print,16,-,1047481,no_counterpart,-,
print/text/remote_work_home_office_guidelines(print)_stream_zlib.pdf,print,16,-,1048179,no_counterpart,-,
print/text/remote_work_home_office_guidelines(print)_stream_zlib.pdf,print,16,-,1049842,no_counterpart,-,
print/text/remote_work_home_office_guidelines(print)_stream_zlib.pdf,print,16,-,1055566,no_counterpart,-,
print/text/remote_work_home_office_guidelines(print)_stream_zlib.pdf,print,16,-,1056491,no_counterpart,-,
print/text/remote_work_home_office_guidelines(print)_stream_zlib.pdf,print,16,-,1057829,no_counterpart,-,
print/text/remote_work_home_office_guidelines(print)_stream_zlib.pdf,print,16,-,1060322,no_counterpart,-,
print/text/remote_work_home_office_guidelines(print)_stream_zlib.pdf,print,16,-,1061369,no_counterpart,-,
print/text/remote_work_home_office_guidelines(print)_stream_zlib.pdf,print,16,-,1062527,no_counterpart,-,
print/text/remote_work_home_office_guidelines(print)_stream_zlib.pdf,print,16,-,1064286,no_counterpart,-,
print/text/remote_work_home_office_guidelines(print)_stream_zlib.pdf,print,16,-,1065225,no_counterpart,-,
print/text/remote_work_home_office_guidelines(print)_stream_zlib.pdf,print,16,-,1066419,no_counterpart,-,
print/text/remote_work_home_office_guidelines(print)_stream_zlib.pdf,print,16,-,1068235,no_counterpart,-,
print/text/remote_work_home_office_guidelines(print)_stream_zlib.pdf,print,16,-,1069317,no_counterpart,-,
print/text/remote_work_home_office_guidelines(print)_stream_zlib.pdf,print,16,-,1070627,no_counterpart,-,
print/text/smart_city_data_privacy_guidelines_multilang(print)_stream_zlib.pdf,print,10,-,38711,ok,-,0
print/text/smart_city_data_privacy_guidelines_multilang(print)_stream_zlib.pdf,print,10,-,135648,ok,-,0
print/text/smart_city_data_privacy_guidelines_multilang(print)_stream_zlib.pdf,print,10,-,149810,ok,-,0
print/text/smart_city_data_privacy_guidelines_multilang(print)_stream_zlib.pdf,print,10,-,290355,ok,-,0
print/text/smart_city_data_privacy_guidelines_multilang(print)_stream_zlib.pdf,print,10,-,321328,ok,-,0
print/text/smart_city_data_privacy_guidelines_multilang(print)_stream_zlib.pdf,print,10,-,339928,ok,-,0
print/text/smart_city_data_privacy_guidelines_multilang(print)_stream_zlib.pdf,print,10,-,401650,ok,-,0
print/text/smart_city_data_privacy_guidelines_multilang(print)_stream_zlib.pdf,print,10,-,405438,ok,-,0
print/text/smart_city_data_privacy_guidelines_multilang(print)_stream_zlib.pdf,print,10,-,413609,ok,-,0
print/text/smart_city_data_privacy_guidelines_multilang(print)_stream_zlib.pdf,print,10,-,906570,ok,-,0
print/text/smart_city_data_privacy_guidelines_multilang(print)_stream_zlib.pdf,print,10,-,968331,ok,-,0
print/text/smart_city_data_privacy_guidelines_multilang(print)_stream_zlib.pdf,print,10,-,986852,no_counterpart,-,
print/text/smart_city_data_privacy_guidelines_multilang(print)_stream_zlib.pdf,print,10,-,988526,no_counterpart,-,
print/text/smart_city_data_privacy_guidelines_multilang(print)_stream_zlib.pdf,print,10,-,989611,no_counterpart,-,
print/text/smart_city_data_privacy_guidelines_multilang(print)_stream_zlib.pdf,print,10,-,990087,no_counterpart,-,
print/text/smart_city_data_privacy_guidelines_multilang(print)_stream_zlib.pdf,print,10,-,990822,no_counterpart,-,
print/text/smart_city_data_privacy_guidelines_multilang(print)_stream_zlib.pdf,print,10,-,997173,no_counterpart,-,
print/text/smart_city_data_privacy_guidelines_multilang(print)_stream_zlib.pdf,print,10,-,998046,no_counterpart,-,
print/text/smart_city_data_privacy_guidelines_multilang(print)_stream_zlib.pdf,print,10,-,1000605,no_counterpart,-,
print/text/smart_city_data_privacy_guidelines_multilang(print)_stream_zlib.pdf,print,10,-,1001622,no_counterpart,-,
print/text/smart_city_data_privacy_guidelines_multilang(print)_stream_zlib.pdf,print,10,-,1003465,no_counterpart,-,
print/text/smart_city_data_privacy_guidelines_multilang(print)_stream_zlib.pdf,print,10,-,1004464,no_counterpart,-,
print/text/smart_city_data_privacy_guidelines_multilang(print)_stream_zlib.pdf,print,10,-,1005457,no_counterpart,-,
print/text/smart_city_data_privacy_guidelines_multilang(print)_stream_zlib.pdf,print,10,-,1007436,no_counterpart,-,
print/text/smart_city_data_privacy_guidelines_multilang(print)_stream_zlib.pdf,print,10,-,1008268,no_counterpart,-,
print/text/smart_city_data_privacy_guidelines_multilang(print)_stream_zlib.pdf,print,10,-,1009391,no_counterpart,-,
print/text/smart_factory_robot_malfunction_analysis(print)_stream_zlib.pdf,print,13,-,52753,ok,-,0
print/text/smart_factory_robot_malfunction_analysis(print)_stream_zlib.pdf,print,13,-,223473,ok,-,0
print/text/smart_factory_robot_malfunction_analysis(print)_stream_zlib.pdf,print,13,-,455994,ok,-,0
print/text/smart_factory_robot_malfunction_analysis(print)_stream_zlib.pdf,print,13,-,532731,ok,-,0
print/text/smart_factory_robot_malfunction_analysis(print)_stream_zlib.pdf,print,13,-,584336,ok,-,0
print/text/smart_factory_robot_malfunction_analysis(print)_stream_zlib.pdf,print,13,-,629570,ok,-,0
print/text/smart_factory_robot_malfunction_analysis(print)_stream_zlib.pdf,print,13,-,713141,ok,-,0
print/text/smart_factory_robot_malfunction_analysis(print)_stream_zlib.pdf,print,13,-,716458,ok,-,0
print/text/smart_factory_robot_malfunction_analysis(print)_stream_zlib.pdf,print,13,-,725182,ok,-,0
print/text/smart_factory_robot_malfunction_analysis(print)_stream_zlib.pdf,print,13,-,1396482,ok,-,0
print/text/smart_factory_robot_malfunction_analysis(print)_stream_zlib.pdf,print,13,-,1399830,ok,-,0
print/text/smart_factory_robot_malfunction_analysis(print)_stream_zlib.pdf,print,13,-,1471901,no_counterpart,-,
print/text/smart_factory_robot_malfunction_analysis(print)_stream_zlib.pdf,print,13,-,1473073,no_counterpart,-,
print/text/smart_factory_robot_malfunction_analysis(print)_stream_zlib.pdf,print,13,-,1473554,no_counterpart,-,
print/text/smart_factory_robot_malfunction_analysis(print)_stream_zlib.pdf,print,13,-,1475350,no_counterpart,-,
print/text/smart_factory_robot_malfunction_analysis(print)_stream_zlib.pdf,print,13,-,1475854,no_counterpart,-,
print/text/smart_factory_robot_malfunction_analysis(print)_stream_zlib.pdf,print,13,-,1477231,no_counterpart,-,
print/text/smart_factory_robot_malfunction_analysis(print)_stream_zlib.pdf,print,13,-,1478638,no_counterpart,-,
print/text/smart_factory_robot_malfunction_analysis(print)_stream_zlib.pdf,print,13,-,1480965,no_counterpart,-,
print/text/smart_factory_robot_malfunction_analysis(print)_stream_zlib.pdf,print,13,-,1482116,no_counterpart,-,
print/text/smart_factory_robot_malfunction_analysis(print)_stream_zlib.pdf,print,13,-,1483958,no_counterpart,-,
print/text/smart_factory_robot_malfunction_analysis(print)_stream_zlib.pdf,print,13,-,1485140,no_counterpart,-,
print/text/smart_factory_robot_malfunction_analysis(print)_stream_zlib.pdf,print,13,-,1486971,no_counterpart,-,
print/text/smart_factory_robot_malfunction_analysis(print)_stream_zlib.pdf,print,13,-,1487451,no_counterpart,-,
print/text/smart_factory_robot_malfunction_analysis(print)_stream_zlib.pdf,print,13,-,1488658,no_counterpart,-,
saveas/text+img/global_agriculture_food_security_climate_impact(saveas)_stream_zlib.pdf,saveas,23,7,616,ok,"6,7,8,9",1
saveas/text+img/global_agriculture_food_security_climate_impact(saveas)_stream_zlib.pdf,saveas,23,7,11643,ok,"7,8,9",1
saveas/text+img/global_agriculture_food_security_climate_impact(saveas)_stream_zlib.pdf,saveas,23,7,24711,ok,7,1
saveas/text+img/global_agriculture_food_security_climate_impact(saveas)_stream_zlib.pdf,saveas,23,7,45679,ok,"6,7",1
saveas/text+img/global_agriculture_food_security_climate_impact(saveas)_stream_zlib.pdf,saveas,23,7,85021,ok,"7,9",1
saveas/text+img/global_agriculture_food_security_climate_impact(saveas)_stream_zlib.pdf,saveas,23,7,95582,ok,7,1
saveas/text+img/global_agriculture_food_security_climate_impact(saveas)_stream_zlib.pdf,saveas,23,7,108359,ok,"3,4,5,6,7,8,9",1
saveas/text+img/global_agriculture_food_security_climate_impact(saveas)_stream_zlib.pdf,saveas,23,7,180680,ok,7,1
saveas/text+img/global_agriculture_food_security_climate_impact(saveas)_stream_zlib.pdf,saveas,23,7,229299,ok,7,1
saveas/text+img/global_agriculture_food_security_climate_impact(saveas)_stream_zlib.pdf,saveas,23,7,252374,ok,"3,4,5,6,7,8,9",1
saveas/text+img/global_agriculture_food_security_climate_impact(saveas)_stream_zlib.pdf,saveas,23,7,252943,ok,7,1
saveas/text+img/global_agriculture_food_security_climate_impact(saveas)_stream_zlib.pdf,saveas,23,7,279910,ok,"4,5,6,7,8,9",1
saveas/text+img/global_agriculture_food_security_climate_impact(saveas)_stream_zlib.pdf,saveas,23,7,280625,ok,"7,8",1
saveas/text+img/global_agriculture_food_security_climate_impact(saveas)_stream_zlib.pdf,saveas,23,7,291773,ok,7,1
saveas/text+img/global_agriculture_food_security_climate_impact(saveas)_stream_zlib.pdf,saveas,23,7,300838,ok,"6,7,8,9",1
saveas/text+img/global_agriculture_food_security_climate_impact(saveas)_stream_zlib.pdf,saveas,23,7,305053,ok,"3,4,5,6,7,8,9",1
saveas/text+img/global_agriculture_food_security_climate_impact(saveas)_stream_zlib.pdf,saveas,23,7,305482,ok,"7,8,9",1
saveas/text+img/global_agriculture_food_security_climate_impact(saveas)_stream_zlib.pdf,saveas,23,7,310287,ok,"7,8,9",1
saveas/text+img/global_agriculture_food_security_climate_impact(saveas)_stream_zlib.pdf,saveas,23,7,344168,no_counterpart,-,
saveas/text+img/global_ai_technology_investment_and_industry_adoption(saveas)_stream_zlib.pdf,saveas,25,7,12658,no_counterpart,-,
saveas/text+img/global_ai_technology_investment_and_industry_adoption(saveas)_stream_zlib.pdf,saveas,25,7,55015,no_counterpart,-,
saveas/text+img/global_ai_technology_investment_and_industry_adoption(saveas)_stream_zlib.pdf,saveas,25,7,81245,ok,7,1
saveas/text+img/global_ai_technology_investment_and_industry_adoption(saveas)_stream_zlib.pdf,saveas,25,7,97041,ok,"7,9",1
saveas/text+img/global_ai_technology_investment_and_industry_adoption(saveas)_stream_zlib.pdf,saveas,25,7,103041,ok,"7,9",1
saveas/text+img/global_ai_technology_investment_and_industry_adoption(saveas)_stream_zlib.pdf,saveas,25,7,108701,ok,"6,7,9",1
saveas/text+img/global_ai_technology_investment_and_industry_adoption(saveas)_stream_zlib.pdf,saveas,25,7,112510,ok,7,1
saveas/text+img/global_ai_technology_investment_and_industry_adoption(saveas)_stream_zlib.pdf,saveas,25,7,138798,ok,7,1
saveas/text+img/global_ai_technology_investment_and_industry_adoption(saveas)_stream_zlib.pdf,saveas,25,7,184836,ok,7,1
saveas/text+img/global_ai_technology_investment_and_industry_adoption(saveas)_stream_zlib.pdf,saveas,25,7,274528,ok,"4,5,6,7,8,9",1
saveas/text+img/global_ai_technology_investment_and_industry_adoption(saveas)_stream_zlib.pdf,saveas,25,7,299052,ok,7,1
saveas/text+img/global_ai_technology_investment_and_industry_adoption(saveas)_stream_zlib.pdf,saveas,25,7,322665,ok,7,1
saveas/text+img/global_ai_technology_investment_and_industry_adoption(saveas)_stream_zlib.pdf,saveas,25,7,347238,ok,"4,5,6,7,8,9",1
saveas/text+img/global_ai_technology_investment_and_industry_adoption(saveas)_stream_zlib.pdf,saveas,25,7,356609,ok,"4,5,6,7,8,9",1
saveas/text+img/global_ai_technology_investment_and_industry_adoption(saveas)_stream_zlib.pdf,saveas,25,7,396626,ok,"6,7,8,9",1
saveas/text+img/global_ai_technology_investment_and_industry_adoption(saveas)_stream_zlib.pdf,saveas,25,7,410670,ok,"7,8,9",1
saveas/text+img/global_ai_technology_investment_and_industry_adoption(saveas)_stream_zlib.pdf,saveas,25,7,417673,ok,7,1
saveas/text+img/global_ai_technology_investment_and_industry_adoption(saveas)_stream_zlib.pdf,saveas,25,7,426996,ok,"3,4,5,6,7,8,9",1
saveas/text+img/global_ai_technology_investment_and_industry_adoption(saveas)_stream_zlib.pdf,saveas,25,7,460799,no_counterpart,-,
saveas/text+img/global_ai_technology_investment_and_industry_adoption(saveas)_stream_zlib.pdf,saveas,25,7,464138,ok,"7,8",1
saveas/text+img/global_climate_change_indicators_and_ghg_emissions(saveas)_stream_zlib.pdf,saveas,32,7,7966,no_counterpart,-,
saveas/text+img/global_climate_change_indicators_and_ghg_emissions(saveas)_stream_zlib.pdf,saveas,32,7,21817,ok,"5,6,7,8,9",1
saveas/text+img/global_climate_change_indicators_and_ghg_emissions(saveas)_stream_zlib.pdf,saveas,32,7,62796,no_counterpart,-,
saveas/text+img/global_climate_change_indicators_and_ghg_emissions(saveas)_stream_zlib.pdf,saveas,32,7,101456,ok,"7,8,9",1
saveas/text+img/global_climate_change_indicators_and_ghg_emissions(saveas)_stream_zlib.pdf,saveas,32,7,167139,ok,7,1
saveas/text+img/global_climate_change_indicators_and_ghg_emissions(saveas)_stream_zlib.pdf,saveas,32,7,272885,ok,7,1
saveas/text+img/global_climate_change_indicators_and_ghg_emissions(saveas)_stream_zlib.pdf,saveas,32,7,334812,ok,"7,9",1
saveas/text+img/global_climate_change_indicators_and_ghg_emissions(saveas)_stream_zlib.pdf,saveas,32,7,353304,ok,"3,4,5,6,7,8,9",1
saveas/text+img/global_climate_change_indicators_and_ghg_emissions(saveas)_stream_zlib.pdf,saveas,32,7,374910,ok,"3,4,5,6,7,8,9",1
saveas/text+img/global_climate_change_indicators_and_ghg_emissions(saveas)_stream_zlib.pdf,saveas,32,7,375503,ok,7,1
saveas/text+img/global_climate_change_indicators_and_ghg_emissions(saveas)_stream_zlib.pdf,saveas,32,7,398525,ok,"3,4,5,6,7,8,9",1
saveas/text+img/global_climate_change_indicators_and_ghg_emissions(saveas)_stream_zlib.pdf,saveas,32,7,399039,ok,7,1
saveas/text+img/global_climate_change_indicators_and_ghg_emissions(saveas)_stream_zlib.pdf,saveas,32,7,413881,ok,7,1
saveas/text+img/global_climate_change_indicators_and_ghg_emissions(saveas)_stream_zlib.pdf,saveas,32,7,433484,ok,"7,9",1
saveas/text+img/global_climate_change_indicators_and_ghg_emissions(saveas)_stream_zlib.pdf,saveas,32,7,441166,no_counterpart,-,
saveas/text+img/global_climate_change_indicators_and_ghg_emissions(saveas)_stream_zlib.pdf,saveas,32,7,444505,ok,"7,9",1
saveas/text+img/global_esports_and_gaming_industry_growth(saveas)_stream_zlib.pdf,saveas,34,7,12058,no_counterpart,-,
saveas/text+img/global_esports_and_gaming_industry_growth(saveas)_stream_zlib.pdf,saveas,34,7,29143,ok,"7,9",1
saveas/text+img/global_esports_and_gaming_industry_growth(saveas)_stream_zlib.pdf,saveas,34,7,41520,no_counterpart,-,
saveas/text+img/global_esports_and_gaming_industry_growth(saveas)_stream_zlib.pdf,saveas,34,7,72802,ok,"7,8",1
saveas/text+img/global_esports_and_gaming_industry_growth(saveas)_stream_zlib.pdf,saveas,34,7,89157,ok,"7,9",1
saveas/text+img/global_esports_and_gaming_industry_growth(saveas)_stream_zlib.pdf,saveas,34,7,155670,ok,7,1
saveas/text+img/global_esports_and_gaming_industry_growth(saveas)_stream_zlib.pdf,saveas,34,7,195206,ok,"5,6,7,8,9",1
saveas/text+img/global_esports_and_gaming_industry_growth(saveas)_stream_zlib.pdf,saveas,34,7,196488,ok,7,1
saveas/text+img/global_esports_and_gaming_industry_growth(saveas)_stream_zlib.pdf,saveas,34,7,383532,ok,7,1
saveas/text+img/global_esports_and_gaming_industry_growth(saveas)_stream_zlib.pdf,saveas,34,7,414584,ok,7,1
saveas/text+img/global_esports_and_gaming_industry_growth(saveas)_stream_zlib.pdf,saveas,34,7,455665,ok,"3,4,5,6,7,8,9",1
saveas/text+img/global_esports_and_gaming_industry_growth(saveas)_stream_zlib.pdf,saveas,34,7,483426,ok,"4,5,6,7,8,9",1
saveas/text+img/global_esports_and_gaming_industry_growth(saveas)_stream_zlib.pdf,saveas,34,7,484138,ok,"7,9",1
saveas/text+img/global_esports_and_gaming_industry_growth(saveas)_stream_zlib.pdf,saveas,34,7,519855,no_counterpart,-,
saveas/text+img/global_ev_market_growth_statistics(saveas)_stream_zlib.pdf,saveas,24,7,5886,ok,7,1
saveas/text+img/global_ev_market_growth_statistics(saveas)_stream_zlib.pdf,saveas,24,7,59137,ok,"5,6,7,8,9",1
saveas/text+img/global_ev_market_growth_statistics(saveas)_stream_zlib.pdf,saveas,24,7,63180,ok,"5,6,7,8,9",1
saveas/text+img/global_ev_market_growth_statistics(saveas)_stream_zlib.pdf,saveas,24,7,78985,no_counterpart,-,
saveas/text+img/global_ev_market_growth_statistics(saveas)_stream_zlib.pdf,saveas,24,7,97034,ok,"6,7,8,9",1
saveas/text+img/global_ev_market_growth_statistics(saveas)_stream_zlib.pdf,saveas,24,7,107512,ok,"7,8,9",1
saveas/text+img/global_ev_market_growth_statistics(saveas)_stream_zlib.pdf,saveas,24,7,168219,ok,7,1
saveas/text+img/global_ev_market_growth_statistics(saveas)_stream_zlib.pdf,saveas,24,7,191294,ok,"3,4,5,6,7,8,9",1
saveas/text+img/global_ev_market_growth_statistics(saveas)_stream_zlib.pdf,saveas,24,7,191731,ok,7,1
saveas/text+img/global_ev_market_growth_statistics(saveas)_stream_zlib.pdf,saveas,24,7,249468,ok,7,1
saveas/text+img/global_ev_market_growth_statistics(saveas)_stream_zlib.pdf,saveas,24,7,275227,ok,7,1
saveas/text+img/global_ev_market_growth_statistics(saveas)_stream_zlib.pdf,saveas,24,7,292170,ok,"3,4,5,6,7,8,9",1
saveas/text+img/global_ev_market_growth_statistics(saveas)_stream_zlib.pdf,saveas,24,7,346607,ok,7,1
saveas/text+img/global_ev_market_growth_statistics(saveas)_stream_zlib.pdf,saveas,24,7,366796,ok,"7,9",1
saveas/text+img/global_ev_market_growth_statistics(saveas)_stream_zlib.pdf,saveas,24,7,370390,ok,"3,4,5,6,7,8,9",1
saveas/text+img/global_ev_market_growth_statistics(saveas)_stream_zlib.pdf,saveas,24,7,370932,ok,7,1
saveas/text+img/global_ev_market_growth_statistics(saveas)_stream_zlib.pdf,saveas,24,7,389070,ok,7,1
saveas/text+img/global_ev_market_growth_statistics(saveas)_stream_zlib.pdf,saveas,24,7,405003,ok,"4,5,6,7,8,9",1
saveas/text+img/global_ev_market_growth_statistics(saveas)_stream_zlib.pdf,saveas,24,7,444574,no_counterpart,-,
saveas/text+img/global_ev_market_growth_statistics(saveas)_stream_zlib.pdf,saveas,24,7,447913,ok,"7,9",1
saveas/text+img/global_healthcare_digital_health_patient_data_trends(saveas)_stream_zlib.pdf,saveas,24,7,644,ok,"5,7,8",1
saveas/text+img/global_healthcare_digital_health_patient_data_trends(saveas)_stream_zlib.pdf,saveas,24,7,21609,ok,"1,2,3,4,5,6,7,8,9",1
saveas/text+img/global_healthcare_digital_health_patient_data_trends(saveas)_stream_zlib.pdf,saveas,24,7,29127,ok,"7,8,9",1
saveas/text+img/global_healthcare_digital_health_patient_data_trends(saveas)_stream_zlib.pdf,saveas,24,7,65098,ok,"1,2,3,4,5,6,7,8,9",1
saveas/text+img/global_healthcare_digital_health_patient_data_trends(saveas)_stream_zlib.pdf,saveas,24,7,65639,ok,"7,8,9",1
saveas/text+img/global_healthcare_digital_health_patient_data_trends(saveas)_stream_zlib.pdf,saveas,24,7,72748,ok,"7,8,9",1
saveas/text+img/global_healthcare_digital_health_patient_data_trends(saveas)_stream_zlib.pdf,saveas,24,7,84018,ok,"7,8,9",1
saveas/text+img/global_healthcare_digital_health_patient_data_trends(saveas)_stream_zlib.pdf,saveas,24,7,88754,ok,"7,9",1
saveas/text+img/global_healthcare_digital_health_patient_data_trends(saveas)_stream_zlib.pdf,saveas,24,7,94964,ok,7,1
saveas/text+img/global_healthcare_digital_health_patient_data_trends(saveas)_stream_zlib.pdf,saveas,24,7,102997,ok,"6,7,9",1
saveas/text+img/global_healthcare_digital_health_patient_data_trends(saveas)_stream_zlib.pdf,saveas,24,7,106998,ok,7,1
saveas/text+img/global_healthcare_digital_health_patient_data_trends(saveas)_stream_zlib.pdf,saveas,24,7,132967,ok,"2,3,4,5,6,7,8,9",1
saveas/text+img/global_healthcare_digital_health_patient_data_trends(saveas)_stream_zlib.pdf,saveas,24,7,133287,ok,7,1
saveas/text+img/global_healthcare_digital_health_patient_data_trends(saveas)_stream_zlib.pdf,saveas,24,7,154195,ok,7,1
saveas/text+img/global_healthcare_digital_health_patient_data_trends(saveas)_stream_zlib.pdf,saveas,24,7,172777,ok,"2,3,4,5,6,7,8,9",1
saveas/text+img/global_healthcare_digital_health_patient_data_trends(saveas)_stream_zlib.pdf,saveas,24,7,179977,ok,7,1
saveas/text+img/global_healthcare_digital_health_patient_data_trends(saveas)_stream_zlib.pdf,saveas,24,7,2797147,ok,7,1
saveas/text+img/global_healthcare_digital_health_patient_data_trends(saveas)_stream_zlib.pdf,saveas,24,7,2809518,ok,"5,6,7,8,9",1
saveas/text+img/global_healthcare_digital_health_patient_data_trends(saveas)_stream_zlib.pdf,saveas,24,7,2855662,ok,7,1
saveas/text+img/global_healthcare_digital_health_patient_data_trends(saveas)_stream_zlib.pdf,saveas,24,7,2910146,ok,7,1
saveas/text+img/global_healthcare_digital_health_patient_data_trends(saveas)_stream_zlib.pdf,saveas,24,7,2972940,ok,"3,4,5,6,7,8,9",1
saveas/text+img/global_healthcare_digital_health_patient_data_trends(saveas)_stream_zlib.pdf,saveas,24,7,2980052,ok,"7,8,9",1
saveas/text+img/global_healthcare_digital_health_patient_data_trends(saveas)_stream_zlib.pdf,saveas,24,7,2987584,ok,7,1
saveas/text+img/global_healthcare_digital_health_patient_data_trends(saveas)_stream_zlib.pdf,saveas,24,7,3026885,ok,7,1
saveas/text+img/global_healthcare_digital_health_patient_data_trends(saveas)_stream_zlib.pdf,saveas,24,7,3052882,no_counterpart,-,
saveas/text+img/global_renewable_energy_generation_and_carbon_reduction_analysis(saveas)_stream_zlib.pdf,saveas,23,7,617,ok,"5,6,7,8,9",1
saveas/text+img/global_renewable_energy_generation_and_carbon_reduction_analysis(saveas)_stream_zlib.pdf,saveas,23,7,12447,ok,"7,8",1
saveas/text+img/global_renewable_energy_generation_and_carbon_reduction_analysis(saveas)_stream_zlib.pdf,saveas,23,7,23496,no_counterpart,-,
saveas/text+img/global_renewable_energy_generation_and_carbon_reduction_analysis(saveas)_stream_zlib.pdf,saveas,23,7,55476,no_counterpart,-,
saveas/text+img/global_renewable_energy_generation_and_carbon_reduction_analysis(saveas)_stream_zlib.pdf,saveas,23,7,104157,ok,"7,8,9",1
saveas/text+img/global_renewable_energy_generation_and_carbon_reduction_analysis(saveas)_stream_zlib.pdf,saveas,23,7,135170,ok,"7,9",1
saveas/text+img/global_renewable_energy_generation_and_carbon_reduction_analysis(saveas)_stream_zlib.pdf,saveas,23,7,164355,ok,"3,4,5,6,7,8,9",1
saveas/text+img/global_renewable_energy_generation_and_carbon_reduction_analysis(saveas)_stream_zlib.pdf,saveas,23,7,171309,ok,7,1
saveas/text+img/global_renewable_energy_generation_and_carbon_reduction_analysis(saveas)_stream_zlib.pdf,saveas,23,7,205034,ok,7,1
saveas/text+img/global_renewable_energy_generation_and_carbon_reduction_analysis(saveas)_stream_zlib.pdf,saveas,23,7,262414,ok,7,1
saveas/text+img/global_renewable_energy_generation_and_carbon_reduction_analysis(saveas)_stream_zlib.pdf,saveas,23,7,288848,ok,"7,9",1
saveas/text+img/global_renewable_energy_generation_and_carbon_reduction_analysis(saveas)_stream_zlib.pdf,saveas,23,7,294000,ok,"3,4,5,6,7,8,9",1
saveas/text+img/global_renewable_energy_generation_and_carbon_reduction_analysis(saveas)_stream_zlib.pdf,saveas,23,7,294712,ok,"7,8,9",1
saveas/text+img/global_renewable_energy_generation_and_carbon_reduction_analysis(saveas)_stream_zlib.pdf,saveas,23,7,304771,ok,"4,5,6,7,8,9",1
saveas/text+img/global_renewable_energy_generation_and_carbon_reduction_analysis(saveas)_stream_zlib.pdf,saveas,23,7,339603,ok,7,1
saveas/text+img/global_renewable_energy_generation_and_carbon_reduction_analysis(saveas)_stream_zlib.pdf,saveas,23,7,350792,ok,"3,4,5,6,7,8,9",1
saveas/text+img/global_renewable_energy_generation_and_carbon_reduction_analysis(saveas)_stream_zlib.pdf,saveas,23,7,362670,ok,"3,4,5,6,7,8,9",1
saveas/text+img/global_renewable_energy_generation_and_carbon_reduction_analysis(saveas)_stream_zlib.pdf,saveas,23,7,368456,ok,"3,4,5,6,7,8,9",1
saveas/text+img/global_renewable_energy_generation_and_carbon_reduction_analysis(saveas)_stream_zlib.pdf,saveas,23,7,384777,ok,"7,8,9",1
saveas/text+img/global_renewable_energy_generation_and_carbon_reduction_analysis(saveas)_stream_zlib.pdf,saveas,23,7,392690,ok,"3,4,5,6,7,8,9",1
saveas/text+img/global_renewable_energy_generation_and_carbon_reduction_analysis(saveas)_stream_zlib.pdf,saveas,23,7,397768,ok,"4,5,6,7,8,9",1
saveas/text+img/global_renewable_energy_generation_and_carbon_reduction_analysis(saveas)_stream_zlib.pdf,saveas,23,7,398539,ok,7,1
saveas/text+img/global_renewable_energy_generation_and_carbon_reduction_analysis(saveas)_stream_zlib.pdf,saveas,23,7,414453,ok,7,1
saveas/text+img/global_renewable_energy_generation_and_carbon_reduction_analysis(saveas)_stream_zlib.pdf,saveas,23,7,431785,no_counterpart,-,
saveas/text+img/international_tourism_trends_country_spending_patterns_multilang(saveas)_stream_zlib.pdf,saveas,27,7,606,ok,"6,7,8,9",1
saveas/text+img/international_tourism_trends_country_spending_patterns_multilang(saveas)_stream_zlib.pdf,saveas,27,7,11193,no_counterpart,-,
saveas/text+img/international_tourism_trends_country_spending_patterns_multilang(saveas)_stream_zlib.pdf,saveas,27,7,35542,ok,"7,9",1
saveas/text+img/international_tourism_trends_country_spending_patterns_multilang(saveas)_stream_zlib.pdf,saveas,27,7,52379,ok,"7,9",1
saveas/text+img/international_tourism_trends_country_spending_patterns_multilang(saveas)_stream_zlib.pdf,saveas,27,7,59304,no_counterpart,-,
saveas/text+img/international_tourism_trends_country_spending_patterns_multilang(saveas)_stream_zlib.pdf,saveas,27,7,75712,ok,"7,9",1
saveas/text+img/international_tourism_trends_country_spending_patterns_multilang(saveas)_stream_zlib.pdf,saveas,27,7,113708,ok,7,1
saveas/text+img/international_tourism_trends_country_spending_patterns_multilang(saveas)_stream_zlib.pdf,saveas,27,7,140005,ok,"7,9",1
saveas/text+img/international_tourism_trends_country_spending_patterns_multilang(saveas)_stream_zlib.pdf,saveas,27,7,176431,ok,"5,6,7,8,9",1
saveas/text+img/international_tourism_trends_country_spending_patterns_multilang(saveas)_stream_zlib.pdf,saveas,27,7,241526,ok,"6,7,8,9",1
saveas/text+img/international_tourism_trends_country_spending_patterns_multilang(saveas)_stream_zlib.pdf,saveas,27,7,246632,ok,"4,5,6,7,8,9",1
saveas/text+img/international_tourism_trends_country_spending_patterns_multilang(saveas)_stream_zlib.pdf,saveas,27,7,247498,ok,"7,9",1
saveas/text+img/international_tourism_trends_country_spending_patterns_multilang(saveas)_stream_zlib.pdf,saveas,27,7,320727,ok,"3,4,5,6,7,8,9",1
saveas/text+img/international_tourism_trends_country_spending_patterns_multilang(saveas)_stream_zlib.pdf,saveas,27,7,321307,ok,"7,8,9",1
saveas/text+img/international_tourism_trends_country_spending_patterns_multilang(saveas)_stream_zlib.pdf,saveas,27,7,351448,ok,"7,9",1
saveas/text+img/international_tourism_trends_country_spending_patterns_multilang(saveas)_stream_zlib.pdf,saveas,27,7,384613,no_counterpart,-,
saveas/text+img/mobile_payment_and_fintech_service_expansion(saveas)_stream_zlib.pdf,saveas,17,7,606,ok,"6,7,8,9",1
saveas/text+img/mobile_payment_and_fintech_service_expansion(saveas)_stream_zlib.pdf,saveas,17,7,6044,ok,"5,6,7,8,9",1
saveas/text+img/mobile_payment_and_fintech_service_expansion(saveas)_stream_zlib.pdf,saveas,17,7,11960,ok,7,1
saveas/text+img/mobile_payment_and_fintech_service_expansion(saveas)_stream_zlib.pdf,saveas,17,7,24337,ok,"7,9",1
saveas/text+img/mobile_payment_and_fintech_service_expansion(saveas)_stream_zlib.pdf,saveas,17,7,37439,no_counterpart,-,
saveas/text+img/mobile_payment_and_fintech_service_expansion(saveas)_stream_zlib.pdf,saveas,17,7,51732,ok,"7,9",1
saveas/text+img/mobile_payment_and_fintech_service_expansion(saveas)_stream_zlib.pdf,saveas,17,7,63545,no_counterpart,-,
saveas/text+img/mobile_payment_and_fintech_service_expansion(saveas)_stream_zlib.pdf,saveas,17,7,111562,ok,7,1
saveas/text+img/mobile_payment_and_fintech_service_expansion(saveas)_stream_zlib.pdf,saveas,17,7,137855,ok,7,1
saveas/text+img/mobile_payment_and_fintech_service_expansion(saveas)_stream_zlib.pdf,saveas,17,7,157635,ok,7,1
saveas/text+img/mobile_payment_and_fintech_service_expansion(saveas)_stream_zlib.pdf,saveas,17,7,169639,ok,"3,4,5,6,7,8,9",1
saveas/text+img/mobile_payment_and_fintech_service_expansion(saveas)_stream_zlib.pdf,saveas,17,7,170058,ok,7,1
saveas/text+img/mobile_payment_and_fintech_service_expansion(saveas)_stream_zlib.pdf,saveas,17,7,190995,ok,"4,5,6,7,8,9",1
saveas/text+img/mobile_payment_and_fintech_service_expansion(saveas)_stream_zlib.pdf,saveas,17,7,226229,ok,"5,6,7,8,9",1
saveas/text+img/mobile_payment_and_fintech_service_expansion(saveas)_stream_zlib.pdf,saveas,17,7,314471,ok,"2,3,4,5,6,7,8,9",1
saveas/text+img/mobile_payment_and_fintech_service_expansion(saveas)_stream_zlib.pdf,saveas,17,7,338459,ok,7,1
saveas/text+img/mobile_payment_and_fintech_service_expansion(saveas)_stream_zlib.pdf,saveas,17,7,353637,ok,"4,5,6,7,8,9",1
saveas/text+img/mobile_payment_and_fintech_service_expansion(saveas)_stream_zlib.pdf,saveas,17,7,354423,ok,7,1
saveas/text+img/mobile_payment_and_fintech_service_expansion(saveas)_stream_zlib.pdf,saveas,17,7,366217,ok,"7,8,9",1
saveas/text+img/mobile_payment_and_fintech_service_expansion(saveas)_stream_zlib.pdf,saveas,17,7,400198,ok,7,1
saveas/text+img/mobile_payment_and_fintech_service_expansion(saveas)_stream_zlib.pdf,saveas,17,7,406822,ok,"7,9",1
saveas/text+img/mobile_payment_and_fintech_service_expansion(saveas)_stream_zlib.pdf,saveas,17,7,415143,ok,"3,4,5,6,7,8,9",1
saveas/text+img/mobile_payment_and_fintech_service_expansion(saveas)_stream_zlib.pdf,saveas,17,7,415539,ok,"7,8,9",1
saveas/text+img/mobile_payment_and_fintech_service_expansion(saveas)_stream_zlib.pdf,saveas,17,7,421965,ok,"7,8,9",1
saveas/text+img/mobile_payment_and_fintech_service_expansion(saveas)_stream_zlib.pdf,saveas,17,7,428795,ok,"4,5,6,7,8,9",1
saveas/text+img/mobile_payment_and_fintech_service_expansion(saveas)_stream_zlib.pdf,saveas,17,7,429549,ok,7,1
saveas/text+img/mobile_payment_and_fintech_service_expansion(saveas)_stream_zlib.pdf,saveas,17,7,445054,ok,"7,9",1
saveas/text+img/mobile_payment_and_fintech_service_expansion(saveas)_stream_zlib.pdf,saveas,17,7,453383,no_counterpart,-,
saveas/text+img/mobile_payment_and_fintech_service_expansion(saveas)_stream_zlib.pdf,saveas,17,7,456722,ok,"7,9",1
saveas/text+img/online_education_elearning_market_growth_analysis(saveas)_stream_zlib.pdf,saveas,20,7,5524,no_counterpart,-,
saveas/text+img/online_education_elearning_market_growth_analysis(saveas)_stream_zlib.pdf,saveas,20,7,34155,ok,"5,7,8,9",1
saveas/text+img/online_education_elearning_market_growth_analysis(saveas)_stream_zlib.pdf,saveas,20,7,38931,no_counterpart,-,
saveas/text+img/online_education_elearning_market_growth_analysis(saveas)_stream_zlib.pdf,saveas,20,7,72198,ok,"7,9",1
saveas/text+img/online_education_elearning_market_growth_analysis(saveas)_stream_zlib.pdf,saveas,20,7,87911,ok,"7,8,9",1
saveas/text+img/online_education_elearning_market_growth_analysis(saveas)_stream_zlib.pdf,saveas,20,7,147283,ok,7,1
saveas/text+img/online_education_elearning_market_growth_analysis(saveas)_stream_zlib.pdf,saveas,20,7,169234,ok,7,1
saveas/text+img/online_education_elearning_market_growth_analysis(saveas)_stream_zlib.pdf,saveas,20,7,195204,ok,"5,6,7,8,9",1
saveas/text+img/online_education_elearning_market_growth_analysis(saveas)_stream_zlib.pdf,saveas,20,7,274242,ok,7,1
saveas/text+img/online_education_elearning_market_growth_analysis(saveas)_stream_zlib.pdf,saveas,20,7,297317,ok,"3,4,5,6,7,8,9",1
saveas/text+img/online_education_elearning_market_growth_analysis(saveas)_stream_zlib.pdf,saveas,20,7,351195,ok,7,1
saveas/text+img/online_education_elearning_market_growth_analysis(saveas)_stream_zlib.pdf,saveas,20,7,370122,ok,7,1
saveas/text+img/online_education_elearning_market_growth_analysis(saveas)_stream_zlib.pdf,saveas,20,7,385590,ok,7,1
saveas/text+img/online_education_elearning_market_growth_analysis(saveas)_stream_zlib.pdf,saveas,20,7,393503,ok,7,1
saveas/text+img/online_education_elearning_market_growth_analysis(saveas)_stream_zlib.pdf,saveas,20,7,421671,no_counterpart,-,
saveas/text+img/online_education_elearning_market_growth_analysis(saveas)_stream_zlib.pdf,saveas,20,7,425009,ok,"7,9",1
saveas/text/AI_Development_MultiLanguage(saveas)_stream_zlib.pdf,saveas,26,7,632,ok,"5,6,7,8,9",1
saveas/text/AI_Development_MultiLanguage(saveas)_stream_zlib.pdf,saveas,26,7,13820,ok,"7,9",1
saveas/text/AI_Development_MultiLanguage(saveas)_stream_zlib.pdf,saveas,26,7,51835,ok,"7,9",1
saveas/text/AI_Development_MultiLanguage(saveas)_stream_zlib.pdf,saveas,26,7,98828,ok,"3,4,5,6,7,8,9",1
saveas/text/AI_Development_MultiLanguage(saveas)_stream_zlib.pdf,saveas,26,7,116222,ok,7,1
saveas/text/AI_Development_MultiLanguage(saveas)_stream_zlib.pdf,saveas,26,7,128556,ok,7,1
saveas/text/AI_Development_MultiLanguage(saveas)_stream_zlib.pdf,saveas,26,7,171453,ok,7,1
saveas/text/AI_Development_MultiLanguage(saveas)_stream_zlib.pdf,saveas,26,7,212845,ok,"5,6,7,9",1
saveas/text/AI_Development_MultiLanguage(saveas)_stream_zlib.pdf,saveas,26,7,214824,ok,"3,4,5,6,7,8,9",1
saveas/text/AI_Development_MultiLanguage(saveas)_stream_zlib.pdf,saveas,26,7,215298,ok,7,1
saveas/text/AI_Development_MultiLanguage(saveas)_stream_zlib.pdf,saveas,26,7,230874,ok,7,1
saveas/text/AI_Development_MultiLanguage(saveas)_stream_zlib.pdf,saveas,26,7,251035,ok,7,1
saveas/text/AI_Development_MultiLanguage(saveas)_stream_zlib.pdf,saveas,26,7,289131,ok,7,1
saveas/text/AI_Development_MultiLanguage(saveas)_stream_zlib.pdf,saveas,26,7,302368,ok,"3,4,5,6,7,8,9",1
saveas/text/AI_Development_MultiLanguage(saveas)_stream_zlib.pdf,saveas,26,7,311201,ok,"3,4,5,6,7,8,9",1
saveas/text/AI_Development_MultiLanguage(saveas)_stream_zlib.pdf,saveas,26,7,317463,ok,7,1
saveas/text/AI_Development_MultiLanguage(saveas)_stream_zlib.pdf,saveas,26,7,331441,ok,7,1
saveas/text/AI_Development_MultiLanguage(saveas)_stream_zlib.pdf,saveas,26,7,366947,no_counterpart,-,
saveas/text/AI_Development_MultiLanguage(saveas)_stream_zlib.pdf,saveas,26,7,370286,ok,"7,9",1
saveas/text/AeroChef_Drone_Delivery_Cooking_Service(saveas)_stream_zlib.pdf,saveas,27,7,44868,ok,7,1
saveas/text/AeroChef_Drone_Delivery_Cooking_Service(saveas)_stream_zlib.pdf,saveas,27,7,51209,ok,7,1
saveas/text/AeroChef_Drone_Delivery_Cooking_Service(saveas)_stream_zlib.pdf,saveas,27,7,77674,ok,"2,3,4,5,6,7,8,9",1
saveas/text/AeroChef_Drone_Delivery_Cooking_Service(saveas)_stream_zlib.pdf,saveas,27,7,135083,ok,"3,4,5,6,7,8,9",1
saveas/text/AeroChef_Drone_Delivery_Cooking_Service(saveas)_stream_zlib.pdf,saveas,27,7,209851,ok,7,1
saveas/text/AeroChef_Drone_Delivery_Cooking_Service(saveas)_stream_zlib.pdf,saveas,27,7,253698,ok,"3,4,5,6,7,8,9",1
saveas/text/AeroChef_Drone_Delivery_Cooking_Service(saveas)_stream_zlib.pdf,saveas,27,7,259092,ok,"4,5,6,7,8,9",1
saveas/text/AeroChef_Drone_Delivery_Cooking_Service(saveas)_stream_zlib.pdf,saveas,27,7,259923,ok,7,1
saveas/text/AeroChef_Drone_Delivery_Cooking_Service(saveas)_stream_zlib.pdf,saveas,27,7,273177,ok,7,1
saveas/text/AeroChef_Drone_Delivery_Cooking_Service(saveas)_stream_zlib.pdf,saveas,27,7,307916,ok,"7,9",1
saveas/text/AeroChef_Drone_Delivery_Cooking_Service(saveas)_stream_zlib.pdf,saveas,27,7,317872,ok,"7,8",1
saveas/text/AeroChef_Drone_Delivery_Cooking_Service(saveas)_stream_zlib.pdf,saveas,27,7,325252,ok,"3,4,5,6,7,8,9",1
saveas/text/AeroChef_Drone_Delivery_Cooking_Service(saveas)_stream_zlib.pdf,saveas,27,7,325775,ok,7,1
saveas/text/AeroChef_Drone_Delivery_Cooking_Service(saveas)_stream_zlib.pdf,saveas,27,7,338464,ok,"7,8,9",1
saveas/text/AeroChef_Drone_Delivery_Cooking_Service(saveas)_stream_zlib.pdf,saveas,27,7,344426,ok,"3,4,5,6,7,8,9",1
saveas/text/AeroChef_Drone_Delivery_Cooking_Service(saveas)_stream_zlib.pdf,saveas,27,7,344901,ok,7,1
saveas/text/AeroChef_Drone_Delivery_Cooking_Service(saveas)_stream_zlib.pdf,saveas,27,7,379124,ok,7,1
saveas/text/AeroChef_Drone_Delivery_Cooking_Service(saveas)_stream_zlib.pdf,saveas,27,7,401039,no_counterpart,-,
saveas/text/Aurora_VR_AR_Game_Lineup_Multilingual(saveas)_stream_zlib.pdf,saveas,16,7,595,ok,"7,8",1
saveas/text/Aurora_VR_AR_Game_Lineup_Multilingual(saveas)_stream_zlib.pdf,saveas,16,7,22744,ok,"7,8,9",1
saveas/text/Aurora_VR_AR_Game_Lineup_Multilingual(saveas)_stream_zlib.pdf,saveas,16,7,49146,ok,"7,8,9",1
saveas/text/Aurora_VR_AR_Game_Lineup_Multilingual(saveas)_stream_zlib.pdf,saveas,16,7,55177,ok,"7,9",1
saveas/text/Aurora_VR_AR_Game_Lineup_Multilingual(saveas)_stream_zlib.pdf,saveas,16,7,60439,ok,7,1
saveas/text/Aurora_VR_AR_Game_Lineup_Multilingual(saveas)_stream_zlib.pdf,saveas,16,7,79921,ok,7,1
saveas/text/Aurora_VR_AR_Game_Lineup_Multilingual(saveas)_stream_zlib.pdf,saveas,16,7,97890,ok,7,1
saveas/text/Aurora_VR_AR_Game_Lineup_Multilingual(saveas)_stream_zlib.pdf,saveas,16,7,123859,ok,"4,5,6,7,8,9",1
saveas/text/Aurora_VR_AR_Game_Lineup_Multilingual(saveas)_stream_zlib.pdf,saveas,16,7,157974,ok,7,1
saveas/text/Aurora_VR_AR_Game_Lineup_Multilingual(saveas)_stream_zlib.pdf,saveas,16,7,202991,ok,7,1
saveas/text/Aurora_VR_AR_Game_Lineup_Multilingual(saveas)_stream_zlib.pdf,saveas,16,7,226781,ok,7,1
saveas/text/Aurora_VR_AR_Game_Lineup_Multilingual(saveas)_stream_zlib.pdf,saveas,16,7,245913,ok,7,1
saveas/text/Aurora_VR_AR_Game_Lineup_Multilingual(saveas)_stream_zlib.pdf,saveas,16,7,256482,ok,7,1
saveas/text/Aurora_VR_AR_Game_Lineup_Multilingual(saveas)_stream_zlib.pdf,saveas,16,7,270333,ok,7,1
saveas/text/Aurora_VR_AR_Game_Lineup_Multilingual(saveas)_stream_zlib.pdf,saveas,16,7,290924,no_counterpart,-,
saveas/text/Autonomous_Vehicle_Accident_Report(saveas)_stream_zlib.pdf,saveas,19,7,616,ok,"6,7,8,9",1
saveas/text/Autonomous_Vehicle_Accident_Report(saveas)_stream_zlib.pdf,saveas,19,7,6915,ok,"6,7,8,9",1
saveas/text/Autonomous_Vehicle_Accident_Report(saveas)_stream_zlib.pdf,saveas,19,7,23348,ok,"6,7,8,9",1
saveas/text/Autonomous_Vehicle_Accident_Report(saveas)_stream_zlib.pdf,saveas,19,7,29419,ok,"6,7,8,9",1
saveas/text/Autonomous_Vehicle_Accident_Report(saveas)_stream_zlib.pdf,saveas,19,7,44777,ok,"7,9",1
saveas/text/Autonomous_Vehicle_Accident_Report(saveas)_stream_zlib.pdf,saveas,19,7,50250,ok,7,1
saveas/text/Autonomous_Vehicle_Accident_Report(saveas)_stream_zlib.pdf,saveas,19,7,56767,ok,7,1
saveas/text/Autonomous_Vehicle_Accident_Report(saveas)_stream_zlib.pdf,saveas,19,7,63276,ok,"7,9",1
saveas/text/Autonomous_Vehicle_Accident_Report(saveas)_stream_zlib.pdf,saveas,19,7,98082,ok,"7,9",1
saveas/text/Autonomous_Vehicle_Accident_Report(saveas)_stream_zlib.pdf,saveas,19,7,104488,ok,7,1
saveas/text/Autonomous_Vehicle_Accident_Report(saveas)_stream_zlib.pdf,saveas,19,7,124140,ok,7,1
saveas/text/Autonomous_Vehicle_Accident_Report(saveas)_stream_zlib.pdf,saveas,19,7,147826,ok,7,1
saveas/text/Autonomous_Vehicle_Accident_Report(saveas)_stream_zlib.pdf,saveas,19,7,250085,ok,"7,8,9",1
saveas/text/Autonomous_Vehicle_Accident_Report(saveas)_stream_zlib.pdf,saveas,19,7,279679,ok,"2,3,4,5,6,7,8,9",1
saveas/text/Autonomous_Vehicle_Accident_Report(saveas)_stream_zlib.pdf,saveas,19,7,279994,ok,"7,9",1
saveas/text/Autonomous_Vehicle_Accident_Report(saveas)_stream_zlib.pdf,saveas,19,7,301476,ok,"7,9",1
saveas/text/Autonomous_Vehicle_Accident_Report(saveas)_stream_zlib.pdf,saveas,19,7,310295,ok,"3,4,5,6,7,8,9",1
saveas/text/Autonomous_Vehicle_Accident_Report(saveas)_stream_zlib.pdf,saveas,19,7,310757,ok,"7,8,9",1
saveas/text/Autonomous_Vehicle_Accident_Report(saveas)_stream_zlib.pdf,saveas,19,7,320572,ok,7,1
saveas/text/Autonomous_Vehicle_Accident_Report(saveas)_stream_zlib.pdf,saveas,19,7,345655,ok,"4,5,6,7,8,9",1
saveas/text/Autonomous_Vehicle_Accident_Report(saveas)_stream_zlib.pdf,saveas,19,7,346410,ok,7,1
saveas/text/Autonomous_Vehicle_Accident_Report(saveas)_stream_zlib.pdf,saveas,19,7,364579,ok,"7,9",1
saveas/text/Autonomous_Vehicle_Accident_Report(saveas)_stream_zlib.pdf,saveas,19,7,371253,no_counterpart,-,
saveas/text/Autonomous_Vehicle_Accident_Report(saveas)_stream_zlib.pdf,saveas,19,7,374592,ok,"7,8",1
saveas/text/BioNext_Data_Leak_Report(saveas)_stream_zlib.pdf,saveas,29,7,22850,ok,"6,7,8",1
saveas/text/BioNext_Data_Leak_Report(saveas)_stream_zlib.pdf,saveas,29,7,45996,ok,"7,9",1
saveas/text/BioNext_Data_Leak_Report(saveas)_stream_zlib.pdf,saveas,29,7,58019,ok,7,1
saveas/text/BioNext_Data_Leak_Report(saveas)_stream_zlib.pdf,saveas,29,7,71247,ok,7,1
saveas/text/BioNext_Data_Leak_Report(saveas)_stream_zlib.pdf,saveas,29,7,104120,ok,7,1
saveas/text/BioNext_Data_Leak_Report(saveas)_stream_zlib.pdf,saveas,29,7,119065,ok,"3,4,5,6,7,8,9",1
saveas/text/BioNext_Data_Leak_Report(saveas)_stream_zlib.pdf,saveas,29,7,129000,ok,7,1
saveas/text/BioNext_Data_Leak_Report(saveas)_stream_zlib.pdf,saveas,29,7,239934,ok,7,1
saveas/text/BioNext_Data_Leak_Report(saveas)_stream_zlib.pdf,saveas,29,7,270717,ok,7,1
saveas/text/BioNext_Data_Leak_Report(saveas)_stream_zlib.pdf,saveas,29,7,284956,ok,7,1
saveas/text/BioNext_Data_Leak_Report(saveas)_stream_zlib.pdf,saveas,29,7,296064,ok,"7,8,9",1
saveas/text/BioNext_Data_Leak_Report(saveas)_stream_zlib.pdf,saveas,29,7,320262,ok,"3,4,5,6,7,8,9",1
saveas/text/BioNext_Data_Leak_Report(saveas)_stream_zlib.pdf,saveas,29,7,363426,no_counterpart,-,
saveas/text/BioNext_Data_Leak_Report(saveas)_stream_zlib.pdf,saveas,29,7,366765,ok,"7,8,9",1
saveas/text/Digital_Minimalism(saveas)_stream_zlib.pdf,saveas,24,7,25005,ok,"5,6,7,8,9",1
saveas/text/Digital_Minimalism(saveas)_stream_zlib.pdf,saveas,24,7,35856,ok,"7,8,9",1
saveas/text/Digital_Minimalism(saveas)_stream_zlib.pdf,saveas,24,7,46385,ok,"6,7,8,9",1
saveas/text/Digital_Minimalism(saveas)_stream_zlib.pdf,saveas,24,7,50849,ok,"7,9",1
saveas/text/Digital_Minimalism(saveas)_stream_zlib.pdf,saveas,24,7,56779,ok,"7,8,9",1
saveas/text/Digital_Minimalism(saveas)_stream_zlib.pdf,saveas,24,7,118818,ok,"3,4,5,6,7,8,9",1
saveas/text/Digital_Minimalism(saveas)_stream_zlib.pdf,saveas,24,7,119291,ok,7,1
saveas/text/Digital_Minimalism(saveas)_stream_zlib.pdf,saveas,24,7,197300,ok,7,1
saveas/text/Digital_Minimalism(saveas)_stream_zlib.pdf,saveas,24,7,232332,ok,"7,9",1
saveas/text/Digital_Minimalism(saveas)_stream_zlib.pdf,saveas,24,7,264308,ok,7,1
saveas/text/Digital_Minimalism(saveas)_stream_zlib.pdf,saveas,24,7,272458,ok,7,1
saveas/text/Digital_Minimalism(saveas)_stream_zlib.pdf,saveas,24,7,281864,ok,"7,8,9",1
saveas/text/Digital_Minimalism(saveas)_stream_zlib.pdf,saveas,24,7,296125,ok,7,1
saveas/text/Digital_Minimalism(saveas)_stream_zlib.pdf,saveas,24,7,307515,ok,"6,7,8",1
saveas/text/Digital_Minimalism(saveas)_stream_zlib.pdf,saveas,24,7,313365,ok,"7,9",1
saveas/text/Digital_Minimalism(saveas)_stream_zlib.pdf,saveas,24,7,317785,ok,"4,5,6,7,8,9",1
saveas/text/Digital_Minimalism(saveas)_stream_zlib.pdf,saveas,24,7,318560,ok,7,1
saveas/text/Digital_Minimalism(saveas)_stream_zlib.pdf,saveas,24,7,347476,no_counterpart,-,
saveas/text/Digital_Minimalism(saveas)_stream_zlib.pdf,saveas,24,7,350815,ok,"7,8,9",1
saveas/text/E-Payment_Service_Outage_Report(saveas)_stream_zlib.pdf,saveas,26,7,616,ok,"6,7,8,9",1
saveas/text/E-Payment_Service_Outage_Report(saveas)_stream_zlib.pdf,saveas,26,7,13317,ok,"7,8,9",1
saveas/text/E-Payment_Service_Outage_Report(saveas)_stream_zlib.pdf,saveas,26,7,45373,ok,7,1
saveas/text/E-Payment_Service_Outage_Report(saveas)_stream_zlib.pdf,saveas,26,7,50804,ok,7,1
saveas/text/E-Payment_Service_Outage_Report(saveas)_stream_zlib.pdf,saveas,26,7,64077,ok,"7,8,9",1
saveas/text/E-Payment_Service_Outage_Report(saveas)_stream_zlib.pdf,saveas,26,7,96870,ok,7,1
saveas/text/E-Payment_Service_Outage_Report(saveas)_stream_zlib.pdf,saveas,26,7,123024,ok,7,1
saveas/text/E-Payment_Service_Outage_Report(saveas)_stream_zlib.pdf,saveas,26,7,175286,ok,"4,5,6,7,8,9",1
saveas/text/E-Payment_Service_Outage_Report(saveas)_stream_zlib.pdf,saveas,26,7,241464,ok,"7,8,9",1
saveas/text/E-Payment_Service_Outage_Report(saveas)_stream_zlib.pdf,saveas,26,7,269053,ok,7,1
saveas/text/E-Payment_Service_Outage_Report(saveas)_stream_zlib.pdf,saveas,26,7,284093,ok,7,1
saveas/text/E-Payment_Service_Outage_Report(saveas)_stream_zlib.pdf,saveas,26,7,292423,ok,7,1
saveas/text/E-Payment_Service_Outage_Report(saveas)_stream_zlib.pdf,saveas,26,7,304427,ok,7,1
saveas/text/E-Payment_Service_Outage_Report(saveas)_stream_zlib.pdf,saveas,26,7,317072,ok,"7,8,9",1
saveas/text/E-Payment_Service_Outage_Report(saveas)_stream_zlib.pdf,saveas,26,7,322678,ok,"7,9",1
saveas/text/E-Payment_Service_Outage_Report(saveas)_stream_zlib.pdf,saveas,26,7,331880,ok,7,1
saveas/text/E-Payment_Service_Outage_Report(saveas)_stream_zlib.pdf,saveas,26,7,388255,no_counterpart,-,
saveas/text/EcoWave_Sustainable_Fashion_Collection(saveas)_stream_zlib.pdf,saveas,30,7,23727,ok,"5,6,7,8,9",1
saveas/text/EcoWave_Sustainable_Fashion_Collection(saveas)_stream_zlib.pdf,saveas,30,7,45344,ok,7,1
saveas/text/EcoWave_Sustainable_Fashion_Collection(saveas)_stream_zlib.pdf,saveas,30,7,80424,ok,"2,3,4,5,6,7,8,9",1
saveas/text/EcoWave_Sustainable_Fashion_Collection(saveas)_stream_zlib.pdf,saveas,30,7,110586,ok,7,1
saveas/text/EcoWave_Sustainable_Fashion_Collection(saveas)_stream_zlib.pdf,saveas,30,7,129267,ok,7,1
saveas/text/EcoWave_Sustainable_Fashion_Collection(saveas)_stream_zlib.pdf,saveas,30,7,169398,ok,"3,4,5,6,7,8,9",1
saveas/text/EcoWave_Sustainable_Fashion_Collection(saveas)_stream_zlib.pdf,saveas,30,7,180115,ok,7,1
saveas/text/EcoWave_Sustainable_Fashion_Collection(saveas)_stream_zlib.pdf,saveas,30,7,261749,ok,"7,9",1
saveas/text/EcoWave_Sustainable_Fashion_Collection(saveas)_stream_zlib.pdf,saveas,30,7,270409,ok,"4,5,6,7,8,9",1
saveas/text/EcoWave_Sustainable_Fashion_Collection(saveas)_stream_zlib.pdf,saveas,30,7,271133,ok,7,1
saveas/text/EcoWave_Sustainable_Fashion_Collection(saveas)_stream_zlib.pdf,saveas,30,7,294281,ok,7,1
saveas/text/EcoWave_Sustainable_Fashion_Collection(saveas)_stream_zlib.pdf,saveas,30,7,305861,ok,"3,4,5,6,7,8,9",1
saveas/text/EcoWave_Sustainable_Fashion_Collection(saveas)_stream_zlib.pdf,saveas,30,7,320434,ok,"3,4,5,6,7,8,9",1
saveas/text/EcoWave_Sustainable_Fashion_Collection(saveas)_stream_zlib.pdf,saveas,30,7,341842,ok,"7,9",1
saveas/text/EcoWave_Sustainable_Fashion_Collection(saveas)_stream_zlib.pdf,saveas,30,7,351029,ok,7,1
saveas/text/EcoWave_Sustainable_Fashion_Collection(saveas)_stream_zlib.pdf,saveas,30,7,373932,no_counterpart,-,
saveas/text/EduBot_AI_Learning_Robot_Series(saveas)_stream_zlib.pdf,saveas,32,7,7491,ok,"5,6,7,8,9",1
saveas/text/EduBot_AI_Learning_Robot_Series(saveas)_stream_zlib.pdf,saveas,32,7,24336,ok,"5,6,7,8,9",1
saveas/text/EduBot_AI_Learning_Robot_Series(saveas)_stream_zlib.pdf,saveas,32,7,58667,ok,"7,9",1
saveas/text/EduBot_AI_Learning_Robot_Series(saveas)_stream_zlib.pdf,saveas,32,7,91671,ok,"2,3,4,5,6,7,8,9",1
saveas/text/EduBot_AI_Learning_Robot_Series(saveas)_stream_zlib.pdf,saveas,32,7,98189,ok,7,1
saveas/text/EduBot_AI_Learning_Robot_Series(saveas)_stream_zlib.pdf,saveas,32,7,116470,ok,"2,3,4,5,6,7,8,9",1
saveas/text/EduBot_AI_Learning_Robot_Series(saveas)_stream_zlib.pdf,saveas,32,7,148991,ok,"3,4,5,6,7,8,9",1
saveas/text/EduBot_AI_Learning_Robot_Series(saveas)_stream_zlib.pdf,saveas,32,7,160195,ok,7,1
saveas/text/EduBot_AI_Learning_Robot_Series(saveas)_stream_zlib.pdf,saveas,32,7,188763,ok,7,1
saveas/text/EduBot_AI_Learning_Robot_Series(saveas)_stream_zlib.pdf,saveas,32,7,211772,ok,7,1
saveas/text/EduBot_AI_Learning_Robot_Series(saveas)_stream_zlib.pdf,saveas,32,7,253502,ok,7,1
saveas/text/EduBot_AI_Learning_Robot_Series(saveas)_stream_zlib.pdf,saveas,32,7,298280,ok,"2,3,4,5,6,7,8,9",1
saveas/text/EduBot_AI_Learning_Robot_Series(saveas)_stream_zlib.pdf,saveas,32,7,336885,ok,7,1
saveas/text/EduBot_AI_Learning_Robot_Series(saveas)_stream_zlib.pdf,saveas,32,7,349161,ok,"4,5,6,7,8,9",1
saveas/text/EduBot_AI_Learning_Robot_Series(saveas)_stream_zlib.pdf,saveas,32,7,349893,ok,7,1
saveas/text/EduBot_AI_Learning_Robot_Series(saveas)_stream_zlib.pdf,saveas,32,7,390495,no_counterpart,-,
saveas/text/EduBot_AI_Learning_Robot_Series(saveas)_stream_zlib.pdf,saveas,32,7,393834,ok,"7,9",1
saveas/text/Evolution_Biodegradable_Plastics(saveas)_stream_zlib.pdf,saveas,25,7,606,ok,"5,6,7,8,9",1
saveas/text/Evolution_Biodegradable_Plastics(saveas)_stream_zlib.pdf,saveas,25,7,24107,ok,"6,7,9",1
saveas/text/Evolution_Biodegradable_Plastics(saveas)_stream_zlib.pdf,saveas,25,7,28981,ok,"6,7,8,9",1
saveas/text/Evolution_Biodegradable_Plastics(saveas)_stream_zlib.pdf,saveas,25,7,51687,ok,"7,9",1
saveas/text/Evolution_Biodegradable_Plastics(saveas)_stream_zlib.pdf,saveas,25,7,64612,ok,7,1
saveas/text/Evolution_Biodegradable_Plastics(saveas)_stream_zlib.pdf,saveas,25,7,108196,ok,"7,8,9",1
saveas/text/Evolution_Biodegradable_Plastics(saveas)_stream_zlib.pdf,saveas,25,7,116375,ok,"7,9",1
saveas/text/Evolution_Biodegradable_Plastics(saveas)_stream_zlib.pdf,saveas,25,7,121374,ok,7,1
saveas/text/Evolution_Biodegradable_Plastics(saveas)_stream_zlib.pdf,saveas,25,7,131182,ok,"4,5,6,7,8,9",1
saveas/text/Evolution_Biodegradable_Plastics(saveas)_stream_zlib.pdf,saveas,25,7,132223,ok,7,1
saveas/text/Evolution_Biodegradable_Plastics(saveas)_stream_zlib.pdf,saveas,25,7,245288,ok,"7,8,9",1
saveas/text/Evolution_Biodegradable_Plastics(saveas)_stream_zlib.pdf,saveas,25,7,285006,ok,"7,9",1
saveas/text/Evolution_Biodegradable_Plastics(saveas)_stream_zlib.pdf,saveas,25,7,310451,ok,"3,4,5,6,7,8,9",1
saveas/text/Evolution_Biodegradable_Plastics(saveas)_stream_zlib.pdf,saveas,25,7,315647,ok,7,1
saveas/text/Evolution_Biodegradable_Plastics(saveas)_stream_zlib.pdf,saveas,25,7,326811,ok,"7,8,9",1
saveas/text/Evolution_Biodegradable_Plastics(saveas)_stream_zlib.pdf,saveas,25,7,338321,ok,"4,5,6,7,8,9",1
saveas/text/Evolution_Biodegradable_Plastics(saveas)_stream_zlib.pdf,saveas,25,7,368857,no_counterpart,-,
saveas/text/Evolution_Food_Culture_Alternative_Foods(saveas)_stream_zlib.pdf,saveas,28,7,50969,ok,"7,9",1
saveas/text/Evolution_Food_Culture_Alternative_Foods(saveas)_stream_zlib.pdf,saveas,28,7,56858,ok,"7,9",1
saveas/text/Evolution_Food_Culture_Alternative_Foods(saveas)_stream_zlib.pdf,saveas,28,7,98064,ok,"7,9",1
saveas/text/Evolution_Food_Culture_Alternative_Foods(saveas)_stream_zlib.pdf,saveas,28,7,103067,ok,7,1
saveas/text/Evolution_Food_Culture_Alternative_Foods(saveas)_stream_zlib.pdf,saveas,28,7,120464,ok,"3,4,5,6,7,8,9",1
saveas/text/Evolution_Food_Culture_Alternative_Foods(saveas)_stream_zlib.pdf,saveas,28,7,133075,ok,"4,5,6,7,8,9",1
saveas/text/Evolution_Food_Culture_Alternative_Foods(saveas)_stream_zlib.pdf,saveas,28,7,296531,ok,"7,8,9",1
saveas/text/Evolution_Food_Culture_Alternative_Foods(saveas)_stream_zlib.pdf,saveas,28,7,305827,ok,"7,9",1
saveas/text/Evolution_Food_Culture_Alternative_Foods(saveas)_stream_zlib.pdf,saveas,28,7,321901,ok,"6,7,8,9",1
saveas/text/Evolution_Food_Culture_Alternative_Foods(saveas)_stream_zlib.pdf,saveas,28,7,327888,ok,7,1
saveas/text/Evolution_Food_Culture_Alternative_Foods(saveas)_stream_zlib.pdf,saveas,28,7,339035,ok,7,1
saveas/text/Evolution_Food_Culture_Alternative_Foods(saveas)_stream_zlib.pdf,saveas,28,7,354034,ok,7,1
saveas/text/Evolution_Food_Culture_Alternative_Foods(saveas)_stream_zlib.pdf,saveas,28,7,383438,no_counterpart,-,
saveas/text/Evolution_Food_Culture_Alternative_Foods(saveas)_stream_zlib.pdf,saveas,28,7,386777,ok,"7,9",1
saveas/text/International_Logistics_Fire_Report(saveas)_stream_zlib.pdf,saveas,26,7,606,ok,"7,8,9",1
saveas/text/International_Logistics_Fire_Report(saveas)_stream_zlib.pdf,saveas,26,7,6528,ok,"6,7,8,9",1
saveas/text/International_Logistics_Fire_Report(saveas)_stream_zlib.pdf,saveas,26,7,45846,ok,7,1
saveas/text/International_Logistics_Fire_Report(saveas)_stream_zlib.pdf,saveas,26,7,51292,ok,7,1
saveas/text/International_Logistics_Fire_Report(saveas)_stream_zlib.pdf,saveas,26,7,57842,ok,7,1
saveas/text/International_Logistics_Fire_Report(saveas)_stream_zlib.pdf,saveas,26,7,68835,ok,7,1
saveas/text/International_Logistics_Fire_Report(saveas)_stream_zlib.pdf,saveas,26,7,95117,ok,7,1
saveas/text/International_Logistics_Fire_Report(saveas)_stream_zlib.pdf,saveas,26,7,187901,ok,7,1
saveas/text/International_Logistics_Fire_Report(saveas)_stream_zlib.pdf,saveas,26,7,199978,ok,"7,9",1
saveas/text/International_Logistics_Fire_Report(saveas)_stream_zlib.pdf,saveas,26,7,229139,ok,7,1
saveas/text/International_Logistics_Fire_Report(saveas)_stream_zlib.pdf,saveas,26,7,257075,ok,7,1
saveas/text/International_Logistics_Fire_Report(saveas)_stream_zlib.pdf,saveas,26,7,281619,ok,"3,4,5,6,7,8,9",1
saveas/text/International_Logistics_Fire_Report(saveas)_stream_zlib.pdf,saveas,26,7,282076,ok,"7,8,9",1
saveas/text/International_Logistics_Fire_Report(saveas)_stream_zlib.pdf,saveas,26,7,290236,ok,7,1
saveas/text/International_Logistics_Fire_Report(saveas)_stream_zlib.pdf,saveas,26,7,306684,ok,"7,9",1
saveas/text/International_Logistics_Fire_Report(saveas)_stream_zlib.pdf,saveas,26,7,314515,no_counterpart,-,
saveas/text/Lumina_Interior_Lighting_Designbook(saveas)_stream_zlib.pdf,saveas,31,7,653,ok,"6,7,8,9",1
saveas/text/Lumina_Interior_Lighting_Designbook(saveas)_stream_zlib.pdf,saveas,31,7,8442,ok,"6,7,8,9",1
saveas/text/Lumina_Interior_Lighting_Designbook(saveas)_stream_zlib.pdf,saveas,31,7,39163,ok,"7,8,9",1
saveas/text/Lumina_Interior_Lighting_Designbook(saveas)_stream_zlib.pdf,saveas,31,7,49183,ok,7,1
saveas/text/Lumina_Interior_Lighting_Designbook(saveas)_stream_zlib.pdf,saveas,31,7,68703,ok,7,1
saveas/text/Lumina_Interior_Lighting_Designbook(saveas)_stream_zlib.pdf,saveas,31,7,106229,ok,"7,8",1
saveas/text/Lumina_Interior_Lighting_Designbook(saveas)_stream_zlib.pdf,saveas,31,7,151956,ok,7,1
saveas/text/Lumina_Interior_Lighting_Designbook(saveas)_stream_zlib.pdf,saveas,31,7,213390,ok,"4,5,6,7,8,9",1
saveas/text/Lumina_Interior_Lighting_Designbook(saveas)_stream_zlib.pdf,saveas,31,7,214328,ok,7,1
saveas/text/Lumina_Interior_Lighting_Designbook(saveas)_stream_zlib.pdf,saveas,31,7,236897,ok,7,1
saveas/text/Lumina_Interior_Lighting_Designbook(saveas)_stream_zlib.pdf,saveas,31,7,262866,ok,"3,4,5,6,7,8,9",1
saveas/text/Lumina_Interior_Lighting_Designbook(saveas)_stream_zlib.pdf,saveas,31,7,268261,ok,7,1
saveas/text/Lumina_Interior_Lighting_Designbook(saveas)_stream_zlib.pdf,saveas,31,7,336290,ok,7,1
saveas/text/Lumina_Interior_Lighting_Designbook(saveas)_stream_zlib.pdf,saveas,31,7,345882,ok,7,1
saveas/text/Lumina_Interior_Lighting_Designbook(saveas)_stream_zlib.pdf,saveas,31,7,363160,ok,"7,8,9",1
saveas/text/Lumina_Interior_Lighting_Designbook(saveas)_stream_zlib.pdf,saveas,31,7,368882,ok,"3,4,5,6,7,8,9",1
saveas/text/Lumina_Interior_Lighting_Designbook(saveas)_stream_zlib.pdf,saveas,31,7,411508,ok,"7,9",1
saveas/text/Lumina_Interior_Lighting_Designbook(saveas)_stream_zlib.pdf,saveas,31,7,420930,no_counterpart,-,
saveas/text/NeoHome_Smart_Appliances_Catalog_v5(saveas)_stream_zlib.pdf,saveas,22,7,632,ok,"6,7,8,9",1
saveas/text/NeoHome_Smart_Appliances_Catalog_v5(saveas)_stream_zlib.pdf,saveas,22,7,57650,ok,"7,9",1
saveas/text/NeoHome_Smart_Appliances_Catalog_v5(saveas)_stream_zlib.pdf,saveas,22,7,64238,ok,"7,9",1
saveas/text/NeoHome_Smart_Appliances_Catalog_v5(saveas)_stream_zlib.pdf,saveas,22,7,74513,ok,"7,9",1
saveas/text/NeoHome_Smart_Appliances_Catalog_v5(saveas)_stream_zlib.pdf,saveas,22,7,80656,ok,"2,3,4,5,6,7,8,9",1
saveas/text/NeoHome_Smart_Appliances_Catalog_v5(saveas)_stream_zlib.pdf,saveas,22,7,104234,ok,"2,3,4,5,6,7,8,9",1
saveas/text/NeoHome_Smart_Appliances_Catalog_v5(saveas)_stream_zlib.pdf,saveas,22,7,104552,ok,"7,8",1
saveas/text/NeoHome_Smart_Appliances_Catalog_v5(saveas)_stream_zlib.pdf,saveas,22,7,129078,ok,7,1
saveas/text/NeoHome_Smart_Appliances_Catalog_v5(saveas)_stream_zlib.pdf,saveas,22,7,175412,ok,7,1
saveas/text/NeoHome_Smart_Appliances_Catalog_v5(saveas)_stream_zlib.pdf,saveas,22,7,253971,ok,"4,5,6,7,8,9",1
saveas/text/NeoHome_Smart_Appliances_Catalog_v5(saveas)_stream_zlib.pdf,saveas,22,7,254786,ok,7,1
saveas/text/NeoHome_Smart_Appliances_Catalog_v5(saveas)_stream_zlib.pdf,saveas,22,7,295382,ok,7,1
saveas/text/NeoHome_Smart_Appliances_Catalog_v5(saveas)_stream_zlib.pdf,saveas,22,7,301560,ok,"3,4,5,6,7,8,9",1
saveas/text/NeoHome_Smart_Appliances_Catalog_v5(saveas)_stream_zlib.pdf,saveas,22,7,302116,ok,"7,8,9",1
saveas/text/NeoHome_Smart_Appliances_Catalog_v5(saveas)_stream_zlib.pdf,saveas,22,7,310915,ok,7,1
saveas/text/NeoHome_Smart_Appliances_Catalog_v5(saveas)_stream_zlib.pdf,saveas,22,7,321894,ok,"4,5,6,7,8,9",1
saveas/text/NeoHome_Smart_Appliances_Catalog_v5(saveas)_stream_zlib.pdf,saveas,22,7,342136,no_counterpart,-,
saveas/text/New_Care_Models_Aging_Society(saveas)_stream_zlib.pdf,saveas,17,7,595,ok,"5,7,8",1
saveas/text/New_Care_Models_Aging_Society(saveas)_stream_zlib.pdf,saveas,17,7,5616,ok,"5,6,7,8,9",1
saveas/text/New_Care_Models_Aging_Society(saveas)_stream_zlib.pdf,saveas,17,7,21399,ok,"6,7,8",1
saveas/text/New_Care_Models_Aging_Society(saveas)_stream_zlib.pdf,saveas,17,7,51041,ok,"7,9",1
saveas/text/New_Care_Models_Aging_Society(saveas)_stream_zlib.pdf,saveas,17,7,57849,ok,7,1
saveas/text/New_Care_Models_Aging_Society(saveas)_stream_zlib.pdf,saveas,17,7,75096,ok,7,1
saveas/text/New_Care_Models_Aging_Society(saveas)_stream_zlib.pdf,saveas,17,7,112559,ok,7,1
saveas/text/New_Care_Models_Aging_Society(saveas)_stream_zlib.pdf,saveas,17,7,128131,ok,"5,6,7,8,9",1
saveas/text/New_Care_Models_Aging_Society(saveas)_stream_zlib.pdf,saveas,17,7,214393,ok,7,1
saveas/text/New_Care_Models_Aging_Society(saveas)_stream_zlib.pdf,saveas,17,7,258211,ok,7,1
saveas/text/New_Care_Models_Aging_Society(saveas)_stream_zlib.pdf,saveas,17,7,276648,ok,7,1
saveas/text/New_Care_Models_Aging_Society(saveas)_stream_zlib.pdf,saveas,17,7,292922,ok,"4,5,6,7,8,9",1
saveas/text/New_Care_Models_Aging_Society(saveas)_stream_zlib.pdf,saveas,17,7,293719,ok,7,1
saveas/text/New_Care_Models_Aging_Society(saveas)_stream_zlib.pdf,saveas,17,7,315706,no_counterpart,-,
saveas/text/Next_Decade_Space_Exploration(saveas)_stream_zlib.pdf,saveas,23,7,626,ok,"6,7,8,9",1
saveas/text/Next_Decade_Space_Exploration(saveas)_stream_zlib.pdf,saveas,23,7,28381,ok,"7,8,9",1
saveas/text/Next_Decade_Space_Exploration(saveas)_stream_zlib.pdf,saveas,23,7,35556,ok,7,1
saveas/text/Next_Decade_Space_Exploration(saveas)_stream_zlib.pdf,saveas,23,7,50594,ok,"7,9",1
saveas/text/Next_Decade_Space_Exploration(saveas)_stream_zlib.pdf,saveas,23,7,60520,ok,"7,8,9",1
saveas/text/Next_Decade_Space_Exploration(saveas)_stream_zlib.pdf,saveas,23,7,67877,ok,7,1
saveas/text/Next_Decade_Space_Exploration(saveas)_stream_zlib.pdf,saveas,23,7,93846,ok,"3,4,5,6,7,8,9",1
saveas/text/Next_Decade_Space_Exploration(saveas)_stream_zlib.pdf,saveas,23,7,100512,ok,7,1
saveas/text/Next_Decade_Space_Exploration(saveas)_stream_zlib.pdf,saveas,23,7,117578,ok,"5,6,7,8,9",1
saveas/text/Next_Decade_Space_Exploration(saveas)_stream_zlib.pdf,saveas,23,7,197089,ok,"4,5,6,7,8,9",1
saveas/text/Next_Decade_Space_Exploration(saveas)_stream_zlib.pdf,saveas,23,7,198280,ok,7,1
saveas/text/Next_Decade_Space_Exploration(saveas)_stream_zlib.pdf,saveas,23,7,297796,ok,"4,5,6,7,8,9",1
saveas/text/Next_Decade_Space_Exploration(saveas)_stream_zlib.pdf,saveas,23,7,298526,ok,"7,8,9",1
saveas/text/Next_Decade_Space_Exploration(saveas)_stream_zlib.pdf,saveas,23,7,334000,ok,7,1
saveas/text/Next_Decade_Space_Exploration(saveas)_stream_zlib.pdf,saveas,23,7,353144,ok,"3,4,5,6,7,8,9",1
saveas/text/Next_Decade_Space_Exploration(saveas)_stream_zlib.pdf,saveas,23,7,357957,ok,"7,8,9",1
saveas/text/Next_Decade_Space_Exploration(saveas)_stream_zlib.pdf,saveas,23,7,389390,ok,7,1
saveas/text/Next_Decade_Space_Exploration(saveas)_stream_zlib.pdf,saveas,23,7,406780,ok,"7,9",1
saveas/text/Next_Decade_Space_Exploration(saveas)_stream_zlib.pdf,saveas,23,7,415267,no_counterpart,-,
saveas/text/Next_Decade_Space_Exploration(saveas)_stream_zlib.pdf,saveas,23,7,418606,ok,7,1
saveas/text/OceanQuest_Modular_Water_Leisure_Equipment_Guide(saveas)_stream_zlib.pdf,saveas,16,7,9227,ok,"7,9",1
saveas/text/OceanQuest_Modular_Water_Leisure_Equipment_Guide(saveas)_stream_zlib.pdf,saveas,16,7,19965,ok,"5,6,7,8,9",1
saveas/text/OceanQuest_Modular_Water_Leisure_Equipment_Guide(saveas)_stream_zlib.pdf,saveas,16,7,48274,ok,"6,7,8,9",1
saveas/text/OceanQuest_Modular_Water_Leisure_Equipment_Guide(saveas)_stream_zlib.pdf,saveas,16,7,53002,ok,"7,9",1
saveas/text/OceanQuest_Modular_Water_Leisure_Equipment_Guide(saveas)_stream_zlib.pdf,saveas,16,7,77562,ok,7,1
saveas/text/OceanQuest_Modular_Water_Leisure_Equipment_Guide(saveas)_stream_zlib.pdf,saveas,16,7,104235,no_counterpart,-,
saveas/text/OceanQuest_Modular_Water_Leisure_Equipment_Guide(saveas)_stream_zlib.pdf,saveas,16,7,135038,ok,7,1
saveas/text/OceanQuest_Modular_Water_Leisure_Equipment_Guide(saveas)_stream_zlib.pdf,saveas,16,7,184349,ok,"6,7,8,9",1
saveas/text/OceanQuest_Modular_Water_Leisure_Equipment_Guide(saveas)_stream_zlib.pdf,saveas,16,7,197852,ok,"6,7,8,9",1
saveas/text/OceanQuest_Modular_Water_Leisure_Equipment_Guide(saveas)_stream_zlib.pdf,saveas,16,7,213346,ok,7,1
saveas/text/OceanQuest_Modular_Water_Leisure_Equipment_Guide(saveas)_stream_zlib.pdf,saveas,16,7,226932,ok,"3,4,5,6,7,8,9",1
saveas/text/OceanQuest_Modular_Water_Leisure_Equipment_Guide(saveas)_stream_zlib.pdf,saveas,16,7,227550,ok,"7,9",1
saveas/text/OceanQuest_Modular_Water_Leisure_Equipment_Guide(saveas)_stream_zlib.pdf,saveas,16,7,233400,no_counterpart,-,
saveas/text/OceanQuest_Modular_Water_Leisure_Equipment_Guide(saveas)_stream_zlib.pdf,saveas,16,7,236738,ok,7,1
saveas/text/PetPal_Smart_PetCare_Products(saveas)_stream_zlib.pdf,saveas,30,7,653,ok,"6,7,8,9",1
saveas/text/PetPal_Smart_PetCare_Products(saveas)_stream_zlib.pdf,saveas,30,7,60150,ok,7,1
saveas/text/PetPal_Smart_PetCare_Products(saveas)_stream_zlib.pdf,saveas,30,7,66529,ok,7,1
saveas/text/PetPal_Smart_PetCare_Products(saveas)_stream_zlib.pdf,saveas,30,7,94377,ok,"2,3,4,5,6,7,8,9",1
saveas/text/PetPal_Smart_PetCare_Products(saveas)_stream_zlib.pdf,saveas,30,7,100895,ok,7,1
saveas/text/PetPal_Smart_PetCare_Products(saveas)_stream_zlib.pdf,saveas,30,7,124572,ok,"2,3,4,5,6,7,8,9",1
saveas/text/PetPal_Smart_PetCare_Products(saveas)_stream_zlib.pdf,saveas,30,7,148195,ok,7,1
saveas/text/PetPal_Smart_PetCare_Products(saveas)_stream_zlib.pdf,saveas,30,7,193800,ok,"5,6,7,8,9",1
saveas/text/PetPal_Smart_PetCare_Products(saveas)_stream_zlib.pdf,saveas,30,7,195015,ok,7,1
saveas/text/PetPal_Smart_PetCare_Products(saveas)_stream_zlib.pdf,saveas,30,7,247174,ok,"3,4,5,6,7,8,9",1
saveas/text/PetPal_Smart_PetCare_Products(saveas)_stream_zlib.pdf,saveas,30,7,277006,ok,"7,8,9",1
saveas/text/PetPal_Smart_PetCare_Products(saveas)_stream_zlib.pdf,saveas,30,7,284410,ok,"7,9",1
saveas/text/PetPal_Smart_PetCare_Products(saveas)_stream_zlib.pdf,saveas,30,7,311260,ok,7,1
saveas/text/PetPal_Smart_PetCare_Products(saveas)_stream_zlib.pdf,saveas,30,7,355278,ok,7,1
saveas/text/PetPal_Smart_PetCare_Products(saveas)_stream_zlib.pdf,saveas,30,7,366803,ok,"4,5,6,7,8,9",1
saveas/text/PetPal_Smart_PetCare_Products(saveas)_stream_zlib.pdf,saveas,30,7,384614,ok,"7,9",1
saveas/text/PetPal_Smart_PetCare_Products(saveas)_stream_zlib.pdf,saveas,30,7,393255,no_counterpart,-,
saveas/text/PetPal_Smart_PetCare_Products(saveas)_stream_zlib.pdf,saveas,30,7,396594,ok,"7,9",1
saveas/text/Quantum_Computing_Race(saveas)_stream_zlib.pdf,saveas,24,7,616,ok,"6,7,8",1
saveas/text/Quantum_Computing_Race(saveas)_stream_zlib.pdf,saveas,24,7,24801,ok,"7,8,9",1
saveas/text/Quantum_Computing_Race(saveas)_stream_zlib.pdf,saveas,24,7,37567,ok,"7,8,9",1
saveas/text/Quantum_Computing_Race(saveas)_stream_zlib.pdf,saveas,24,7,72605,ok,7,1
saveas/text/Quantum_Computing_Race(saveas)_stream_zlib.pdf,saveas,24,7,98894,ok,7,1
saveas/text/Quantum_Computing_Race(saveas)_stream_zlib.pdf,saveas,24,7,111428,ok,7,1
saveas/text/Quantum_Computing_Race(saveas)_stream_zlib.pdf,saveas,24,7,121882,ok,"3,4,5,6,7,8,9",1
saveas/text/Quantum_Computing_Race(saveas)_stream_zlib.pdf,saveas,24,7,181430,ok,"5,6,7,8,9",1
saveas/text/Quantum_Computing_Race(saveas)_stream_zlib.pdf,saveas,24,7,182614,ok,7,1
saveas/text/Quantum_Computing_Race(saveas)_stream_zlib.pdf,saveas,24,7,211230,ok,"3,4,5,6,7,8,9",1
saveas/text/Quantum_Computing_Race(saveas)_stream_zlib.pdf,saveas,24,7,211743,ok,"7,8,9",1
saveas/text/Quantum_Computing_Race(saveas)_stream_zlib.pdf,saveas,24,7,275472,ok,7,1
saveas/text/Quantum_Computing_Race(saveas)_stream_zlib.pdf,saveas,24,7,284307,ok,"7,8,9",1
saveas/text/Quantum_Computing_Race(saveas)_stream_zlib.pdf,saveas,24,7,288052,ok,"7,8,9",1
saveas/text/Quantum_Computing_Race(saveas)_stream_zlib.pdf,saveas,24,7,297560,ok,"3,4,5,6,7,8,9",1
saveas/text/Quantum_Computing_Race(saveas)_stream_zlib.pdf,saveas,24,7,319533,ok,7,1
saveas/text/Quantum_Computing_Race(saveas)_stream_zlib.pdf,saveas,24,7,343104,ok,"7,8,9",1
saveas/text/Quantum_Computing_Race(saveas)_stream_zlib.pdf,saveas,24,7,366688,ok,"4,5,6,7,8,9",1
saveas/text/Quantum_Computing_Race(saveas)_stream_zlib.pdf,saveas,24,7,374731,no_counterpart,-,
saveas/text/Quantum_Computing_Race(saveas)_stream_zlib.pdf,saveas,24,7,378070,ok,7,1
saveas/text/Robots_Automation_Future_Work(saveas)_stream_zlib.pdf,saveas,31,7,616,ok,"5,6,7,8,9",1
saveas/text/Robots_Automation_Future_Work(saveas)_stream_zlib.pdf,saveas,31,7,49485,ok,"7,9",1
saveas/text/Robots_Automation_Future_Work(saveas)_stream_zlib.pdf,saveas,31,7,125448,ok,"3,4,5,6,7,8,9",1
saveas/text/Robots_Automation_Future_Work(saveas)_stream_zlib.pdf,saveas,31,7,137341,ok,"5,6,7,8,9",1
saveas/text/Robots_Automation_Future_Work(saveas)_stream_zlib.pdf,saveas,31,7,276112,ok,7,1
saveas/text/Robots_Automation_Future_Work(saveas)_stream_zlib.pdf,saveas,31,7,303138,ok,"7,9",1
saveas/text/Robots_Automation_Future_Work(saveas)_stream_zlib.pdf,saveas,31,7,339062,ok,7,1
saveas/text/Robots_Automation_Future_Work(saveas)_stream_zlib.pdf,saveas,31,7,345440,ok,"6,7,8,9",1
saveas/text/Robots_Automation_Future_Work(saveas)_stream_zlib.pdf,saveas,31,7,370356,ok,7,1
saveas/text/Robots_Automation_Future_Work(saveas)_stream_zlib.pdf,saveas,31,7,382808,ok,"4,5,6,7,8,9",1
saveas/text/Robots_Automation_Future_Work(saveas)_stream_zlib.pdf,saveas,31,7,391018,no_counterpart,-,
saveas/text/Robots_Automation_Future_Work(saveas)_stream_zlib.pdf,saveas,31,7,394357,ok,"7,8,9",1
saveas/text/Security_Breach_Investigation_Report(saveas)_stream_zlib.pdf,saveas,27,7,627,ok,"6,7,8",1
saveas/text/Security_Breach_Investigation_Report(saveas)_stream_zlib.pdf,saveas,27,7,26309,ok,"7,8,9",1
saveas/text/Security_Breach_Investigation_Report(saveas)_stream_zlib.pdf,saveas,27,7,57395,ok,7,1
saveas/text/Security_Breach_Investigation_Report(saveas)_stream_zlib.pdf,saveas,27,7,72246,ok,"2,3,4,5,6,7,8,9",1
saveas/text/Security_Breach_Investigation_Report(saveas)_stream_zlib.pdf,saveas,27,7,77011,ok,7,1
saveas/text/Security_Breach_Investigation_Report(saveas)_stream_zlib.pdf,saveas,27,7,103321,ok,7,1
saveas/text/Security_Breach_Investigation_Report(saveas)_stream_zlib.pdf,saveas,27,7,114720,ok,7,1
saveas/text/Security_Breach_Investigation_Report(saveas)_stream_zlib.pdf,saveas,27,7,189518,ok,7,1
saveas/text/Security_Breach_Investigation_Report(saveas)_stream_zlib.pdf,saveas,27,7,219136,ok,7,1
saveas/text/Security_Breach_Investigation_Report(saveas)_stream_zlib.pdf,saveas,27,7,237859,ok,"3,4,5,6,7,8,9",1
saveas/text/Security_Breach_Investigation_Report(saveas)_stream_zlib.pdf,saveas,27,7,244400,ok,"3,4,5,6,7,8,9",1
saveas/text/Security_Breach_Investigation_Report(saveas)_stream_zlib.pdf,saveas,27,7,277772,ok,7,1
saveas/text/Security_Breach_Investigation_Report(saveas)_stream_zlib.pdf,saveas,27,7,299884,ok,"2,3,4,5,6,7,8,9",1
saveas/text/Security_Breach_Investigation_Report(saveas)_stream_zlib.pdf,saveas,27,7,300201,ok,7,1
saveas/text/Security_Breach_Investigation_Report(saveas)_stream_zlib.pdf,saveas,27,7,309564,ok,7,1
saveas/text/Security_Breach_Investigation_Report(saveas)_stream_zlib.pdf,saveas,27,7,320282,ok,7,1
saveas/text/Security_Breach_Investigation_Report(saveas)_stream_zlib.pdf,saveas,27,7,357516,ok,"7,8,9",1
saveas/text/Security_Breach_Investigation_Report(saveas)_stream_zlib.pdf,saveas,27,7,364221,ok,7,1
saveas/text/Security_Breach_Investigation_Report(saveas)_stream_zlib.pdf,saveas,27,7,387699,ok,7,1
saveas/text/Security_Breach_Investigation_Report(saveas)_stream_zlib.pdf,saveas,27,7,402722,ok,7,1
saveas/text/Security_Breach_Investigation_Report(saveas)_stream_zlib.pdf,saveas,27,7,424452,ok,7,1
saveas/text/Security_Breach_Investigation_Report(saveas)_stream_zlib.pdf,saveas,27,7,439557,no_counterpart,-,
saveas/text/SkyGarden_Indoor_Vertical_Garden_Solutions(saveas)_stream_zlib.pdf,saveas,23,7,653,ok,"5,6,7,8,9",1
saveas/text/SkyGarden_Indoor_Vertical_Garden_Solutions(saveas)_stream_zlib.pdf,saveas,23,7,28650,ok,"6,7,8,9",1
saveas/text/SkyGarden_Indoor_Vertical_Garden_Solutions(saveas)_stream_zlib.pdf,saveas,23,7,34885,ok,"7,8,9",1
saveas/text/SkyGarden_Indoor_Vertical_Garden_Solutions(saveas)_stream_zlib.pdf,saveas,23,7,50528,ok,"7,9",1
saveas/text/SkyGarden_Indoor_Vertical_Garden_Solutions(saveas)_stream_zlib.pdf,saveas,23,7,86704,ok,7,1
saveas/text/SkyGarden_Indoor_Vertical_Garden_Solutions(saveas)_stream_zlib.pdf,saveas,23,7,113879,ok,"2,3,4,5,6,7,8,9",1
saveas/text/SkyGarden_Indoor_Vertical_Garden_Solutions(saveas)_stream_zlib.pdf,saveas,23,7,137506,ok,"2,3,4,5,6,7,8,9",1
saveas/text/SkyGarden_Indoor_Vertical_Garden_Solutions(saveas)_stream_zlib.pdf,saveas,23,7,137824,ok,"7,8",1
saveas/text/SkyGarden_Indoor_Vertical_Garden_Solutions(saveas)_stream_zlib.pdf,saveas,23,7,144024,ok,7,1
saveas/text/SkyGarden_Indoor_Vertical_Garden_Solutions(saveas)_stream_zlib.pdf,saveas,23,7,193799,ok,7,1
saveas/text/SkyGarden_Indoor_Vertical_Garden_Solutions(saveas)_stream_zlib.pdf,saveas,23,7,231080,ok,7,1
saveas/text/SkyGarden_Indoor_Vertical_Garden_Solutions(saveas)_stream_zlib.pdf,saveas,23,7,260600,ok,7,1
saveas/text/SkyGarden_Indoor_Vertical_Garden_Solutions(saveas)_stream_zlib.pdf,saveas,23,7,270143,ok,"4,5,6,7,8,9",1
saveas/text/SkyGarden_Indoor_Vertical_Garden_Solutions(saveas)_stream_zlib.pdf,saveas,23,7,310804,ok,7,1
saveas/text/SkyGarden_Indoor_Vertical_Garden_Solutions(saveas)_stream_zlib.pdf,saveas,23,7,335852,ok,"7,9",1
saveas/text/SkyGarden_Indoor_Vertical_Garden_Solutions(saveas)_stream_zlib.pdf,saveas,23,7,341947,ok,"7,8,9",1
saveas/text/SkyGarden_Indoor_Vertical_Garden_Solutions(saveas)_stream_zlib.pdf,saveas,23,7,360717,ok,7,1
saveas/text/SkyGarden_Indoor_Vertical_Garden_Solutions(saveas)_stream_zlib.pdf,saveas,23,7,372944,ok,"7,9",1
saveas/text/SkyGarden_Indoor_Vertical_Garden_Solutions(saveas)_stream_zlib.pdf,saveas,23,7,378442,ok,"7,9",1
saveas/text/SkyGarden_Indoor_Vertical_Garden_Solutions(saveas)_stream_zlib.pdf,saveas,23,7,382942,ok,7,1
saveas/text/SkyGarden_Indoor_Vertical_Garden_Solutions(saveas)_stream_zlib.pdf,saveas,23,7,407578,ok,"3,4,5,6,7,8,9",1
saveas/text/SkyGarden_Indoor_Vertical_Garden_Solutions(saveas)_stream_zlib.pdf,saveas,23,7,420989,no_counterpart,-,
saveas/text/SkyGarden_Indoor_Vertical_Garden_Solutions(saveas)_stream_zlib.pdf,saveas,23,7,424328,ok,"7,8",1
saveas/text/Sustainable_Fashion_Innovation(saveas)_stream_zlib.pdf,saveas,25,7,30893,ok,"6,7,8,9",1
saveas/text/Sustainable_Fashion_Innovation(saveas)_stream_zlib.pdf,saveas,25,7,49640,ok,"6,7,8,9",1
saveas/text/Sustainable_Fashion_Innovation(saveas)_stream_zlib.pdf,saveas,25,7,54141,ok,"7,9",1
saveas/text/Sustainable_Fashion_Innovation(saveas)_stream_zlib.pdf,saveas,25,7,60139,ok,"7,9",1
saveas/text/Sustainable_Fashion_Innovation(saveas)_stream_zlib.pdf,saveas,25,7,67187,ok,7,1
saveas/text/Sustainable_Fashion_Innovation(saveas)_stream_zlib.pdf,saveas,25,7,84501,ok,"3,4,5,6,7,8,9",1
saveas/text/Sustainable_Fashion_Innovation(saveas)_stream_zlib.pdf,saveas,25,7,131162,ok,7,1
saveas/text/Sustainable_Fashion_Innovation(saveas)_stream_zlib.pdf,saveas,25,7,147936,ok,7,1
saveas/text/Sustainable_Fashion_Innovation(saveas)_stream_zlib.pdf,saveas,25,7,179833,no_counterpart,-,
saveas/text/Sustainable_Fashion_Innovation(saveas)_stream_zlib.pdf,saveas,25,7,269542,ok,"7,8,9",1
saveas/text/Sustainable_Fashion_Innovation(saveas)_stream_zlib.pdf,saveas,25,7,291520,ok,"3,4,5,6,7,8,9",1
saveas/text/Sustainable_Fashion_Innovation(saveas)_stream_zlib.pdf,saveas,25,7,292062,ok,7,1
saveas/text/Sustainable_Fashion_Innovation(saveas)_stream_zlib.pdf,saveas,25,7,323679,ok,7,1
saveas/text/Sustainable_Fashion_Innovation(saveas)_stream_zlib.pdf,saveas,25,7,339633,no_counterpart,-,
saveas/text/Sustainable_Fashion_Innovation(saveas)_stream_zlib.pdf,saveas,25,7,342972,ok,"7,9",1
saveas/text/UrbanRide_Electric_Bike_Scooter_Series(saveas)_stream_zlib.pdf,saveas,29,7,663,ok,"7,8,9",1
saveas/text/UrbanRide_Electric_Bike_Scooter_Series(saveas)_stream_zlib.pdf,saveas,29,7,32161,ok,"6,7,8",1
saveas/text/UrbanRide_Electric_Bike_Scooter_Series(saveas)_stream_zlib.pdf,saveas,29,7,61174,ok,7,1
saveas/text/UrbanRide_Electric_Bike_Scooter_Series(saveas)_stream_zlib.pdf,saveas,29,7,67880,ok,"6,7,9",1
saveas/text/UrbanRide_Electric_Bike_Scooter_Series(saveas)_stream_zlib.pdf,saveas,29,7,82341,ok,7,1
saveas/text/UrbanRide_Electric_Bike_Scooter_Series(saveas)_stream_zlib.pdf,saveas,29,7,106033,ok,"7,8",1
saveas/text/UrbanRide_Electric_Bike_Scooter_Series(saveas)_stream_zlib.pdf,saveas,29,7,112233,ok,7,1
saveas/text/UrbanRide_Electric_Bike_Scooter_Series(saveas)_stream_zlib.pdf,saveas,29,7,170109,ok,7,1
saveas/text/UrbanRide_Electric_Bike_Scooter_Series(saveas)_stream_zlib.pdf,saveas,29,7,181169,ok,7,1
saveas/text/UrbanRide_Electric_Bike_Scooter_Series(saveas)_stream_zlib.pdf,saveas,29,7,211713,ok,7,1
saveas/text/UrbanRide_Electric_Bike_Scooter_Series(saveas)_stream_zlib.pdf,saveas,29,7,258892,ok,"7,9",1
saveas/text/UrbanRide_Electric_Bike_Scooter_Series(saveas)_stream_zlib.pdf,saveas,29,7,303922,ok,7,1
saveas/text/UrbanRide_Electric_Bike_Scooter_Series(saveas)_stream_zlib.pdf,saveas,29,7,313859,ok,7,1
saveas/text/UrbanRide_Electric_Bike_Scooter_Series(saveas)_stream_zlib.pdf,saveas,29,7,323308,ok,"3,4,5,6,7,8,9",1
saveas/text/UrbanRide_Electric_Bike_Scooter_Series(saveas)_stream_zlib.pdf,saveas,29,7,323834,ok,7,1
saveas/text/UrbanRide_Electric_Bike_Scooter_Series(saveas)_stream_zlib.pdf,saveas,29,7,338489,ok,"7,9",1
saveas/text/UrbanRide_Electric_Bike_Scooter_Series(saveas)_stream_zlib.pdf,saveas,29,7,368576,ok,"3,4,5,6,7,8,9",1
saveas/text/UrbanRide_Electric_Bike_Scooter_Series(saveas)_stream_zlib.pdf,saveas,29,7,388359,no_counterpart,-,
saveas/text/UrbanRide_Electric_Bike_Scooter_Series(saveas)_stream_zlib.pdf,saveas,29,7,391698,ok,"7,9",1
saveas/text/Urban_Fine_Particulate_Matter(saveas)_stream_zlib.pdf,saveas,27,7,52189,ok,7,1
saveas/text/Urban_Fine_Particulate_Matter(saveas)_stream_zlib.pdf,saveas,27,7,57993,ok,7,1
saveas/text/Urban_Fine_Particulate_Matter(saveas)_stream_zlib.pdf,saveas,27,7,63419,ok,7,1
saveas/text/Urban_Fine_Particulate_Matter(saveas)_stream_zlib.pdf,saveas,27,7,80425,ok,7,1
saveas/text/Urban_Fine_Particulate_Matter(saveas)_stream_zlib.pdf,saveas,27,7,127191,ok,"3,4,5,6,7,8,9",1
saveas/text/Urban_Fine_Particulate_Matter(saveas)_stream_zlib.pdf,saveas,27,7,127652,ok,7,1
saveas/text/Urban_Fine_Particulate_Matter(saveas)_stream_zlib.pdf,saveas,27,7,144644,ok,7,1
saveas/text/Urban_Fine_Particulate_Matter(saveas)_stream_zlib.pdf,saveas,27,7,267150,ok,"7,8",1
saveas/text/Urban_Fine_Particulate_Matter(saveas)_stream_zlib.pdf,saveas,27,7,275601,ok,"4,5,6,7,8,9",1
saveas/text/Urban_Fine_Particulate_Matter(saveas)_stream_zlib.pdf,saveas,27,7,276337,ok,7,1
saveas/text/Urban_Fine_Particulate_Matter(saveas)_stream_zlib.pdf,saveas,27,7,288181,ok,"3,4,5,6,7,8,9",1
saveas/text/Urban_Fine_Particulate_Matter(saveas)_stream_zlib.pdf,saveas,27,7,324883,ok,"7,9",1
saveas/text/Urban_Fine_Particulate_Matter(saveas)_stream_zlib.pdf,saveas,27,7,331111,ok,7,1
saveas/text/Urban_Fine_Particulate_Matter(saveas)_stream_zlib.pdf,saveas,27,7,341425,ok,"6,7,8,9",1
saveas/text/Urban_Fine_Particulate_Matter(saveas)_stream_zlib.pdf,saveas,27,7,379637,ok,7,1
saveas/text/Urban_Fine_Particulate_Matter(saveas)_stream_zlib.pdf,saveas,27,7,416615,no_counterpart,-,
saveas/text/Urban_Fine_Particulate_Matter(saveas)_stream_zlib.pdf,saveas,27,7,419954,ok,"7,9",1
saveas/text/ai_ethics_responsible_use_guidelines_multilang(saveas)_stream_zlib.pdf,saveas,26,7,27296,ok,"7,9",1
saveas/text/ai_ethics_responsible_use_guidelines_multilang(saveas)_stream_zlib.pdf,saveas,26,7,56231,ok,7,1
saveas/text/ai_ethics_responsible_use_guidelines_multilang(saveas)_stream_zlib.pdf,saveas,26,7,66586,ok,"7,8,9",1
saveas/text/ai_ethics_responsible_use_guidelines_multilang(saveas)_stream_zlib.pdf,saveas,26,7,86502,ok,7,1
saveas/text/ai_ethics_responsible_use_guidelines_multilang(saveas)_stream_zlib.pdf,saveas,26,7,112471,ok,"3,4,5,6,7,8,9",1
saveas/text/ai_ethics_responsible_use_guidelines_multilang(saveas)_stream_zlib.pdf,saveas,26,7,112906,ok,7,1
saveas/text/ai_ethics_responsible_use_guidelines_multilang(saveas)_stream_zlib.pdf,saveas,26,7,132985,ok,"4,5,6,7,8,9",1
saveas/text/ai_ethics_responsible_use_guidelines_multilang(saveas)_stream_zlib.pdf,saveas,26,7,252364,ok,"7,9",1
saveas/text/ai_ethics_responsible_use_guidelines_multilang(saveas)_stream_zlib.pdf,saveas,26,7,259165,ok,7,1
saveas/text/ai_ethics_responsible_use_guidelines_multilang(saveas)_stream_zlib.pdf,saveas,26,7,294673,ok,7,1
saveas/text/ai_ethics_responsible_use_guidelines_multilang(saveas)_stream_zlib.pdf,saveas,26,7,303574,ok,"6,7,8,9",1
saveas/text/ai_ethics_responsible_use_guidelines_multilang(saveas)_stream_zlib.pdf,saveas,26,7,308027,ok,"3,4,5,6,7,8,9",1
saveas/text/ai_ethics_responsible_use_guidelines_multilang(saveas)_stream_zlib.pdf,saveas,26,7,319463,ok,"7,8,9",1
saveas/text/ai_ethics_responsible_use_guidelines_multilang(saveas)_stream_zlib.pdf,saveas,26,7,326635,ok,7,1
saveas/text/ai_ethics_responsible_use_guidelines_multilang(saveas)_stream_zlib.pdf,saveas,26,7,349710,ok,"3,4,5,6,7,8,9",1
saveas/text/ai_ethics_responsible_use_guidelines_multilang(saveas)_stream_zlib.pdf,saveas,26,7,350235,ok,"7,8",1
saveas/text/ai_ethics_responsible_use_guidelines_multilang(saveas)_stream_zlib.pdf,saveas,26,7,394295,no_counterpart,-,
saveas/text/climate_crisis_preparedness_community_action_guidelines_multilang(saveas)_stream_zlib.pdf,saveas,21,7,606,ok,"5,6,7,9",1
saveas/text/climate_crisis_preparedness_community_action_guidelines_multilang(saveas)_stream_zlib.pdf,saveas,21,7,24385,ok,"6,7,8,9",1
saveas/text/climate_crisis_preparedness_community_action_guidelines_multilang(saveas)_stream_zlib.pdf,saveas,21,7,29368,ok,"7,8,9",1
saveas/text/climate_crisis_preparedness_community_action_guidelines_multilang(saveas)_stream_zlib.pdf,saveas,21,7,37329,ok,"7,8,9",1
saveas/text/climate_crisis_preparedness_community_action_guidelines_multilang(saveas)_stream_zlib.pdf,saveas,21,7,64300,ok,7,1
saveas/text/climate_crisis_preparedness_community_action_guidelines_multilang(saveas)_stream_zlib.pdf,saveas,21,7,76156,ok,7,1
saveas/text/climate_crisis_preparedness_community_action_guidelines_multilang(saveas)_stream_zlib.pdf,saveas,21,7,93399,ok,7,1
saveas/text/climate_crisis_preparedness_community_action_guidelines_multilang(saveas)_stream_zlib.pdf,saveas,21,7,105720,ok,7,1
saveas/text/climate_crisis_preparedness_community_action_guidelines_multilang(saveas)_stream_zlib.pdf,saveas,21,7,131689,ok,"3,4,5,6,7,8,9",1
saveas/text/climate_crisis_preparedness_community_action_guidelines_multilang(saveas)_stream_zlib.pdf,saveas,21,7,138736,ok,"4,5,6,7,8,9",1
saveas/text/climate_crisis_preparedness_community_action_guidelines_multilang(saveas)_stream_zlib.pdf,saveas,21,7,222390,ok,"7,8",1
saveas/text/climate_crisis_preparedness_community_action_guidelines_multilang(saveas)_stream_zlib.pdf,saveas,21,7,231994,ok,7,1
saveas/text/climate_crisis_preparedness_community_action_guidelines_multilang(saveas)_stream_zlib.pdf,saveas,21,7,253028,ok,"4,5,6,7,8,9",1
saveas/text/climate_crisis_preparedness_community_action_guidelines_multilang(saveas)_stream_zlib.pdf,saveas,21,7,253789,ok,7,1
saveas/text/climate_crisis_preparedness_community_action_guidelines_multilang(saveas)_stream_zlib.pdf,saveas,21,7,274442,ok,7,1
saveas/text/climate_crisis_preparedness_community_action_guidelines_multilang(saveas)_stream_zlib.pdf,saveas,21,7,293063,ok,"3,4,5,6,7,8,9",1
saveas/text/climate_crisis_preparedness_community_action_guidelines_multilang(saveas)_stream_zlib.pdf,saveas,21,7,307441,ok,"7,8,9",1
saveas/text/climate_crisis_preparedness_community_action_guidelines_multilang(saveas)_stream_zlib.pdf,saveas,21,7,317852,ok,"3,4,5,6,7,8,9",1
saveas/text/climate_crisis_preparedness_community_action_guidelines_multilang(saveas)_stream_zlib.pdf,saveas,21,7,330236,ok,"3,4,5,6,7,8,9",1
saveas/text/climate_crisis_preparedness_community_action_guidelines_multilang(saveas)_stream_zlib.pdf,saveas,21,7,330870,ok,"7,8",1
saveas/text/climate_crisis_preparedness_community_action_guidelines_multilang(saveas)_stream_zlib.pdf,saveas,21,7,341431,ok,7,1
saveas/text/climate_crisis_preparedness_community_action_guidelines_multilang(saveas)_stream_zlib.pdf,saveas,21,7,357637,no_counterpart,-,
saveas/text/confidential_doc_leak_collusion_investigation(saveas)_stream_zlib.pdf,saveas,28,7,7324,ok,"5,6,7,8,9",1
saveas/text/confidential_doc_leak_collusion_investigation(saveas)_stream_zlib.pdf,saveas,28,7,56985,ok,"2,3,4,5,6,7,8,9",1
saveas/text/confidential_doc_leak_collusion_investigation(saveas)_stream_zlib.pdf,saveas,28,7,62478,ok,7,1
saveas/text/confidential_doc_leak_collusion_investigation(saveas)_stream_zlib.pdf,saveas,28,7,125733,ok,"3,4,5,6,7,8,9",1
saveas/text/confidential_doc_leak_collusion_investigation(saveas)_stream_zlib.pdf,saveas,28,7,139377,ok,"4,5,6,7,8,9",1
saveas/text/confidential_doc_leak_collusion_investigation(saveas)_stream_zlib.pdf,saveas,28,7,166778,ok,7,1
saveas/text/confidential_doc_leak_collusion_investigation(saveas)_stream_zlib.pdf,saveas,28,7,194343,ok,"3,4,5,6,7,8,9",1
saveas/text/confidential_doc_leak_collusion_investigation(saveas)_stream_zlib.pdf,saveas,28,7,205086,ok,"4,5,6,7,8,9",1
saveas/text/confidential_doc_leak_collusion_investigation(saveas)_stream_zlib.pdf,saveas,28,7,214928,ok,"3,4,5,6,7,8,9",1
saveas/text/confidential_doc_leak_collusion_investigation(saveas)_stream_zlib.pdf,saveas,28,7,231391,ok,7,1
saveas/text/confidential_doc_leak_collusion_investigation(saveas)_stream_zlib.pdf,saveas,28,7,246382,ok,"3,4,5,6,7,8,9",1
saveas/text/confidential_doc_leak_collusion_investigation(saveas)_stream_zlib.pdf,saveas,28,7,246866,ok,7,1
saveas/text/confidential_doc_leak_collusion_investigation(saveas)_stream_zlib.pdf,saveas,28,7,253778,ok,"3,4,5,6,7,8,9",1
saveas/text/confidential_doc_leak_collusion_investigation(saveas)_stream_zlib.pdf,saveas,28,7,254341,ok,7,1
saveas/text/confidential_doc_leak_collusion_investigation(saveas)_stream_zlib.pdf,saveas,28,7,268999,ok,"7,8,9",1
saveas/text/confidential_doc_leak_collusion_investigation(saveas)_stream_zlib.pdf,saveas,28,7,275208,ok,7,1
saveas/text/confidential_doc_leak_collusion_investigation(saveas)_stream_zlib.pdf,saveas,28,7,288568,ok,"4,5,6,7,8,9",1
saveas/text/confidential_doc_leak_collusion_investigation(saveas)_stream_zlib.pdf,saveas,28,7,313726,ok,7,1
saveas/text/confidential_doc_leak_collusion_investigation(saveas)_stream_zlib.pdf,saveas,28,7,325639,no_counterpart,-,
saveas/text/confidential_doc_leak_collusion_investigation(saveas)_stream_zlib.pdf,saveas,28,7,328978,ok,"7,9",1
saveas/text/digital_data_security_guidelines(saveas)_stream_zlib.pdf,saveas,26,7,606,ok,"5,7,8,9",1
saveas/text/digital_data_security_guidelines(saveas)_stream_zlib.pdf,saveas,26,7,11091,ok,"7,8,9",1
saveas/text/digital_data_security_guidelines(saveas)_stream_zlib.pdf,saveas,26,7,23231,ok,"5,6,7,8,9",1
saveas/text/digital_data_security_guidelines(saveas)_stream_zlib.pdf,saveas,26,7,28017,ok,"6,7,8,9",1
saveas/text/digital_data_security_guidelines(saveas)_stream_zlib.pdf,saveas,26,7,50123,ok,"7,9",1
saveas/text/digital_data_security_guidelines(saveas)_stream_zlib.pdf,saveas,26,7,63867,ok,7,1
saveas/text/digital_data_security_guidelines(saveas)_stream_zlib.pdf,saveas,26,7,115879,ok,"7,8,9",1
saveas/text/digital_data_security_guidelines(saveas)_stream_zlib.pdf,saveas,26,7,148636,ok,"5,6,7,8,9",1
saveas/text/digital_data_security_guidelines(saveas)_stream_zlib.pdf,saveas,26,7,235387,ok,7,1
saveas/text/digital_data_security_guidelines(saveas)_stream_zlib.pdf,saveas,26,7,262002,ok,7,1
saveas/text/digital_data_security_guidelines(saveas)_stream_zlib.pdf,saveas,26,7,319806,ok,"6,7,8,9",1
saveas/text/digital_data_security_guidelines(saveas)_stream_zlib.pdf,saveas,26,7,323399,ok,7,1
saveas/text/digital_data_security_guidelines(saveas)_stream_zlib.pdf,saveas,26,7,340086,ok,7,1
saveas/text/digital_data_security_guidelines(saveas)_stream_zlib.pdf,saveas,26,7,352999,ok,"3,4,5,6,7,8,9",1
saveas/text/digital_data_security_guidelines(saveas)_stream_zlib.pdf,saveas,26,7,353639,ok,7,1
saveas/text/digital_data_security_guidelines(saveas)_stream_zlib.pdf,saveas,26,7,370205,ok,7,1
saveas/text/digital_data_security_guidelines(saveas)_stream_zlib.pdf,saveas,26,7,387763,no_counterpart,-,
saveas/text/educational_technology_elearning_safety_guidelines_multilang(saveas)_stream_zlib.pdf,saveas,30,7,596,ok,"6,7,8,9",1
saveas/text/educational_technology_elearning_safety_guidelines_multilang(saveas)_stream_zlib.pdf,saveas,30,7,52107,ok,"7,8,9",1
saveas/text/educational_technology_elearning_safety_guidelines_multilang(saveas)_stream_zlib.pdf,saveas,30,7,57940,ok,"6,7,8,9",1
saveas/text/educational_technology_elearning_safety_guidelines_multilang(saveas)_stream_zlib.pdf,saveas,30,7,62563,ok,7,1
saveas/text/educational_technology_elearning_safety_guidelines_multilang(saveas)_stream_zlib.pdf,saveas,30,7,83906,ok,"7,9",1
saveas/text/educational_technology_elearning_safety_guidelines_multilang(saveas)_stream_zlib.pdf,saveas,30,7,99570,ok,"3,4,5,6,7,8,9",1
saveas/text/educational_technology_elearning_safety_guidelines_multilang(saveas)_stream_zlib.pdf,saveas,30,7,121587,ok,"5,6,7,8,9",1
saveas/text/educational_technology_elearning_safety_guidelines_multilang(saveas)_stream_zlib.pdf,saveas,30,7,276941,ok,"7,8,9",1
saveas/text/educational_technology_elearning_safety_guidelines_multilang(saveas)_stream_zlib.pdf,saveas,30,7,338949,ok,"7,9",1
saveas/text/educational_technology_elearning_safety_guidelines_multilang(saveas)_stream_zlib.pdf,saveas,30,7,343404,ok,"6,7,8,9",1
saveas/text/educational_technology_elearning_safety_guidelines_multilang(saveas)_stream_zlib.pdf,saveas,30,7,374187,ok,"4,5,6,7,8,9",1
saveas/text/educational_technology_elearning_safety_guidelines_multilang(saveas)_stream_zlib.pdf,saveas,30,7,374987,ok,7,1
saveas/text/educational_technology_elearning_safety_guidelines_multilang(saveas)_stream_zlib.pdf,saveas,30,7,400411,no_counterpart,-,
saveas/text/global_cloud_datacenter_cooling_failure_report(saveas)_stream_zlib.pdf,saveas,33,7,73079,ok,"7,8",1
saveas/text/global_cloud_datacenter_cooling_failure_report(saveas)_stream_zlib.pdf,saveas,33,7,103179,ok,7,1
saveas/text/global_cloud_datacenter_cooling_failure_report(saveas)_stream_zlib.pdf,saveas,33,7,160047,ok,"4,5,6,7,8,9",1
saveas/text/global_cloud_datacenter_cooling_failure_report(saveas)_stream_zlib.pdf,saveas,33,7,194207,ok,7,1
saveas/text/global_cloud_datacenter_cooling_failure_report(saveas)_stream_zlib.pdf,saveas,33,7,254817,ok,7,1
saveas/text/global_cloud_datacenter_cooling_failure_report(saveas)_stream_zlib.pdf,saveas,33,7,269942,ok,"6,7,8,9",1
saveas/text/global_cloud_datacenter_cooling_failure_report(saveas)_stream_zlib.pdf,saveas,33,7,281329,no_counterpart,-,
saveas/text/global_cloud_datacenter_cooling_failure_report(saveas)_stream_zlib.pdf,saveas,33,7,292203,ok,"3,4,5,6,7,8,9",1
saveas/text/global_cloud_datacenter_cooling_failure_report(saveas)_stream_zlib.pdf,saveas,33,7,314405,ok,7,1
saveas/text/global_cloud_datacenter_cooling_failure_report(saveas)_stream_zlib.pdf,saveas,33,7,329007,ok,7,1
saveas/text/global_cloud_datacenter_cooling_failure_report(saveas)_stream_zlib.pdf,saveas,33,7,347287,ok,7,1
saveas/text/global_cloud_datacenter_cooling_failure_report(saveas)_stream_zlib.pdf,saveas,33,7,362216,no_counterpart,-,
saveas/text/global_cloud_datacenter_cooling_failure_report(saveas)_stream_zlib.pdf,saveas,33,7,365555,ok,"7,9",1
saveas/text/green_energy_sustainable_living_guidelines_multilang(saveas)_stream_zlib.pdf,saveas,23,7,26167,ok,"6,7,8,9",1
saveas/text/green_energy_sustainable_living_guidelines_multilang(saveas)_stream_zlib.pdf,saveas,23,7,43166,ok,"7,9",1
saveas/text/green_energy_sustainable_living_guidelines_multilang(saveas)_stream_zlib.pdf,saveas,23,7,47914,ok,"7,9",1
saveas/text/green_energy_sustainable_living_guidelines_multilang(saveas)_stream_zlib.pdf,saveas,23,7,53781,ok,"7,9",1
saveas/text/green_energy_sustainable_living_guidelines_multilang(saveas)_stream_zlib.pdf,saveas,23,7,97908,ok,7,1
saveas/text/green_energy_sustainable_living_guidelines_multilang(saveas)_stream_zlib.pdf,saveas,23,7,117683,ok,"3,4,5,6,7,8,9",1
saveas/text/green_energy_sustainable_living_guidelines_multilang(saveas)_stream_zlib.pdf,saveas,23,7,118083,ok,7,1
saveas/text/green_energy_sustainable_living_guidelines_multilang(saveas)_stream_zlib.pdf,saveas,23,7,163224,ok,7,1
saveas/text/green_energy_sustainable_living_guidelines_multilang(saveas)_stream_zlib.pdf,saveas,23,7,206005,ok,"7,8,9",1
saveas/text/green_energy_sustainable_living_guidelines_multilang(saveas)_stream_zlib.pdf,saveas,23,7,213873,ok,7,1
saveas/text/green_energy_sustainable_living_guidelines_multilang(saveas)_stream_zlib.pdf,saveas,23,7,228738,ok,"4,5,6,7,8,9",1
saveas/text/green_energy_sustainable_living_guidelines_multilang(saveas)_stream_zlib.pdf,saveas,23,7,229461,ok,7,1
saveas/text/green_energy_sustainable_living_guidelines_multilang(saveas)_stream_zlib.pdf,saveas,23,7,270896,ok,"3,4,5,6,7,8,9",1
saveas/text/green_energy_sustainable_living_guidelines_multilang(saveas)_stream_zlib.pdf,saveas,23,7,277476,ok,"7,8,9",1
saveas/text/green_energy_sustainable_living_guidelines_multilang(saveas)_stream_zlib.pdf,saveas,23,7,283029,ok,7,1
saveas/text/green_energy_sustainable_living_guidelines_multilang(saveas)_stream_zlib.pdf,saveas,23,7,297994,ok,"3,4,5,6,7,8,9",1
saveas/text/green_energy_sustainable_living_guidelines_multilang(saveas)_stream_zlib.pdf,saveas,23,7,298477,ok,7,1
saveas/text/green_energy_sustainable_living_guidelines_multilang(saveas)_stream_zlib.pdf,saveas,23,7,310999,ok,7,1
saveas/text/green_energy_sustainable_living_guidelines_multilang(saveas)_stream_zlib.pdf,saveas,23,7,341035,no_counterpart,-,
saveas/text/health_wellbeing_digital_age_guidelines_multilang(saveas)_stream_zlib.pdf,saveas,22,7,10419,ok,"7,8,9",1
saveas/text/health_wellbeing_digital_age_guidelines_multilang(saveas)_stream_zlib.pdf,saveas,22,7,65252,ok,7,1
saveas/text/health_wellbeing_digital_age_guidelines_multilang(saveas)_stream_zlib.pdf,saveas,22,7,119241,ok,"7,8,9",1
saveas/text/health_wellbeing_digital_age_guidelines_multilang(saveas)_stream_zlib.pdf,saveas,22,7,126192,ok,"5,6,7,8,9",1
saveas/text/health_wellbeing_digital_age_guidelines_multilang(saveas)_stream_zlib.pdf,saveas,22,7,167296,ok,"6,7,8,9",1
saveas/text/health_wellbeing_digital_age_guidelines_multilang(saveas)_stream_zlib.pdf,saveas,22,7,171817,ok,"4,5,6,7,8,9",1
saveas/text/health_wellbeing_digital_age_guidelines_multilang(saveas)_stream_zlib.pdf,saveas,22,7,172557,ok,7,1
saveas/text/health_wellbeing_digital_age_guidelines_multilang(saveas)_stream_zlib.pdf,saveas,22,7,205191,ok,"3,4,5,6,7,8,9",1
saveas/text/health_wellbeing_digital_age_guidelines_multilang(saveas)_stream_zlib.pdf,saveas,22,7,245042,ok,"7,9",1
saveas/text/health_wellbeing_digital_age_guidelines_multilang(saveas)_stream_zlib.pdf,saveas,22,7,253686,no_counterpart,-,
saveas/text/health_wellbeing_digital_age_guidelines_multilang(saveas)_stream_zlib.pdf,saveas,22,7,257024,ok,"7,9",1
saveas/text/illegal_item_trading_money_laundering_in_games(saveas)_stream_zlib.pdf,saveas,32,7,643,ok,"5,6,7,8,9",1
saveas/text/illegal_item_trading_money_laundering_in_games(saveas)_stream_zlib.pdf,saveas,32,7,21798,ok,"5,6,7,8,9",1
saveas/text/illegal_item_trading_money_laundering_in_games(saveas)_stream_zlib.pdf,saveas,32,7,49263,ok,"7,9",1
saveas/text/illegal_item_trading_money_laundering_in_games(saveas)_stream_zlib.pdf,saveas,32,7,58274,ok,"2,3,4,5,6,7,8,9",1
saveas/text/illegal_item_trading_money_laundering_in_games(saveas)_stream_zlib.pdf,saveas,32,7,58594,ok,7,1
saveas/text/illegal_item_trading_money_laundering_in_games(saveas)_stream_zlib.pdf,saveas,32,7,69786,ok,7,1
saveas/text/illegal_item_trading_money_laundering_in_games(saveas)_stream_zlib.pdf,saveas,32,7,94028,ok,7,1
saveas/text/illegal_item_trading_money_laundering_in_games(saveas)_stream_zlib.pdf,saveas,32,7,134482,ok,7,1
saveas/text/illegal_item_trading_money_laundering_in_games(saveas)_stream_zlib.pdf,saveas,32,7,149839,ok,7,1
saveas/text/illegal_item_trading_money_laundering_in_games(saveas)_stream_zlib.pdf,saveas,32,7,189426,ok,7,1
saveas/text/illegal_item_trading_money_laundering_in_games(saveas)_stream_zlib.pdf,saveas,32,7,214357,ok,7,1
saveas/text/illegal_item_trading_money_laundering_in_games(saveas)_stream_zlib.pdf,saveas,32,7,277867,ok,7,1
saveas/text/illegal_item_trading_money_laundering_in_games(saveas)_stream_zlib.pdf,saveas,32,7,290701,ok,7,1
saveas/text/illegal_item_trading_money_laundering_in_games(saveas)_stream_zlib.pdf,saveas,32,7,328590,ok,7,1
saveas/text/illegal_item_trading_money_laundering_in_games(saveas)_stream_zlib.pdf,saveas,32,7,344640,ok,"3,4,5,6,7,8,9",1
saveas/text/illegal_item_trading_money_laundering_in_games(saveas)_stream_zlib.pdf,saveas,32,7,345252,ok,7,1
saveas/text/illegal_item_trading_money_laundering_in_games(saveas)_stream_zlib.pdf,saveas,32,7,361938,ok,7,1
saveas/text/illegal_item_trading_money_laundering_in_games(saveas)_stream_zlib.pdf,saveas,32,7,391788,no_counterpart,-,
saveas/text/messenger_app_data_misuse_investigation(saveas)_stream_zlib.pdf,saveas,26,7,11632,ok,"7,8,9",1
saveas/text/messenger_app_data_misuse_investigation(saveas)_stream_zlib.pdf,saveas,26,7,17976,ok,"5,6,7,8,9",1
saveas/text/messenger_app_data_misuse_investigation(saveas)_stream_zlib.pdf,saveas,26,7,27259,ok,"7,8,9",1
saveas/text/messenger_app_data_misuse_investigation(saveas)_stream_zlib.pdf,saveas,26,7,40003,ok,7,1
saveas/text/messenger_app_data_misuse_investigation(saveas)_stream_zlib.pdf,saveas,26,7,47045,ok,"7,8,9",1
saveas/text/messenger_app_data_misuse_investigation(saveas)_stream_zlib.pdf,saveas,26,7,53520,ok,7,1
saveas/text/messenger_app_data_misuse_investigation(saveas)_stream_zlib.pdf,saveas,26,7,118332,ok,"3,4,5,6,7,8,9",1
saveas/text/messenger_app_data_misuse_investigation(saveas)_stream_zlib.pdf,saveas,26,7,118839,ok,"7,9",1
saveas/text/messenger_app_data_misuse_investigation(saveas)_stream_zlib.pdf,saveas,26,7,183385,ok,"6,7,8,9",1
saveas/text/messenger_app_data_misuse_investigation(saveas)_stream_zlib.pdf,saveas,26,7,204618,ok,7,1
saveas/text/messenger_app_data_misuse_investigation(saveas)_stream_zlib.pdf,saveas,26,7,256067,no_counterpart,-,
saveas/text/messenger_app_data_misuse_investigation(saveas)_stream_zlib.pdf,saveas,26,7,259406,ok,"7,8,9",1
saveas/text/open_source_software_contribution_guidelines_multilang(saveas)_stream_zlib.pdf,saveas,24,7,616,ok,"6,7,8,9",1
saveas/text/open_source_software_contribution_guidelines_multilang(saveas)_stream_zlib.pdf,saveas,24,7,61388,ok,7,1
saveas/text/open_source_software_contribution_guidelines_multilang(saveas)_stream_zlib.pdf,saveas,24,7,72765,ok,7,1
saveas/text/open_source_software_contribution_guidelines_multilang(saveas)_stream_zlib.pdf,saveas,24,7,77061,ok,7,1
saveas/text/open_source_software_contribution_guidelines_multilang(saveas)_stream_zlib.pdf,saveas,24,7,103030,ok,"3,4,5,6,7,8,9",1
saveas/text/open_source_software_contribution_guidelines_multilang(saveas)_stream_zlib.pdf,saveas,24,7,103525,ok,7,1
saveas/text/open_source_software_contribution_guidelines_multilang(saveas)_stream_zlib.pdf,saveas,24,7,192482,ok,7,1
saveas/text/open_source_software_contribution_guidelines_multilang(saveas)_stream_zlib.pdf,saveas,24,7,223689,ok,"7,8,9",1
saveas/text/open_source_software_contribution_guidelines_multilang(saveas)_stream_zlib.pdf,saveas,24,7,230999,ok,"7,8,9",1
saveas/text/open_source_software_contribution_guidelines_multilang(saveas)_stream_zlib.pdf,saveas,24,7,249645,ok,"7,9",1
saveas/text/open_source_software_contribution_guidelines_multilang(saveas)_stream_zlib.pdf,saveas,24,7,269712,ok,"7,9",1
saveas/text/open_source_software_contribution_guidelines_multilang(saveas)_stream_zlib.pdf,saveas,24,7,277943,ok,7,1
saveas/text/open_source_software_contribution_guidelines_multilang(saveas)_stream_zlib.pdf,saveas,24,7,284537,ok,"3,4,5,6,7,8,9",1
saveas/text/open_source_software_contribution_guidelines_multilang(saveas)_stream_zlib.pdf,saveas,24,7,284957,ok,"7,8,9",1
saveas/text/open_source_software_contribution_guidelines_multilang(saveas)_stream_zlib.pdf,saveas,24,7,292838,ok,7,1
saveas/text/open_source_software_contribution_guidelines_multilang(saveas)_stream_zlib.pdf,saveas,24,7,336885,no_counterpart,-,
saveas/text/open_source_software_contribution_guidelines_multilang(saveas)_stream_zlib.pdf,saveas,24,7,340224,ok,"7,9",1
saveas/text/personal_finance_cyber_fraud_prevention_guidelines_multilang(saveas)_stream_zlib.pdf,saveas,21,7,606,ok,"5,6,7,8,9",1
saveas/text/personal_finance_cyber_fraud_prevention_guidelines_multilang(saveas)_stream_zlib.pdf,saveas,21,7,12148,ok,"7,9",1
saveas/text/personal_finance_cyber_fraud_prevention_guidelines_multilang(saveas)_stream_zlib.pdf,saveas,21,7,23297,ok,"6,7,8,9",1
saveas/text/personal_finance_cyber_fraud_prevention_guidelines_multilang(saveas)_stream_zlib.pdf,saveas,21,7,34498,ok,"7,8,9",1
saveas/text/personal_finance_cyber_fraud_prevention_guidelines_multilang(saveas)_stream_zlib.pdf,saveas,21,7,56465,ok,"6,7,8,9",1
saveas/text/personal_finance_cyber_fraud_prevention_guidelines_multilang(saveas)_stream_zlib.pdf,saveas,21,7,61099,ok,7,1
saveas/text/personal_finance_cyber_fraud_prevention_guidelines_multilang(saveas)_stream_zlib.pdf,saveas,21,7,65893,ok,"7,8,9",1
saveas/text/personal_finance_cyber_fraud_prevention_guidelines_multilang(saveas)_stream_zlib.pdf,saveas,21,7,78225,ok,7,1
saveas/text/personal_finance_cyber_fraud_prevention_guidelines_multilang(saveas)_stream_zlib.pdf,saveas,21,7,110349,ok,"3,4,5,6,7,8,9",1
saveas/text/personal_finance_cyber_fraud_prevention_guidelines_multilang(saveas)_stream_zlib.pdf,saveas,21,7,110754,ok,7,1
saveas/text/personal_finance_cyber_fraud_prevention_guidelines_multilang(saveas)_stream_zlib.pdf,saveas,21,7,188324,ok,7,1
saveas/text/personal_finance_cyber_fraud_prevention_guidelines_multilang(saveas)_stream_zlib.pdf,saveas,21,7,233031,ok,"4,5,6,7,8,9",1
saveas/text/personal_finance_cyber_fraud_prevention_guidelines_multilang(saveas)_stream_zlib.pdf,saveas,21,7,248987,ok,"7,8,9",1
saveas/text/personal_finance_cyber_fraud_prevention_guidelines_multilang(saveas)_stream_zlib.pdf,saveas,21,7,273837,ok,7,1
saveas/text/personal_finance_cyber_fraud_prevention_guidelines_multilang(saveas)_stream_zlib.pdf,saveas,21,7,285941,ok,"3,4,5,6,7,8,9",1
saveas/text/personal_finance_cyber_fraud_prevention_guidelines_multilang(saveas)_stream_zlib.pdf,saveas,21,7,302793,ok,"7,9",1
saveas/text/personal_finance_cyber_fraud_prevention_guidelines_multilang(saveas)_stream_zlib.pdf,saveas,21,7,307733,ok,"7,8,9",1
saveas/text/personal_finance_cyber_fraud_prevention_guidelines_multilang(saveas)_stream_zlib.pdf,saveas,21,7,317480,ok,"7,9",1
saveas/text/personal_finance_cyber_fraud_prevention_guidelines_multilang(saveas)_stream_zlib.pdf,saveas,21,7,326754,ok,7,1
saveas/text/personal_finance_cyber_fraud_prevention_guidelines_multilang(saveas)_stream_zlib.pdf,saveas,21,7,337601,no_counterpart,-,
saveas/text/personal_finance_cyber_fraud_prevention_guidelines_multilang(saveas)_stream_zlib.pdf,saveas,21,7,340940,ok,"7,8,9",1
saveas/text/remote_work_home_office_guidelines(saveas)_stream_zlib.pdf,saveas,21,7,11102,ok,"7,8,9",1
saveas/text/remote_work_home_office_guidelines(saveas)_stream_zlib.pdf,saveas,21,7,65738,ok,7,1
saveas/text/remote_work_home_office_guidelines(saveas)_stream_zlib.pdf,saveas,21,7,91989,ok,7,1
saveas/text/remote_work_home_office_guidelines(saveas)_stream_zlib.pdf,saveas,21,7,109282,ok,7,1
saveas/text/remote_work_home_office_guidelines(saveas)_stream_zlib.pdf,saveas,21,7,121350,ok,"3,4,5,6,7,8,9",1
saveas/text/remote_work_home_office_guidelines(saveas)_stream_zlib.pdf,saveas,21,7,125729,ok,7,1
saveas/text/remote_work_home_office_guidelines(saveas)_stream_zlib.pdf,saveas,21,7,140600,ok,7,1
saveas/text/remote_work_home_office_guidelines(saveas)_stream_zlib.pdf,saveas,21,7,242577,ok,"3,4,5,6,7,8,9",1
saveas/text/remote_work_home_office_guidelines(saveas)_stream_zlib.pdf,saveas,21,7,242997,ok,"7,8,9",1
saveas/text/remote_work_home_office_guidelines(saveas)_stream_zlib.pdf,saveas,21,7,254375,ok,"4,5,6,7,8,9",1
saveas/text/remote_work_home_office_guidelines(saveas)_stream_zlib.pdf,saveas,21,7,285107,ok,7,1
saveas/text/remote_work_home_office_guidelines(saveas)_stream_zlib.pdf,saveas,21,7,293691,ok,7,1
saveas/text/remote_work_home_office_guidelines(saveas)_stream_zlib.pdf,saveas,21,7,302292,ok,"6,7,8,9",1
saveas/text/remote_work_home_office_guidelines(saveas)_stream_zlib.pdf,saveas,21,7,320807,ok,"3,4,5,6,7,8,9",1
saveas/text/remote_work_home_office_guidelines(saveas)_stream_zlib.pdf,saveas,21,7,328862,ok,"7,9",1
saveas/text/remote_work_home_office_guidelines(saveas)_stream_zlib.pdf,saveas,21,7,333207,ok,"7,8,9",1
saveas/text/remote_work_home_office_guidelines(saveas)_stream_zlib.pdf,saveas,21,7,342978,ok,"4,5,6,7,8,9",1
saveas/text/remote_work_home_office_guidelines(saveas)_stream_zlib.pdf,saveas,21,7,370603,no_counterpart,-,
saveas/text/remote_work_home_office_guidelines(saveas)_stream_zlib.pdf,saveas,21,7,373942,ok,"7,8,9",1
saveas/text/smart_city_data_privacy_guidelines_multilang(saveas)_stream_zlib.pdf,saveas,18,7,26546,ok,"6,7,8,9",1
saveas/text/smart_city_data_privacy_guidelines_multilang(saveas)_stream_zlib.pdf,saveas,18,7,32246,ok,"7,9",1
saveas/text/smart_city_data_privacy_guidelines_multilang(saveas)_stream_zlib.pdf,saveas,18,7,48375,ok,"7,8,9",1
saveas/text/smart_city_data_privacy_guidelines_multilang(saveas)_stream_zlib.pdf,saveas,18,7,80496,ok,7,1
saveas/text/smart_city_data_privacy_guidelines_multilang(saveas)_stream_zlib.pdf,saveas,18,7,90810,ok,"3,4,5,6,7,8,9",1
saveas/text/smart_city_data_privacy_guidelines_multilang(saveas)_stream_zlib.pdf,saveas,18,7,91237,ok,"7,9",1
saveas/text/smart_city_data_privacy_guidelines_multilang(saveas)_stream_zlib.pdf,saveas,18,7,125461,ok,"3,4,5,6,7,8,9",1
saveas/text/smart_city_data_privacy_guidelines_multilang(saveas)_stream_zlib.pdf,saveas,18,7,132595,ok,"5,6,7,8,9",1
saveas/text/smart_city_data_privacy_guidelines_multilang(saveas)_stream_zlib.pdf,saveas,18,7,134031,ok,7,1
saveas/text/smart_city_data_privacy_guidelines_multilang(saveas)_stream_zlib.pdf,saveas,18,7,244592,ok,"3,4,5,6,7,8,9",1
saveas/text/smart_city_data_privacy_guidelines_multilang(saveas)_stream_zlib.pdf,saveas,18,7,245028,ok,"7,8",1
saveas/text/smart_city_data_privacy_guidelines_multilang(saveas)_stream_zlib.pdf,saveas,18,7,248448,ok,"4,5,6,7,8,9",1
saveas/text/smart_city_data_privacy_guidelines_multilang(saveas)_stream_zlib.pdf,saveas,18,7,249245,ok,7,1
saveas/text/smart_city_data_privacy_guidelines_multilang(saveas)_stream_zlib.pdf,saveas,18,7,281592,ok,7,1
saveas/text/smart_city_data_privacy_guidelines_multilang(saveas)_stream_zlib.pdf,saveas,18,7,298804,ok,7,1
saveas/text/smart_city_data_privacy_guidelines_multilang(saveas)_stream_zlib.pdf,saveas,18,7,305306,ok,7,1
saveas/text/smart_city_data_privacy_guidelines_multilang(saveas)_stream_zlib.pdf,saveas,18,7,322216,ok,"7,8,9",1
saveas/text/smart_city_data_privacy_guidelines_multilang(saveas)_stream_zlib.pdf,saveas,18,7,328792,ok,"3,4,5,6,7,8,9",1
saveas/text/smart_city_data_privacy_guidelines_multilang(saveas)_stream_zlib.pdf,saveas,18,7,348942,no_counterpart,-,
saveas/text/smart_factory_robot_malfunction_analysis(saveas)_stream_zlib.pdf,saveas,23,7,622,ok,"5,6,7,8,9",1
saveas/text/smart_factory_robot_malfunction_analysis(saveas)_stream_zlib.pdf,saveas,23,7,10658,ok,"7,8,9",1
saveas/text/smart_factory_robot_malfunction_analysis(saveas)_stream_zlib.pdf,saveas,23,7,17358,ok,"5,6,7,8,9",1
saveas/text/smart_factory_robot_malfunction_analysis(saveas)_stream_zlib.pdf,saveas,23,7,41631,ok,7,1
saveas/text/smart_factory_robot_malfunction_analysis(saveas)_stream_zlib.pdf,saveas,23,7,83561,ok,7,1
saveas/text/smart_factory_robot_malfunction_analysis(saveas)_stream_zlib.pdf,saveas,23,7,107308,ok,7,1
saveas/text/smart_factory_robot_malfunction_analysis(saveas)_stream_zlib.pdf,saveas,23,7,175509,ok,7,1
saveas/text/smart_factory_robot_malfunction_analysis(saveas)_stream_zlib.pdf,saveas,23,7,189949,ok,"7,8",1
saveas/text/smart_factory_robot_malfunction_analysis(saveas)_stream_zlib.pdf,saveas,23,7,201359,ok,7,1
saveas/text/smart_factory_robot_malfunction_analysis(saveas)_stream_zlib.pdf,saveas,23,7,210970,ok,7,1
saveas/text/smart_factory_robot_malfunction_analysis(saveas)_stream_zlib.pdf,saveas,23,7,231699,ok,"3,4,5,6,7,8,9",1
saveas/text/smart_factory_robot_malfunction_analysis(saveas)_stream_zlib.pdf,saveas,23,7,232244,ok,7,1
saveas/text/smart_factory_robot_malfunction_analysis(saveas)_stream_zlib.pdf,saveas,23,7,248087,ok,7,1
saveas/text/smart_factory_robot_malfunction_analysis(saveas)_stream_zlib.pdf,saveas,23,7,267553,ok,"3,4,5,6,7,8,9",1
saveas/text/smart_factory_robot_malfunction_analysis(saveas)_stream_zlib.pdf,saveas,23,7,296100,no_counterpart,-,
