file,offset,plain_len,memset
original/print/text+img/global_agriculture_food_security_climate_impact(print).pdf,144,65800,-
original/print/text+img/global_agriculture_food_security_climate_impact(print).pdf,27868,24720,-
original/print/text+img/global_agriculture_food_security_climate_impact(print).pdf,41228,38196,-
original/print/text+img/global_agriculture_food_security_climate_impact(print).pdf,57748,262604,-
original/print/text+img/global_agriculture_food_security_climate_impact(print).pdf,169625,33114,-
original/print/text+img/global_agriculture_food_security_climate_impact(print).pdf,174252,108916,-
original/print/text+img/global_agriculture_food_security_climate_impact(print).pdf,221325,268232,-
original/print/text+img/global_agriculture_food_security_climate_impact(print).pdf,333206,112979,-
original/print/text+img/global_agriculture_food_security_climate_impact(print).pdf,375822,95292,-
original/print/text+img/global_agriculture_food_security_climate_impact(print).pdf,421869,38628,-
original/print/text+img/global_agriculture_food_security_climate_impact(print).pdf,440787,53568,-
original/print/text+img/global_agriculture_food_security_climate_impact(print).pdf,483045,184943,-
original/print/text+img/global_agriculture_food_security_climate_impact(print).pdf,494285,32044,-
original/print/text+img/global_agriculture_food_security_climate_impact(print).pdf,507159,13728,-
original/print/text+img/global_agriculture_food_security_climate_impact(print).pdf,515809,34053,-
original/print/text+img/global_agriculture_food_security_climate_impact(print).pdf,520739,28312,-
original/print/text+img/global_agriculture_food_security_climate_impact(print).pdf,531809,55932,-
original/print/text+img/global_agriculture_food_security_climate_impact(print).pdf,561732,34522,-
original/print/text+img/global_agriculture_food_security_climate_impact(print).pdf,566585,85956,-
original/print/text+img/global_agriculture_food_security_climate_impact(print).pdf,603364,61772,-
original/print/text+img/global_agriculture_food_security_climate_impact(print).pdf,648917,176532,-
original/print/text+img/global_ai_technology_investment_and_industry_adoption(print).pdf,144,37100,-
original/print/text+img/global_ai_technology_investment_and_industry_adoption(print).pdf,15840,230284,-
original/print/text+img/global_ai_technology_investment_and_industry_adoption(print).pdf,112857,19408,-
original/print/text+img/global_ai_technology_investment_and_industry_adoption(print).pdf,125495,23180,-
original/print/text+img/global_ai_technology_investment_and_industry_adoption(print).pdf,137721,27623,-
original/print/text+img/global_ai_technology_investment_and_industry_adoption(print).pdf,141815,74700,-
original/print/text+img/global_ai_technology_investment_and_industry_adoption(print).pdf,173759,166788,-
original/print/text+img/global_ai_technology_investment_and_industry_adoption(print).pdf,263540,76144,-
original/print/text+img/global_ai_technology_investment_and_industry_adoption(print).pdf,287019,268232,-
original/print/text+img/global_ai_technology_investment_and_industry_adoption(print).pdf,453373,8659,-
original/print/text+img/global_ai_technology_investment_and_industry_adoption(print).pdf,455694,93900,-
original/print/text+img/global_ai_technology_investment_and_industry_adoption(print).pdf,501031,136072,-
original/print/text+img/global_ai_technology_investment_and_industry_adoption(print).pdf,554791,46820,-
original/print/text+img/global_ai_technology_investment_and_industry_adoption(print).pdf,573448,107084,-
original/print/text+img/global_ai_technology_investment_and_industry_adoption(print).pdf,618327,82764,-
original/print/text+img/global_ai_technology_investment_and_industry_adoption(print).pdf,626474,32096,-
original/print/text+img/global_ai_technology_investment_and_industry_adoption(print).pdf,639275,13588,-
original/print/text+img/global_ai_technology_investment_and_industry_adoption(print).pdf,720668,23590,-
original/print/text+img/global_ai_technology_investment_and_industry_adoption(print).pdf,724588,56136,-
original/print/text+img/global_ai_technology_investment_and_industry_adoption(print).pdf,754831,31192,-
original/print/text+img/global_ai_technology_investment_and_industry_adoption(print).pdf,767748,24706,-
original/print/text+img/global_ai_technology_investment_and_industry_adoption(print).pdf,771717,84160,-
original/print/text+img/global_ai_technology_investment_and_industry_adoption(print).pdf,808454,22284,-
original/print/text+img/global_ai_technology_investment_and_industry_adoption(print).pdf,819588,79044,-
original/print/text+img/global_ai_technology_investment_and_industry_adoption(print).pdf,856970,83660,-
original/print/text+img/global_climate_change_indicators_and_ghg_emissions(print).pdf,143,12004,-
original/print/text+img/global_climate_change_indicators_and_ghg_emissions(print).pdf,7570,230284,-
original/print/text+img/global_climate_change_indicators_and_ghg_emissions(print).pdf,104587,77768,-
original/print/text+img/global_climate_change_indicators_and_ghg_emissions(print).pdf,136232,25208,-
original/print/text+img/global_climate_change_indicators_and_ghg_emissions(print).pdf,149913,275776,-
original/print/text+img/global_climate_change_indicators_and_ghg_emissions(print).pdf,328497,28573,-
original/print/text+img/global_climate_change_indicators_and_ghg_emissions(print).pdf,332984,53360,-
original/print/text+img/global_climate_change_indicators_and_ghg_emissions(print).pdf,339213,152092,-
original/print/text+img/global_climate_change_indicators_and_ghg_emissions(print).pdf,424518,200745,-
original/print/text+img/global_climate_change_indicators_and_ghg_emissions(print).pdf,500707,200756,-
original/print/text+img/global_climate_change_indicators_and_ghg_emissions(print).pdf,576844,200735,-
original/print/text+img/global_climate_change_indicators_and_ghg_emissions(print).pdf,654459,140126,-
original/print/text+img/global_climate_change_indicators_and_ghg_emissions(print).pdf,708449,92876,-
original/print/text+img/global_climate_change_indicators_and_ghg_emissions(print).pdf,750646,37788,-
original/print/text+img/global_climate_change_indicators_and_ghg_emissions(print).pdf,769328,52408,-
original/print/text+img/global_climate_change_indicators_and_ghg_emissions(print).pdf,789834,71754,-
original/print/text+img/global_climate_change_indicators_and_ghg_emissions(print).pdf,797101,130376,-
original/print/text+img/global_climate_change_indicators_and_ghg_emissions(print).pdf,847987,36852,-
original/print/text+img/global_climate_change_indicators_and_ghg_emissions(print).pdf,863243,13124,-
original/print/text+img/global_climate_change_indicators_and_ghg_emissions(print).pdf,871529,27425,-
original/print/text+img/global_climate_change_indicators_and_ghg_emissions(print).pdf,875864,52520,-
original/print/text+img/global_climate_change_indicators_and_ghg_emissions(print).pdf,903473,893300,-
original/print/text+img/global_climate_change_indicators_and_ghg_emissions(print).pdf,1395530,15464,-
original/print/text+img/global_climate_change_indicators_and_ghg_emissions(print).pdf,1403145,28195,-
original/print/text+img/global_climate_change_indicators_and_ghg_emissions(print).pdf,1407550,65828,-
original/print/text+img/global_climate_change_indicators_and_ghg_emissions(print).pdf,1434712,124968,-
original/print/text+img/global_climate_change_indicators_and_ghg_emissions(print).pdf,1480471,23544,-
original/print/text+img/global_climate_change_indicators_and_ghg_emissions(print).pdf,1563851,82214,-
original/print/text+img/global_esports_and_gaming_industry_growth(print).pdf,145,230284,-
original/print/text+img/global_esports_and_gaming_industry_growth(print).pdf,97156,17728,-
original/print/text+img/global_esports_and_gaming_industry_growth(print).pdf,108585,275428,-
original/print/text+img/global_esports_and_gaming_industry_growth(print).pdf,220578,39016,-
original/print/text+img/global_esports_and_gaming_industry_growth(print).pdf,237665,72962,-
original/print/text+img/global_esports_and_gaming_industry_growth(print).pdf,256930,153488,-
original/print/text+img/global_esports_and_gaming_industry_growth(print).pdf,343031,145440,-
original/print/text+img/global_esports_and_gaming_industry_growth(print).pdf,494259,84217,-
original/print/text+img/global_esports_and_gaming_industry_growth(print).pdf,526210,36052,-
original/print/text+img/global_esports_and_gaming_industry_growth(print).pdf,542923,102880,-
original/print/text+img/global_esports_and_gaming_industry_growth(print).pdf,576683,109324,-
original/print/text+img/global_esports_and_gaming_industry_growth(print).pdf,622447,211148,-
original/print/text+img/global_esports_and_gaming_industry_growth(print).pdf,691464,75846,-
original/print/text+img/global_esports_and_gaming_industry_growth(print).pdf,699064,41196,-
original/print/text+img/global_esports_and_gaming_industry_growth(print).pdf,716620,104212,-
original/print/text+img/global_esports_and_gaming_industry_growth(print).pdf,761387,36060,-
original/print/text+img/global_esports_and_gaming_industry_growth(print).pdf,776308,26979,-
original/print/text+img/global_esports_and_gaming_industry_growth(print).pdf,780667,51696,-
original/print/text+img/global_esports_and_gaming_industry_growth(print).pdf,807744,890936,-
original/print/text+img/global_esports_and_gaming_industry_growth(print).pdf,1297490,31164,-
original/print/text+img/global_esports_and_gaming_industry_growth(print).pdf,1310427,27143,-
original/print/text+img/global_esports_and_gaming_industry_growth(print).pdf,1314740,44988,-
original/print/text+img/global_esports_and_gaming_industry_growth(print).pdf,1334773,23116,-
original/print/text+img/global_esports_and_gaming_industry_growth(print).pdf,1346144,83108,-
original/print/text+img/global_esports_and_gaming_industry_growth(print).pdf,1385667,87767,-
original/print/text+img/global_ev_market_growth_statistics(print).pdf,143,19020,-
original/print/text+img/global_ev_market_growth_statistics(print).pdf,10689,230284,-
original/print/text+img/global_ev_market_growth_statistics(print).pdf,107706,83304,-
original/print/text+img/global_ev_market_growth_statistics(print).pdf,142256,39964,-
original/print/text+img/global_ev_market_growth_statistics(print).pdf,160219,268232,-
original/print/text+img/global_ev_market_growth_statistics(print).pdf,315466,21007,-
original/print/text+img/global_ev_market_growth_statistics(print).pdf,319426,47504,-
original/print/text+img/global_ev_market_growth_statistics(print).pdf,332281,200715,-
original/print/text+img/global_ev_market_growth_statistics(print).pdf,408155,200724,-
original/print/text+img/global_ev_market_growth_statistics(print).pdf,484476,200767,-
original/print/text+img/global_ev_market_growth_statistics(print).pdf,560263,200761,-
original/print/text+img/global_ev_market_growth_statistics(print).pdf,635619,200733,-
original/print/text+img/global_ev_market_growth_statistics(print).pdf,711950,107644,-
original/print/text+img/global_ev_market_growth_statistics(print).pdf,745802,118716,-
original/print/text+img/global_ev_market_growth_statistics(print).pdf,791513,81872,-
original/print/text+img/global_ev_market_growth_statistics(print).pdf,823894,66340,-
original/print/text+img/global_ev_market_growth_statistics(print).pdf,853459,121228,-
original/print/text+img/global_ev_market_growth_statistics(print).pdf,911650,59628,-
original/print/text+img/global_ev_market_growth_statistics(print).pdf,917648,12164,-
original/print/text+img/global_ev_market_growth_statistics(print).pdf,925284,44716,-
original/print/text+img/global_ev_market_growth_statistics(print).pdf,945420,135360,-
original/print/text+img/global_ev_market_growth_statistics(print).pdf,998670,20512,-
original/print/text+img/global_ev_market_growth_statistics(print).pdf,1002056,27992,-
original/print/text+img/global_ev_market_growth_statistics(print).pdf,1012915,19812,-
original/print/text+img/global_ev_market_growth_statistics(print).pdf,1023509,56048,-
original/print/text+img/global_ev_market_growth_statistics(print).pdf,1053460,20980,-
original/print/text+img/global_ev_market_growth_statistics(print).pdf,1056959,61752,-
original/print/text+img/global_ev_market_growth_statistics(print).pdf,1085785,80724,-
original/print/text+img/global_ev_market_growth_statistics(print).pdf,1120164,105416,-
original/print/text+img/global_ev_market_growth_statistics(print).pdf,1222369,72567,-
original/print/text+img/global_healthcare_digital_health_patient_data_trends(print).pdf,144,37340,-
original/print/text+img/global_healthcare_digital_health_patient_data_trends(print).pdf,16045,230284,-
original/print/text+img/global_healthcare_digital_health_patient_data_trends(print).pdf,112982,200765,-
original/print/text+img/global_healthcare_digital_health_patient_data_trends(print).pdf,162569,342172,-
original/print/text+img/global_healthcare_digital_health_patient_data_trends(print).pdf,228990,200722,-
original/print/text+img/global_healthcare_digital_health_patient_data_trends(print).pdf,279922,200770,-
original/print/text+img/global_healthcare_digital_health_patient_data_trends(print).pdf,329220,200708,-
original/print/text+img/global_healthcare_digital_health_patient_data_trends(print).pdf,380136,200724,-
original/print/text+img/global_healthcare_digital_health_patient_data_trends(print).pdf,429876,200740,-
original/print/text+img/global_healthcare_digital_health_patient_data_trends(print).pdf,480576,200765,-
original/print/text+img/global_healthcare_digital_health_patient_data_trends(print).pdf,529733,200752,-
original/print/text+img/global_healthcare_digital_health_patient_data_trends(print).pdf,595974,134960,-
original/print/text+img/global_healthcare_digital_health_patient_data_trends(print).pdf,630637,389344,-
original/print/text+img/global_healthcare_digital_health_patient_data_trends(print).pdf,637862,352592,-
original/print/text+img/global_healthcare_digital_health_patient_data_trends(print).pdf,679860,457564,-
original/print/text+img/global_healthcare_digital_health_patient_data_trends(print).pdf,693796,136244,-
original/print/text+img/global_healthcare_digital_health_patient_data_trends(print).pdf,745009,200716,-
original/print/text+img/global_healthcare_digital_health_patient_data_trends(print).pdf,819772,200738,-
original/print/text+img/global_healthcare_digital_health_patient_data_trends(print).pdf,896316,200712,-
original/print/text+img/global_healthcare_digital_health_patient_data_trends(print).pdf,972061,200760,-
original/print/text+img/global_healthcare_digital_health_patient_data_trends(print).pdf,1048044,126760,-
original/print/text+img/global_healthcare_digital_health_patient_data_trends(print).pdf,1096642,40600,-
original/print/text+img/global_healthcare_digital_health_patient_data_trends(print).pdf,1115184,125416,-
original/print/text+img/global_healthcare_digital_health_patient_data_trends(print).pdf,1175457,43768,-
original/print/text+img/global_healthcare_digital_health_patient_data_trends(print).pdf,1196249,84245,-
original/print/text+img/global_healthcare_digital_health_patient_data_trends(print).pdf,1204629,41064,-
original/print/text+img/global_healthcare_digital_health_patient_data_trends(print).pdf,1222129,107252,-
original/print/text+img/global_healthcare_digital_health_patient_data_trends(print).pdf,1268247,13888,-
original/print/text+img/global_healthcare_digital_health_patient_data_trends(print).pdf,1296305,41560,-
original/print/text+img/global_healthcare_digital_health_patient_data_trends(print).pdf,1301156,31968,-
original/print/text+img/global_healthcare_digital_health_patient_data_trends(print).pdf,1314777,275468,-
original/print/text+img/global_healthcare_digital_health_patient_data_trends(print).pdf,1426719,29283,-
original/print/text+img/global_healthcare_digital_health_patient_data_trends(print).pdf,1430983,59748,-
original/print/text+img/global_healthcare_digital_health_patient_data_trends(print).pdf,1458817,85956,-
original/print/text+img/global_healthcare_digital_health_patient_data_trends(print).pdf,1497141,104012,-
original/print/text+img/global_renewable_energy_generation_and_carbon_reduction_analysis(print).pdf,143,12300,-
original/print/text+img/global_renewable_energy_generation_and_carbon_reduction_analysis(print).pdf,7710,200728,-
original/print/text+img/global_renewable_energy_generation_and_carbon_reduction_analysis(print).pdf,68291,200762,-
original/print/text+img/global_renewable_energy_generation_and_carbon_reduction_analysis(print).pdf,131052,200732,-
original/print/text+img/global_renewable_energy_generation_and_carbon_reduction_analysis(print).pdf,193266,39340,-
original/print/text+img/global_renewable_energy_generation_and_carbon_reduction_analysis(print).pdf,210717,268580,-
original/print/text+img/global_renewable_energy_generation_and_carbon_reduction_analysis(print).pdf,322862,200717,-
original/print/text+img/global_renewable_energy_generation_and_carbon_reduction_analysis(print).pdf,383089,2,"1,2,3,4,5,6,7,8,9"
original/print/text+img/global_renewable_energy_generation_and_carbon_reduction_analysis(print).pdf,383527,54112,-
original/print/text+img/global_renewable_energy_generation_and_carbon_reduction_analysis(print).pdf,390418,118456,-
original/print/text+img/global_renewable_energy_generation_and_carbon_reduction_analysis(print).pdf,431742,127144,-
original/print/text+img/global_renewable_energy_generation_and_carbon_reduction_analysis(print).pdf,499810,230284,-
original/print/text+img/global_renewable_energy_generation_and_carbon_reduction_analysis(print).pdf,596746,8185,-
original/print/text+img/global_renewable_energy_generation_and_carbon_reduction_analysis(print).pdf,598791,41124,-
original/print/text+img/global_renewable_energy_generation_and_carbon_reduction_analysis(print).pdf,614526,36140,-
original/print/text+img/global_renewable_energy_generation_and_carbon_reduction_analysis(print).pdf,632027,121524,-
original/print/text+img/global_renewable_energy_generation_and_carbon_reduction_analysis(print).pdf,743288,64950,-
original/print/text+img/global_renewable_energy_generation_and_carbon_reduction_analysis(print).pdf,749707,32252,-
original/print/text+img/global_renewable_energy_generation_and_carbon_reduction_analysis(print).pdf,762671,106048,-
original/print/text+img/global_renewable_energy_generation_and_carbon_reduction_analysis(print).pdf,808274,136668,-
original/print/text+img/global_renewable_energy_generation_and_carbon_reduction_analysis(print).pdf,862378,23203,-
original/print/text+img/global_renewable_energy_generation_and_carbon_reduction_analysis(print).pdf,866333,13132,-
original/print/text+img/global_renewable_energy_generation_and_carbon_reduction_analysis(print).pdf,872599,893208,-
original/print/text+img/global_renewable_energy_generation_and_carbon_reduction_analysis(print).pdf,1364453,56320,-
original/print/text+img/global_renewable_energy_generation_and_carbon_reduction_analysis(print).pdf,1478329,26964,-
original/print/text+img/global_renewable_energy_generation_and_carbon_reduction_analysis(print).pdf,1482657,16232,-
original/print/text+img/global_renewable_energy_generation_and_carbon_reduction_analysis(print).pdf,1491195,61588,-
original/print/text+img/global_renewable_energy_generation_and_carbon_reduction_analysis(print).pdf,1519548,109632,-
original/print/text+img/global_renewable_energy_generation_and_carbon_reduction_analysis(print).pdf,1563740,86072,-
original/print/text+img/international_tourism_trends_country_spending_patterns_multilang(print).pdf,144,66212,-
original/print/text+img/international_tourism_trends_country_spending_patterns_multilang(print).pdf,27960,230284,-
original/print/text+img/international_tourism_trends_country_spending_patterns_multilang(print).pdf,124977,39944,-
original/print/text+img/international_tourism_trends_country_spending_patterns_multilang(print).pdf,142930,16072,-
original/print/text+img/international_tourism_trends_country_spending_patterns_multilang(print).pdf,153034,24866,-
original/print/text+img/international_tourism_trends_country_spending_patterns_multilang(print).pdf,157175,74380,-
original/print/text+img/international_tourism_trends_country_spending_patterns_multilang(print).pdf,188900,138860,-
original/print/text+img/international_tourism_trends_country_spending_patterns_multilang(print).pdf,242682,67496,-
original/print/text+img/international_tourism_trends_country_spending_patterns_multilang(print).pdf,384377,8910,-
original/print/text+img/international_tourism_trends_country_spending_patterns_multilang(print).pdf,386630,28008,-
original/print/text+img/international_tourism_trends_country_spending_patterns_multilang(print).pdf,399559,56192,-
original/print/text+img/international_tourism_trends_country_spending_patterns_multilang(print).pdf,421522,104484,-
original/print/text+img/international_tourism_trends_country_spending_patterns_multilang(print).pdf,464997,83372,-
original/print/text+img/international_tourism_trends_country_spending_patterns_multilang(print).pdf,472840,98208,-
original/print/text+img/international_tourism_trends_country_spending_patterns_multilang(print).pdf,514696,44672,-
original/print/text+img/international_tourism_trends_country_spending_patterns_multilang(print).pdf,534845,136348,-
original/print/text+img/international_tourism_trends_country_spending_patterns_multilang(print).pdf,588625,28670,-
original/print/text+img/international_tourism_trends_country_spending_patterns_multilang(print).pdf,592867,27580,-
original/print/text+img/international_tourism_trends_country_spending_patterns_multilang(print).pdf,603420,57088,-
original/print/text+img/international_tourism_trends_country_spending_patterns_multilang(print).pdf,634043,890868,-
original/print/text+img/international_tourism_trends_country_spending_patterns_multilang(print).pdf,1181555,30588,-
original/print/text+img/international_tourism_trends_country_spending_patterns_multilang(print).pdf,1186215,73452,-
original/print/text+img/international_tourism_trends_country_spending_patterns_multilang(print).pdf,1220673,23836,-
original/print/text+img/international_tourism_trends_country_spending_patterns_multilang(print).pdf,1232497,77620,-
original/print/text+img/international_tourism_trends_country_spending_patterns_multilang(print).pdf,1269182,87468,-
original/print/text+img/mobile_payment_and_fintech_service_expansion(print).pdf,144,36944,-
original/print/text+img/mobile_payment_and_fintech_service_expansion(print).pdf,15697,230284,-
original/print/text+img/mobile_payment_and_fintech_service_expansion(print).pdf,112634,200757,-
original/print/text+img/mobile_payment_and_fintech_service_expansion(print).pdf,173846,200746,-
original/print/text+img/mobile_payment_and_fintech_service_expansion(print).pdf,236389,200720,-
original/print/text+img/mobile_payment_and_fintech_service_expansion(print).pdf,297858,200749,-
original/print/text+img/mobile_payment_and_fintech_service_expansion(print).pdf,358128,76964,-
original/print/text+img/mobile_payment_and_fintech_service_expansion(print).pdf,389466,157621,-
original/print/text+img/mobile_payment_and_fintech_service_expansion(print).pdf,437224,74632,-
original/print/text+img/mobile_payment_and_fintech_service_expansion(print).pdf,469133,120308,-
original/print/text+img/mobile_payment_and_fintech_service_expansion(print).pdf,511632,161608,-
original/print/text+img/mobile_payment_and_fintech_service_expansion(print).pdf,598693,275468,-
original/print/text+img/mobile_payment_and_fintech_service_expansion(print).pdf,710623,9476,-
original/print/text+img/mobile_payment_and_fintech_service_expansion(print).pdf,712916,79160,-
original/print/text+img/mobile_payment_and_fintech_service_expansion(print).pdf,743785,37532,-
original/print/text+img/mobile_payment_and_fintech_service_expansion(print).pdf,762140,56696,-
original/print/text+img/mobile_payment_and_fintech_service_expansion(print).pdf,783678,75400,-
original/print/text+img/mobile_payment_and_fintech_service_expansion(print).pdf,791267,100168,-
original/print/text+img/mobile_payment_and_fintech_service_expansion(print).pdf,833927,13316,-
original/print/text+img/mobile_payment_and_fintech_service_expansion(print).pdf,842439,43012,-
original/print/text+img/mobile_payment_and_fintech_service_expansion(print).pdf,861316,28615,-
original/print/text+img/mobile_payment_and_fintech_service_expansion(print).pdf,865632,15308,-
original/print/text+img/mobile_payment_and_fintech_service_expansion(print).pdf,873716,17376,-
original/print/text+img/mobile_payment_and_fintech_service_expansion(print).pdf,882537,30424,-
original/print/text+img/mobile_payment_and_fintech_service_expansion(print).pdf,958612,25831,-
original/print/text+img/mobile_payment_and_fintech_service_expansion(print).pdf,962819,73468,-
original/print/text+img/mobile_payment_and_fintech_service_expansion(print).pdf,997253,60836,-
original/print/text+img/mobile_payment_and_fintech_service_expansion(print).pdf,1025221,23900,-
original/print/text+img/mobile_payment_and_fintech_service_expansion(print).pdf,1125255,85722,-
original/print/text+img/online_education_elearning_market_growth_analysis(print).pdf,143,12536,-
original/print/text+img/online_education_elearning_market_growth_analysis(print).pdf,7972,83104,-
original/print/text+img/online_education_elearning_market_growth_analysis(print).pdf,109492,22376,-
original/print/text+img/online_education_elearning_market_growth_analysis(print).pdf,113237,76180,-
original/print/text+img/online_education_elearning_market_growth_analysis(print).pdf,146344,230284,-
original/print/text+img/online_education_elearning_market_growth_analysis(print).pdf,243281,200755,-
original/print/text+img/online_education_elearning_market_growth_analysis(print).pdf,320844,200751,-
original/print/text+img/online_education_elearning_market_growth_analysis(print).pdf,397178,200759,-
original/print/text+img/online_education_elearning_market_growth_analysis(print).pdf,474060,200732,-
original/print/text+img/online_education_elearning_market_growth_analysis(print).pdf,551218,200719,-
original/print/text+img/online_education_elearning_market_growth_analysis(print).pdf,628814,200750,-
original/print/text+img/online_education_elearning_market_growth_analysis(print).pdf,706138,200760,-
original/print/text+img/online_education_elearning_market_growth_analysis(print).pdf,783246,200721,-
original/print/text+img/online_education_elearning_market_growth_analysis(print).pdf,860592,200764,-
original/print/text+img/online_education_elearning_market_growth_analysis(print).pdf,937642,200713,-
original/print/text+img/online_education_elearning_market_growth_analysis(print).pdf,1015274,200729,-
original/print/text+img/online_education_elearning_market_growth_analysis(print).pdf,1093237,268232,-
original/print/text+img/online_education_elearning_market_growth_analysis(print).pdf,1263635,63885,-
original/print/text+img/online_education_elearning_market_growth_analysis(print).pdf,1289536,92960,-
original/print/text+img/online_education_elearning_market_growth_analysis(print).pdf,1335076,110312,-
original/print/text+img/online_education_elearning_market_growth_analysis(print).pdf,1381417,91730,-
original/print/text+img/online_education_elearning_market_growth_analysis(print).pdf,1390156,40352,-
original/print/text+img/online_education_elearning_market_growth_analysis(print).pdf,1407012,106712,-
original/print/text+img/online_education_elearning_market_growth_analysis(print).pdf,1452777,27530,-
original/print/text+img/online_education_elearning_market_growth_analysis(print).pdf,1456855,15532,-
original/print/text+img/online_education_elearning_market_growth_analysis(print).pdf,1465112,892752,-
original/print/text+img/online_education_elearning_market_growth_analysis(print).pdf,1956540,33465,-
original/print/text+img/online_education_elearning_market_growth_analysis(print).pdf,1961036,46136,-
original/print/text+img/online_education_elearning_market_growth_analysis(print).pdf,1981859,84848,-
original/print/text+img/online_education_elearning_market_growth_analysis(print).pdf,2022166,108809,-
original/print/text/AI_Development_MultiLanguage(print).pdf,144,21080,-
original/print/text/AI_Development_MultiLanguage(print).pdf,11068,230284,-
original/print/text/AI_Development_MultiLanguage(print).pdf,108085,75740,-
original/print/text/AI_Development_MultiLanguage(print).pdf,138378,38328,-
original/print/text/AI_Development_MultiLanguage(print).pdf,154928,21953,-
original/print/text/AI_Development_MultiLanguage(print).pdf,158862,45580,-
original/print/text/AI_Development_MultiLanguage(print).pdf,170514,200724,-
original/print/text/AI_Development_MultiLanguage(print).pdf,247483,200730,-
original/print/text/AI_Development_MultiLanguage(print).pdf,324202,200740,-
original/print/text/AI_Development_MultiLanguage(print).pdf,401128,200708,-
original/print/text/AI_Development_MultiLanguage(print).pdf,477642,131580,-
original/print/text/AI_Development_MultiLanguage(print).pdf,526569,128217,-
original/print/text/AI_Development_MultiLanguage(print).pdf,575025,78408,-
original/print/text/AI_Development_MultiLanguage(print).pdf,605463,56904,-
original/print/text/AI_Development_MultiLanguage(print).pdf,632368,119812,-
original/print/text/AI_Development_MultiLanguage(print).pdf,690014,64072,-
original/print/text/AI_Development_MultiLanguage(print).pdf,696397,11404,-
original/print/text/AI_Development_MultiLanguage(print).pdf,703505,42092,-
original/print/text/AI_Development_MultiLanguage(print).pdf,721781,133580,-
original/print/text/AI_Development_MultiLanguage(print).pdf,774600,24373,-
original/print/text/AI_Development_MultiLanguage(print).pdf,778422,28016,-
original/print/text/AI_Development_MultiLanguage(print).pdf,789093,18464,-
original/print/text/AI_Development_MultiLanguage(print).pdf,798695,52672,-
original/print/text/AI_Development_MultiLanguage(print).pdf,826252,22214,-
original/print/text/AI_Development_MultiLanguage(print).pdf,829885,57096,-
original/print/text/AI_Development_MultiLanguage(print).pdf,856298,75556,-
original/print/text/AI_Development_MultiLanguage(print).pdf,887907,108776,-
original/print/text/AI_Development_MultiLanguage(print).pdf,930443,71024,-
original/print/text/AeroChef_Drone_Delivery_Cooking_Service(print).pdf,144,37164,-
original/print/text/AeroChef_Drone_Delivery_Cooking_Service(print).pdf,15801,22696,-
original/print/text/AeroChef_Drone_Delivery_Cooking_Service(print).pdf,27801,23900,-
original/print/text/AeroChef_Drone_Delivery_Cooking_Service(print).pdf,40109,347616,-
original/print/text/AeroChef_Drone_Delivery_Cooking_Service(print).pdf,107955,16336,-
original/print/text/AeroChef_Drone_Delivery_Cooking_Service(print).pdf,118334,268232,-
original/print/text/AeroChef_Drone_Delivery_Cooking_Service(print).pdf,230214,29343,-
original/print/text/AeroChef_Drone_Delivery_Cooking_Service(print).pdf,234607,53024,-
original/print/text/AeroChef_Drone_Delivery_Cooking_Service(print).pdf,240589,142012,-
original/print/text/AeroChef_Drone_Delivery_Cooking_Service(print).pdf,319734,96832,-
original/print/text/AeroChef_Drone_Delivery_Cooking_Service(print).pdf,346412,230284,-
original/print/text/AeroChef_Drone_Delivery_Cooking_Service(print).pdf,443351,10462,-
original/print/text/AeroChef_Drone_Delivery_Cooking_Service(print).pdf,445758,27576,-
original/print/text/AeroChef_Drone_Delivery_Cooking_Service(print).pdf,458297,57064,-
original/print/text/AeroChef_Drone_Delivery_Cooking_Service(print).pdf,480703,99888,-
original/print/text/AeroChef_Drone_Delivery_Cooking_Service(print).pdf,522770,56448,-
original/print/text/AeroChef_Drone_Delivery_Cooking_Service(print).pdf,529287,96708,-
original/print/text/AeroChef_Drone_Delivery_Cooking_Service(print).pdf,570720,133716,-
original/print/text/AeroChef_Drone_Delivery_Cooking_Service(print).pdf,623835,12532,-
original/print/text/AeroChef_Drone_Delivery_Cooking_Service(print).pdf,631781,18841,-
original/print/text/AeroChef_Drone_Delivery_Cooking_Service(print).pdf,634900,28244,-
original/print/text/AeroChef_Drone_Delivery_Cooking_Service(print).pdf,645800,888988,-
original/print/text/AeroChef_Drone_Delivery_Cooking_Service(print).pdf,1134398,53304,-
original/print/text/AeroChef_Drone_Delivery_Cooking_Service(print).pdf,1162608,27222,-
original/print/text/AeroChef_Drone_Delivery_Cooking_Service(print).pdf,1166718,48116,-
original/print/text/AeroChef_Drone_Delivery_Cooking_Service(print).pdf,1188651,76912,-
original/print/text/AeroChef_Drone_Delivery_Cooking_Service(print).pdf,1225333,79944,-
original/print/text/AeroChef_Drone_Delivery_Cooking_Service(print).pdf,1259493,63853,-
original/print/text/Aurora_VR_AR_Game_Lineup_Multilingual(print).pdf,144,76304,-
original/print/text/Aurora_VR_AR_Game_Lineup_Multilingual(print).pdf,30613,200715,-
original/print/text/Aurora_VR_AR_Game_Lineup_Multilingual(print).pdf,89612,230284,-
original/print/text/Aurora_VR_AR_Game_Lineup_Multilingual(print).pdf,186548,11798,-
original/print/text/Aurora_VR_AR_Game_Lineup_Multilingual(print).pdf,190962,200743,-
original/print/text/Aurora_VR_AR_Game_Lineup_Multilingual(print).pdf,267731,200742,-
original/print/text/Aurora_VR_AR_Game_Lineup_Multilingual(print).pdf,344245,200741,-
original/print/text/Aurora_VR_AR_Game_Lineup_Multilingual(print).pdf,421267,200745,-
original/print/text/Aurora_VR_AR_Game_Lineup_Multilingual(print).pdf,498283,200707,-
original/print/text/Aurora_VR_AR_Game_Lineup_Multilingual(print).pdf,574995,200753,-
original/print/text/Aurora_VR_AR_Game_Lineup_Multilingual(print).pdf,652503,200717,-
original/print/text/Aurora_VR_AR_Game_Lineup_Multilingual(print).pdf,729215,200739,-
original/print/text/Aurora_VR_AR_Game_Lineup_Multilingual(print).pdf,806122,200709,-
original/print/text/Aurora_VR_AR_Game_Lineup_Multilingual(print).pdf,883224,200712,-
original/print/text/Aurora_VR_AR_Game_Lineup_Multilingual(print).pdf,959731,200712,-
original/print/text/Aurora_VR_AR_Game_Lineup_Multilingual(print).pdf,1036365,200717,-
original/print/text/Aurora_VR_AR_Game_Lineup_Multilingual(print).pdf,1113708,200758,-
original/print/text/Aurora_VR_AR_Game_Lineup_Multilingual(print).pdf,1190331,200768,-
original/print/text/Aurora_VR_AR_Game_Lineup_Multilingual(print).pdf,1267354,61516,-
original/print/text/Aurora_VR_AR_Game_Lineup_Multilingual(print).pdf,1279801,121577,-
original/print/text/Aurora_VR_AR_Game_Lineup_Multilingual(print).pdf,1327583,93908,-
original/print/text/Aurora_VR_AR_Game_Lineup_Multilingual(print).pdf,1367026,93732,-
original/print/text/Aurora_VR_AR_Game_Lineup_Multilingual(print).pdf,1405253,101755,-
original/print/text/Aurora_VR_AR_Game_Lineup_Multilingual(print).pdf,1412180,102792,-
original/print/text/Aurora_VR_AR_Game_Lineup_Multilingual(print).pdf,1456292,12284,-
original/print/text/Aurora_VR_AR_Game_Lineup_Multilingual(print).pdf,1464062,38275,-
original/print/text/Aurora_VR_AR_Game_Lineup_Multilingual(print).pdf,1469427,52680,-
original/print/text/Aurora_VR_AR_Game_Lineup_Multilingual(print).pdf,1497288,887288,-
original/print/text/Aurora_VR_AR_Game_Lineup_Multilingual(print).pdf,1984157,40126,-
original/print/text/Aurora_VR_AR_Game_Lineup_Multilingual(print).pdf,1989881,56916,-
original/print/text/Aurora_VR_AR_Game_Lineup_Multilingual(print).pdf,2016204,70440,-
original/print/text/Aurora_VR_AR_Game_Lineup_Multilingual(print).pdf,2049304,123897,-
original/print/text/Autonomous_Vehicle_Accident_Report(print).pdf,144,65348,-
original/print/text/Autonomous_Vehicle_Accident_Report(print).pdf,27418,230284,-
original/print/text/Autonomous_Vehicle_Accident_Report(print).pdf,124435,40120,-
original/print/text/Autonomous_Vehicle_Accident_Report(print).pdf,142481,200742,-
original/print/text/Autonomous_Vehicle_Accident_Report(print).pdf,203053,10440,-
original/print/text/Autonomous_Vehicle_Accident_Report(print).pdf,206849,77048,-
original/print/text/Autonomous_Vehicle_Accident_Report(print).pdf,240639,81156,-
original/print/text/Autonomous_Vehicle_Accident_Report(print).pdf,267532,88240,-
original/print/text/Autonomous_Vehicle_Accident_Report(print).pdf,306414,12993,-
original/print/text/Autonomous_Vehicle_Accident_Report(print).pdf,309012,37776,-
original/print/text/Autonomous_Vehicle_Accident_Report(print).pdf,326237,122308,-
original/print/text/Autonomous_Vehicle_Accident_Report(print).pdf,382704,43080,-
original/print/text/Autonomous_Vehicle_Accident_Report(print).pdf,399473,268232,-
original/print/text/Autonomous_Vehicle_Accident_Report(print).pdf,511356,42494,-
original/print/text/Autonomous_Vehicle_Accident_Report(print).pdf,516623,130760,-
original/print/text/Autonomous_Vehicle_Accident_Report(print).pdf,567732,108052,-
original/print/text/Autonomous_Vehicle_Accident_Report(print).pdf,614254,43912,-
original/print/text/Autonomous_Vehicle_Accident_Report(print).pdf,633780,19624,-
original/print/text/Autonomous_Vehicle_Accident_Report(print).pdf,644251,27506,-
original/print/text/Autonomous_Vehicle_Accident_Report(print).pdf,648681,894172,-
original/print/text/Autonomous_Vehicle_Accident_Report(print).pdf,1141222,24397,-
original/print/text/Autonomous_Vehicle_Accident_Report(print).pdf,1145130,80380,-
original/print/text/Autonomous_Vehicle_Accident_Report(print).pdf,1181371,65392,-
original/print/text/Autonomous_Vehicle_Accident_Report(print).pdf,1211694,20016,-
original/print/text/Autonomous_Vehicle_Accident_Report(print).pdf,1222070,61667,-
original/print/text/BioNext_Data_Leak_Report(print).pdf,143,11948,-
original/print/text/BioNext_Data_Leak_Report(print).pdf,7560,230284,-
original/print/text/BioNext_Data_Leak_Report(print).pdf,104577,40316,-
original/print/text/BioNext_Data_Leak_Report(print).pdf,122864,82676,-
original/print/text/BioNext_Data_Leak_Report(print).pdf,157023,28012,-
original/print/text/BioNext_Data_Leak_Report(print).pdf,161675,82076,-
original/print/text/BioNext_Data_Leak_Report(print).pdf,179749,200736,-
original/print/text/BioNext_Data_Leak_Report(print).pdf,254875,200705,-
original/print/text/BioNext_Data_Leak_Report(print).pdf,330623,200759,-
original/print/text/BioNext_Data_Leak_Report(print).pdf,406098,200750,-
original/print/text/BioNext_Data_Leak_Report(print).pdf,481522,200727,-
original/print/text/BioNext_Data_Leak_Report(print).pdf,557339,101924,-
original/print/text/BioNext_Data_Leak_Report(print).pdf,608237,52668,-
original/print/text/BioNext_Data_Leak_Report(print).pdf,627615,91172,-
original/print/text/BioNext_Data_Leak_Report(print).pdf,668913,37384,-
original/print/text/BioNext_Data_Leak_Report(print).pdf,689245,100668,-
original/print/text/BioNext_Data_Leak_Report(print).pdf,730997,54352,-
original/print/text/BioNext_Data_Leak_Report(print).pdf,737371,11424,-
original/print/text/BioNext_Data_Leak_Report(print).pdf,744526,111248,-
original/print/text/BioNext_Data_Leak_Report(print).pdf,792267,36680,-
original/print/text/BioNext_Data_Leak_Report(print).pdf,807333,26855,-
original/print/text/BioNext_Data_Leak_Report(print).pdf,811760,12908,-
original/print/text/BioNext_Data_Leak_Report(print).pdf,817904,21140,-
original/print/text/BioNext_Data_Leak_Report(print).pdf,829333,49804,-
original/print/text/BioNext_Data_Leak_Report(print).pdf,832605,31332,-
original/print/text/BioNext_Data_Leak_Report(print).pdf,845649,27124,-
original/print/text/BioNext_Data_Leak_Report(print).pdf,849996,81112,-
original/print/text/BioNext_Data_Leak_Report(print).pdf,885648,86420,-
original/print/text/BioNext_Data_Leak_Report(print).pdf,923469,21676,-
original/print/text/BioNext_Data_Leak_Report(print).pdf,934655,56011,-
original/print/text/Digital_Minimalism(print).pdf,143,13160,-
original/print/text/Digital_Minimalism(print).pdf,8215,230284,-
original/print/text/Digital_Minimalism(print).pdf,105152,200762,-
original/print/text/Digital_Minimalism(print).pdf,165999,200724,-
original/print/text/Digital_Minimalism(print).pdf,226624,200726,-
original/print/text/Digital_Minimalism(print).pdf,288083,200751,-
original/print/text/Digital_Minimalism(print).pdf,349525,38508,-
original/print/text/Digital_Minimalism(print).pdf,366198,143219,-
original/print/text/Digital_Minimalism(print).pdf,409257,77380,-
original/print/text/Digital_Minimalism(print).pdf,443084,56676,-
original/print/text/Digital_Minimalism(print).pdf,450738,138340,-
original/print/text/Digital_Minimalism(print).pdf,504216,82508,-
original/print/text/Digital_Minimalism(print).pdf,531895,8979,-
original/print/text/Digital_Minimalism(print).pdf,534286,42740,-
original/print/text/Digital_Minimalism(print).pdf,550671,37968,-
original/print/text/Digital_Minimalism(print).pdf,568824,114832,-
original/print/text/Digital_Minimalism(print).pdf,619970,70028,-
original/print/text/Digital_Minimalism(print).pdf,627039,30716,-
original/print/text/Digital_Minimalism(print).pdf,639056,101816,-
original/print/text/Digital_Minimalism(print).pdf,682577,132472,-
original/print/text/Digital_Minimalism(print).pdf,734810,23582,-
original/print/text/Digital_Minimalism(print).pdf,738709,12604,-
original/print/text/Digital_Minimalism(print).pdf,744475,887340,-
original/print/text/Digital_Minimalism(print).pdf,1231479,52784,-
original/print/text/Digital_Minimalism(print).pdf,1259131,26623,-
original/print/text/Digital_Minimalism(print).pdf,1263150,15972,-
original/print/text/Digital_Minimalism(print).pdf,1271584,58220,-
original/print/text/Digital_Minimalism(print).pdf,1298294,105080,-
original/print/text/Digital_Minimalism(print).pdf,1340046,79569,-
original/print/text/E-Payment_Service_Outage_Report(print).pdf,143,12196,-
original/print/text/E-Payment_Service_Outage_Report(print).pdf,7729,230284,-
original/print/text/E-Payment_Service_Outage_Report(print).pdf,104666,200748,-
original/print/text/E-Payment_Service_Outage_Report(print).pdf,167453,40184,-
original/print/text/E-Payment_Service_Outage_Report(print).pdf,185544,200714,-
original/print/text/E-Payment_Service_Outage_Report(print).pdf,244871,268232,-
original/print/text/E-Payment_Service_Outage_Report(print).pdf,356750,1998,-
original/print/text/E-Payment_Service_Outage_Report(print).pdf,357571,52636,-
original/print/text/E-Payment_Service_Outage_Report(print).pdf,363220,105380,-
original/print/text/E-Payment_Service_Outage_Report(print).pdf,395700,137052,-
original/print/text/E-Payment_Service_Outage_Report(print).pdf,471368,12122,-
original/print/text/E-Payment_Service_Outage_Report(print).pdf,473948,39540,-
original/print/text/E-Payment_Service_Outage_Report(print).pdf,489024,115832,-
original/print/text/E-Payment_Service_Outage_Report(print).pdf,541683,41544,-
original/print/text/E-Payment_Service_Outage_Report(print).pdf,563401,52535,-
original/print/text/E-Payment_Service_Outage_Report(print).pdf,569927,30916,-
original/print/text/E-Payment_Service_Outage_Report(print).pdf,582091,137696,-
original/print/text/E-Payment_Service_Outage_Report(print).pdf,637072,108576,-
original/print/text/E-Payment_Service_Outage_Report(print).pdf,683509,28601,-
original/print/text/E-Payment_Service_Outage_Report(print).pdf,688084,12368,-
original/print/text/E-Payment_Service_Outage_Report(print).pdf,693794,57896,-
original/print/text/E-Payment_Service_Outage_Report(print).pdf,724813,894800,-
original/print/text/E-Payment_Service_Outage_Report(print).pdf,1217803,31477,-
original/print/text/E-Payment_Service_Outage_Report(print).pdf,1222746,14932,-
original/print/text/E-Payment_Service_Outage_Report(print).pdf,1230682,119568,-
original/print/text/E-Payment_Service_Outage_Report(print).pdf,1275916,62216,-
original/print/text/E-Payment_Service_Outage_Report(print).pdf,1304738,64420,-
original/print/text/EcoWave_Sustainable_Fashion_Collection(print).pdf,143,18008,-
original/print/text/EcoWave_Sustainable_Fashion_Collection(print).pdf,9932,14376,-
original/print/text/EcoWave_Sustainable_Fashion_Collection(print).pdf,18935,275704,-
original/print/text/EcoWave_Sustainable_Fashion_Collection(print).pdf,131085,23900,-
original/print/text/EcoWave_Sustainable_Fashion_Collection(print).pdf,143393,347616,-
original/print/text/EcoWave_Sustainable_Fashion_Collection(print).pdf,211240,79596,-
original/print/text/EcoWave_Sustainable_Fashion_Collection(print).pdf,243895,230284,-
original/print/text/EcoWave_Sustainable_Fashion_Collection(print).pdf,340831,26308,-
original/print/text/EcoWave_Sustainable_Fashion_Collection(print).pdf,345014,77592,-
original/print/text/EcoWave_Sustainable_Fashion_Collection(print).pdf,369581,123884,-
original/print/text/EcoWave_Sustainable_Fashion_Collection(print).pdf,435487,56905,-
original/print/text/EcoWave_Sustainable_Fashion_Collection(print).pdf,456933,47172,-
original/print/text/EcoWave_Sustainable_Fashion_Collection(print).pdf,475577,111548,-
original/print/text/EcoWave_Sustainable_Fashion_Collection(print).pdf,529209,48716,-
original/print/text/EcoWave_Sustainable_Fashion_Collection(print).pdf,534680,30248,-
original/print/text/EcoWave_Sustainable_Fashion_Collection(print).pdf,546479,12796,-
original/print/text/EcoWave_Sustainable_Fashion_Collection(print).pdf,554640,136132,-
original/print/text/EcoWave_Sustainable_Fashion_Collection(print).pdf,608254,21598,-
original/print/text/EcoWave_Sustainable_Fashion_Collection(print).pdf,611809,27160,-
original/print/text/EcoWave_Sustainable_Fashion_Collection(print).pdf,622024,53240,-
original/print/text/EcoWave_Sustainable_Fashion_Collection(print).pdf,650143,17188,-
original/print/text/EcoWave_Sustainable_Fashion_Collection(print).pdf,658887,19195,-
original/print/text/EcoWave_Sustainable_Fashion_Collection(print).pdf,662294,70380,-
original/print/text/EcoWave_Sustainable_Fashion_Collection(print).pdf,695175,23516,-
original/print/text/EcoWave_Sustainable_Fashion_Collection(print).pdf,707226,73952,-
original/print/text/EcoWave_Sustainable_Fashion_Collection(print).pdf,742408,59637,-
original/print/text/EduBot_AI_Learning_Robot_Series(print).pdf,144,75428,-
original/print/text/EduBot_AI_Learning_Robot_Series(print).pdf,30400,23900,-
original/print/text/EduBot_AI_Learning_Robot_Series(print).pdf,42708,347616,-
original/print/text/EduBot_AI_Learning_Robot_Series(print).pdf,110555,39216,-
original/print/text/EduBot_AI_Learning_Robot_Series(print).pdf,127964,230284,-
original/print/text/EduBot_AI_Learning_Robot_Series(print).pdf,224901,50715,-
original/print/text/EduBot_AI_Learning_Robot_Series(print).pdf,238457,110688,-
original/print/text/EduBot_AI_Learning_Robot_Series(print).pdf,274739,67884,-
original/print/text/EduBot_AI_Learning_Robot_Series(print).pdf,291915,68355,-
original/print/text/EduBot_AI_Learning_Robot_Series(print).pdf,317296,26984,-
original/print/text/EduBot_AI_Learning_Robot_Series(print).pdf,329792,52916,-
original/print/text/EduBot_AI_Learning_Robot_Series(print).pdf,354861,268468,-
original/print/text/EduBot_AI_Learning_Robot_Series(print).pdf,466950,103432,-
original/print/text/EduBot_AI_Learning_Robot_Series(print).pdf,510639,52620,-
original/print/text/EduBot_AI_Learning_Robot_Series(print).pdf,516497,39596,-
original/print/text/EduBot_AI_Learning_Robot_Series(print).pdf,532930,102528,-
original/print/text/EduBot_AI_Learning_Robot_Series(print).pdf,576920,135964,-
original/print/text/EduBot_AI_Learning_Robot_Series(print).pdf,631402,20745,-
original/print/text/EduBot_AI_Learning_Robot_Series(print).pdf,634971,15236,-
original/print/text/EduBot_AI_Learning_Robot_Series(print).pdf,643046,887088,-
original/print/text/EduBot_AI_Learning_Robot_Series(print).pdf,1129817,16300,-
original/print/text/EduBot_AI_Learning_Robot_Series(print).pdf,1138092,21426,-
original/print/text/EduBot_AI_Learning_Robot_Series(print).pdf,1141398,64812,-
original/print/text/EduBot_AI_Learning_Robot_Series(print).pdf,1166674,58344,-
original/print/text/EduBot_AI_Learning_Robot_Series(print).pdf,1193674,79596,-
original/print/text/EduBot_AI_Learning_Robot_Series(print).pdf,1231805,62447,-
original/print/text/Evolution_Biodegradable_Plastics(print).pdf,145,230284,-
original/print/text/Evolution_Biodegradable_Plastics(print).pdf,97155,14552,-
original/print/text/Evolution_Biodegradable_Plastics(print).pdf,106231,38156,-
original/print/text/Evolution_Biodegradable_Plastics(print).pdf,122642,115595,-
original/print/text/Evolution_Biodegradable_Plastics(print).pdf,154291,84216,-
original/print/text/Evolution_Biodegradable_Plastics(print).pdf,173880,77168,-
original/print/text/Evolution_Biodegradable_Plastics(print).pdf,198043,170380,-
original/print/text/Evolution_Biodegradable_Plastics(print).pdf,296332,7082,-
original/print/text/Evolution_Biodegradable_Plastics(print).pdf,298467,29156,-
original/print/text/Evolution_Biodegradable_Plastics(print).pdf,311914,46472,-
original/print/text/Evolution_Biodegradable_Plastics(print).pdf,330054,115000,-
original/print/text/Evolution_Biodegradable_Plastics(print).pdf,385333,90198,-
original/print/text/Evolution_Biodegradable_Plastics(print).pdf,393944,96320,-
original/print/text/Evolution_Biodegradable_Plastics(print).pdf,435428,33024,-
original/print/text/Evolution_Biodegradable_Plastics(print).pdf,448704,132544,-
original/print/text/Evolution_Biodegradable_Plastics(print).pdf,501011,28314,-
original/print/text/Evolution_Biodegradable_Plastics(print).pdf,505383,51984,-
original/print/text/Evolution_Biodegradable_Plastics(print).pdf,532565,887396,-
original/print/text/Evolution_Biodegradable_Plastics(print).pdf,1019483,14588,-
original/print/text/Evolution_Biodegradable_Plastics(print).pdf,1026515,27364,-
original/print/text/Evolution_Biodegradable_Plastics(print).pdf,1030699,15912,-
original/print/text/Evolution_Biodegradable_Plastics(print).pdf,1039076,56368,-
original/print/text/Evolution_Biodegradable_Plastics(print).pdf,1065215,108928,-
original/print/text/Evolution_Biodegradable_Plastics(print).pdf,1108470,95925,-
original/print/text/Evolution_Food_Culture_Alternative_Foods(print).pdf,144,71868,-
original/print/text/Evolution_Food_Culture_Alternative_Foods(print).pdf,28857,230284,-
original/print/text/Evolution_Food_Culture_Alternative_Foods(print).pdf,125874,38384,-
original/print/text/Evolution_Food_Culture_Alternative_Foods(print).pdf,142486,200759,-
original/print/text/Evolution_Food_Culture_Alternative_Foods(print).pdf,201436,200724,-
original/print/text/Evolution_Food_Culture_Alternative_Foods(print).pdf,262874,119917,-
original/print/text/Evolution_Food_Culture_Alternative_Foods(print).pdf,299939,140132,-
original/print/text/Evolution_Food_Culture_Alternative_Foods(print).pdf,377804,137208,-
original/print/text/Evolution_Food_Culture_Alternative_Foods(print).pdf,430065,115805,-
original/print/text/Evolution_Food_Culture_Alternative_Foods(print).pdf,474425,38712,-
original/print/text/Evolution_Food_Culture_Alternative_Foods(print).pdf,492134,109520,-
original/print/text/Evolution_Food_Culture_Alternative_Foods(print).pdf,544473,36624,-
original/print/text/Evolution_Food_Culture_Alternative_Foods(print).pdf,561978,75545,-
original/print/text/Evolution_Food_Culture_Alternative_Foods(print).pdf,569281,39948,-
original/print/text/Evolution_Food_Culture_Alternative_Foods(print).pdf,586010,132852,-
original/print/text/Evolution_Food_Culture_Alternative_Foods(print).pdf,638513,100628,-
original/print/text/Evolution_Food_Culture_Alternative_Foods(print).pdf,681329,26166,-
original/print/text/Evolution_Food_Culture_Alternative_Foods(print).pdf,685570,15932,-
original/print/text/Evolution_Food_Culture_Alternative_Foods(print).pdf,693916,52776,-
original/print/text/Evolution_Food_Culture_Alternative_Foods(print).pdf,721734,887136,-
original/print/text/Evolution_Food_Culture_Alternative_Foods(print).pdf,1208427,27811,-
original/print/text/Evolution_Food_Culture_Alternative_Foods(print).pdf,1212673,65896,-
original/print/text/Evolution_Food_Culture_Alternative_Foods(print).pdf,1239899,106160,-
original/print/text/Evolution_Food_Culture_Alternative_Foods(print).pdf,1282202,58152,-
original/print/text/Evolution_Food_Culture_Alternative_Foods(print).pdf,1308783,90678,-
original/print/text/International_Logistics_Fire_Report(print).pdf,144,36708,-
original/print/text/International_Logistics_Fire_Report(print).pdf,15542,230284,-
original/print/text/International_Logistics_Fire_Report(print).pdf,112479,200712,-
original/print/text/International_Logistics_Fire_Report(print).pdf,175317,200729,-
original/print/text/International_Logistics_Fire_Report(print).pdf,239176,18332,-
original/print/text/International_Logistics_Fire_Report(print).pdf,250961,119175,-
original/print/text/International_Logistics_Fire_Report(print).pdf,283861,106612,-
original/print/text/International_Logistics_Fire_Report(print).pdf,317331,78708,-
original/print/text/International_Logistics_Fire_Report(print).pdf,342537,72403,-
original/print/text/International_Logistics_Fire_Report(print).pdf,369316,95692,-
original/print/text/International_Logistics_Fire_Report(print).pdf,412395,36248,-
original/print/text/International_Logistics_Fire_Report(print).pdf,430337,49196,-
original/print/text/International_Logistics_Fire_Report(print).pdf,450005,56256,-
original/print/text/International_Logistics_Fire_Report(print).pdf,456601,129724,-
original/print/text/International_Logistics_Fire_Report(print).pdf,507043,105828,-
original/print/text/International_Logistics_Fire_Report(print).pdf,552248,37808,-
original/print/text/International_Logistics_Fire_Report(print).pdf,568087,26676,-
original/print/text/International_Logistics_Fire_Report(print).pdf,572561,51620,-
original/print/text/International_Logistics_Fire_Report(print).pdf,599542,893016,-
original/print/text/International_Logistics_Fire_Report(print).pdf,1091281,18212,-
original/print/text/International_Logistics_Fire_Report(print).pdf,1100710,26773,-
original/print/text/International_Logistics_Fire_Report(print).pdf,1104994,80480,-
original/print/text/International_Logistics_Fire_Report(print).pdf,1140124,60440,-
original/print/text/International_Logistics_Fire_Report(print).pdf,1168790,22340,-
original/print/text/International_Logistics_Fire_Report(print).pdf,1180188,64094,-
original/print/text/Lumina_Interior_Lighting_Designbook(print).pdf,143,19844,-
original/print/text/Lumina_Interior_Lighting_Designbook(print).pdf,10161,38024,-
original/print/text/Lumina_Interior_Lighting_Designbook(print).pdf,26573,268508,-
original/print/text/Lumina_Interior_Lighting_Designbook(print).pdf,138675,23900,-
original/print/text/Lumina_Interior_Lighting_Designbook(print).pdf,150983,347616,-
original/print/text/Lumina_Interior_Lighting_Designbook(print).pdf,218830,18772,-
original/print/text/Lumina_Interior_Lighting_Designbook(print).pdf,230939,24807,-
original/print/text/Lumina_Interior_Lighting_Designbook(print).pdf,234952,40104,-
original/print/text/Lumina_Interior_Lighting_Designbook(print).pdf,242946,132932,-
original/print/text/Lumina_Interior_Lighting_Designbook(print).pdf,315271,74936,-
original/print/text/Lumina_Interior_Lighting_Designbook(print).pdf,337744,230284,-
original/print/text/Lumina_Interior_Lighting_Designbook(print).pdf,434683,10962,-
original/print/text/Lumina_Interior_Lighting_Designbook(print).pdf,437211,38452,-
original/print/text/Lumina_Interior_Lighting_Designbook(print).pdf,451839,139664,-
original/print/text/Lumina_Interior_Lighting_Designbook(print).pdf,518016,102548,-
original/print/text/Lumina_Interior_Lighting_Designbook(print).pdf,561531,58689,-
original/print/text/Lumina_Interior_Lighting_Designbook(print).pdf,568128,11192,-
original/print/text/Lumina_Interior_Lighting_Designbook(print).pdf,575056,33744,-
original/print/text/Lumina_Interior_Lighting_Designbook(print).pdf,588733,138432,-
original/print/text/Lumina_Interior_Lighting_Designbook(print).pdf,643798,23210,-
original/print/text/Lumina_Interior_Lighting_Designbook(print).pdf,647685,51192,-
original/print/text/Lumina_Interior_Lighting_Designbook(print).pdf,674338,30240,-
original/print/text/Lumina_Interior_Lighting_Designbook(print).pdf,686604,19212,-
original/print/text/Lumina_Interior_Lighting_Designbook(print).pdf,696665,19214,-
original/print/text/Lumina_Interior_Lighting_Designbook(print).pdf,699980,58576,-
original/print/text/Lumina_Interior_Lighting_Designbook(print).pdf,726859,115992,-
original/print/text/Lumina_Interior_Lighting_Designbook(print).pdf,770656,24688,-
original/print/text/Lumina_Interior_Lighting_Designbook(print).pdf,783429,65224,-
original/print/text/NeoHome_Smart_Appliances_Catalog_v5(print).pdf,144,63012,-
original/print/text/NeoHome_Smart_Appliances_Catalog_v5(print).pdf,26281,40268,-
original/print/text/NeoHome_Smart_Appliances_Catalog_v5(print).pdf,44440,268468,-
original/print/text/NeoHome_Smart_Appliances_Catalog_v5(print).pdf,156525,23900,-
original/print/text/NeoHome_Smart_Appliances_Catalog_v5(print).pdf,168833,347616,-
original/print/text/NeoHome_Smart_Appliances_Catalog_v5(print).pdf,236681,230284,-
original/print/text/NeoHome_Smart_Appliances_Catalog_v5(print).pdf,333617,28334,-
original/print/text/NeoHome_Smart_Appliances_Catalog_v5(print).pdf,338044,70952,-
original/print/text/NeoHome_Smart_Appliances_Catalog_v5(print).pdf,367069,200749,-
original/print/text/NeoHome_Smart_Appliances_Catalog_v5(print).pdf,444317,200730,-
original/print/text/NeoHome_Smart_Appliances_Catalog_v5(print).pdf,521019,200751,-
original/print/text/NeoHome_Smart_Appliances_Catalog_v5(print).pdf,597421,200755,-
original/print/text/NeoHome_Smart_Appliances_Catalog_v5(print).pdf,673283,200714,-
original/print/text/NeoHome_Smart_Appliances_Catalog_v5(print).pdf,750273,200715,-
original/print/text/NeoHome_Smart_Appliances_Catalog_v5(print).pdf,827175,200724,-
original/print/text/NeoHome_Smart_Appliances_Catalog_v5(print).pdf,904056,200718,-
original/print/text/NeoHome_Smart_Appliances_Catalog_v5(print).pdf,980900,200731,-
original/print/text/NeoHome_Smart_Appliances_Catalog_v5(print).pdf,1057211,142835,-
original/print/text/NeoHome_Smart_Appliances_Catalog_v5(print).pdf,1112019,85044,-
original/print/text/NeoHome_Smart_Appliances_Catalog_v5(print).pdf,1150875,61728,-
original/print/text/NeoHome_Smart_Appliances_Catalog_v5(print).pdf,1180043,67521,-
original/print/text/NeoHome_Smart_Appliances_Catalog_v5(print).pdf,1187380,39324,-
original/print/text/NeoHome_Smart_Appliances_Catalog_v5(print).pdf,1203547,136048,-
original/print/text/NeoHome_Smart_Appliances_Catalog_v5(print).pdf,1257984,27546,-
original/print/text/NeoHome_Smart_Appliances_Catalog_v5(print).pdf,1262222,15104,-
original/print/text/NeoHome_Smart_Appliances_Catalog_v5(print).pdf,1270143,56992,-
original/print/text/NeoHome_Smart_Appliances_Catalog_v5(print).pdf,1300538,26321,-
original/print/text/NeoHome_Smart_Appliances_Catalog_v5(print).pdf,1304740,63800,-
original/print/text/NeoHome_Smart_Appliances_Catalog_v5(print).pdf,1329023,125756,-
original/print/text/NeoHome_Smart_Appliances_Catalog_v5(print).pdf,1375278,84095,-
original/print/text/New_Care_Models_Aging_Society(print).pdf,145,230284,-
original/print/text/New_Care_Models_Aging_Society(print).pdf,97156,22940,-
original/print/text/New_Care_Models_Aging_Society(print).pdf,109251,110759,-
original/print/text/New_Care_Models_Aging_Society(print).pdf,138654,52292,-
original/print/text/New_Care_Models_Aging_Society(print).pdf,154593,200770,-
original/print/text/New_Care_Models_Aging_Society(print).pdf,231150,200739,-
original/print/text/New_Care_Models_Aging_Society(print).pdf,308344,200708,-
original/print/text/New_Care_Models_Aging_Society(print).pdf,385391,200736,-
original/print/text/New_Care_Models_Aging_Society(print).pdf,462492,200745,-
original/print/text/New_Care_Models_Aging_Society(print).pdf,538363,200763,-
original/print/text/New_Care_Models_Aging_Society(print).pdf,614800,200734,-
original/print/text/New_Care_Models_Aging_Society(print).pdf,691465,200721,-
original/print/text/New_Care_Models_Aging_Society(print).pdf,767734,200709,-
original/print/text/New_Care_Models_Aging_Society(print).pdf,844174,200768,-
original/print/text/New_Care_Models_Aging_Society(print).pdf,920880,200720,-
original/print/text/New_Care_Models_Aging_Society(print).pdf,998021,200723,-
original/print/text/New_Care_Models_Aging_Society(print).pdf,1075038,91799,-
original/print/text/New_Care_Models_Aging_Society(print).pdf,1110383,87352,-
original/print/text/New_Care_Models_Aging_Society(print).pdf,1145487,59264,-
original/print/text/New_Care_Models_Aging_Society(print).pdf,1172670,87726,-
original/print/text/New_Care_Models_Aging_Society(print).pdf,1181411,11492,-
original/print/text/New_Care_Models_Aging_Society(print).pdf,1188569,42316,-
original/print/text/New_Care_Models_Aging_Society(print).pdf,1206842,29025,-
original/print/text/New_Care_Models_Aging_Society(print).pdf,1210661,28124,-
original/print/text/New_Care_Models_Aging_Society(print).pdf,1221469,53184,-
original/print/text/New_Care_Models_Aging_Society(print).pdf,1249436,26706,-
original/print/text/New_Care_Models_Aging_Society(print).pdf,1253481,62908,-
original/print/text/New_Care_Models_Aging_Society(print).pdf,1282706,78852,-
original/print/text/New_Care_Models_Aging_Society(print).pdf,1317215,99702,-
original/print/text/Next_Decade_Space_Exploration(print).pdf,143,13856,-
original/print/text/Next_Decade_Space_Exploration(print).pdf,8617,230284,-
original/print/text/Next_Decade_Space_Exploration(print).pdf,105634,38840,-
original/print/text/Next_Decade_Space_Exploration(print).pdf,122687,22320,-
original/print/text/Next_Decade_Space_Exploration(print).pdf,134357,28324,-
original/print/text/Next_Decade_Space_Exploration(print).pdf,138794,54524,-
original/print/text/Next_Decade_Space_Exploration(print).pdf,145989,157064,-
original/print/text/Next_Decade_Space_Exploration(print).pdf,234791,156640,-
original/print/text/Next_Decade_Space_Exploration(print).pdf,317987,7166,-
original/print/text/Next_Decade_Space_Exploration(print).pdf,320226,65376,-
original/print/text/Next_Decade_Space_Exploration(print).pdf,351731,49544,-
original/print/text/Next_Decade_Space_Exploration(print).pdf,371305,119020,-
original/print/text/Next_Decade_Space_Exploration(print).pdf,427299,69322,-
original/print/text/Next_Decade_Space_Exploration(print).pdf,434200,33320,-
original/print/text/Next_Decade_Space_Exploration(print).pdf,447687,134044,-
original/print/text/Next_Decade_Space_Exploration(print).pdf,500767,24884,-
original/print/text/Next_Decade_Space_Exploration(print).pdf,504863,27576,-
original/print/text/Next_Decade_Space_Exploration(print).pdf,515356,53312,-
original/print/text/Next_Decade_Space_Exploration(print).pdf,543542,15356,-
original/print/text/Next_Decade_Space_Exploration(print).pdf,551060,23420,-
original/print/text/Next_Decade_Space_Exploration(print).pdf,554917,63952,-
original/print/text/Next_Decade_Space_Exploration(print).pdf,584714,104752,-
original/print/text/Next_Decade_Space_Exploration(print).pdf,628084,24104,-
original/print/text/Next_Decade_Space_Exploration(print).pdf,640032,67078,-
original/print/text/OceanQuest_Modular_Water_Leisure_Equipment_Guide(print).pdf,144,21884,-
original/print/text/OceanQuest_Modular_Water_Leisure_Equipment_Guide(print).pdf,11580,16048,-
original/print/text/OceanQuest_Modular_Water_Leisure_Equipment_Guide(print).pdf,21764,230284,-
original/print/text/OceanQuest_Modular_Water_Leisure_Equipment_Guide(print).pdf,118700,37292,-
original/print/text/OceanQuest_Modular_Water_Leisure_Equipment_Guide(print).pdf,122266,200730,-
original/print/text/OceanQuest_Modular_Water_Leisure_Equipment_Guide(print).pdf,198675,200750,-
original/print/text/OceanQuest_Modular_Water_Leisure_Equipment_Guide(print).pdf,274752,200763,-
original/print/text/OceanQuest_Modular_Water_Leisure_Equipment_Guide(print).pdf,351408,200709,-
original/print/text/OceanQuest_Modular_Water_Leisure_Equipment_Guide(print).pdf,427436,200753,-
original/print/text/OceanQuest_Modular_Water_Leisure_Equipment_Guide(print).pdf,504131,200767,-
original/print/text/OceanQuest_Modular_Water_Leisure_Equipment_Guide(print).pdf,580196,200761,-
original/print/text/OceanQuest_Modular_Water_Leisure_Equipment_Guide(print).pdf,656283,200738,-
original/print/text/OceanQuest_Modular_Water_Leisure_Equipment_Guide(print).pdf,733263,200713,-
original/print/text/OceanQuest_Modular_Water_Leisure_Equipment_Guide(print).pdf,809618,200745,-
original/print/text/OceanQuest_Modular_Water_Leisure_Equipment_Guide(print).pdf,886194,200711,-
original/print/text/OceanQuest_Modular_Water_Leisure_Equipment_Guide(print).pdf,962439,200709,-
original/print/text/OceanQuest_Modular_Water_Leisure_Equipment_Guide(print).pdf,1038438,60836,-
original/print/text/OceanQuest_Modular_Water_Leisure_Equipment_Guide(print).pdf,1050229,60862,-
original/print/text/OceanQuest_Modular_Water_Leisure_Equipment_Guide(print).pdf,1074618,101780,-
original/print/text/OceanQuest_Modular_Water_Leisure_Equipment_Guide(print).pdf,1117279,52496,-
original/print/text/OceanQuest_Modular_Water_Leisure_Equipment_Guide(print).pdf,1136873,92637,-
original/print/text/OceanQuest_Modular_Water_Leisure_Equipment_Guide(print).pdf,1142774,12544,-
original/print/text/OceanQuest_Modular_Water_Leisure_Equipment_Guide(print).pdf,1150711,133172,-
original/print/text/OceanQuest_Modular_Water_Leisure_Equipment_Guide(print).pdf,1203339,31326,-
original/print/text/OceanQuest_Modular_Water_Leisure_Equipment_Guide(print).pdf,1207047,52540,-
original/print/text/OceanQuest_Modular_Water_Leisure_Equipment_Guide(print).pdf,1234818,887196,-
original/print/text/OceanQuest_Modular_Water_Leisure_Equipment_Guide(print).pdf,1721548,38207,-
original/print/text/OceanQuest_Modular_Water_Leisure_Equipment_Guide(print).pdf,1724784,56844,-
original/print/text/OceanQuest_Modular_Water_Leisure_Equipment_Guide(print).pdf,1751539,18960,-
original/print/text/OceanQuest_Modular_Water_Leisure_Equipment_Guide(print).pdf,1761271,92606,-
original/print/text/PetPal_Smart_PetCare_Products(print).pdf,144,75508,-
original/print/text/PetPal_Smart_PetCare_Products(print).pdf,30214,23900,-
original/print/text/PetPal_Smart_PetCare_Products(print).pdf,42522,347616,-
original/print/text/PetPal_Smart_PetCare_Products(print).pdf,110369,38912,-
original/print/text/PetPal_Smart_PetCare_Products(print).pdf,127448,268468,-
original/print/text/PetPal_Smart_PetCare_Products(print).pdf,239534,230284,-
original/print/text/PetPal_Smart_PetCare_Products(print).pdf,336471,51986,-
original/print/text/PetPal_Smart_PetCare_Products(print).pdf,350122,71896,-
original/print/text/PetPal_Smart_PetCare_Products(print).pdf,379829,200762,-
original/print/text/PetPal_Smart_PetCare_Products(print).pdf,455711,200713,-
original/print/text/PetPal_Smart_PetCare_Products(print).pdf,531420,200709,-
original/print/text/PetPal_Smart_PetCare_Products(print).pdf,606917,200745,-
original/print/text/PetPal_Smart_PetCare_Products(print).pdf,683500,200725,-
original/print/text/PetPal_Smart_PetCare_Products(print).pdf,759686,200761,-
original/print/text/PetPal_Smart_PetCare_Products(print).pdf,836413,71608,-
original/print/text/PetPal_Smart_PetCare_Products(print).pdf,865343,15840,-
original/print/text/PetPal_Smart_PetCare_Products(print).pdf,870995,31804,-
original/print/text/PetPal_Smart_PetCare_Products(print).pdf,885713,36324,-
original/print/text/PetPal_Smart_PetCare_Products(print).pdf,903268,49508,-
original/print/text/PetPal_Smart_PetCare_Products(print).pdf,922859,47629,-
original/print/text/PetPal_Smart_PetCare_Products(print).pdf,928185,39116,-
original/print/text/PetPal_Smart_PetCare_Products(print).pdf,944245,33972,-
original/print/text/PetPal_Smart_PetCare_Products(print).pdf,958187,133436,-
original/print/text/PetPal_Smart_PetCare_Products(print).pdf,1010893,21652,-
original/print/text/PetPal_Smart_PetCare_Products(print).pdf,1014529,14224,-
original/print/text/PetPal_Smart_PetCare_Products(print).pdf,1022018,53004,-
original/print/text/PetPal_Smart_PetCare_Products(print).pdf,1049946,888068,-
original/print/text/PetPal_Smart_PetCare_Products(print).pdf,1537590,25998,-
original/print/text/PetPal_Smart_PetCare_Products(print).pdf,1541781,64252,-
original/print/text/PetPal_Smart_PetCare_Products(print).pdf,1566387,107324,-
original/print/text/PetPal_Smart_PetCare_Products(print).pdf,1609568,23316,-
original/print/text/PetPal_Smart_PetCare_Products(print).pdf,1621550,66629,-
original/print/text/Quantum_Computing_Race(print).pdf,143,12508,-
original/print/text/Quantum_Computing_Race(print).pdf,7970,230284,-
original/print/text/Quantum_Computing_Race(print).pdf,104987,77588,-
original/print/text/Quantum_Computing_Race(print).pdf,135996,22588,-
original/print/text/Quantum_Computing_Race(print).pdf,147869,27326,-
original/print/text/Quantum_Computing_Race(print).pdf,152291,55272,-
original/print/text/Quantum_Computing_Race(print).pdf,170498,129432,-
original/print/text/Quantum_Computing_Race(print).pdf,218381,83296,-
original/print/text/Quantum_Computing_Race(print).pdf,246867,8473,-
original/print/text/Quantum_Computing_Race(print).pdf,249141,36052,-
original/print/text/Quantum_Computing_Race(print).pdf,265813,103824,-
original/print/text/Quantum_Computing_Race(print).pdf,308819,109348,-
original/print/text/Quantum_Computing_Race(print).pdf,344105,88444,-
original/print/text/Quantum_Computing_Race(print).pdf,352607,31904,-
original/print/text/Quantum_Computing_Race(print).pdf,365284,12236,-
original/print/text/Quantum_Computing_Race(print).pdf,372963,133968,-
original/print/text/Quantum_Computing_Race(print).pdf,426047,26331,-
original/print/text/Quantum_Computing_Race(print).pdf,430244,885508,-
original/print/text/Quantum_Computing_Race(print).pdf,915660,53124,-
original/print/text/Quantum_Computing_Race(print).pdf,943688,30076,-
original/print/text/Quantum_Computing_Race(print).pdf,955883,268232,-
original/print/text/Quantum_Computing_Race(print).pdf,1067775,26791,-
original/print/text/Quantum_Computing_Race(print).pdf,1072076,85816,-
original/print/text/Quantum_Computing_Race(print).pdf,1109239,57856,-
original/print/text/Quantum_Computing_Race(print).pdf,1135707,22224,-
original/print/text/Quantum_Computing_Race(print).pdf,1146688,85229,-
original/print/text/Robots_Automation_Future_Work(print).pdf,144,21368,-
original/print/text/Robots_Automation_Future_Work(print).pdf,11245,230284,-
original/print/text/Robots_Automation_Future_Work(print).pdf,108262,75992,-
original/print/text/Robots_Automation_Future_Work(print).pdf,138229,200717,-
original/print/text/Robots_Automation_Future_Work(print).pdf,198573,200714,-
original/print/text/Robots_Automation_Future_Work(print).pdf,259820,200711,-
original/print/text/Robots_Automation_Future_Work(print).pdf,319950,200721,-
original/print/text/Robots_Automation_Future_Work(print).pdf,380780,167606,-
original/print/text/Robots_Automation_Future_Work(print).pdf,431652,151752,-
original/print/text/Robots_Automation_Future_Work(print).pdf,516716,112892,-
original/print/text/Robots_Automation_Future_Work(print).pdf,554363,268232,-
original/print/text/Robots_Automation_Future_Work(print).pdf,666244,107537,-
original/print/text/Robots_Automation_Future_Work(print).pdf,707621,35524,-
original/print/text/Robots_Automation_Future_Work(print).pdf,724316,123128,-
original/print/text/Robots_Automation_Future_Work(print).pdf,782190,49956,-
original/print/text/Robots_Automation_Future_Work(print).pdf,801475,66507,-
original/print/text/Robots_Automation_Future_Work(print).pdf,808378,40756,-
original/print/text/Robots_Automation_Future_Work(print).pdf,825568,133032,-
original/print/text/Robots_Automation_Future_Work(print).pdf,878186,33444,-
original/print/text/Robots_Automation_Future_Work(print).pdf,891697,24236,-
original/print/text/Robots_Automation_Future_Work(print).pdf,895720,15536,-
original/print/text/Robots_Automation_Future_Work(print).pdf,903812,52780,-
original/print/text/Robots_Automation_Future_Work(print).pdf,931539,15108,-
original/print/text/Robots_Automation_Future_Work(print).pdf,938846,23100,-
original/print/text/Robots_Automation_Future_Work(print).pdf,942762,89272,-
original/print/text/Robots_Automation_Future_Work(print).pdf,981002,56300,-
original/print/text/Robots_Automation_Future_Work(print).pdf,1006862,23384,-
original/print/text/Robots_Automation_Future_Work(print).pdf,1018082,72875,-
original/print/text/Security_Breach_Investigation_Report(print).pdf,144,37172,-
original/print/text/Security_Breach_Investigation_Report(print).pdf,15947,230284,-
original/print/text/Security_Breach_Investigation_Report(print).pdf,112964,18732,-
original/print/text/Security_Breach_Investigation_Report(print).pdf,125117,200742,-
original/print/text/Security_Breach_Investigation_Report(print).pdf,185955,109745,-
original/print/text/Security_Breach_Investigation_Report(print).pdf,220913,76248,-
original/print/text/Security_Breach_Investigation_Report(print).pdf,253844,85072,-
original/print/text/Security_Breach_Investigation_Report(print).pdf,283524,200763,-
original/print/text/Security_Breach_Investigation_Report(print).pdf,358189,100204,-
original/print/text/Security_Breach_Investigation_Report(print).pdf,402040,200760,-
original/print/text/Security_Breach_Investigation_Report(print).pdf,475448,70088,-
original/print/text/Security_Breach_Investigation_Report(print).pdf,502368,29180,-
original/print/text/Security_Breach_Investigation_Report(print).pdf,515933,109312,-
original/print/text/Security_Breach_Investigation_Report(print).pdf,562810,112020,-
original/print/text/Security_Breach_Investigation_Report(print).pdf,616046,60699,-
original/print/text/Security_Breach_Investigation_Report(print).pdf,623235,31196,-
original/print/text/Security_Breach_Investigation_Report(print).pdf,635629,45976,-
original/print/text/Security_Breach_Investigation_Report(print).pdf,656769,136632,-
original/print/text/Security_Breach_Investigation_Report(print).pdf,710829,33968,-
original/print/text/Security_Breach_Investigation_Report(print).pdf,715913,15688,-
original/print/text/Security_Breach_Investigation_Report(print).pdf,724168,896664,-
original/print/text/Security_Breach_Investigation_Report(print).pdf,1218596,31204,-
original/print/text/Security_Breach_Investigation_Report(print).pdf,1231736,268232,-
original/print/text/Security_Breach_Investigation_Report(print).pdf,1343628,31821,-
original/print/text/Security_Breach_Investigation_Report(print).pdf,1348582,58748,-
original/print/text/Security_Breach_Investigation_Report(print).pdf,1375839,115228,-
original/print/text/Security_Breach_Investigation_Report(print).pdf,1423334,60516,-
original/print/text/Security_Breach_Investigation_Report(print).pdf,1451443,70909,-
original/print/text/SkyGarden_Indoor_Vertical_Garden_Solutions(print).pdf,144,62068,-
original/print/text/SkyGarden_Indoor_Vertical_Garden_Solutions(print).pdf,25839,242092,-
original/print/text/SkyGarden_Indoor_Vertical_Garden_Solutions(print).pdf,123786,200705,-
original/print/text/SkyGarden_Indoor_Vertical_Garden_Solutions(print).pdf,186308,268508,-
original/print/text/SkyGarden_Indoor_Vertical_Garden_Solutions(print).pdf,298330,200755,-
original/print/text/SkyGarden_Indoor_Vertical_Garden_Solutions(print).pdf,360108,23900,-
original/print/text/SkyGarden_Indoor_Vertical_Garden_Solutions(print).pdf,372416,347616,-
original/print/text/SkyGarden_Indoor_Vertical_Garden_Solutions(print).pdf,440183,200757,-
original/print/text/SkyGarden_Indoor_Vertical_Garden_Solutions(print).pdf,502734,15948,-
original/print/text/SkyGarden_Indoor_Vertical_Garden_Solutions(print).pdf,512814,137716,-
original/print/text/SkyGarden_Indoor_Vertical_Garden_Solutions(print).pdf,554976,73552,-
original/print/text/SkyGarden_Indoor_Vertical_Garden_Solutions(print).pdf,585951,125692,-
original/print/text/SkyGarden_Indoor_Vertical_Garden_Solutions(print).pdf,630613,72048,-
original/print/text/SkyGarden_Indoor_Vertical_Garden_Solutions(print).pdf,659771,10747,-
original/print/text/SkyGarden_Indoor_Vertical_Garden_Solutions(print).pdf,662172,90128,-
original/print/text/SkyGarden_Indoor_Vertical_Garden_Solutions(print).pdf,703308,111496,-
original/print/text/SkyGarden_Indoor_Vertical_Garden_Solutions(print).pdf,750001,96272,-
original/print/text/SkyGarden_Indoor_Vertical_Garden_Solutions(print).pdf,789786,52420,-
original/print/text/SkyGarden_Indoor_Vertical_Garden_Solutions(print).pdf,795718,39288,-
original/print/text/SkyGarden_Indoor_Vertical_Garden_Solutions(print).pdf,811938,134212,-
original/print/text/SkyGarden_Indoor_Vertical_Garden_Solutions(print).pdf,865180,12776,-
original/print/text/SkyGarden_Indoor_Vertical_Garden_Solutions(print).pdf,873183,21043,-
original/print/text/SkyGarden_Indoor_Vertical_Garden_Solutions(print).pdf,876685,51592,-
original/print/text/SkyGarden_Indoor_Vertical_Garden_Solutions(print).pdf,903690,888340,-
original/print/text/SkyGarden_Indoor_Vertical_Garden_Solutions(print).pdf,1391519,30420,-
original/print/text/SkyGarden_Indoor_Vertical_Garden_Solutions(print).pdf,1403825,20044,-
original/print/text/SkyGarden_Indoor_Vertical_Garden_Solutions(print).pdf,1407041,13944,-
original/print/text/SkyGarden_Indoor_Vertical_Garden_Solutions(print).pdf,1414660,77416,-
original/print/text/SkyGarden_Indoor_Vertical_Garden_Solutions(print).pdf,1451521,55624,-
original/print/text/SkyGarden_Indoor_Vertical_Garden_Solutions(print).pdf,1477433,63481,-
original/print/text/Sustainable_Fashion_Innovation(print).pdf,143,15532,-
original/print/text/Sustainable_Fashion_Innovation(print).pdf,9871,230284,-
original/print/text/Sustainable_Fashion_Innovation(print).pdf,106888,22368,-
original/print/text/Sustainable_Fashion_Innovation(print).pdf,118568,112102,-
original/print/text/Sustainable_Fashion_Innovation(print).pdf,148719,52180,-
original/print/text/Sustainable_Fashion_Innovation(print).pdf,164674,85872,-
original/print/text/Sustainable_Fashion_Innovation(print).pdf,195183,132684,-
original/print/text/Sustainable_Fashion_Innovation(print).pdf,244530,7826,-
original/print/text/Sustainable_Fashion_Innovation(print).pdf,246791,38012,-
original/print/text/Sustainable_Fashion_Innovation(print).pdf,264563,40396,-
original/print/text/Sustainable_Fashion_Innovation(print).pdf,284026,87695,-
original/print/text/Sustainable_Fashion_Innovation(print).pdf,292421,11652,-
original/print/text/Sustainable_Fashion_Innovation(print).pdf,299715,103968,-
original/print/text/Sustainable_Fashion_Innovation(print).pdf,344184,32724,-
original/print/text/Sustainable_Fashion_Innovation(print).pdf,357341,25654,-
original/print/text/Sustainable_Fashion_Innovation(print).pdf,361542,51884,-
original/print/text/Sustainable_Fashion_Innovation(print).pdf,388750,888660,-
original/print/text/Sustainable_Fashion_Innovation(print).pdf,876902,29560,-
original/print/text/Sustainable_Fashion_Innovation(print).pdf,888594,29673,-
original/print/text/Sustainable_Fashion_Innovation(print).pdf,893123,49020,-
original/print/text/Sustainable_Fashion_Innovation(print).pdf,915340,77648,-
original/print/text/Sustainable_Fashion_Innovation(print).pdf,949451,107996,-
original/print/text/Sustainable_Fashion_Innovation(print).pdf,992357,101403,-
original/print/text/UrbanRide_Electric_Bike_Scooter_Series(print).pdf,144,36820,-
original/print/text/UrbanRide_Electric_Bike_Scooter_Series(print).pdf,15647,22172,-
original/print/text/UrbanRide_Electric_Bike_Scooter_Series(print).pdf,27320,275744,-
original/print/text/UrbanRide_Electric_Bike_Scooter_Series(print).pdf,139486,23900,-
original/print/text/UrbanRide_Electric_Bike_Scooter_Series(print).pdf,151794,347616,-
original/print/text/UrbanRide_Electric_Bike_Scooter_Series(print).pdf,219561,200750,-
original/print/text/UrbanRide_Electric_Bike_Scooter_Series(print).pdf,280003,342756,-
original/print/text/UrbanRide_Electric_Bike_Scooter_Series(print).pdf,346824,200725,-
original/print/text/UrbanRide_Electric_Bike_Scooter_Series(print).pdf,408904,51470,-
original/print/text/UrbanRide_Electric_Bike_Scooter_Series(print).pdf,425300,113788,-
original/print/text/UrbanRide_Electric_Bike_Scooter_Series(print).pdf,463391,71688,-
original/print/text/UrbanRide_Electric_Bike_Scooter_Series(print).pdf,483363,72332,-
original/print/text/UrbanRide_Electric_Bike_Scooter_Series(print).pdf,509930,42148,-
original/print/text/UrbanRide_Electric_Bike_Scooter_Series(print).pdf,528433,42768,-
original/print/text/UrbanRide_Electric_Bike_Scooter_Series(print).pdf,550520,44144,-
original/print/text/UrbanRide_Electric_Bike_Scooter_Series(print).pdf,567940,230284,-
original/print/text/UrbanRide_Electric_Bike_Scooter_Series(print).pdf,664888,48321,-
original/print/text/UrbanRide_Electric_Bike_Scooter_Series(print).pdf,670435,129052,-
original/print/text/UrbanRide_Electric_Bike_Scooter_Series(print).pdf,720698,12620,-
original/print/text/UrbanRide_Electric_Bike_Scooter_Series(print).pdf,728607,44616,-
original/print/text/UrbanRide_Electric_Bike_Scooter_Series(print).pdf,748671,28914,-
original/print/text/UrbanRide_Electric_Bike_Scooter_Series(print).pdf,753120,20056,-
original/print/text/UrbanRide_Electric_Bike_Scooter_Series(print).pdf,763748,891764,-
original/print/text/UrbanRide_Electric_Bike_Scooter_Series(print).pdf,1254274,28248,-
original/print/text/UrbanRide_Electric_Bike_Scooter_Series(print).pdf,1258421,46296,-
original/print/text/UrbanRide_Electric_Bike_Scooter_Series(print).pdf,1279415,77528,-
original/print/text/UrbanRide_Electric_Bike_Scooter_Series(print).pdf,1313729,112048,-
original/print/text/UrbanRide_Electric_Bike_Scooter_Series(print).pdf,1359248,65784,-
original/print/text/Urban_Fine_Particulate_Matter(print).pdf,145,230284,-
original/print/text/Urban_Fine_Particulate_Matter(print).pdf,97156,16900,-
original/print/text/Urban_Fine_Particulate_Matter(print).pdf,107937,21696,-
original/print/text/Urban_Fine_Particulate_Matter(print).pdf,119218,96925,-
original/print/text/Urban_Fine_Particulate_Matter(print).pdf,144339,52088,-
original/print/text/Urban_Fine_Particulate_Matter(print).pdf,160348,161488,-
original/print/text/Urban_Fine_Particulate_Matter(print).pdf,252690,129408,-
original/print/text/Urban_Fine_Particulate_Matter(print).pdf,300069,7696,-
original/print/text/Urban_Fine_Particulate_Matter(print).pdf,302401,87388,-
original/print/text/Urban_Fine_Particulate_Matter(print).pdf,342685,40072,-
original/print/text/Urban_Fine_Particulate_Matter(print).pdf,361847,104960,-
original/print/text/Urban_Fine_Particulate_Matter(print).pdf,405568,211148,-
original/print/text/Urban_Fine_Particulate_Matter(print).pdf,418576,74895,-
original/print/text/Urban_Fine_Particulate_Matter(print).pdf,426045,39648,-
original/print/text/Urban_Fine_Particulate_Matter(print).pdf,442388,134332,-
original/print/text/Urban_Fine_Particulate_Matter(print).pdf,495748,12748,-
original/print/text/Urban_Fine_Particulate_Matter(print).pdf,503705,25019,-
original/print/text/Urban_Fine_Particulate_Matter(print).pdf,507732,15848,-
original/print/text/Urban_Fine_Particulate_Matter(print).pdf,515933,54512,-
original/print/text/Urban_Fine_Particulate_Matter(print).pdf,544955,13996,-
original/print/text/Urban_Fine_Particulate_Matter(print).pdf,551628,22785,-
original/print/text/Urban_Fine_Particulate_Matter(print).pdf,555461,66396,-
original/print/text/Urban_Fine_Particulate_Matter(print).pdf,581401,59816,-
original/print/text/Urban_Fine_Particulate_Matter(print).pdf,608787,72740,-
original/print/text/Urban_Fine_Particulate_Matter(print).pdf,643022,97253,-
original/print/text/ai_ethics_responsible_use_guidelines_multilang(print).pdf,144,36772,-
original/print/text/ai_ethics_responsible_use_guidelines_multilang(print).pdf,15545,14048,-
original/print/text/ai_ethics_responsible_use_guidelines_multilang(print).pdf,24278,25056,-
original/print/text/ai_ethics_responsible_use_guidelines_multilang(print).pdf,37809,230284,-
original/print/text/ai_ethics_responsible_use_guidelines_multilang(print).pdf,134745,25287,-
original/print/text/ai_ethics_responsible_use_guidelines_multilang(print).pdf,138448,73300,-
original/print/text/ai_ethics_responsible_use_guidelines_multilang(print).pdf,169348,60216,-
original/print/text/ai_ethics_responsible_use_guidelines_multilang(print).pdf,180781,195860,-
original/print/text/ai_ethics_responsible_use_guidelines_multilang(print).pdf,279244,9512,-
original/print/text/ai_ethics_responsible_use_guidelines_multilang(print).pdf,281251,86340,-
original/print/text/ai_ethics_responsible_use_guidelines_multilang(print).pdf,320770,41944,-
original/print/text/ai_ethics_responsible_use_guidelines_multilang(print).pdf,337165,103116,-
original/print/text/ai_ethics_responsible_use_guidelines_multilang(print).pdf,380173,66318,-
original/print/text/ai_ethics_responsible_use_guidelines_multilang(print).pdf,386678,129600,-
original/print/text/ai_ethics_responsible_use_guidelines_multilang(print).pdf,437313,31796,-
original/print/text/ai_ethics_responsible_use_guidelines_multilang(print).pdf,450037,13864,-
original/print/text/ai_ethics_responsible_use_guidelines_multilang(print).pdf,458941,21886,-
original/print/text/ai_ethics_responsible_use_guidelines_multilang(print).pdf,462361,51720,-
original/print/text/ai_ethics_responsible_use_guidelines_multilang(print).pdf,489433,13584,-
original/print/text/ai_ethics_responsible_use_guidelines_multilang(print).pdf,495896,31940,-
original/print/text/ai_ethics_responsible_use_guidelines_multilang(print).pdf,509478,268232,-
original/print/text/ai_ethics_responsible_use_guidelines_multilang(print).pdf,621370,21735,-
original/print/text/ai_ethics_responsible_use_guidelines_multilang(print).pdf,624873,88996,-
original/print/text/ai_ethics_responsible_use_guidelines_multilang(print).pdf,662527,19280,-
original/print/text/ai_ethics_responsible_use_guidelines_multilang(print).pdf,672532,81196,-
original/print/text/ai_ethics_responsible_use_guidelines_multilang(print).pdf,711143,81553,-
original/print/text/climate_crisis_preparedness_community_action_guidelines_multilang(print).pdf,144,62604,-
original/print/text/climate_crisis_preparedness_community_action_guidelines_multilang(print).pdf,26136,25628,-
original/print/text/climate_crisis_preparedness_community_action_guidelines_multilang(print).pdf,39973,200726,-
original/print/text/climate_crisis_preparedness_community_action_guidelines_multilang(print).pdf,98330,230284,-
original/print/text/climate_crisis_preparedness_community_action_guidelines_multilang(print).pdf,195266,27133,-
original/print/text/climate_crisis_preparedness_community_action_guidelines_multilang(print).pdf,204859,79380,-
original/print/text/climate_crisis_preparedness_community_action_guidelines_multilang(print).pdf,221348,60932,-
original/print/text/climate_crisis_preparedness_community_action_guidelines_multilang(print).pdf,233357,200742,-
original/print/text/climate_crisis_preparedness_community_action_guidelines_multilang(print).pdf,311021,200749,-
original/print/text/climate_crisis_preparedness_community_action_guidelines_multilang(print).pdf,387728,200759,-
original/print/text/climate_crisis_preparedness_community_action_guidelines_multilang(print).pdf,464403,200724,-
original/print/text/climate_crisis_preparedness_community_action_guidelines_multilang(print).pdf,540396,200750,-
original/print/text/climate_crisis_preparedness_community_action_guidelines_multilang(print).pdf,617218,200747,-
original/print/text/climate_crisis_preparedness_community_action_guidelines_multilang(print).pdf,694246,200733,-
original/print/text/climate_crisis_preparedness_community_action_guidelines_multilang(print).pdf,771428,200721,-
original/print/text/climate_crisis_preparedness_community_action_guidelines_multilang(print).pdf,848104,200768,-
original/print/text/climate_crisis_preparedness_community_action_guidelines_multilang(print).pdf,925106,13537,-
original/print/text/climate_crisis_preparedness_community_action_guidelines_multilang(print).pdf,930877,37364,-
original/print/text/climate_crisis_preparedness_community_action_guidelines_multilang(print).pdf,948132,90256,-
original/print/text/climate_crisis_preparedness_community_action_guidelines_multilang(print).pdf,984589,38588,-
original/print/text/climate_crisis_preparedness_community_action_guidelines_multilang(print).pdf,1005046,84268,-
original/print/text/climate_crisis_preparedness_community_action_guidelines_multilang(print).pdf,1013112,95792,-
original/print/text/climate_crisis_preparedness_community_action_guidelines_multilang(print).pdf,1054236,31452,-
original/print/text/climate_crisis_preparedness_community_action_guidelines_multilang(print).pdf,1066790,45220,-
original/print/text/climate_crisis_preparedness_community_action_guidelines_multilang(print).pdf,1087292,27226,-
original/print/text/climate_crisis_preparedness_community_action_guidelines_multilang(print).pdf,1091232,27560,-
original/print/text/climate_crisis_preparedness_community_action_guidelines_multilang(print).pdf,1101798,885720,-
original/print/text/climate_crisis_preparedness_community_action_guidelines_multilang(print).pdf,1587450,21436,-
original/print/text/climate_crisis_preparedness_community_action_guidelines_multilang(print).pdf,1598917,27957,-
original/print/text/climate_crisis_preparedness_community_action_guidelines_multilang(print).pdf,1603074,65196,-
original/print/text/climate_crisis_preparedness_community_action_guidelines_multilang(print).pdf,1628214,81160,-
original/print/text/climate_crisis_preparedness_community_action_guidelines_multilang(print).pdf,1665293,64292,-
original/print/text/climate_crisis_preparedness_community_action_guidelines_multilang(print).pdf,1694513,91454,-
original/print/text/confidential_doc_leak_collusion_investigation(print).pdf,144,37640,-
original/print/text/confidential_doc_leak_collusion_investigation(print).pdf,16246,80636,-
original/print/text/confidential_doc_leak_collusion_investigation(print).pdf,49409,100168,-
original/print/text/confidential_doc_leak_collusion_investigation(print).pdf,93317,21380,-
original/print/text/confidential_doc_leak_collusion_investigation(print).pdf,104402,537536,-
original/print/text/confidential_doc_leak_collusion_investigation(print).pdf,283274,18233,-
original/print/text/confidential_doc_leak_collusion_investigation(print).pdf,286500,108284,-
original/print/text/confidential_doc_leak_collusion_investigation(print).pdf,321295,83856,-
original/print/text/confidential_doc_leak_collusion_investigation(print).pdf,360175,159799,-
original/print/text/confidential_doc_leak_collusion_investigation(print).pdf,421434,39980,-
original/print/text/confidential_doc_leak_collusion_investigation(print).pdf,439793,34224,-
original/print/text/confidential_doc_leak_collusion_investigation(print).pdf,456349,42540,-
original/print/text/confidential_doc_leak_collusion_investigation(print).pdf,472995,37326,-
original/print/text/confidential_doc_leak_collusion_investigation(print).pdf,477131,99864,-
original/print/text/confidential_doc_leak_collusion_investigation(print).pdf,519919,135672,-
original/print/text/confidential_doc_leak_collusion_investigation(print).pdf,574355,11648,-
original/print/text/confidential_doc_leak_collusion_investigation(print).pdf,581792,13846,-
original/print/text/confidential_doc_leak_collusion_investigation(print).pdf,584263,16348,-
original/print/text/confidential_doc_leak_collusion_investigation(print).pdf,592884,891436,-
original/print/text/confidential_doc_leak_collusion_investigation(print).pdf,1083518,30148,-
original/print/text/confidential_doc_leak_collusion_investigation(print).pdf,1095649,21953,-
original/print/text/confidential_doc_leak_collusion_investigation(print).pdf,1099205,67156,-
original/print/text/confidential_doc_leak_collusion_investigation(print).pdf,1125562,76560,-
original/print/text/confidential_doc_leak_collusion_investigation(print).pdf,1161931,54724,-
original/print/text/confidential_doc_leak_collusion_investigation(print).pdf,1187273,52368,-
original/print/text/digital_data_security_guidelines(print).pdf,143,19856,-
original/print/text/digital_data_security_guidelines(print).pdf,10194,230284,-
original/print/text/digital_data_security_guidelines(print).pdf,107211,74804,-
original/print/text/digital_data_security_guidelines(print).pdf,136903,39828,-
original/print/text/digital_data_security_guidelines(print).pdf,154728,21644,-
original/print/text/digital_data_security_guidelines(print).pdf,158350,41884,-
original/print/text/digital_data_security_guidelines(print).pdf,167503,166672,-
original/print/text/digital_data_security_guidelines(print).pdf,263588,200744,-
original/print/text/digital_data_security_guidelines(print).pdf,338839,172809,-
original/print/text/digital_data_security_guidelines(print).pdf,405491,58380,-
original/print/text/digital_data_security_guidelines(print).pdf,433519,44548,-
original/print/text/digital_data_security_guidelines(print).pdf,454350,131016,-
original/print/text/digital_data_security_guidelines(print).pdf,513880,211148,-
original/print/text/digital_data_security_guidelines(print).pdf,526888,76879,-
original/print/text/digital_data_security_guidelines(print).pdf,534092,11156,-
original/print/text/digital_data_security_guidelines(print).pdf,541121,40872,-
original/print/text/digital_data_security_guidelines(print).pdf,558429,136048,-
original/print/text/digital_data_security_guidelines(print).pdf,613038,22228,-
original/print/text/digital_data_security_guidelines(print).pdf,616643,27352,-
original/print/text/digital_data_security_guidelines(print).pdf,627037,16552,-
original/print/text/digital_data_security_guidelines(print).pdf,635631,57260,-
original/print/text/digital_data_security_guidelines(print).pdf,666376,23188,-
original/print/text/digital_data_security_guidelines(print).pdf,670135,57544,-
original/print/text/digital_data_security_guidelines(print).pdf,696316,70568,-
original/print/text/digital_data_security_guidelines(print).pdf,724922,110628,-
original/print/text/digital_data_security_guidelines(print).pdf,769315,78203,-
original/print/text/educational_technology_elearning_safety_guidelines_multilang(print).pdf,144,72036,-
original/print/text/educational_technology_elearning_safety_guidelines_multilang(print).pdf,28878,40068,-
original/print/text/educational_technology_elearning_safety_guidelines_multilang(print).pdf,46843,70290,-
original/print/text/educational_technology_elearning_safety_guidelines_multilang(print).pdf,66504,85692,-
original/print/text/educational_technology_elearning_safety_guidelines_multilang(print).pdf,87187,224752,-
original/print/text/educational_technology_elearning_safety_guidelines_multilang(print).pdf,205435,230284,-
original/print/text/educational_technology_elearning_safety_guidelines_multilang(print).pdf,302372,76011,-
original/print/text/educational_technology_elearning_safety_guidelines_multilang(print).pdf,330770,88068,-
original/print/text/educational_technology_elearning_safety_guidelines_multilang(print).pdf,371281,29352,-
original/print/text/educational_technology_elearning_safety_guidelines_multilang(print).pdf,385128,107512,-
original/print/text/educational_technology_elearning_safety_guidelines_multilang(print).pdf,430283,83098,-
original/print/text/educational_technology_elearning_safety_guidelines_multilang(print).pdf,437984,11576,-
original/print/text/educational_technology_elearning_safety_guidelines_multilang(print).pdf,445295,130880,-
original/print/text/educational_technology_elearning_safety_guidelines_multilang(print).pdf,496582,108616,-
original/print/text/educational_technology_elearning_safety_guidelines_multilang(print).pdf,543362,24365,-
original/print/text/educational_technology_elearning_safety_guidelines_multilang(print).pdf,547141,28364,-
original/print/text/educational_technology_elearning_safety_guidelines_multilang(print).pdf,558254,52104,-
original/print/text/educational_technology_elearning_safety_guidelines_multilang(print).pdf,585659,19080,-
original/print/text/educational_technology_elearning_safety_guidelines_multilang(print).pdf,595546,21939,-
original/print/text/educational_technology_elearning_safety_guidelines_multilang(print).pdf,599084,15388,-
original/print/text/educational_technology_elearning_safety_guidelines_multilang(print).pdf,607057,89000,-
original/print/text/educational_technology_elearning_safety_guidelines_multilang(print).pdf,645434,84336,-
original/print/text/educational_technology_elearning_safety_guidelines_multilang(print).pdf,683231,67645,-
original/print/text/global_cloud_datacenter_cooling_failure_report(print).pdf,144,20716,-
original/print/text/global_cloud_datacenter_cooling_failure_report(print).pdf,10807,77688,-
original/print/text/global_cloud_datacenter_cooling_failure_report(print).pdf,42217,23900,-
original/print/text/global_cloud_datacenter_cooling_failure_report(print).pdf,54525,347616,-
original/print/text/global_cloud_datacenter_cooling_failure_report(print).pdf,122372,38472,-
original/print/text/global_cloud_datacenter_cooling_failure_report(print).pdf,139270,275468,-
original/print/text/global_cloud_datacenter_cooling_failure_report(print).pdf,251283,537536,-
original/print/text/global_cloud_datacenter_cooling_failure_report(print).pdf,430155,15657,-
original/print/text/global_cloud_datacenter_cooling_failure_report(print).pdf,433005,49252,-
original/print/text/global_cloud_datacenter_cooling_failure_report(print).pdf,447053,200742,-
original/print/text/global_cloud_datacenter_cooling_failure_report(print).pdf,525967,200711,-
original/print/text/global_cloud_datacenter_cooling_failure_report(print).pdf,604252,82124,-
original/print/text/global_cloud_datacenter_cooling_failure_report(print).pdf,641807,141263,-
original/print/text/global_cloud_datacenter_cooling_failure_report(print).pdf,697851,83412,-
original/print/text/global_cloud_datacenter_cooling_failure_report(print).pdf,730614,48796,-
original/print/text/global_cloud_datacenter_cooling_failure_report(print).pdf,753688,99772,-
original/print/text/global_cloud_datacenter_cooling_failure_report(print).pdf,799356,25727,-
original/print/text/global_cloud_datacenter_cooling_failure_report(print).pdf,802676,11792,-
original/print/text/global_cloud_datacenter_cooling_failure_report(print).pdf,810155,42140,-
original/print/text/global_cloud_datacenter_cooling_failure_report(print).pdf,828440,135324,-
original/print/text/global_cloud_datacenter_cooling_failure_report(print).pdf,881908,12247,-
original/print/text/global_cloud_datacenter_cooling_failure_report(print).pdf,884117,28956,-
original/print/text/global_cloud_datacenter_cooling_failure_report(print).pdf,895629,18632,-
original/print/text/global_cloud_datacenter_cooling_failure_report(print).pdf,905513,54824,-
original/print/text/global_cloud_datacenter_cooling_failure_report(print).pdf,934740,16220,-
original/print/text/global_cloud_datacenter_cooling_failure_report(print).pdf,937538,58280,-
original/print/text/global_cloud_datacenter_cooling_failure_report(print).pdf,964641,72908,-
original/print/text/global_cloud_datacenter_cooling_failure_report(print).pdf,994893,105824,-
original/print/text/global_cloud_datacenter_cooling_failure_report(print).pdf,1036576,37308,-
original/print/text/green_energy_sustainable_living_guidelines_multilang(print).pdf,144,63532,-
original/print/text/green_energy_sustainable_living_guidelines_multilang(print).pdf,26707,37724,-
original/print/text/green_energy_sustainable_living_guidelines_multilang(print).pdf,42841,230284,-
original/print/text/green_energy_sustainable_living_guidelines_multilang(print).pdf,139778,200706,-
original/print/text/green_energy_sustainable_living_guidelines_multilang(print).pdf,202632,200721,-
original/print/text/green_energy_sustainable_living_guidelines_multilang(print).pdf,265124,200734,-
original/print/text/green_energy_sustainable_living_guidelines_multilang(print).pdf,327492,200724,-
original/print/text/green_energy_sustainable_living_guidelines_multilang(print).pdf,390357,82392,-
original/print/text/green_energy_sustainable_living_guidelines_multilang(print).pdf,416801,92376,-
original/print/text/green_energy_sustainable_living_guidelines_multilang(print).pdf,461492,133000,-
original/print/text/green_energy_sustainable_living_guidelines_multilang(print).pdf,511394,77982,-
original/print/text/green_energy_sustainable_living_guidelines_multilang(print).pdf,540286,34280,-
original/print/text/green_energy_sustainable_living_guidelines_multilang(print).pdf,555837,95808,-
original/print/text/green_energy_sustainable_living_guidelines_multilang(print).pdf,602227,42192,-
original/print/text/green_energy_sustainable_living_guidelines_multilang(print).pdf,623949,55380,-
original/print/text/green_energy_sustainable_living_guidelines_multilang(print).pdf,629493,39584,-
original/print/text/green_energy_sustainable_living_guidelines_multilang(print).pdf,645957,131148,-
original/print/text/green_energy_sustainable_living_guidelines_multilang(print).pdf,697449,107192,-
original/print/text/green_energy_sustainable_living_guidelines_multilang(print).pdf,743492,18365,-
original/print/text/green_energy_sustainable_living_guidelines_multilang(print).pdf,746636,14476,-
original/print/text/green_energy_sustainable_living_guidelines_multilang(print).pdf,754285,52444,-
original/print/text/green_energy_sustainable_living_guidelines_multilang(print).pdf,781782,892396,-
original/print/text/green_energy_sustainable_living_guidelines_multilang(print).pdf,1273239,22991,-
original/print/text/green_energy_sustainable_living_guidelines_multilang(print).pdf,1276772,64804,-
original/print/text/green_energy_sustainable_living_guidelines_multilang(print).pdf,1301959,99916,-
original/print/text/green_energy_sustainable_living_guidelines_multilang(print).pdf,1342039,64152,-
original/print/text/green_energy_sustainable_living_guidelines_multilang(print).pdf,1371568,69319,-
original/print/text/health_wellbeing_digital_age_guidelines_multilang(print).pdf,144,63296,-
original/print/text/health_wellbeing_digital_age_guidelines_multilang(print).pdf,26563,18196,-
original/print/text/health_wellbeing_digital_age_guidelines_multilang(print).pdf,38337,230284,-
original/print/text/health_wellbeing_digital_age_guidelines_multilang(print).pdf,135274,109960,-
original/print/text/health_wellbeing_digital_age_guidelines_multilang(print).pdf,165238,80112,-
original/print/text/health_wellbeing_digital_age_guidelines_multilang(print).pdf,182043,97304,-
original/print/text/health_wellbeing_digital_age_guidelines_multilang(print).pdf,220187,8480,-
original/print/text/health_wellbeing_digital_age_guidelines_multilang(print).pdf,222120,26720,-
original/print/text/health_wellbeing_digital_age_guidelines_multilang(print).pdf,234454,74468,-
original/print/text/health_wellbeing_digital_age_guidelines_multilang(print).pdf,266711,60891,-
original/print/text/health_wellbeing_digital_age_guidelines_multilang(print).pdf,272476,30240,-
original/print/text/health_wellbeing_digital_age_guidelines_multilang(print).pdf,284383,108952,-
original/print/text/health_wellbeing_digital_age_guidelines_multilang(print).pdf,331233,20264,-
original/print/text/health_wellbeing_digital_age_guidelines_multilang(print).pdf,334488,15648,-
original/print/text/health_wellbeing_digital_age_guidelines_multilang(print).pdf,342769,57844,-
original/print/text/health_wellbeing_digital_age_guidelines_multilang(print).pdf,373813,20754,-
original/print/text/health_wellbeing_digital_age_guidelines_multilang(print).pdf,377206,82232,-
original/print/text/health_wellbeing_digital_age_guidelines_multilang(print).pdf,413125,24904,-
original/print/text/health_wellbeing_digital_age_guidelines_multilang(print).pdf,425374,54115,-
original/print/text/illegal_item_trading_money_laundering_in_games(print).pdf,144,74404,-
original/print/text/illegal_item_trading_money_laundering_in_games(print).pdf,29804,100168,-
original/print/text/illegal_item_trading_money_laundering_in_games(print).pdf,73712,38556,-
original/print/text/illegal_item_trading_money_laundering_in_games(print).pdf,90482,200732,-
original/print/text/illegal_item_trading_money_laundering_in_games(print).pdf,154935,537536,-
original/print/text/illegal_item_trading_money_laundering_in_games(print).pdf,333808,142300,-
original/print/text/illegal_item_trading_money_laundering_in_games(print).pdf,379816,100128,-
original/print/text/illegal_item_trading_money_laundering_in_games(print).pdf,429398,106032,-
original/print/text/illegal_item_trading_money_laundering_in_games(print).pdf,462417,168126,-
original/print/text/illegal_item_trading_money_laundering_in_games(print).pdf,527379,50684,-
original/print/text/illegal_item_trading_money_laundering_in_games(print).pdf,549454,110040,-
original/print/text/illegal_item_trading_money_laundering_in_games(print).pdf,599484,38360,-
original/print/text/illegal_item_trading_money_laundering_in_games(print).pdf,617978,32450,-
original/print/text/illegal_item_trading_money_laundering_in_games(print).pdf,621996,40636,-
original/print/text/illegal_item_trading_money_laundering_in_games(print).pdf,639241,133964,-
original/print/text/illegal_item_trading_money_laundering_in_games(print).pdf,692560,106952,-
original/print/text/illegal_item_trading_money_laundering_in_games(print).pdf,738396,275428,-
original/print/text/illegal_item_trading_money_laundering_in_games(print).pdf,850320,19496,-
original/print/text/illegal_item_trading_money_laundering_in_games(print).pdf,853734,16208,-
original/print/text/illegal_item_trading_money_laundering_in_games(print).pdf,862313,53980,-
original/print/text/illegal_item_trading_money_laundering_in_games(print).pdf,891105,894020,-
original/print/text/illegal_item_trading_money_laundering_in_games(print).pdf,1383764,19784,-
original/print/text/illegal_item_trading_money_laundering_in_games(print).pdf,1387171,71144,-
original/print/text/illegal_item_trading_money_laundering_in_games(print).pdf,1416068,99040,-
original/print/text/illegal_item_trading_money_laundering_in_games(print).pdf,1457255,60852,-
original/print/text/illegal_item_trading_money_laundering_in_games(print).pdf,1485457,48048,-
original/print/text/messenger_app_data_misuse_investigation(print).pdf,143,11172,-
original/print/text/messenger_app_data_misuse_investigation(print).pdf,6941,23900,-
original/print/text/messenger_app_data_misuse_investigation(print).pdf,19249,347616,-
original/print/text/messenger_app_data_misuse_investigation(print).pdf,87016,200765,-
original/print/text/messenger_app_data_misuse_investigation(print).pdf,149814,200732,-
original/print/text/messenger_app_data_misuse_investigation(print).pdf,214809,537536,-
original/print/text/messenger_app_data_misuse_investigation(print).pdf,393682,160968,-
original/print/text/messenger_app_data_misuse_investigation(print).pdf,446513,56192,-
original/print/text/messenger_app_data_misuse_investigation(print).pdf,455001,115716,-
original/print/text/messenger_app_data_misuse_investigation(print).pdf,494182,275468,-
original/print/text/messenger_app_data_misuse_investigation(print).pdf,606192,33036,-
original/print/text/messenger_app_data_misuse_investigation(print).pdf,608231,6243,-
original/print/text/messenger_app_data_misuse_investigation(print).pdf,609788,40204,-
original/print/text/messenger_app_data_misuse_investigation(print).pdf,625312,42768,-
original/print/text/messenger_app_data_misuse_investigation(print).pdf,647602,31720,-
original/print/text/messenger_app_data_misuse_investigation(print).pdf,651176,31368,-
original/print/text/messenger_app_data_misuse_investigation(print).pdf,663632,108636,-
original/print/text/messenger_app_data_misuse_investigation(print).pdf,710644,15341,-
original/print/text/messenger_app_data_misuse_investigation(print).pdf,713423,12744,-
original/print/text/messenger_app_data_misuse_investigation(print).pdf,719207,18124,-
original/print/text/messenger_app_data_misuse_investigation(print).pdf,722296,17308,-
original/print/text/messenger_app_data_misuse_investigation(print).pdf,731182,62708,-
original/print/text/messenger_app_data_misuse_investigation(print).pdf,760185,39381,-
original/print/text/open_source_software_contribution_guidelines_multilang(print).pdf,143,13296,-
original/print/text/open_source_software_contribution_guidelines_multilang(print).pdf,8299,37852,-
original/print/text/open_source_software_contribution_guidelines_multilang(print).pdf,24502,230284,-
original/print/text/open_source_software_contribution_guidelines_multilang(print).pdf,121519,85904,-
original/print/text/open_source_software_contribution_guidelines_multilang(print).pdf,156961,23357,-
original/print/text/open_source_software_contribution_guidelines_multilang(print).pdf,160773,148232,-
original/print/text/open_source_software_contribution_guidelines_multilang(print).pdf,219925,200723,-
original/print/text/open_source_software_contribution_guidelines_multilang(print).pdf,294495,268232,-
original/print/text/open_source_software_contribution_guidelines_multilang(print).pdf,406376,40922,-
original/print/text/open_source_software_contribution_guidelines_multilang(print).pdf,422686,33660,-
original/print/text/open_source_software_contribution_guidelines_multilang(print).pdf,438018,30264,-
original/print/text/open_source_software_contribution_guidelines_multilang(print).pdf,452105,53872,-
original/print/text/open_source_software_contribution_guidelines_multilang(print).pdf,473170,74244,-
original/print/text/open_source_software_contribution_guidelines_multilang(print).pdf,480110,40388,-
original/print/text/open_source_software_contribution_guidelines_multilang(print).pdf,497009,131220,-
original/print/text/open_source_software_contribution_guidelines_multilang(print).pdf,548550,37772,-
original/print/text/open_source_software_contribution_guidelines_multilang(print).pdf,564324,24176,-
original/print/text/open_source_software_contribution_guidelines_multilang(print).pdf,568194,884536,-
original/print/text/open_source_software_contribution_guidelines_multilang(print).pdf,1052763,17144,-
original/print/text/open_source_software_contribution_guidelines_multilang(print).pdf,1061568,32232,-
original/print/text/open_source_software_contribution_guidelines_multilang(print).pdf,1075325,23912,-
original/print/text/open_source_software_contribution_guidelines_multilang(print).pdf,1079069,60164,-
original/print/text/open_source_software_contribution_guidelines_multilang(print).pdf,1106838,90760,-
original/print/text/open_source_software_contribution_guidelines_multilang(print).pdf,1145472,64160,-
original/print/text/open_source_software_contribution_guidelines_multilang(print).pdf,1175122,82847,-
original/print/text/personal_finance_cyber_fraud_prevention_guidelines_multilang(print).pdf,143,11532,-
original/print/text/personal_finance_cyber_fraud_prevention_guidelines_multilang(print).pdf,7195,39772,-
original/print/text/personal_finance_cyber_fraud_prevention_guidelines_multilang(print).pdf,25035,20212,-
original/print/text/personal_finance_cyber_fraud_prevention_guidelines_multilang(print).pdf,35305,268232,-
original/print/text/personal_finance_cyber_fraud_prevention_guidelines_multilang(print).pdf,147185,22374,-
original/print/text/personal_finance_cyber_fraud_prevention_guidelines_multilang(print).pdf,150923,44492,-
original/print/text/personal_finance_cyber_fraud_prevention_guidelines_multilang(print).pdf,161708,200758,-
original/print/text/personal_finance_cyber_fraud_prevention_guidelines_multilang(print).pdf,238393,200729,-
original/print/text/personal_finance_cyber_fraud_prevention_guidelines_multilang(print).pdf,314901,200718,-
original/print/text/personal_finance_cyber_fraud_prevention_guidelines_multilang(print).pdf,391269,200764,-
original/print/text/personal_finance_cyber_fraud_prevention_guidelines_multilang(print).pdf,468076,200742,-
original/print/text/personal_finance_cyber_fraud_prevention_guidelines_multilang(print).pdf,545554,200724,-
original/print/text/personal_finance_cyber_fraud_prevention_guidelines_multilang(print).pdf,622090,200747,-
original/print/text/personal_finance_cyber_fraud_prevention_guidelines_multilang(print).pdf,699101,200737,-
original/print/text/personal_finance_cyber_fraud_prevention_guidelines_multilang(print).pdf,776613,83616,-
original/print/text/personal_finance_cyber_fraud_prevention_guidelines_multilang(print).pdf,795957,230284,-
original/print/text/personal_finance_cyber_fraud_prevention_guidelines_multilang(print).pdf,892894,164322,-
original/print/text/personal_finance_cyber_fraud_prevention_guidelines_multilang(print).pdf,956840,87496,-
original/print/text/personal_finance_cyber_fraud_prevention_guidelines_multilang(print).pdf,997293,42336,-
original/print/text/personal_finance_cyber_fraud_prevention_guidelines_multilang(print).pdf,1019259,39376,-
original/print/text/personal_finance_cyber_fraud_prevention_guidelines_multilang(print).pdf,1034306,73933,-
original/print/text/personal_finance_cyber_fraud_prevention_guidelines_multilang(print).pdf,1041075,39740,-
original/print/text/personal_finance_cyber_fraud_prevention_guidelines_multilang(print).pdf,1057597,108972,-
original/print/text/personal_finance_cyber_fraud_prevention_guidelines_multilang(print).pdf,1104596,31372,-
original/print/text/personal_finance_cyber_fraud_prevention_guidelines_multilang(print).pdf,1116898,24655,-
original/print/text/personal_finance_cyber_fraud_prevention_guidelines_multilang(print).pdf,1120669,51408,-
original/print/text/personal_finance_cyber_fraud_prevention_guidelines_multilang(print).pdf,1147497,893432,-
original/print/text/personal_finance_cyber_fraud_prevention_guidelines_multilang(print).pdf,1640025,12016,-
original/print/text/personal_finance_cyber_fraud_prevention_guidelines_multilang(print).pdf,1645413,29063,-
original/print/text/personal_finance_cyber_fraud_prevention_guidelines_multilang(print).pdf,1649407,49772,-
original/print/text/personal_finance_cyber_fraud_prevention_guidelines_multilang(print).pdf,1672144,24808,-
original/print/text/personal_finance_cyber_fraud_prevention_guidelines_multilang(print).pdf,1684486,89128,-
original/print/text/personal_finance_cyber_fraud_prevention_guidelines_multilang(print).pdf,1722660,65984,-
original/print/text/remote_work_home_office_guidelines(print).pdf,143,13276,-
original/print/text/remote_work_home_office_guidelines(print).pdf,8275,230284,-
original/print/text/remote_work_home_office_guidelines(print).pdf,105292,25352,-
original/print/text/remote_work_home_office_guidelines(print).pdf,118938,200742,-
original/print/text/remote_work_home_office_guidelines(print).pdf,177733,6016,-
original/print/text/remote_work_home_office_guidelines(print).pdf,180363,51776,-
original/print/text/remote_work_home_office_guidelines(print).pdf,185337,89404,-
original/print/text/remote_work_home_office_guidelines(print).pdf,208339,200512,-
original/print/text/remote_work_home_office_guidelines(print).pdf,310321,9419,-
original/print/text/remote_work_home_office_guidelines(print).pdf,312319,38608,-
original/print/text/remote_work_home_office_guidelines(print).pdf,327038,30984,-
original/print/text/remote_work_home_office_guidelines(print).pdf,341489,106380,-
original/print/text/remote_work_home_office_guidelines(print).pdf,386093,59669,-
original/print/text/remote_work_home_office_guidelines(print).pdf,392076,31296,-
original/print/text/remote_work_home_office_guidelines(print).pdf,404563,99688,-
original/print/text/remote_work_home_office_guidelines(print).pdf,447220,13976,-
original/print/text/remote_work_home_office_guidelines(print).pdf,456225,18731,-
original/print/text/remote_work_home_office_guidelines(print).pdf,459433,11912,-
original/print/text/remote_work_home_office_guidelines(print).pdf,464973,885548,-
original/print/text/remote_work_home_office_guidelines(print).pdf,950446,32092,-
original/print/text/remote_work_home_office_guidelines(print).pdf,963996,20346,-
original/print/text/remote_work_home_office_guidelines(print).pdf,967363,14960,-
original/print/text/remote_work_home_office_guidelines(print).pdf,975209,50056,-
original/print/text/remote_work_home_office_guidelines(print).pdf,998506,82824,-
original/print/text/remote_work_home_office_guidelines(print).pdf,1037543,79094,-
original/print/text/smart_city_data_privacy_guidelines_multilang(print).pdf,144,17744,-
original/print/text/smart_city_data_privacy_guidelines_multilang(print).pdf,11632,64796,-
original/print/text/smart_city_data_privacy_guidelines_multilang(print).pdf,38711,230284,-
original/print/text/smart_city_data_privacy_guidelines_multilang(print).pdf,135648,57948,-
original/print/text/smart_city_data_privacy_guidelines_multilang(print).pdf,149810,79888,-
original/print/text/smart_city_data_privacy_guidelines_multilang(print).pdf,166427,213000,-
original/print/text/smart_city_data_privacy_guidelines_multilang(print).pdf,276959,10592,-
original/print/text/smart_city_data_privacy_guidelines_multilang(print).pdf,279135,25116,-
original/print/text/smart_city_data_privacy_guidelines_multilang(print).pdf,290355,69380,-
original/print/text/smart_city_data_privacy_guidelines_multilang(print).pdf,321328,74005,-
original/print/text/smart_city_data_privacy_guidelines_multilang(print).pdf,327834,30652,-
original/print/text/smart_city_data_privacy_guidelines_multilang(print).pdf,339928,44724,-
original/print/text/smart_city_data_privacy_guidelines_multilang(print).pdf,360123,97664,-
original/print/text/smart_city_data_privacy_guidelines_multilang(print).pdf,401650,28341,-
original/print/text/smart_city_data_privacy_guidelines_multilang(print).pdf,405438,15492,-
original/print/text/smart_city_data_privacy_guidelines_multilang(print).pdf,413609,894092,-
original/print/text/smart_city_data_privacy_guidelines_multilang(print).pdf,906570,28978,-
original/print/text/smart_city_data_privacy_guidelines_multilang(print).pdf,910469,75056,-
original/print/text/smart_city_data_privacy_guidelines_multilang(print).pdf,944710,51704,-
original/print/text/smart_city_data_privacy_guidelines_multilang(print).pdf,968331,25992,-
original/print/text/smart_city_data_privacy_guidelines_multilang(print).pdf,980818,60159,-
original/print/text/smart_factory_robot_malfunction_analysis(print).pdf,143,14040,-
original/print/text/smart_factory_robot_malfunction_analysis(print).pdf,8845,100168,-
original/print/text/smart_factory_robot_malfunction_analysis(print).pdf,52753,40044,-
original/print/text/smart_factory_robot_malfunction_analysis(print).pdf,70814,275468,-
original/print/text/smart_factory_robot_malfunction_analysis(print).pdf,182744,18697,-
original/print/text/smart_factory_robot_malfunction_analysis(print).pdf,185890,82216,-
original/print/text/smart_factory_robot_malfunction_analysis(print).pdf,223473,200744,-
original/print/text/smart_factory_robot_malfunction_analysis(print).pdf,301339,200709,-
original/print/text/smart_factory_robot_malfunction_analysis(print).pdf,379249,200754,-
original/print/text/smart_factory_robot_malfunction_analysis(print).pdf,455994,200718,-
original/print/text/smart_factory_robot_malfunction_analysis(print).pdf,532731,129002,-
original/print/text/smart_factory_robot_malfunction_analysis(print).pdf,584336,99316,-
original/print/text/smart_factory_robot_malfunction_analysis(print).pdf,629570,54776,-
original/print/text/smart_factory_robot_malfunction_analysis(print).pdf,650591,34273,-
original/print/text/smart_factory_robot_malfunction_analysis(print).pdf,654275,32012,-
original/print/text/smart_factory_robot_malfunction_analysis(print).pdf,667026,107680,-
original/print/text/smart_factory_robot_malfunction_analysis(print).pdf,713141,19773,-
original/print/text/smart_factory_robot_malfunction_analysis(print).pdf,716458,16544,-
original/print/text/smart_factory_robot_malfunction_analysis(print).pdf,725182,893928,-
original/print/text/smart_factory_robot_malfunction_analysis(print).pdf,1217598,537536,-
original/print/text/smart_factory_robot_malfunction_analysis(print).pdf,1396482,21365,-
original/print/text/smart_factory_robot_malfunction_analysis(print).pdf,1399830,94156,-
original/print/text/smart_factory_robot_malfunction_analysis(print).pdf,1439410,61328,-
original/print/text/smart_factory_robot_malfunction_analysis(print).pdf,1467604,45241,-
original/saveas/text+img/global_agriculture_food_security_climate_impact(saveas).pdf,616,16024,"6,7,8,9"
original/saveas/text+img/global_agriculture_food_security_climate_impact(saveas).pdf,6727,13075,"5,6,7,8,9"
original/saveas/text+img/global_agriculture_food_security_climate_impact(saveas).pdf,11643,105887,"7,8,9"
original/saveas/text+img/global_agriculture_food_security_climate_impact(saveas).pdf,24711,816408,7
original/saveas/text+img/global_agriculture_food_security_climate_impact(saveas).pdf,45259,34017,"2,3,4,5,6,7,8,9"
original/saveas/text+img/global_agriculture_food_security_climate_impact(saveas).pdf,45679,17733,"6,7"
original/saveas/text+img/global_agriculture_food_security_climate_impact(saveas).pdf,50437,23459,"7,9"
original/saveas/text+img/global_agriculture_food_security_climate_impact(saveas).pdf,57304,105810,"7,8"
original/saveas/text+img/global_agriculture_food_security_climate_impact(saveas).pdf,68490,824121,7
original/saveas/text+img/global_agriculture_food_security_climate_impact(saveas).pdf,79935,34584,"2,3,4,5,6,7,8,9"
original/saveas/text+img/global_agriculture_food_security_climate_impact(saveas).pdf,80453,39512,"6,7,8,9"
original/saveas/text+img/global_agriculture_food_security_climate_impact(saveas).pdf,85021,45288,"7,9"
original/saveas/text+img/global_agriculture_food_security_climate_impact(saveas).pdf,91310,39781,"6,7,8,9"
original/saveas/text+img/global_agriculture_food_security_climate_impact(saveas).pdf,95582,21134,7
original/saveas/text+img/global_agriculture_food_security_climate_impact(saveas).pdf,100015,24980,"7,9"
original/saveas/text+img/global_agriculture_food_security_climate_impact(saveas).pdf,108359,584,"3,4,5,6,7,8,9"
original/saveas/text+img/global_agriculture_food_security_climate_impact(saveas).pdf,108761,22580,7
original/saveas/text+img/global_agriculture_food_security_climate_impact(saveas).pdf,121382,11240,"6,7,9"
original/saveas/text+img/global_agriculture_food_security_climate_impact(saveas).pdf,126449,112528,7
original/saveas/text+img/global_agriculture_food_security_climate_impact(saveas).pdf,166401,618,"3,4,5,6,7,8,9"
original/saveas/text+img/global_agriculture_food_security_climate_impact(saveas).pdf,166860,72868,7
original/saveas/text+img/global_agriculture_food_security_climate_impact(saveas).pdf,178908,4455,"5,6,7,8,9"
original/saveas/text+img/global_agriculture_food_security_climate_impact(saveas).pdf,180680,106872,7
original/saveas/text+img/global_agriculture_food_security_climate_impact(saveas).pdf,229299,85136,7
original/saveas/text+img/global_agriculture_food_security_climate_impact(saveas).pdf,252374,1174,"3,4,5,6,7,8,9"
original/saveas/text+img/global_agriculture_food_security_climate_impact(saveas).pdf,252943,28580,7
original/saveas/text+img/global_agriculture_food_security_climate_impact(saveas).pdf,267491,2085,"4,5,6,7,8,9"
original/saveas/text+img/global_agriculture_food_security_climate_impact(saveas).pdf,268291,23764,7
original/saveas/text+img/global_agriculture_food_security_climate_impact(saveas).pdf,279910,1628,"4,5,6,7,8,9"
original/saveas/text+img/global_agriculture_food_security_climate_impact(saveas).pdf,280625,26652,"7,8"
original/saveas/text+img/global_agriculture_food_security_climate_impact(saveas).pdf,291773,22796,7
original/saveas/text+img/global_agriculture_food_security_climate_impact(saveas).pdf,300838,7316,"6,7,8,9"
original/saveas/text+img/global_agriculture_food_security_climate_impact(saveas).pdf,305053,711,"3,4,5,6,7,8,9"
original/saveas/text+img/global_agriculture_food_security_climate_impact(saveas).pdf,305482,8400,"7,8,9"
original/saveas/text+img/global_agriculture_food_security_climate_impact(saveas).pdf,309713,1190,"3,4,5,6,7,8,9"
original/saveas/text+img/global_agriculture_food_security_climate_impact(saveas).pdf,310287,13040,"7,8,9"
original/saveas/text+img/global_agriculture_food_security_climate_impact(saveas).pdf,318141,1016,"3,4,5,6,7,8,9"
original/saveas/text+img/global_agriculture_food_security_climate_impact(saveas).pdf,318659,29320,7
original/saveas/text+img/global_agriculture_food_security_climate_impact(saveas).pdf,327934,2203,"4,5,6,7,8,9"
original/saveas/text+img/global_agriculture_food_security_climate_impact(saveas).pdf,328743,33316,7
original/saveas/text+img/global_agriculture_food_security_climate_impact(saveas).pdf,347507,11935,"7,8,9"
original/saveas/text+img/global_ai_technology_investment_and_industry_adoption(saveas).pdf,616,15540,"5,6,7,8,9"
original/saveas/text+img/global_ai_technology_investment_and_industry_adoption(saveas).pdf,6573,13730,"5,7,8,9"
original/saveas/text+img/global_ai_technology_investment_and_industry_adoption(saveas).pdf,37839,86591,"7,9"
original/saveas/text+img/global_ai_technology_investment_and_industry_adoption(saveas).pdf,50182,15616,"7,8,9"
original/saveas/text+img/global_ai_technology_investment_and_industry_adoption(saveas).pdf,74708,19114,"6,7,9"
original/saveas/text+img/global_ai_technology_investment_and_industry_adoption(saveas).pdf,81245,80524,7
original/saveas/text+img/global_ai_technology_investment_and_industry_adoption(saveas).pdf,92288,39612,"7,8,9"
original/saveas/text+img/global_ai_technology_investment_and_industry_adoption(saveas).pdf,97041,43921,"7,9"
original/saveas/text+img/global_ai_technology_investment_and_industry_adoption(saveas).pdf,103041,34415,"7,9"
original/saveas/text+img/global_ai_technology_investment_and_industry_adoption(saveas).pdf,108701,10152,"6,7,9"
original/saveas/text+img/global_ai_technology_investment_and_industry_adoption(saveas).pdf,112510,81056,7
original/saveas/text+img/global_ai_technology_investment_and_industry_adoption(saveas).pdf,138479,337,"2,3,4,5,6,7,8,9"
original/saveas/text+img/global_ai_technology_investment_and_industry_adoption(saveas).pdf,138798,18252,7
original/saveas/text+img/global_ai_technology_investment_and_industry_adoption(saveas).pdf,151253,21492,7
original/saveas/text+img/global_ai_technology_investment_and_industry_adoption(saveas).pdf,162171,562,"3,4,5,6,7,8,9"
original/saveas/text+img/global_ai_technology_investment_and_industry_adoption(saveas).pdf,162607,54284,7
original/saveas/text+img/global_ai_technology_investment_and_industry_adoption(saveas).pdf,183619,2740,"5,6,7,8,9"
original/saveas/text+img/global_ai_technology_investment_and_industry_adoption(saveas).pdf,184836,166840,7
original/saveas/text+img/global_ai_technology_investment_and_industry_adoption(saveas).pdf,274528,2201,"4,5,6,7,8,9"
original/saveas/text+img/global_ai_technology_investment_and_industry_adoption(saveas).pdf,275555,74176,7
original/saveas/text+img/global_ai_technology_investment_and_industry_adoption(saveas).pdf,299052,85136,7
original/saveas/text+img/global_ai_technology_investment_and_industry_adoption(saveas).pdf,322127,1005,"3,4,5,6,7,8,9"
original/saveas/text+img/global_ai_technology_investment_and_industry_adoption(saveas).pdf,322665,27188,7
original/saveas/text+img/global_ai_technology_investment_and_industry_adoption(saveas).pdf,337079,38036,7
original/saveas/text+img/global_ai_technology_investment_and_industry_adoption(saveas).pdf,347238,1674,"4,5,6,7,8,9"
original/saveas/text+img/global_ai_technology_investment_and_industry_adoption(saveas).pdf,347974,19900,"7,8,9"
original/saveas/text+img/global_ai_technology_investment_and_industry_adoption(saveas).pdf,356609,2316,"4,5,6,7,8,9"
original/saveas/text+img/global_ai_technology_investment_and_industry_adoption(saveas).pdf,357442,74828,7
original/saveas/text+img/global_ai_technology_investment_and_industry_adoption(saveas).pdf,387907,22844,7
original/saveas/text+img/global_ai_technology_investment_and_industry_adoption(saveas).pdf,396311,337,"2,3,4,5,6,7,8,9"
original/saveas/text+img/global_ai_technology_investment_and_industry_adoption(saveas).pdf,396626,7176,"6,7,8,9"
original/saveas/text+img/global_ai_technology_investment_and_industry_adoption(saveas).pdf,401686,1025,"3,4,5,6,7,8,9"
original/saveas/text+img/global_ai_technology_investment_and_industry_adoption(saveas).pdf,402214,13240,"7,8,9"
original/saveas/text+img/global_ai_technology_investment_and_industry_adoption(saveas).pdf,410228,739,"3,4,5,6,7,8,9"
original/saveas/text+img/global_ai_technology_investment_and_industry_adoption(saveas).pdf,410670,11280,"7,8,9"
original/saveas/text+img/global_ai_technology_investment_and_industry_adoption(saveas).pdf,417171,948,"3,4,5,6,7,8,9"
original/saveas/text+img/global_ai_technology_investment_and_industry_adoption(saveas).pdf,417673,27520,7
original/saveas/text+img/global_ai_technology_investment_and_industry_adoption(saveas).pdf,426996,1705,"3,4,5,6,7,8,9"
original/saveas/text+img/global_ai_technology_investment_and_industry_adoption(saveas).pdf,427697,15544,"7,9"
original/saveas/text+img/global_ai_technology_investment_and_industry_adoption(saveas).pdf,435053,1735,"4,5,6,7,8,9"
original/saveas/text+img/global_ai_technology_investment_and_industry_adoption(saveas).pdf,435797,52708,7
original/saveas/text+img/global_ai_technology_investment_and_industry_adoption(saveas).pdf,464138,10199,"7,8"
original/saveas/text+img/global_climate_change_indicators_and_ghg_emissions(saveas).pdf,664,15780,"7,8,9"
original/saveas/text+img/global_climate_change_indicators_and_ghg_emissions(saveas).pdf,21817,10491,"5,6,7,8,9"
original/saveas/text+img/global_climate_change_indicators_and_ghg_emissions(saveas).pdf,27113,88259,"7,8,9"
original/saveas/text+img/global_climate_change_indicators_and_ghg_emissions(saveas).pdf,38908,16262,"6,7,8,9"
original/saveas/text+img/global_climate_change_indicators_and_ghg_emissions(saveas).pdf,44685,18007,"6,7,8,9"
original/saveas/text+img/global_climate_change_indicators_and_ghg_emissions(saveas).pdf,51639,88591,"7,9"
original/saveas/text+img/global_climate_change_indicators_and_ghg_emissions(saveas).pdf,90864,39431,"6,7,8,9"
original/saveas/text+img/global_climate_change_indicators_and_ghg_emissions(saveas).pdf,95539,44325,"7,9"
original/saveas/text+img/global_climate_change_indicators_and_ghg_emissions(saveas).pdf,101456,39689,"7,8,9"
original/saveas/text+img/global_climate_change_indicators_and_ghg_emissions(saveas).pdf,107855,11016,"7,8,9"
original/saveas/text+img/global_climate_change_indicators_and_ghg_emissions(saveas).pdf,114195,81056,7
original/saveas/text+img/global_climate_change_indicators_and_ghg_emissions(saveas).pdf,140164,831,"3,4,5,6,7,8,9"
original/saveas/text+img/global_climate_change_indicators_and_ghg_emissions(saveas).pdf,140643,36952,7
original/saveas/text+img/global_climate_change_indicators_and_ghg_emissions(saveas).pdf,153635,337,"2,3,4,5,6,7,8,9"
original/saveas/text+img/global_climate_change_indicators_and_ghg_emissions(saveas).pdf,153953,23176,7
original/saveas/text+img/global_climate_change_indicators_and_ghg_emissions(saveas).pdf,166810,351,"2,3,4,5,6,7,8,9"
original/saveas/text+img/global_climate_change_indicators_and_ghg_emissions(saveas).pdf,167139,92684,7
original/saveas/text+img/global_climate_change_indicators_and_ghg_emissions(saveas).pdf,190572,548,"3,4,5,6,7,8,9"
original/saveas/text+img/global_climate_change_indicators_and_ghg_emissions(saveas).pdf,190994,51316,"7,9"
original/saveas/text+img/global_climate_change_indicators_and_ghg_emissions(saveas).pdf,195753,3030,"5,6,7,8,9"
original/saveas/text+img/global_climate_change_indicators_and_ghg_emissions(saveas).pdf,197045,131676,7
original/saveas/text+img/global_climate_change_indicators_and_ghg_emissions(saveas).pdf,271937,1909,"4,5,6,7,8,9"
original/saveas/text+img/global_climate_change_indicators_and_ghg_emissions(saveas).pdf,272885,123956,7
original/saveas/text+img/global_climate_change_indicators_and_ghg_emissions(saveas).pdf,310741,921,"3,4,5,6,7,8,9"
original/saveas/text+img/global_climate_change_indicators_and_ghg_emissions(saveas).pdf,311249,26164,7
original/saveas/text+img/global_climate_change_indicators_and_ghg_emissions(saveas).pdf,321667,1678,"4,5,6,7,8,9"
original/saveas/text+img/global_climate_change_indicators_and_ghg_emissions(saveas).pdf,322388,22924,7
original/saveas/text+img/global_climate_change_indicators_and_ghg_emissions(saveas).pdf,333990,2160,"4,5,6,7,8,9"
original/saveas/text+img/global_climate_change_indicators_and_ghg_emissions(saveas).pdf,334812,25488,"7,9"
original/saveas/text+img/global_climate_change_indicators_and_ghg_emissions(saveas).pdf,346100,32340,"7,9"
original/saveas/text+img/global_climate_change_indicators_and_ghg_emissions(saveas).pdf,353304,826,"3,4,5,6,7,8,9"
original/saveas/text+img/global_climate_change_indicators_and_ghg_emissions(saveas).pdf,353792,27608,7
original/saveas/text+img/global_climate_change_indicators_and_ghg_emissions(saveas).pdf,366229,6712,"6,7,8,9"
original/saveas/text+img/global_climate_change_indicators_and_ghg_emissions(saveas).pdf,370557,9624,"6,7,8,9"
original/saveas/text+img/global_climate_change_indicators_and_ghg_emissions(saveas).pdf,374910,1109,"3,4,5,6,7,8,9"
original/saveas/text+img/global_climate_change_indicators_and_ghg_emissions(saveas).pdf,375503,32684,7
original/saveas/text+img/global_climate_change_indicators_and_ghg_emissions(saveas).pdf,390932,577,"3,4,5,6,7,8,9"
original/saveas/text+img/global_climate_change_indicators_and_ghg_emissions(saveas).pdf,391323,11216,"7,9"
original/saveas/text+img/global_climate_change_indicators_and_ghg_emissions(saveas).pdf,398525,953,"3,4,5,6,7,8,9"
original/saveas/text+img/global_climate_change_indicators_and_ghg_emissions(saveas).pdf,399039,31168,7
original/saveas/text+img/global_climate_change_indicators_and_ghg_emissions(saveas).pdf,413134,1783,"4,5,6,7,8,9"
original/saveas/text+img/global_climate_change_indicators_and_ghg_emissions(saveas).pdf,413881,68332,7
original/saveas/text+img/global_climate_change_indicators_and_ghg_emissions(saveas).pdf,432738,1691,"4,5,6,7,8,9"
original/saveas/text+img/global_climate_change_indicators_and_ghg_emissions(saveas).pdf,433484,16804,"7,9"
original/saveas/text+img/global_climate_change_indicators_and_ghg_emissions(saveas).pdf,444505,10640,"7,9"
original/saveas/text+img/global_esports_and_gaming_industry_growth(saveas).pdf,617,17793,"7,8,9"
original/saveas/text+img/global_esports_and_gaming_industry_growth(saveas).pdf,6823,12573,"5,7,8,9"
original/saveas/text+img/global_esports_and_gaming_industry_growth(saveas).pdf,29143,87070,"7,9"
original/saveas/text+img/global_esports_and_gaming_industry_growth(saveas).pdf,59645,16983,"6,7,8,9"
original/saveas/text+img/global_esports_and_gaming_industry_growth(saveas).pdf,64810,20831,"6,7,8,9"
original/saveas/text+img/global_esports_and_gaming_industry_growth(saveas).pdf,72802,83967,"7,8"
original/saveas/text+img/global_esports_and_gaming_industry_growth(saveas).pdf,84179,39779,"7,8,9"
original/saveas/text+img/global_esports_and_gaming_industry_growth(saveas).pdf,89157,44473,"7,9"
original/saveas/text+img/global_esports_and_gaming_industry_growth(saveas).pdf,95391,39515,"7,8,9"
original/saveas/text+img/global_esports_and_gaming_industry_growth(saveas).pdf,101677,112312,7
original/saveas/text+img/global_esports_and_gaming_industry_growth(saveas).pdf,118798,81056,7
original/saveas/text+img/global_esports_and_gaming_industry_growth(saveas).pdf,145088,16600,7
original/saveas/text+img/global_esports_and_gaming_industry_growth(saveas).pdf,155351,337,"2,3,4,5,6,7,8,9"
original/saveas/text+img/global_esports_and_gaming_industry_growth(saveas).pdf,155670,92336,7
original/saveas/text+img/global_esports_and_gaming_industry_growth(saveas).pdf,179115,12064,"7,9"
original/saveas/text+img/global_esports_and_gaming_industry_growth(saveas).pdf,184277,534,"3,4,5,6,7,8,9"
original/saveas/text+img/global_esports_and_gaming_industry_growth(saveas).pdf,184698,69804,7
original/saveas/text+img/global_esports_and_gaming_industry_growth(saveas).pdf,195206,2918,"5,6,7,8,9"
original/saveas/text+img/global_esports_and_gaming_industry_growth(saveas).pdf,196488,133072,7
original/saveas/text+img/global_esports_and_gaming_industry_growth(saveas).pdf,272079,2153,"4,5,6,7,8,9"
original/saveas/text+img/global_esports_and_gaming_industry_growth(saveas).pdf,273097,145492,7
original/saveas/text+img/global_esports_and_gaming_industry_growth(saveas).pdf,349257,833,"3,4,5,6,7,8,9"
original/saveas/text+img/global_esports_and_gaming_industry_growth(saveas).pdf,349751,20224,"7,8"
original/saveas/text+img/global_esports_and_gaming_industry_growth(saveas).pdf,358301,1890,"4,5,6,7,8,9"
original/saveas/text+img/global_esports_and_gaming_industry_growth(saveas).pdf,359066,75960,7
original/saveas/text+img/global_esports_and_gaming_industry_growth(saveas).pdf,382742,2129,"4,5,6,7,8,9"
original/saveas/text+img/global_esports_and_gaming_industry_growth(saveas).pdf,383532,77064,7
original/saveas/text+img/global_esports_and_gaming_industry_growth(saveas).pdf,414265,337,"2,3,4,5,6,7,8,9"
original/saveas/text+img/global_esports_and_gaming_industry_growth(saveas).pdf,414584,127608,7
original/saveas/text+img/global_esports_and_gaming_industry_growth(saveas).pdf,421820,15832,7
original/saveas/text+img/global_esports_and_gaming_industry_growth(saveas).pdf,429242,25676,7
original/saveas/text+img/global_esports_and_gaming_industry_growth(saveas).pdf,440050,26812,7
original/saveas/text+img/global_esports_and_gaming_industry_growth(saveas).pdf,450645,604,"3,4,5,6,7,8,9"
original/saveas/text+img/global_esports_and_gaming_industry_growth(saveas).pdf,451060,8804,"6,7,8,9"
original/saveas/text+img/global_esports_and_gaming_industry_growth(saveas).pdf,455665,989,"3,4,5,6,7,8,9"
original/saveas/text+img/global_esports_and_gaming_industry_growth(saveas).pdf,456211,30316,7
original/saveas/text+img/global_esports_and_gaming_industry_growth(saveas).pdf,469596,789,"3,4,5,6,7,8,9"
original/saveas/text+img/global_esports_and_gaming_industry_growth(saveas).pdf,470040,11252,"7,8,9"
original/saveas/text+img/global_esports_and_gaming_industry_growth(saveas).pdf,476551,833,"3,4,5,6,7,8,9"
original/saveas/text+img/global_esports_and_gaming_industry_growth(saveas).pdf,477030,16532,7
original/saveas/text+img/global_esports_and_gaming_industry_growth(saveas).pdf,483426,1733,"4,5,6,7,8,9"
original/saveas/text+img/global_esports_and_gaming_industry_growth(saveas).pdf,484138,16376,"7,9"
original/saveas/text+img/global_esports_and_gaming_industry_growth(saveas).pdf,491717,2007,"4,5,6,7,8,9"
original/saveas/text+img/global_esports_and_gaming_industry_growth(saveas).pdf,492512,56776,7
original/saveas/text+img/global_esports_and_gaming_industry_growth(saveas).pdf,523194,10605,"7,9"
original/saveas/text+img/global_ev_market_growth_statistics(saveas).pdf,643,14065,"5,6,7,8,9"
original/saveas/text+img/global_ev_market_growth_statistics(saveas).pdf,5886,657072,7
original/saveas/text+img/global_ev_market_growth_statistics(saveas).pdf,43575,11290,"5,6,7,8,9"
original/saveas/text+img/global_ev_market_growth_statistics(saveas).pdf,48787,71237,"7,9"
original/saveas/text+img/global_ev_market_growth_statistics(saveas).pdf,59137,9881,"5,6,7,8,9"
original/saveas/text+img/global_ev_market_growth_statistics(saveas).pdf,63180,13851,"5,6,7,8,9"
original/saveas/text+img/global_ev_market_growth_statistics(saveas).pdf,69300,67678,7
original/saveas/text+img/global_ev_market_growth_statistics(saveas).pdf,97034,39630,"6,7,8,9"
original/saveas/text+img/global_ev_market_growth_statistics(saveas).pdf,101930,42998,"7,9"
original/saveas/text+img/global_ev_market_growth_statistics(saveas).pdf,107512,15916,"7,8,9"
original/saveas/text+img/global_ev_market_growth_statistics(saveas).pdf,111062,17524,"7,9"
original/saveas/text+img/global_ev_market_growth_statistics(saveas).pdf,120346,81056,7
original/saveas/text+img/global_ev_market_growth_statistics(saveas).pdf,146632,42484,7
original/saveas/text+img/global_ev_market_growth_statistics(saveas).pdf,162234,13016,"7,9"
original/saveas/text+img/global_ev_market_growth_statistics(saveas).pdf,168219,85136,7
original/saveas/text+img/global_ev_market_growth_statistics(saveas).pdf,191294,562,"3,4,5,6,7,8,9"
original/saveas/text+img/global_ev_market_growth_statistics(saveas).pdf,191731,47552,7
original/saveas/text+img/global_ev_market_growth_statistics(saveas).pdf,204213,2327,"4,5,6,7,8,9"
original/saveas/text+img/global_ev_market_growth_statistics(saveas).pdf,205292,134440,7
original/saveas/text+img/global_ev_market_growth_statistics(saveas).pdf,248609,1758,"4,5,6,7,8,9"
original/saveas/text+img/global_ev_market_growth_statistics(saveas).pdf,249468,84076,7
original/saveas/text+img/global_ev_market_growth_statistics(saveas).pdf,274745,823,"3,4,5,6,7,8,9"
original/saveas/text+img/global_ev_market_growth_statistics(saveas).pdf,275227,49332,7
original/saveas/text+img/global_ev_market_growth_statistics(saveas).pdf,292170,1611,"3,4,5,6,7,8,9"
original/saveas/text+img/global_ev_market_growth_statistics(saveas).pdf,292853,50512,7
original/saveas/text+img/global_ev_market_growth_statistics(saveas).pdf,314838,1781,"4,5,6,7,8,9"
original/saveas/text+img/global_ev_market_growth_statistics(saveas).pdf,315582,54516,7
original/saveas/text+img/global_ev_market_growth_statistics(saveas).pdf,342883,5752,"7,8,9"
original/saveas/text+img/global_ev_market_growth_statistics(saveas).pdf,346607,19352,7
original/saveas/text+img/global_ev_market_growth_statistics(saveas).pdf,356572,37324,7
original/saveas/text+img/global_ev_market_growth_statistics(saveas).pdf,366796,8080,"7,9"
original/saveas/text+img/global_ev_market_growth_statistics(saveas).pdf,370390,1094,"3,4,5,6,7,8,9"
original/saveas/text+img/global_ev_market_growth_statistics(saveas).pdf,370932,16712,7
original/saveas/text+img/global_ev_market_growth_statistics(saveas).pdf,380263,884,"3,4,5,6,7,8,9"
original/saveas/text+img/global_ev_market_growth_statistics(saveas).pdf,380764,13156,"7,8,9"
original/saveas/text+img/global_ev_market_growth_statistics(saveas).pdf,388567,885,"3,4,5,6,7,8,9"
original/saveas/text+img/global_ev_market_growth_statistics(saveas).pdf,389070,35416,7
original/saveas/text+img/global_ev_market_growth_statistics(saveas).pdf,405003,1890,"4,5,6,7,8,9"
original/saveas/text+img/global_ev_market_growth_statistics(saveas).pdf,405730,46060,7
original/saveas/text+img/global_ev_market_growth_statistics(saveas).pdf,427528,1816,"3,4,5,6,7,8,9"
original/saveas/text+img/global_ev_market_growth_statistics(saveas).pdf,428226,48776,7
original/saveas/text+img/global_ev_market_growth_statistics(saveas).pdf,447913,8687,"7,9"
original/saveas/text+img/global_healthcare_digital_health_patient_data_trends(saveas).pdf,644,17162,"5,7,8"
original/saveas/text+img/global_healthcare_digital_health_patient_data_trends(saveas).pdf,6743,731490,7
original/saveas/text+img/global_healthcare_digital_health_patient_data_trends(saveas).pdf,21609,30710,"1,2,3,4,5,6,7,8,9"
original/saveas/text+img/global_healthcare_digital_health_patient_data_trends(saveas).pdf,22168,13094,"5,6,7,8,9"
original/saveas/text+img/global_healthcare_digital_health_patient_data_trends(saveas).pdf,29127,98391,"7,8,9"
original/saveas/text+img/global_healthcare_digital_health_patient_data_trends(saveas).pdf,41999,17480,7
original/saveas/text+img/global_healthcare_digital_health_patient_data_trends(saveas).pdf,46902,711750,7
original/saveas/text+img/global_healthcare_digital_health_patient_data_trends(saveas).pdf,65098,29930,"1,2,3,4,5,6,7,8,9"
original/saveas/text+img/global_healthcare_digital_health_patient_data_trends(saveas).pdf,65639,19114,"7,8,9"
original/saveas/text+img/global_healthcare_digital_health_patient_data_trends(saveas).pdf,72748,103752,"7,8,9"
original/saveas/text+img/global_healthcare_digital_health_patient_data_trends(saveas).pdf,84018,39612,"7,8,9"
original/saveas/text+img/global_healthcare_digital_health_patient_data_trends(saveas).pdf,88754,44925,"7,9"
original/saveas/text+img/global_healthcare_digital_health_patient_data_trends(saveas).pdf,94964,55997,7
original/saveas/text+img/global_healthcare_digital_health_patient_data_trends(saveas).pdf,102997,10392,"6,7,9"
original/saveas/text+img/global_healthcare_digital_health_patient_data_trends(saveas).pdf,106998,81056,7
original/saveas/text+img/global_healthcare_digital_health_patient_data_trends(saveas).pdf,132967,337,"2,3,4,5,6,7,8,9"
original/saveas/text+img/global_healthcare_digital_health_patient_data_trends(saveas).pdf,133287,117136,7
original/saveas/text+img/global_healthcare_digital_health_patient_data_trends(saveas).pdf,153876,337,"2,3,4,5,6,7,8,9"
original/saveas/text+img/global_healthcare_digital_health_patient_data_trends(saveas).pdf,154195,60868,7
original/saveas/text+img/global_healthcare_digital_health_patient_data_trends(saveas).pdf,172777,351,"2,3,4,5,6,7,8,9"
original/saveas/text+img/global_healthcare_digital_health_patient_data_trends(saveas).pdf,173110,240404,"7,8"
original/saveas/text+img/global_healthcare_digital_health_patient_data_trends(saveas).pdf,179654,337,"2,3,4,5,6,7,8,9"
original/saveas/text+img/global_healthcare_digital_health_patient_data_trends(saveas).pdf,179977,4300228,7
original/saveas/text+img/global_healthcare_digital_health_patient_data_trends(saveas).pdf,2796689,604,"3,4,5,6,7,8,9"
original/saveas/text+img/global_healthcare_digital_health_patient_data_trends(saveas).pdf,2797147,364012,7
original/saveas/text+img/global_healthcare_digital_health_patient_data_trends(saveas).pdf,2809518,3100,"5,6,7,8,9"
original/saveas/text+img/global_healthcare_digital_health_patient_data_trends(saveas).pdf,2810854,112672,7
original/saveas/text+img/global_healthcare_digital_health_patient_data_trends(saveas).pdf,2854598,2316,"4,5,6,7,8,9"
original/saveas/text+img/global_healthcare_digital_health_patient_data_trends(saveas).pdf,2855662,131296,7
original/saveas/text+img/global_healthcare_digital_health_patient_data_trends(saveas).pdf,2898507,1025,"3,4,5,6,7,8,9"
original/saveas/text+img/global_healthcare_digital_health_patient_data_trends(saveas).pdf,2899043,24772,"7,8"
original/saveas/text+img/global_healthcare_digital_health_patient_data_trends(saveas).pdf,2909385,1954,"4,5,6,7,8,9"
original/saveas/text+img/global_healthcare_digital_health_patient_data_trends(saveas).pdf,2910146,58704,7
original/saveas/text+img/global_healthcare_digital_health_patient_data_trends(saveas).pdf,2938993,1673,"4,5,6,7,8,9"
original/saveas/text+img/global_healthcare_digital_health_patient_data_trends(saveas).pdf,2939709,28904,7
original/saveas/text+img/global_healthcare_digital_health_patient_data_trends(saveas).pdf,2953760,15696,"7,9"
original/saveas/text+img/global_healthcare_digital_health_patient_data_trends(saveas).pdf,2961138,28720,7
original/saveas/text+img/global_healthcare_digital_health_patient_data_trends(saveas).pdf,2972940,711,"3,4,5,6,7,8,9"
original/saveas/text+img/global_healthcare_digital_health_patient_data_trends(saveas).pdf,2973371,9676,"7,9"
original/saveas/text+img/global_healthcare_digital_health_patient_data_trends(saveas).pdf,2979616,761,"3,4,5,6,7,8,9"
original/saveas/text+img/global_healthcare_digital_health_patient_data_trends(saveas).pdf,2980052,12056,"7,8,9"
original/saveas/text+img/global_healthcare_digital_health_patient_data_trends(saveas).pdf,2987265,337,"2,3,4,5,6,7,8,9"
original/saveas/text+img/global_healthcare_digital_health_patient_data_trends(saveas).pdf,2987584,92372,7
original/saveas/text+img/global_healthcare_digital_health_patient_data_trends(saveas).pdf,3010786,866,"3,4,5,6,7,8,9"
original/saveas/text+img/global_healthcare_digital_health_patient_data_trends(saveas).pdf,3011295,33412,7
original/saveas/text+img/global_healthcare_digital_health_patient_data_trends(saveas).pdf,3026074,2205,"4,5,6,7,8,9"
original/saveas/text+img/global_healthcare_digital_health_patient_data_trends(saveas).pdf,3026885,51296,7
original/saveas/text+img/global_healthcare_digital_health_patient_data_trends(saveas).pdf,3056221,11774,7
original/saveas/text+img/global_renewable_energy_generation_and_carbon_reduction_analysis(saveas).pdf,617,13075,"5,6,7,8,9"
original/saveas/text+img/global_renewable_energy_generation_and_carbon_reduction_analysis(saveas).pdf,6386,10054,"5,6,7,8,9"
original/saveas/text+img/global_renewable_energy_generation_and_carbon_reduction_analysis(saveas).pdf,12447,81136,"7,8"
original/saveas/text+img/global_renewable_energy_generation_and_carbon_reduction_analysis(saveas).pdf,43286,12656,"6,7,8,9"
original/saveas/text+img/global_renewable_energy_generation_and_carbon_reduction_analysis(saveas).pdf,48684,16925,"7,8,9"
original/saveas/text+img/global_renewable_energy_generation_and_carbon_reduction_analysis(saveas).pdf,82522,81628,7
original/saveas/text+img/global_renewable_energy_generation_and_carbon_reduction_analysis(saveas).pdf,93485,39341,"6,7,8,9"
original/saveas/text+img/global_renewable_energy_generation_and_carbon_reduction_analysis(saveas).pdf,97967,43974,"7,9"
original/saveas/text+img/global_renewable_energy_generation_and_carbon_reduction_analysis(saveas).pdf,104157,27100,"7,8,9"
original/saveas/text+img/global_renewable_energy_generation_and_carbon_reduction_analysis(saveas).pdf,108906,11280,"7,8,9"
original/saveas/text+img/global_renewable_energy_generation_and_carbon_reduction_analysis(saveas).pdf,115727,93436,7
original/saveas/text+img/global_renewable_energy_generation_and_carbon_reduction_analysis(saveas).pdf,135170,12388,"7,9"
original/saveas/text+img/global_renewable_energy_generation_and_carbon_reduction_analysis(saveas).pdf,140609,337,"2,3,4,5,6,7,8,9"
original/saveas/text+img/global_renewable_energy_generation_and_carbon_reduction_analysis(saveas).pdf,140929,85484,7
original/saveas/text+img/global_renewable_energy_generation_and_carbon_reduction_analysis(saveas).pdf,164355,590,"3,4,5,6,7,8,9"
original/saveas/text+img/global_renewable_energy_generation_and_carbon_reduction_analysis(saveas).pdf,164797,52068,"7,8,9"
original/saveas/text+img/global_renewable_energy_generation_and_carbon_reduction_analysis(saveas).pdf,170269,2196,"4,5,6,7,8,9"
original/saveas/text+img/global_renewable_energy_generation_and_carbon_reduction_analysis(saveas).pdf,171309,94884,7
original/saveas/text+img/global_renewable_energy_generation_and_carbon_reduction_analysis(saveas).pdf,204056,1975,"4,5,6,7,8,9"
original/saveas/text+img/global_renewable_energy_generation_and_carbon_reduction_analysis(saveas).pdf,205034,106728,7
original/saveas/text+img/global_renewable_energy_generation_and_carbon_reduction_analysis(saveas).pdf,262414,81056,7
original/saveas/text+img/global_renewable_energy_generation_and_carbon_reduction_analysis(saveas).pdf,288383,748,"3,4,5,6,7,8,9"
original/saveas/text+img/global_renewable_energy_generation_and_carbon_reduction_analysis(saveas).pdf,288848,14204,"7,9"
original/saveas/text+img/global_renewable_energy_generation_and_carbon_reduction_analysis(saveas).pdf,294000,1695,"3,4,5,6,7,8,9"
original/saveas/text+img/global_renewable_energy_generation_and_carbon_reduction_analysis(saveas).pdf,294712,21276,"7,8,9"
original/saveas/text+img/global_renewable_energy_generation_and_carbon_reduction_analysis(saveas).pdf,304771,1814,"4,5,6,7,8,9"
original/saveas/text+img/global_renewable_energy_generation_and_carbon_reduction_analysis(saveas).pdf,305523,54812,7
original/saveas/text+img/global_renewable_energy_generation_and_carbon_reduction_analysis(saveas).pdf,330459,23004,7
original/saveas/text+img/global_renewable_energy_generation_and_carbon_reduction_analysis(saveas).pdf,339603,27516,7
original/saveas/text+img/global_renewable_energy_generation_and_carbon_reduction_analysis(saveas).pdf,350792,598,"3,4,5,6,7,8,9"
original/saveas/text+img/global_renewable_energy_generation_and_carbon_reduction_analysis(saveas).pdf,351200,38632,7
original/saveas/text+img/global_renewable_energy_generation_and_carbon_reduction_analysis(saveas).pdf,362670,675,"3,4,5,6,7,8,9"
original/saveas/text+img/global_renewable_energy_generation_and_carbon_reduction_analysis(saveas).pdf,363096,8944,"7,9"
original/saveas/text+img/global_renewable_energy_generation_and_carbon_reduction_analysis(saveas).pdf,368456,1003,"3,4,5,6,7,8,9"
original/saveas/text+img/global_renewable_energy_generation_and_carbon_reduction_analysis(saveas).pdf,369000,32584,7
original/saveas/text+img/global_renewable_energy_generation_and_carbon_reduction_analysis(saveas).pdf,384212,1245,"3,4,5,6,7,8,9"
original/saveas/text+img/global_renewable_energy_generation_and_carbon_reduction_analysis(saveas).pdf,384777,13424,"7,8,9"
original/saveas/text+img/global_renewable_energy_generation_and_carbon_reduction_analysis(saveas).pdf,392690,993,"3,4,5,6,7,8,9"
original/saveas/text+img/global_renewable_energy_generation_and_carbon_reduction_analysis(saveas).pdf,393220,9492,"7,9"
original/saveas/text+img/global_renewable_energy_generation_and_carbon_reduction_analysis(saveas).pdf,397768,2104,"4,5,6,7,8,9"
original/saveas/text+img/global_renewable_energy_generation_and_carbon_reduction_analysis(saveas).pdf,398539,33132,7
original/saveas/text+img/global_renewable_energy_generation_and_carbon_reduction_analysis(saveas).pdf,413700,2061,"4,5,6,7,8,9"
original/saveas/text+img/global_renewable_energy_generation_and_carbon_reduction_analysis(saveas).pdf,414453,52996,7
original/saveas/text+img/global_renewable_energy_generation_and_carbon_reduction_analysis(saveas).pdf,435124,9660,"7,9"
original/saveas/text+img/international_tourism_trends_country_spending_patterns_multilang(saveas).pdf,606,16673,"6,7,8,9"
original/saveas/text+img/international_tourism_trends_country_spending_patterns_multilang(saveas).pdf,5967,12026,"5,6,7,8,9"
original/saveas/text+img/international_tourism_trends_country_spending_patterns_multilang(saveas).pdf,35542,90758,"7,9"
original/saveas/text+img/international_tourism_trends_country_spending_patterns_multilang(saveas).pdf,47534,14044,"6,7,8,9"
original/saveas/text+img/international_tourism_trends_country_spending_patterns_multilang(saveas).pdf,52379,20987,"7,9"
original/saveas/text+img/international_tourism_trends_country_spending_patterns_multilang(saveas).pdf,75712,89150,"7,9"
original/saveas/text+img/international_tourism_trends_country_spending_patterns_multilang(saveas).pdf,87438,39698,"6,7,8,9"
original/saveas/text+img/international_tourism_trends_country_spending_patterns_multilang(saveas).pdf,92333,44436,"7,9"
original/saveas/text+img/international_tourism_trends_country_spending_patterns_multilang(saveas).pdf,98584,42437,"7,8,9"
original/saveas/text+img/international_tourism_trends_country_spending_patterns_multilang(saveas).pdf,105227,25388,"7,9"
original/saveas/text+img/international_tourism_trends_country_spending_patterns_multilang(saveas).pdf,113708,81056,7
original/saveas/text+img/international_tourism_trends_country_spending_patterns_multilang(saveas).pdf,140005,12988,"7,9"
original/saveas/text+img/international_tourism_trends_country_spending_patterns_multilang(saveas).pdf,146235,15004,"7,8,9"
original/saveas/text+img/international_tourism_trends_country_spending_patterns_multilang(saveas).pdf,155241,520,"3,4,5,6,7,8,9"
original/saveas/text+img/international_tourism_trends_country_spending_patterns_multilang(saveas).pdf,155658,53964,7
original/saveas/text+img/international_tourism_trends_country_spending_patterns_multilang(saveas).pdf,176431,3389,"5,6,7,8,9"
original/saveas/text+img/international_tourism_trends_country_spending_patterns_multilang(saveas).pdf,177842,115292,7
original/saveas/text+img/international_tourism_trends_country_spending_patterns_multilang(saveas).pdf,223975,1499,"4,5,6,7,8,9"
original/saveas/text+img/international_tourism_trends_country_spending_patterns_multilang(saveas).pdf,224763,65452,7
original/saveas/text+img/international_tourism_trends_country_spending_patterns_multilang(saveas).pdf,241055,769,"3,4,5,6,7,8,9"
original/saveas/text+img/international_tourism_trends_country_spending_patterns_multilang(saveas).pdf,241526,13724,"6,7,8,9"
original/saveas/text+img/international_tourism_trends_country_spending_patterns_multilang(saveas).pdf,246632,2194,"4,5,6,7,8,9"
original/saveas/text+img/international_tourism_trends_country_spending_patterns_multilang(saveas).pdf,247498,29268,"7,9"
original/saveas/text+img/international_tourism_trends_country_spending_patterns_multilang(saveas).pdf,259500,2045,"4,5,6,7,8,9"
original/saveas/text+img/international_tourism_trends_country_spending_patterns_multilang(saveas).pdf,260278,71940,7
original/saveas/text+img/international_tourism_trends_country_spending_patterns_multilang(saveas).pdf,288929,19672,"7,9"
original/saveas/text+img/international_tourism_trends_country_spending_patterns_multilang(saveas).pdf,296712,19304,"7,9"
original/saveas/text+img/international_tourism_trends_country_spending_patterns_multilang(saveas).pdf,306716,38312,7
original/saveas/text+img/international_tourism_trends_country_spending_patterns_multilang(saveas).pdf,317446,7668,"6,7,8,9"
original/saveas/text+img/international_tourism_trends_country_spending_patterns_multilang(saveas).pdf,320727,1280,"3,4,5,6,7,8,9"
original/saveas/text+img/international_tourism_trends_country_spending_patterns_multilang(saveas).pdf,321307,14196,"7,8,9"
original/saveas/text+img/international_tourism_trends_country_spending_patterns_multilang(saveas).pdf,329718,961,"3,4,5,6,7,8,9"
original/saveas/text+img/international_tourism_trends_country_spending_patterns_multilang(saveas).pdf,330249,30248,7
original/saveas/text+img/international_tourism_trends_country_spending_patterns_multilang(saveas).pdf,343473,746,"3,4,5,6,7,8,9"
original/saveas/text+img/international_tourism_trends_country_spending_patterns_multilang(saveas).pdf,343930,16816,"7,8"
original/saveas/text+img/international_tourism_trends_country_spending_patterns_multilang(saveas).pdf,350750,1573,"3,4,5,6,7,8,9"
original/saveas/text+img/international_tourism_trends_country_spending_patterns_multilang(saveas).pdf,351448,17096,"7,9"
original/saveas/text+img/international_tourism_trends_country_spending_patterns_multilang(saveas).pdf,359507,1843,"4,5,6,7,8,9"
original/saveas/text+img/international_tourism_trends_country_spending_patterns_multilang(saveas).pdf,360275,51288,7
original/saveas/text+img/international_tourism_trends_country_spending_patterns_multilang(saveas).pdf,387952,10682,"7,8,9"
original/saveas/text+img/mobile_payment_and_fintech_service_expansion(saveas).pdf,606,16511,"6,7,8,9"
original/saveas/text+img/mobile_payment_and_fintech_service_expansion(saveas).pdf,6044,12359,"5,6,7,8,9"
original/saveas/text+img/mobile_payment_and_fintech_service_expansion(saveas).pdf,11960,92683,7
original/saveas/text+img/mobile_payment_and_fintech_service_expansion(saveas).pdf,24337,16831,"7,9"
original/saveas/text+img/mobile_payment_and_fintech_service_expansion(saveas).pdf,29443,19296,"7,8,9"
original/saveas/text+img/mobile_payment_and_fintech_service_expansion(saveas).pdf,51732,94814,"7,9"
original/saveas/text+img/mobile_payment_and_fintech_service_expansion(saveas).pdf,89501,39574,"7,8,9"
original/saveas/text+img/mobile_payment_and_fintech_service_expansion(saveas).pdf,94109,44663,"7,9"
original/saveas/text+img/mobile_payment_and_fintech_service_expansion(saveas).pdf,100438,48002,7
original/saveas/text+img/mobile_payment_and_fintech_service_expansion(saveas).pdf,107896,9988,"6,7,9"
original/saveas/text+img/mobile_payment_and_fintech_service_expansion(saveas).pdf,111562,81056,7
original/saveas/text+img/mobile_payment_and_fintech_service_expansion(saveas).pdf,137855,116372,7
original/saveas/text+img/mobile_payment_and_fintech_service_expansion(saveas).pdf,157635,36144,7
original/saveas/text+img/mobile_payment_and_fintech_service_expansion(saveas).pdf,169639,534,"3,4,5,6,7,8,9"
original/saveas/text+img/mobile_payment_and_fintech_service_expansion(saveas).pdf,170058,54216,7
original/saveas/text+img/mobile_payment_and_fintech_service_expansion(saveas).pdf,190995,2274,"4,5,6,7,8,9"
original/saveas/text+img/mobile_payment_and_fintech_service_expansion(saveas).pdf,192074,96736,7
original/saveas/text+img/mobile_payment_and_fintech_service_expansion(saveas).pdf,226229,2707,"5,6,7,8,9"
original/saveas/text+img/mobile_payment_and_fintech_service_expansion(saveas).pdf,227410,161660,7
original/saveas/text+img/mobile_payment_and_fintech_service_expansion(saveas).pdf,314471,337,"2,3,4,5,6,7,8,9"
original/saveas/text+img/mobile_payment_and_fintech_service_expansion(saveas).pdf,314790,92372,7
original/saveas/text+img/mobile_payment_and_fintech_service_expansion(saveas).pdf,337992,746,"3,4,5,6,7,8,9"
original/saveas/text+img/mobile_payment_and_fintech_service_expansion(saveas).pdf,338459,46616,7
original/saveas/text+img/mobile_payment_and_fintech_service_expansion(saveas).pdf,353637,1924,"4,5,6,7,8,9"
original/saveas/text+img/mobile_payment_and_fintech_service_expansion(saveas).pdf,354423,22668,7
original/saveas/text+img/mobile_payment_and_fintech_service_expansion(saveas).pdf,365448,1959,"4,5,6,7,8,9"
original/saveas/text+img/mobile_payment_and_fintech_service_expansion(saveas).pdf,366217,29780,"7,8,9"
original/saveas/text+img/mobile_payment_and_fintech_service_expansion(saveas).pdf,378357,21632,7
original/saveas/text+img/mobile_payment_and_fintech_service_expansion(saveas).pdf,386935,6904,"6,7,8,9"
original/saveas/text+img/mobile_payment_and_fintech_service_expansion(saveas).pdf,391478,17648,7
original/saveas/text+img/mobile_payment_and_fintech_service_expansion(saveas).pdf,399734,773,"3,4,5,6,7,8,9"
original/saveas/text+img/mobile_payment_and_fintech_service_expansion(saveas).pdf,400198,12200,7
original/saveas/text+img/mobile_payment_and_fintech_service_expansion(saveas).pdf,406390,636,"3,4,5,6,7,8,9"
original/saveas/text+img/mobile_payment_and_fintech_service_expansion(saveas).pdf,406822,13164,"7,9"
original/saveas/text+img/mobile_payment_and_fintech_service_expansion(saveas).pdf,415143,570,"3,4,5,6,7,8,9"
original/saveas/text+img/mobile_payment_and_fintech_service_expansion(saveas).pdf,415539,10512,"7,8,9"
original/saveas/text+img/mobile_payment_and_fintech_service_expansion(saveas).pdf,421477,885,"3,4,5,6,7,8,9"
original/saveas/text+img/mobile_payment_and_fintech_service_expansion(saveas).pdf,421965,16832,"7,8,9"
original/saveas/text+img/mobile_payment_and_fintech_service_expansion(saveas).pdf,428795,2056,"4,5,6,7,8,9"
original/saveas/text+img/mobile_payment_and_fintech_service_expansion(saveas).pdf,429549,32380,7
original/saveas/text+img/mobile_payment_and_fintech_service_expansion(saveas).pdf,444314,1694,"4,5,6,7,8,9"
original/saveas/text+img/mobile_payment_and_fintech_service_expansion(saveas).pdf,445054,17160,"7,9"
original/saveas/text+img/mobile_payment_and_fintech_service_expansion(saveas).pdf,456722,11193,"7,9"
original/saveas/text+img/online_education_elearning_market_growth_analysis(saveas).pdf,622,17576,"5,7,8,9"
original/saveas/text+img/online_education_elearning_market_growth_analysis(saveas).pdf,34155,11812,"5,7,8,9"
original/saveas/text+img/online_education_elearning_market_growth_analysis(saveas).pdf,72198,97366,"7,9"
original/saveas/text+img/online_education_elearning_market_growth_analysis(saveas).pdf,83422,17505,"7,8,9"
original/saveas/text+img/online_education_elearning_market_growth_analysis(saveas).pdf,87911,23453,"7,8,9"
original/saveas/text+img/online_education_elearning_market_growth_analysis(saveas).pdf,94680,92973,"7,8,9"
original/saveas/text+img/online_education_elearning_market_growth_analysis(saveas).pdf,105425,39783,"6,7,9"
original/saveas/text+img/online_education_elearning_market_growth_analysis(saveas).pdf,110522,44527,"7,9"
original/saveas/text+img/online_education_elearning_market_growth_analysis(saveas).pdf,116502,47517,"7,8,9"
original/saveas/text+img/online_education_elearning_market_growth_analysis(saveas).pdf,123809,11516,"7,8,9"
original/saveas/text+img/online_education_elearning_market_growth_analysis(saveas).pdf,130497,647,"3,4,5,6,7,8,9"
original/saveas/text+img/online_education_elearning_market_growth_analysis(saveas).pdf,130924,42284,7
original/saveas/text+img/online_education_elearning_market_growth_analysis(saveas).pdf,146827,604,"3,4,5,6,7,8,9"
original/saveas/text+img/online_education_elearning_market_growth_analysis(saveas).pdf,147283,55764,7
original/saveas/text+img/online_education_elearning_market_growth_analysis(saveas).pdf,169234,81056,7
original/saveas/text+img/online_education_elearning_market_growth_analysis(saveas).pdf,195204,4422,"5,6,7,8,9"
original/saveas/text+img/online_education_elearning_market_growth_analysis(saveas).pdf,196933,217824,7
original/saveas/text+img/online_education_elearning_market_growth_analysis(saveas).pdf,274242,85136,7
original/saveas/text+img/online_education_elearning_market_growth_analysis(saveas).pdf,297317,951,"3,4,5,6,7,8,9"
original/saveas/text+img/online_education_elearning_market_growth_analysis(saveas).pdf,297842,26248,7
original/saveas/text+img/online_education_elearning_market_growth_analysis(saveas).pdf,311829,2269,"4,5,6,7,8,9"
original/saveas/text+img/online_education_elearning_market_growth_analysis(saveas).pdf,312684,77772,7
original/saveas/text+img/online_education_elearning_market_growth_analysis(saveas).pdf,344420,14984,"7,9"
original/saveas/text+img/online_education_elearning_market_growth_analysis(saveas).pdf,351195,28180,7
original/saveas/text+img/online_education_elearning_market_growth_analysis(saveas).pdf,362705,810,"3,4,5,6,7,8,9"
original/saveas/text+img/online_education_elearning_market_growth_analysis(saveas).pdf,363178,12428,7
original/saveas/text+img/online_education_elearning_market_growth_analysis(saveas).pdf,369553,1074,"3,4,5,6,7,8,9"
original/saveas/text+img/online_education_elearning_market_growth_analysis(saveas).pdf,370122,32136,7
original/saveas/text+img/online_education_elearning_market_growth_analysis(saveas).pdf,385116,866,"3,4,5,6,7,8,9"
original/saveas/text+img/online_education_elearning_market_growth_analysis(saveas).pdf,385590,17680,7
original/saveas/text+img/online_education_elearning_market_growth_analysis(saveas).pdf,392676,2179,"4,5,6,7,8,9"
original/saveas/text+img/online_education_elearning_market_growth_analysis(saveas).pdf,393503,58516,7
original/saveas/text+img/online_education_elearning_market_growth_analysis(saveas).pdf,425009,10808,"7,9"
original/saveas/text/AI_Development_MultiLanguage(saveas).pdf,632,11519,"5,6,7,8,9"
original/saveas/text/AI_Development_MultiLanguage(saveas).pdf,7050,22489,"6,7,8,9"
original/saveas/text/AI_Development_MultiLanguage(saveas).pdf,13820,86076,"7,9"
original/saveas/text/AI_Development_MultiLanguage(saveas).pdf,25442,10620,"5,6,7,8,9"
original/saveas/text/AI_Development_MultiLanguage(saveas).pdf,29837,13721,"7,8,9"
original/saveas/text/AI_Development_MultiLanguage(saveas).pdf,36875,73554,"7,8,9"
original/saveas/text/AI_Development_MultiLanguage(saveas).pdf,47098,39879,"7,8,9"
original/saveas/text/AI_Development_MultiLanguage(saveas).pdf,51835,43841,"7,9"
original/saveas/text/AI_Development_MultiLanguage(saveas).pdf,57574,30517,"7,8,9"
original/saveas/text/AI_Development_MultiLanguage(saveas).pdf,62503,668,"3,4,5,6,7,8,9"
original/saveas/text/AI_Development_MultiLanguage(saveas).pdf,62933,19584,7
original/saveas/text/AI_Development_MultiLanguage(saveas).pdf,72859,81056,7
original/saveas/text/AI_Development_MultiLanguage(saveas).pdf,98828,675,"3,4,5,6,7,8,9"
original/saveas/text/AI_Development_MultiLanguage(saveas).pdf,99264,34924,7
original/saveas/text/AI_Development_MultiLanguage(saveas).pdf,111123,11376,"6,7,9"
original/saveas/text/AI_Development_MultiLanguage(saveas).pdf,115784,590,"3,4,5,6,7,8,9"
original/saveas/text/AI_Development_MultiLanguage(saveas).pdf,116222,45628,7
original/saveas/text/AI_Development_MultiLanguage(saveas).pdf,127479,2390,"4,5,6,7,8,9"
original/saveas/text/AI_Development_MultiLanguage(saveas).pdf,128556,130152,7
original/saveas/text/AI_Development_MultiLanguage(saveas).pdf,170164,2951,"5,6,7,8,9"
original/saveas/text/AI_Development_MultiLanguage(saveas).pdf,171453,108008,7
original/saveas/text/AI_Development_MultiLanguage(saveas).pdf,212845,110100,"5,6,7,9"
original/saveas/text/AI_Development_MultiLanguage(saveas).pdf,214824,771,"3,4,5,6,7,8,9"
original/saveas/text/AI_Development_MultiLanguage(saveas).pdf,215298,45868,7
original/saveas/text/AI_Development_MultiLanguage(saveas).pdf,230116,1888,"4,5,6,7,8,9"
original/saveas/text/AI_Development_MultiLanguage(saveas).pdf,230874,41076,7
original/saveas/text/AI_Development_MultiLanguage(saveas).pdf,250247,1964,"4,5,6,7,8,9"
original/saveas/text/AI_Development_MultiLanguage(saveas).pdf,251035,53100,7
original/saveas/text/AI_Development_MultiLanguage(saveas).pdf,277807,4992,"7,8,9"
original/saveas/text/AI_Development_MultiLanguage(saveas).pdf,281002,16728,"7,9"
original/saveas/text/AI_Development_MultiLanguage(saveas).pdf,289131,35544,7
original/saveas/text/AI_Development_MultiLanguage(saveas).pdf,298338,612,"3,4,5,6,7,8,9"
original/saveas/text/AI_Development_MultiLanguage(saveas).pdf,298746,8104,"6,7,8,9"
original/saveas/text/AI_Development_MultiLanguage(saveas).pdf,302368,973,"3,4,5,6,7,8,9"
original/saveas/text/AI_Development_MultiLanguage(saveas).pdf,302890,15360,"7,8,9"
original/saveas/text/AI_Development_MultiLanguage(saveas).pdf,311201,1082,"3,4,5,6,7,8,9"
original/saveas/text/AI_Development_MultiLanguage(saveas).pdf,311735,9776,"6,7,8,9"
original/saveas/text/AI_Development_MultiLanguage(saveas).pdf,316995,773,"3,4,5,6,7,8,9"
original/saveas/text/AI_Development_MultiLanguage(saveas).pdf,317463,30764,7
original/saveas/text/AI_Development_MultiLanguage(saveas).pdf,330709,1954,"4,5,6,7,8,9"
original/saveas/text/AI_Development_MultiLanguage(saveas).pdf,331441,40892,7
original/saveas/text/AI_Development_MultiLanguage(saveas).pdf,350580,1886,"4,5,6,7,8,9"
original/saveas/text/AI_Development_MultiLanguage(saveas).pdf,351325,52136,7
original/saveas/text/AI_Development_MultiLanguage(saveas).pdf,370286,9912,"7,9"
original/saveas/text/AeroChef_Drone_Delivery_Cooking_Service(saveas).pdf,631,20746,"5,6,7,8,9"
original/saveas/text/AeroChef_Drone_Delivery_Cooking_Service(saveas).pdf,7182,15116,"5,6,7,9"
original/saveas/text/AeroChef_Drone_Delivery_Cooking_Service(saveas).pdf,13850,61966,"6,7,8,9"
original/saveas/text/AeroChef_Drone_Delivery_Cooking_Service(saveas).pdf,23943,16894,"5,6,7,8,9"
original/saveas/text/AeroChef_Drone_Delivery_Cooking_Service(saveas).pdf,28595,18915,"6,7,8,9"
original/saveas/text/AeroChef_Drone_Delivery_Cooking_Service(saveas).pdf,35200,60963,"7,8,9"
original/saveas/text/AeroChef_Drone_Delivery_Cooking_Service(saveas).pdf,44868,40616,7
original/saveas/text/AeroChef_Drone_Delivery_Cooking_Service(saveas).pdf,51209,39765,7
original/saveas/text/AeroChef_Drone_Delivery_Cooking_Service(saveas).pdf,57381,28842,7
original/saveas/text/AeroChef_Drone_Delivery_Cooking_Service(saveas).pdf,63068,10208,"7,9"
original/saveas/text/AeroChef_Drone_Delivery_Cooking_Service(saveas).pdf,67094,20972,7
original/saveas/text/AeroChef_Drone_Delivery_Cooking_Service(saveas).pdf,77674,337,"2,3,4,5,6,7,8,9"
original/saveas/text/AeroChef_Drone_Delivery_Cooking_Service(saveas).pdf,77992,11088,"7,8"
original/saveas/text/AeroChef_Drone_Delivery_Cooking_Service(saveas).pdf,84192,58484,7
original/saveas/text/AeroChef_Drone_Delivery_Cooking_Service(saveas).pdf,102772,15252,"7,8,9"
original/saveas/text/AeroChef_Drone_Delivery_Cooking_Service(saveas).pdf,112008,85136,7
original/saveas/text/AeroChef_Drone_Delivery_Cooking_Service(saveas).pdf,135083,492,"3,4,5,6,7,8,9"
original/saveas/text/AeroChef_Drone_Delivery_Cooking_Service(saveas).pdf,135483,51052,"6,7,8,9"
original/saveas/text/AeroChef_Drone_Delivery_Cooking_Service(saveas).pdf,140289,2682,"4,5,6,7,8,9"
original/saveas/text/AeroChef_Drone_Delivery_Cooking_Service(saveas).pdf,141499,121596,7
original/saveas/text/AeroChef_Drone_Delivery_Cooking_Service(saveas).pdf,209273,926,"3,4,5,6,7,8,9"
original/saveas/text/AeroChef_Drone_Delivery_Cooking_Service(saveas).pdf,209851,73260,7
original/saveas/text/AeroChef_Drone_Delivery_Cooking_Service(saveas).pdf,227729,81056,7
original/saveas/text/AeroChef_Drone_Delivery_Cooking_Service(saveas).pdf,253698,719,"3,4,5,6,7,8,9"
original/saveas/text/AeroChef_Drone_Delivery_Cooking_Service(saveas).pdf,254151,12740,"7,8,9"
original/saveas/text/AeroChef_Drone_Delivery_Cooking_Service(saveas).pdf,259092,1947,"4,5,6,7,8,9"
original/saveas/text/AeroChef_Drone_Delivery_Cooking_Service(saveas).pdf,259923,30144,7
original/saveas/text/AeroChef_Drone_Delivery_Cooking_Service(saveas).pdf,272536,1452,"3,4,5,6,7,8,9"
original/saveas/text/AeroChef_Drone_Delivery_Cooking_Service(saveas).pdf,273177,67528,7
original/saveas/text/AeroChef_Drone_Delivery_Cooking_Service(saveas).pdf,300601,18172,"7,8,9"
original/saveas/text/AeroChef_Drone_Delivery_Cooking_Service(saveas).pdf,307916,35680,"7,9"
original/saveas/text/AeroChef_Drone_Delivery_Cooking_Service(saveas).pdf,317872,6120,"7,8"
original/saveas/text/AeroChef_Drone_Delivery_Cooking_Service(saveas).pdf,321635,8332,"6,7,9"
original/saveas/text/AeroChef_Drone_Delivery_Cooking_Service(saveas).pdf,325252,904,"3,4,5,6,7,8,9"
original/saveas/text/AeroChef_Drone_Delivery_Cooking_Service(saveas).pdf,325775,28368,7
original/saveas/text/AeroChef_Drone_Delivery_Cooking_Service(saveas).pdf,338101,449,"3,4,5,6,7,8,9"
original/saveas/text/AeroChef_Drone_Delivery_Cooking_Service(saveas).pdf,338464,10408,"7,8,9"
original/saveas/text/AeroChef_Drone_Delivery_Cooking_Service(saveas).pdf,344426,860,"3,4,5,6,7,8,9"
original/saveas/text/AeroChef_Drone_Delivery_Cooking_Service(saveas).pdf,344901,19656,7
original/saveas/text/AeroChef_Drone_Delivery_Cooking_Service(saveas).pdf,353318,1927,"4,5,6,7,8,9"
original/saveas/text/AeroChef_Drone_Delivery_Cooking_Service(saveas).pdf,354087,50576,7
original/saveas/text/AeroChef_Drone_Delivery_Cooking_Service(saveas).pdf,378499,1497,"3,4,5,6,7,8,9"
original/saveas/text/AeroChef_Drone_Delivery_Cooking_Service(saveas).pdf,379124,45284,7
original/saveas/text/AeroChef_Drone_Delivery_Cooking_Service(saveas).pdf,404378,10024,"7,8"
original/saveas/text/Aurora_VR_AR_Game_Lineup_Multilingual(saveas).pdf,595,22914,"7,8"
original/saveas/text/Aurora_VR_AR_Game_Lineup_Multilingual(saveas).pdf,5782,20226,"5,6,7,8,9"
original/saveas/text/Aurora_VR_AR_Game_Lineup_Multilingual(saveas).pdf,11074,120279,"7,8,9"
original/saveas/text/Aurora_VR_AR_Game_Lineup_Multilingual(saveas).pdf,22744,21099,"7,8,9"
original/saveas/text/Aurora_VR_AR_Game_Lineup_Multilingual(saveas).pdf,27782,20438,7
original/saveas/text/Aurora_VR_AR_Game_Lineup_Multilingual(saveas).pdf,32764,106304,"7,8"
original/saveas/text/Aurora_VR_AR_Game_Lineup_Multilingual(saveas).pdf,43964,39265,"7,9"
original/saveas/text/Aurora_VR_AR_Game_Lineup_Multilingual(saveas).pdf,49146,44545,"7,8,9"
original/saveas/text/Aurora_VR_AR_Game_Lineup_Multilingual(saveas).pdf,55177,40373,"7,9"
original/saveas/text/Aurora_VR_AR_Game_Lineup_Multilingual(saveas).pdf,60439,45184,7
original/saveas/text/Aurora_VR_AR_Game_Lineup_Multilingual(saveas).pdf,68500,35480,7
original/saveas/text/Aurora_VR_AR_Game_Lineup_Multilingual(saveas).pdf,79921,113644,7
original/saveas/text/Aurora_VR_AR_Game_Lineup_Multilingual(saveas).pdf,97890,81056,7
original/saveas/text/Aurora_VR_AR_Game_Lineup_Multilingual(saveas).pdf,123859,1615,"4,5,6,7,8,9"
original/saveas/text/Aurora_VR_AR_Game_Lineup_Multilingual(saveas).pdf,124693,111048,7
original/saveas/text/Aurora_VR_AR_Game_Lineup_Multilingual(saveas).pdf,157367,982,"4,5,6,7,8,9"
original/saveas/text/Aurora_VR_AR_Game_Lineup_Multilingual(saveas).pdf,157974,59548,7
original/saveas/text/Aurora_VR_AR_Game_Lineup_Multilingual(saveas).pdf,169630,1394,"3,4,5,6,7,8,9"
original/saveas/text/Aurora_VR_AR_Game_Lineup_Multilingual(saveas).pdf,170280,79044,7
original/saveas/text/Aurora_VR_AR_Game_Lineup_Multilingual(saveas).pdf,202379,1276,"3,4,5,6,7,8,9"
original/saveas/text/Aurora_VR_AR_Game_Lineup_Multilingual(saveas).pdf,202991,61472,7
original/saveas/text/Aurora_VR_AR_Game_Lineup_Multilingual(saveas).pdf,226781,24256,7
original/saveas/text/Aurora_VR_AR_Game_Lineup_Multilingual(saveas).pdf,236848,5872,"6,7,8"
original/saveas/text/Aurora_VR_AR_Game_Lineup_Multilingual(saveas).pdf,240742,9788,"6,7,8,9"
original/saveas/text/Aurora_VR_AR_Game_Lineup_Multilingual(saveas).pdf,245913,26664,7
original/saveas/text/Aurora_VR_AR_Game_Lineup_Multilingual(saveas).pdf,255796,1642,"3,4,5,6,7,8,9"
original/saveas/text/Aurora_VR_AR_Game_Lineup_Multilingual(saveas).pdf,256482,28456,7
original/saveas/text/Aurora_VR_AR_Game_Lineup_Multilingual(saveas).pdf,269751,1207,"3,4,5,6,7,8,9"
original/saveas/text/Aurora_VR_AR_Game_Lineup_Multilingual(saveas).pdf,270333,44104,7
original/saveas/text/Aurora_VR_AR_Game_Lineup_Multilingual(saveas).pdf,294262,13671,7
original/saveas/text/Autonomous_Vehicle_Accident_Report(saveas).pdf,616,22396,"6,7,8,9"
original/saveas/text/Autonomous_Vehicle_Accident_Report(saveas).pdf,6915,23065,"6,7,8,9"
original/saveas/text/Autonomous_Vehicle_Accident_Report(saveas).pdf,13665,52477,7
original/saveas/text/Autonomous_Vehicle_Accident_Report(saveas).pdf,23348,20906,"6,7,8,9"
original/saveas/text/Autonomous_Vehicle_Accident_Report(saveas).pdf,29419,23098,"6,7,8,9"
original/saveas/text/Autonomous_Vehicle_Accident_Report(saveas).pdf,35300,56415,"7,8,9"
original/saveas/text/Autonomous_Vehicle_Accident_Report(saveas).pdf,44777,39214,"7,9"
original/saveas/text/Autonomous_Vehicle_Accident_Report(saveas).pdf,50250,41631,7
original/saveas/text/Autonomous_Vehicle_Accident_Report(saveas).pdf,56767,36609,7
original/saveas/text/Autonomous_Vehicle_Accident_Report(saveas).pdf,62957,337,"2,3,4,5,6,7,8,9"
original/saveas/text/Autonomous_Vehicle_Accident_Report(saveas).pdf,63276,24528,"7,9"
original/saveas/text/Autonomous_Vehicle_Accident_Report(saveas).pdf,71775,81056,7
original/saveas/text/Autonomous_Vehicle_Accident_Report(saveas).pdf,98082,13172,"7,9"
original/saveas/text/Autonomous_Vehicle_Accident_Report(saveas).pdf,104488,116072,7
original/saveas/text/Autonomous_Vehicle_Accident_Report(saveas).pdf,123693,590,"3,4,5,6,7,8,9"
original/saveas/text/Autonomous_Vehicle_Accident_Report(saveas).pdf,124140,56632,7
original/saveas/text/Autonomous_Vehicle_Accident_Report(saveas).pdf,146748,2361,"4,5,6,7,8,9"
original/saveas/text/Autonomous_Vehicle_Accident_Report(saveas).pdf,147826,79184,7
original/saveas/text/Autonomous_Vehicle_Accident_Report(saveas).pdf,174962,1174,"4,5,6,7,8,9"
original/saveas/text/Autonomous_Vehicle_Accident_Report(saveas).pdf,175651,88288,7
original/saveas/text/Autonomous_Vehicle_Accident_Report(saveas).pdf,214261,806,"3,4,5,6,7,8,9"
original/saveas/text/Autonomous_Vehicle_Accident_Report(saveas).pdf,214738,21948,"7,8"
original/saveas/text/Autonomous_Vehicle_Accident_Report(saveas).pdf,223701,1309,"3,4,5,6,7,8,9"
original/saveas/text/Autonomous_Vehicle_Accident_Report(saveas).pdf,224348,55596,7
original/saveas/text/Autonomous_Vehicle_Accident_Report(saveas).pdf,249508,1111,"3,4,5,6,7,8,9"
original/saveas/text/Autonomous_Vehicle_Accident_Report(saveas).pdf,250085,16160,"7,8,9"
original/saveas/text/Autonomous_Vehicle_Accident_Report(saveas).pdf,256604,85136,7
original/saveas/text/Autonomous_Vehicle_Accident_Report(saveas).pdf,279679,337,"2,3,4,5,6,7,8,9"
original/saveas/text/Autonomous_Vehicle_Accident_Report(saveas).pdf,279994,32724,"7,9"
original/saveas/text/Autonomous_Vehicle_Accident_Report(saveas).pdf,288660,29516,7
original/saveas/text/Autonomous_Vehicle_Accident_Report(saveas).pdf,301476,18548,"7,9"
original/saveas/text/Autonomous_Vehicle_Accident_Report(saveas).pdf,310295,783,"3,4,5,6,7,8,9"
original/saveas/text/Autonomous_Vehicle_Accident_Report(saveas).pdf,310757,16520,"7,8,9"
original/saveas/text/Autonomous_Vehicle_Accident_Report(saveas).pdf,320058,912,"3,4,5,6,7,8,9"
original/saveas/text/Autonomous_Vehicle_Accident_Report(saveas).pdf,320572,33552,7
original/saveas/text/Autonomous_Vehicle_Accident_Report(saveas).pdf,336520,902,"3,4,5,6,7,8,9"
original/saveas/text/Autonomous_Vehicle_Accident_Report(saveas).pdf,337015,23744,"7,9"
original/saveas/text/Autonomous_Vehicle_Accident_Report(saveas).pdf,345655,2136,"4,5,6,7,8,9"
original/saveas/text/Autonomous_Vehicle_Accident_Report(saveas).pdf,346410,36932,7
original/saveas/text/Autonomous_Vehicle_Accident_Report(saveas).pdf,363941,1380,"3,4,5,6,7,8,9"
original/saveas/text/Autonomous_Vehicle_Accident_Report(saveas).pdf,364579,13276,"7,9"
original/saveas/text/Autonomous_Vehicle_Accident_Report(saveas).pdf,374592,10626,"7,8"
original/saveas/text/BioNext_Data_Leak_Report(saveas).pdf,606,20851,"6,7,8,9"
original/saveas/text/BioNext_Data_Leak_Report(saveas).pdf,6183,21742,"7,8,9"
original/saveas/text/BioNext_Data_Leak_Report(saveas).pdf,12898,57373,"7,8,9"
original/saveas/text/BioNext_Data_Leak_Report(saveas).pdf,22850,22382,"6,7,8"
original/saveas/text/BioNext_Data_Leak_Report(saveas).pdf,28848,23881,"7,8,9"
original/saveas/text/BioNext_Data_Leak_Report(saveas).pdf,36220,62170,"7,8,9"
original/saveas/text/BioNext_Data_Leak_Report(saveas).pdf,45996,39094,"7,9"
original/saveas/text/BioNext_Data_Leak_Report(saveas).pdf,51422,41831,"7,9"
original/saveas/text/BioNext_Data_Leak_Report(saveas).pdf,58019,39888,7
original/saveas/text/BioNext_Data_Leak_Report(saveas).pdf,64920,10960,"7,8,9"
original/saveas/text/BioNext_Data_Leak_Report(saveas).pdf,71247,81056,7
original/saveas/text/BioNext_Data_Leak_Report(saveas).pdf,97556,13364,"7,9"
original/saveas/text/BioNext_Data_Leak_Report(saveas).pdf,104120,41852,7
original/saveas/text/BioNext_Data_Leak_Report(saveas).pdf,119065,628,"3,4,5,6,7,8,9"
original/saveas/text/BioNext_Data_Leak_Report(saveas).pdf,119522,58508,"7,8,9"
original/saveas/text/BioNext_Data_Leak_Report(saveas).pdf,127920,2308,"4,5,6,7,8,9"
original/saveas/text/BioNext_Data_Leak_Report(saveas).pdf,129000,137672,7
original/saveas/text/BioNext_Data_Leak_Report(saveas).pdf,174586,1161,"4,5,6,7,8,9"
original/saveas/text/BioNext_Data_Leak_Report(saveas).pdf,175276,81508,7
original/saveas/text/BioNext_Data_Leak_Report(saveas).pdf,215426,809,"3,4,5,6,7,8,9"
original/saveas/text/BioNext_Data_Leak_Report(saveas).pdf,215898,24460,"7,8"
original/saveas/text/BioNext_Data_Leak_Report(saveas).pdf,225392,1688,"4,5,6,7,8,9"
original/saveas/text/BioNext_Data_Leak_Report(saveas).pdf,226111,22520,7
original/saveas/text/BioNext_Data_Leak_Report(saveas).pdf,239276,1519,"3,4,5,6,7,8,9"
original/saveas/text/BioNext_Data_Leak_Report(saveas).pdf,239934,68124,7
original/saveas/text/BioNext_Data_Leak_Report(saveas).pdf,266455,337,"2,3,4,5,6,7,8,9"
original/saveas/text/BioNext_Data_Leak_Report(saveas).pdf,266770,5012,"6,7,8,9"
original/saveas/text/BioNext_Data_Leak_Report(saveas).pdf,270717,32712,7
original/saveas/text/BioNext_Data_Leak_Report(saveas).pdf,284956,27428,7
original/saveas/text/BioNext_Data_Leak_Report(saveas).pdf,295674,534,"3,4,5,6,7,8,9"
original/saveas/text/BioNext_Data_Leak_Report(saveas).pdf,296064,8736,"7,8,9"
original/saveas/text/BioNext_Data_Leak_Report(saveas).pdf,301517,1280,"3,4,5,6,7,8,9"
original/saveas/text/BioNext_Data_Leak_Report(saveas).pdf,302104,18036,"7,9"
original/saveas/text/BioNext_Data_Leak_Report(saveas).pdf,312410,47760,"5,6,7,8,9"
original/saveas/text/BioNext_Data_Leak_Report(saveas).pdf,314487,11420,"7,8,9"
original/saveas/text/BioNext_Data_Leak_Report(saveas).pdf,320262,715,"3,4,5,6,7,8,9"
original/saveas/text/BioNext_Data_Leak_Report(saveas).pdf,320696,24476,"7,9"
original/saveas/text/BioNext_Data_Leak_Report(saveas).pdf,328941,1985,"4,5,6,7,8,9"
original/saveas/text/BioNext_Data_Leak_Report(saveas).pdf,329690,51760,7
original/saveas/text/BioNext_Data_Leak_Report(saveas).pdf,355216,1498,"3,4,5,6,7,8,9"
original/saveas/text/BioNext_Data_Leak_Report(saveas).pdf,355873,14936,"7,9"
original/saveas/text/BioNext_Data_Leak_Report(saveas).pdf,366765,10843,"7,8,9"
original/saveas/text/Digital_Minimalism(saveas).pdf,616,13977,"7,8,9"
original/saveas/text/Digital_Minimalism(saveas).pdf,6609,10132,"5,6,7,8,9"
original/saveas/text/Digital_Minimalism(saveas).pdf,12526,97421,"7,9"
original/saveas/text/Digital_Minimalism(saveas).pdf,25005,11518,"5,6,7,8,9"
original/saveas/text/Digital_Minimalism(saveas).pdf,29472,14357,"7,8,9"
original/saveas/text/Digital_Minimalism(saveas).pdf,35856,77258,"7,8,9"
original/saveas/text/Digital_Minimalism(saveas).pdf,46385,39338,"6,7,8,9"
original/saveas/text/Digital_Minimalism(saveas).pdf,50849,44331,"7,9"
original/saveas/text/Digital_Minimalism(saveas).pdf,56779,33117,"7,8,9"
original/saveas/text/Digital_Minimalism(saveas).pdf,62250,12140,"7,8,9"
original/saveas/text/Digital_Minimalism(saveas).pdf,69228,81056,7
original/saveas/text/Digital_Minimalism(saveas).pdf,95197,337,"2,3,4,5,6,7,8,9"
original/saveas/text/Digital_Minimalism(saveas).pdf,95517,113540,7
original/saveas/text/Digital_Minimalism(saveas).pdf,114046,11556,"6,7,9"
original/saveas/text/Digital_Minimalism(saveas).pdf,118818,656,"3,4,5,6,7,8,9"
original/saveas/text/Digital_Minimalism(saveas).pdf,119291,56964,7
original/saveas/text/Digital_Minimalism(saveas).pdf,141958,56416,7
original/saveas/text/Digital_Minimalism(saveas).pdf,148890,3379,"5,6,7,8,9"
original/saveas/text/Digital_Minimalism(saveas).pdf,150296,114768,7
original/saveas/text/Digital_Minimalism(saveas).pdf,196141,2643,"4,5,6,7,8,9"
original/saveas/text/Digital_Minimalism(saveas).pdf,197300,80464,7
original/saveas/text/Digital_Minimalism(saveas).pdf,225134,999,"3,4,5,6,7,8,9"
original/saveas/text/Digital_Minimalism(saveas).pdf,225665,15816,"7,8,9"
original/saveas/text/Digital_Minimalism(saveas).pdf,231579,1824,"4,5,6,7,8,9"
original/saveas/text/Digital_Minimalism(saveas).pdf,232332,23104,"7,9"
original/saveas/text/Digital_Minimalism(saveas).pdf,242998,1627,"4,5,6,7,8,9"
original/saveas/text/Digital_Minimalism(saveas).pdf,243708,48120,7
original/saveas/text/Digital_Minimalism(saveas).pdf,264308,21464,7
original/saveas/text/Digital_Minimalism(saveas).pdf,272458,23280,7
original/saveas/text/Digital_Minimalism(saveas).pdf,281864,34436,"7,8,9"
original/saveas/text/Digital_Minimalism(saveas).pdf,290920,8440,"6,7,9"
original/saveas/text/Digital_Minimalism(saveas).pdf,295618,862,"3,4,5,6,7,8,9"
original/saveas/text/Digital_Minimalism(saveas).pdf,296125,26716,7
original/saveas/text/Digital_Minimalism(saveas).pdf,307010,1019,"3,4,5,6,7,8,9"
original/saveas/text/Digital_Minimalism(saveas).pdf,307515,9888,"6,7,8"
original/saveas/text/Digital_Minimalism(saveas).pdf,312847,985,"3,4,5,6,7,8,9"
original/saveas/text/Digital_Minimalism(saveas).pdf,313365,9232,"7,9"
original/saveas/text/Digital_Minimalism(saveas).pdf,317785,2051,"4,5,6,7,8,9"
original/saveas/text/Digital_Minimalism(saveas).pdf,318560,29760,7
original/saveas/text/Digital_Minimalism(saveas).pdf,331985,1951,"4,5,6,7,8,9"
original/saveas/text/Digital_Minimalism(saveas).pdf,332715,48444,7
original/saveas/text/Digital_Minimalism(saveas).pdf,350815,10024,"7,8,9"
original/saveas/text/E-Payment_Service_Outage_Report(saveas).pdf,616,21576,"6,7,8,9"
original/saveas/text/E-Payment_Service_Outage_Report(saveas).pdf,6753,21646,"6,7,8,9"
original/saveas/text/E-Payment_Service_Outage_Report(saveas).pdf,13317,54414,"7,8,9"
original/saveas/text/E-Payment_Service_Outage_Report(saveas).pdf,22924,22239,"6,7,8,9"
original/saveas/text/E-Payment_Service_Outage_Report(saveas).pdf,28159,22282,"6,7,8,9"
original/saveas/text/E-Payment_Service_Outage_Report(saveas).pdf,35614,60715,"7,8"
original/saveas/text/E-Payment_Service_Outage_Report(saveas).pdf,45373,39135,7
original/saveas/text/E-Payment_Service_Outage_Report(saveas).pdf,50804,41698,7
original/saveas/text/E-Payment_Service_Outage_Report(saveas).pdf,57372,38607,7
original/saveas/text/E-Payment_Service_Outage_Report(saveas).pdf,64077,11208,"7,8,9"
original/saveas/text/E-Payment_Service_Outage_Report(saveas).pdf,70583,81056,7
original/saveas/text/E-Payment_Service_Outage_Report(saveas).pdf,96870,116828,7
original/saveas/text/E-Payment_Service_Outage_Report(saveas).pdf,116846,13228,"7,9"
original/saveas/text/E-Payment_Service_Outage_Report(saveas).pdf,123024,85136,7
original/saveas/text/E-Payment_Service_Outage_Report(saveas).pdf,146099,520,"3,4,5,6,7,8,9"
original/saveas/text/E-Payment_Service_Outage_Report(saveas).pdf,146510,50592,"7,8,9"
original/saveas/text/E-Payment_Service_Outage_Report(saveas).pdf,150697,1304,"4,5,6,7,8,9"
original/saveas/text/E-Payment_Service_Outage_Report(saveas).pdf,151420,81808,7
original/saveas/text/E-Payment_Service_Outage_Report(saveas).pdf,175286,2296,"4,5,6,7,8,9"
original/saveas/text/E-Payment_Service_Outage_Report(saveas).pdf,176356,116636,7
original/saveas/text/E-Payment_Service_Outage_Report(saveas).pdf,241007,710,"3,4,5,6,7,8,9"
original/saveas/text/E-Payment_Service_Outage_Report(saveas).pdf,241464,12624,"7,8,9"
original/saveas/text/E-Payment_Service_Outage_Report(saveas).pdf,245948,1254,"3,4,5,6,7,8,9"
original/saveas/text/E-Payment_Service_Outage_Report(saveas).pdf,246564,49120,7
original/saveas/text/E-Payment_Service_Outage_Report(saveas).pdf,268325,1774,"4,5,6,7,8,9"
original/saveas/text/E-Payment_Service_Outage_Report(saveas).pdf,269053,26680,7
original/saveas/text/E-Payment_Service_Outage_Report(saveas).pdf,284093,21664,7
original/saveas/text/E-Payment_Service_Outage_Report(saveas).pdf,292423,39660,7
original/saveas/text/E-Payment_Service_Outage_Report(saveas).pdf,304427,30040,7
original/saveas/text/E-Payment_Service_Outage_Report(saveas).pdf,316691,506,"3,4,5,6,7,8,9"
original/saveas/text/E-Payment_Service_Outage_Report(saveas).pdf,317072,8204,"7,8,9"
original/saveas/text/E-Payment_Service_Outage_Report(saveas).pdf,322230,770,"3,4,5,6,7,8,9"
original/saveas/text/E-Payment_Service_Outage_Report(saveas).pdf,322678,15000,"7,9"
original/saveas/text/E-Payment_Service_Outage_Report(saveas).pdf,331425,684,"3,4,5,6,7,8,9"
original/saveas/text/E-Payment_Service_Outage_Report(saveas).pdf,331880,34180,7
original/saveas/text/E-Payment_Service_Outage_Report(saveas).pdf,348245,965,"3,4,5,6,7,8,9"
original/saveas/text/E-Payment_Service_Outage_Report(saveas).pdf,348749,8192,"7,9"
original/saveas/text/E-Payment_Service_Outage_Report(saveas).pdf,352572,1539,"3,4,5,6,7,8,9"
original/saveas/text/E-Payment_Service_Outage_Report(saveas).pdf,353208,62928,7
original/saveas/text/E-Payment_Service_Outage_Report(saveas).pdf,371719,1842,"3,4,5,6,7,8,9"
original/saveas/text/E-Payment_Service_Outage_Report(saveas).pdf,372435,33756,7
original/saveas/text/E-Payment_Service_Outage_Report(saveas).pdf,391594,10745,"7,9"
original/saveas/text/EcoWave_Sustainable_Fashion_Collection(saveas).pdf,653,17502,"5,6,7,8,9"
original/saveas/text/EcoWave_Sustainable_Fashion_Collection(saveas).pdf,8309,17342,"5,6,7,8,9"
original/saveas/text/EcoWave_Sustainable_Fashion_Collection(saveas).pdf,14637,64665,"7,8,9"
original/saveas/text/EcoWave_Sustainable_Fashion_Collection(saveas).pdf,23727,15969,"5,6,7,8,9"
original/saveas/text/EcoWave_Sustainable_Fashion_Collection(saveas).pdf,29118,17924,"7,8,9"
original/saveas/text/EcoWave_Sustainable_Fashion_Collection(saveas).pdf,35583,61963,"7,8,9"
original/saveas/text/EcoWave_Sustainable_Fashion_Collection(saveas).pdf,45344,40590,7
original/saveas/text/EcoWave_Sustainable_Fashion_Collection(saveas).pdf,51617,39978,"7,9"
original/saveas/text/EcoWave_Sustainable_Fashion_Collection(saveas).pdf,57816,31499,7
original/saveas/text/EcoWave_Sustainable_Fashion_Collection(saveas).pdf,63723,16680,"7,8"
original/saveas/text/EcoWave_Sustainable_Fashion_Collection(saveas).pdf,72581,13356,"7,8,9"
original/saveas/text/EcoWave_Sustainable_Fashion_Collection(saveas).pdf,80424,351,"2,3,4,5,6,7,8,9"
original/saveas/text/EcoWave_Sustainable_Fashion_Collection(saveas).pdf,80752,92612,7
original/saveas/text/EcoWave_Sustainable_Fashion_Collection(saveas).pdf,104068,337,"2,3,4,5,6,7,8,9"
original/saveas/text/EcoWave_Sustainable_Fashion_Collection(saveas).pdf,104386,11088,"7,8"
original/saveas/text/EcoWave_Sustainable_Fashion_Collection(saveas).pdf,110586,58484,7
original/saveas/text/EcoWave_Sustainable_Fashion_Collection(saveas).pdf,128867,534,"3,4,5,6,7,8,9"
original/saveas/text/EcoWave_Sustainable_Fashion_Collection(saveas).pdf,129267,38772,7
original/saveas/text/EcoWave_Sustainable_Fashion_Collection(saveas).pdf,143429,81056,7
original/saveas/text/EcoWave_Sustainable_Fashion_Collection(saveas).pdf,169398,421,"3,4,5,6,7,8,9"
original/saveas/text/EcoWave_Sustainable_Fashion_Collection(saveas).pdf,169764,63152,7
original/saveas/text/EcoWave_Sustainable_Fashion_Collection(saveas).pdf,179079,2216,"4,5,6,7,8,9"
original/saveas/text/EcoWave_Sustainable_Fashion_Collection(saveas).pdf,180115,75544,7
original/saveas/text/EcoWave_Sustainable_Fashion_Collection(saveas).pdf,204709,1868,"4,5,6,7,8,9"
original/saveas/text/EcoWave_Sustainable_Fashion_Collection(saveas).pdf,205661,103468,7
original/saveas/text/EcoWave_Sustainable_Fashion_Collection(saveas).pdf,261073,1579,"3,4,5,6,7,8,9"
original/saveas/text/EcoWave_Sustainable_Fashion_Collection(saveas).pdf,261749,20252,"7,9"
original/saveas/text/EcoWave_Sustainable_Fashion_Collection(saveas).pdf,270409,1673,"4,5,6,7,8,9"
original/saveas/text/EcoWave_Sustainable_Fashion_Collection(saveas).pdf,271133,44836,7
original/saveas/text/EcoWave_Sustainable_Fashion_Collection(saveas).pdf,294281,21000,7
original/saveas/text/EcoWave_Sustainable_Fashion_Collection(saveas).pdf,302216,6384,"7,8"
original/saveas/text/EcoWave_Sustainable_Fashion_Collection(saveas).pdf,305861,676,"3,4,5,6,7,8,9"
original/saveas/text/EcoWave_Sustainable_Fashion_Collection(saveas).pdf,306278,38096,7
original/saveas/text/EcoWave_Sustainable_Fashion_Collection(saveas).pdf,317467,7248,"7,8,9"
original/saveas/text/EcoWave_Sustainable_Fashion_Collection(saveas).pdf,320434,1033,"3,4,5,6,7,8,9"
original/saveas/text/EcoWave_Sustainable_Fashion_Collection(saveas).pdf,320954,10348,"7,8,9"
original/saveas/text/EcoWave_Sustainable_Fashion_Collection(saveas).pdf,326689,513,"3,4,5,6,7,8,9"
original/saveas/text/EcoWave_Sustainable_Fashion_Collection(saveas).pdf,327070,12928,"7,9"
original/saveas/text/EcoWave_Sustainable_Fashion_Collection(saveas).pdf,335312,573,"3,4,5,6,7,8,9"
original/saveas/text/EcoWave_Sustainable_Fashion_Collection(saveas).pdf,335726,13740,"7,8,9"
original/saveas/text/EcoWave_Sustainable_Fashion_Collection(saveas).pdf,341137,1606,"3,4,5,6,7,8,9"
original/saveas/text/EcoWave_Sustainable_Fashion_Collection(saveas).pdf,341842,16776,"7,9"
original/saveas/text/EcoWave_Sustainable_Fashion_Collection(saveas).pdf,350336,1607,"4,5,6,7,8,9"
original/saveas/text/EcoWave_Sustainable_Fashion_Collection(saveas).pdf,351029,47620,7
original/saveas/text/EcoWave_Sustainable_Fashion_Collection(saveas).pdf,377271,10248,7
original/saveas/text/EduBot_AI_Learning_Robot_Series(saveas).pdf,643,16947,"5,6,7,8,9"
original/saveas/text/EduBot_AI_Learning_Robot_Series(saveas).pdf,7491,16001,"5,6,7,8,9"
original/saveas/text/EduBot_AI_Learning_Robot_Series(saveas).pdf,13786,62038,"7,8,9"
original/saveas/text/EduBot_AI_Learning_Robot_Series(saveas).pdf,24336,16561,"5,6,7,8,9"
original/saveas/text/EduBot_AI_Learning_Robot_Series(saveas).pdf,29744,16807,"6,7,8,9"
original/saveas/text/EduBot_AI_Learning_Robot_Series(saveas).pdf,36637,57989,"7,8,9"
original/saveas/text/EduBot_AI_Learning_Robot_Series(saveas).pdf,46253,40588,"7,9"
original/saveas/text/EduBot_AI_Learning_Robot_Series(saveas).pdf,52570,39817,"7,9"
original/saveas/text/EduBot_AI_Learning_Robot_Series(saveas).pdf,58667,26024,"7,9"
original/saveas/text/EduBot_AI_Learning_Robot_Series(saveas).pdf,63896,111136,7
original/saveas/text/EduBot_AI_Learning_Robot_Series(saveas).pdf,80838,34608,7
original/saveas/text/EduBot_AI_Learning_Robot_Series(saveas).pdf,91671,337,"2,3,4,5,6,7,8,9"
original/saveas/text/EduBot_AI_Learning_Robot_Series(saveas).pdf,91989,11088,"7,8"
original/saveas/text/EduBot_AI_Learning_Robot_Series(saveas).pdf,98189,58484,7
original/saveas/text/EduBot_AI_Learning_Robot_Series(saveas).pdf,116470,337,"2,3,4,5,6,7,8,9"
original/saveas/text/EduBot_AI_Learning_Robot_Series(saveas).pdf,116787,12264,"7,9"
original/saveas/text/EduBot_AI_Learning_Robot_Series(saveas).pdf,123022,81056,7
original/saveas/text/EduBot_AI_Learning_Robot_Series(saveas).pdf,148991,464,"3,4,5,6,7,8,9"
original/saveas/text/EduBot_AI_Learning_Robot_Series(saveas).pdf,149381,64508,7
original/saveas/text/EduBot_AI_Learning_Robot_Series(saveas).pdf,159273,1809,"4,5,6,7,8,9"
original/saveas/text/EduBot_AI_Learning_Robot_Series(saveas).pdf,160195,87116,7
original/saveas/text/EduBot_AI_Learning_Robot_Series(saveas).pdf,187996,1431,"4,5,6,7,8,9"
original/saveas/text/EduBot_AI_Learning_Robot_Series(saveas).pdf,188763,65916,7
original/saveas/text/EduBot_AI_Learning_Robot_Series(saveas).pdf,205804,630,"3,4,5,6,7,8,9"
original/saveas/text/EduBot_AI_Learning_Robot_Series(saveas).pdf,206233,12692,"6,7,8,9"
original/saveas/text/EduBot_AI_Learning_Robot_Series(saveas).pdf,211104,1602,"3,4,5,6,7,8,9"
original/saveas/text/EduBot_AI_Learning_Robot_Series(saveas).pdf,211772,37088,7
original/saveas/text/EduBot_AI_Learning_Robot_Series(saveas).pdf,229220,337,"2,3,4,5,6,7,8,9"
original/saveas/text/EduBot_AI_Learning_Robot_Series(saveas).pdf,229539,85376,7
original/saveas/text/EduBot_AI_Learning_Robot_Series(saveas).pdf,252798,1748,"3,4,5,6,7,8,9"
original/saveas/text/EduBot_AI_Learning_Robot_Series(saveas).pdf,253502,71076,7
original/saveas/text/EduBot_AI_Learning_Robot_Series(saveas).pdf,282597,14232,7
original/saveas/text/EduBot_AI_Learning_Robot_Series(saveas).pdf,288898,23992,7
original/saveas/text/EduBot_AI_Learning_Robot_Series(saveas).pdf,298280,337,"2,3,4,5,6,7,8,9"
original/saveas/text/EduBot_AI_Learning_Robot_Series(saveas).pdf,298596,37928,7
original/saveas/text/EduBot_AI_Learning_Robot_Series(saveas).pdf,310477,698,"3,4,5,6,7,8,9"
original/saveas/text/EduBot_AI_Learning_Robot_Series(saveas).pdf,310926,12132,7
original/saveas/text/EduBot_AI_Learning_Robot_Series(saveas).pdf,317067,862,"3,4,5,6,7,8,9"
original/saveas/text/EduBot_AI_Learning_Robot_Series(saveas).pdf,317572,26468,7
original/saveas/text/EduBot_AI_Learning_Robot_Series(saveas).pdf,328241,337,"2,3,4,5,6,7,8,9"
original/saveas/text/EduBot_AI_Learning_Robot_Series(saveas).pdf,328558,12076,"7,8,9"
original/saveas/text/EduBot_AI_Learning_Robot_Series(saveas).pdf,336407,868,"3,4,5,6,7,8,9"
original/saveas/text/EduBot_AI_Learning_Robot_Series(saveas).pdf,336885,30152,7
original/saveas/text/EduBot_AI_Learning_Robot_Series(saveas).pdf,349161,1900,"4,5,6,7,8,9"
original/saveas/text/EduBot_AI_Learning_Robot_Series(saveas).pdf,349893,29884,7
original/saveas/text/EduBot_AI_Learning_Robot_Series(saveas).pdf,363763,1684,"4,5,6,7,8,9"
original/saveas/text/EduBot_AI_Learning_Robot_Series(saveas).pdf,364465,53264,7
original/saveas/text/EduBot_AI_Learning_Robot_Series(saveas).pdf,393834,9968,"7,9"
original/saveas/text/Evolution_Biodegradable_Plastics(saveas).pdf,606,13525,"5,6,7,8,9"
original/saveas/text/Evolution_Biodegradable_Plastics(saveas).pdf,5832,7606,"5,6,7,8,9"
original/saveas/text/Evolution_Biodegradable_Plastics(saveas).pdf,10936,105453,7
original/saveas/text/Evolution_Biodegradable_Plastics(saveas).pdf,24107,14021,"6,7,9"
original/saveas/text/Evolution_Biodegradable_Plastics(saveas).pdf,28981,14142,"6,7,8,9"
original/saveas/text/Evolution_Biodegradable_Plastics(saveas).pdf,35606,93580,7
original/saveas/text/Evolution_Biodegradable_Plastics(saveas).pdf,47267,39208,"6,7,8,9"
original/saveas/text/Evolution_Biodegradable_Plastics(saveas).pdf,51687,44677,"7,9"
original/saveas/text/Evolution_Biodegradable_Plastics(saveas).pdf,57724,44719,"7,8,9"
original/saveas/text/Evolution_Biodegradable_Plastics(saveas).pdf,64612,112484,7
original/saveas/text/Evolution_Biodegradable_Plastics(saveas).pdf,81943,81056,7
original/saveas/text/Evolution_Biodegradable_Plastics(saveas).pdf,108196,13432,"7,8,9"
original/saveas/text/Evolution_Biodegradable_Plastics(saveas).pdf,116375,11208,"7,9"
original/saveas/text/Evolution_Biodegradable_Plastics(saveas).pdf,120899,660,"3,4,5,6,7,8,9"
original/saveas/text/Evolution_Biodegradable_Plastics(saveas).pdf,121374,60652,7
original/saveas/text/Evolution_Biodegradable_Plastics(saveas).pdf,131182,2235,"4,5,6,7,8,9"
original/saveas/text/Evolution_Biodegradable_Plastics(saveas).pdf,132223,75124,7
original/saveas/text/Evolution_Biodegradable_Plastics(saveas).pdf,156184,3347,"5,6,7,8,9"
original/saveas/text/Evolution_Biodegradable_Plastics(saveas).pdf,157617,149964,7
original/saveas/text/Evolution_Biodegradable_Plastics(saveas).pdf,244732,1117,"3,4,5,6,7,8,9"
original/saveas/text/Evolution_Biodegradable_Plastics(saveas).pdf,245288,14296,"7,8,9"
original/saveas/text/Evolution_Biodegradable_Plastics(saveas).pdf,251078,1565,"4,5,6,7,8,9"
original/saveas/text/Evolution_Biodegradable_Plastics(saveas).pdf,251793,19556,"7,9"
original/saveas/text/Evolution_Biodegradable_Plastics(saveas).pdf,259719,2001,"4,5,6,7,8,9"
original/saveas/text/Evolution_Biodegradable_Plastics(saveas).pdf,260520,48288,7
original/saveas/text/Evolution_Biodegradable_Plastics(saveas).pdf,285006,17784,"7,9"
original/saveas/text/Evolution_Biodegradable_Plastics(saveas).pdf,292379,23776,7
original/saveas/text/Evolution_Biodegradable_Plastics(saveas).pdf,301817,34508,"7,8,9"
original/saveas/text/Evolution_Biodegradable_Plastics(saveas).pdf,310451,790,"3,4,5,6,7,8,9"
original/saveas/text/Evolution_Biodegradable_Plastics(saveas).pdf,310921,9092,"6,7,8,9"
original/saveas/text/Evolution_Biodegradable_Plastics(saveas).pdf,315147,848,"3,4,5,6,7,8,9"
original/saveas/text/Evolution_Biodegradable_Plastics(saveas).pdf,315647,26780,7
original/saveas/text/Evolution_Biodegradable_Plastics(saveas).pdf,326418,577,"3,4,5,6,7,8,9"
original/saveas/text/Evolution_Biodegradable_Plastics(saveas).pdf,326811,10388,"7,8,9"
original/saveas/text/Evolution_Biodegradable_Plastics(saveas).pdf,333456,969,"3,4,5,6,7,8,9"
original/saveas/text/Evolution_Biodegradable_Plastics(saveas).pdf,333967,9172,"7,9"
original/saveas/text/Evolution_Biodegradable_Plastics(saveas).pdf,338321,1905,"4,5,6,7,8,9"
original/saveas/text/Evolution_Biodegradable_Plastics(saveas).pdf,339059,27908,7
original/saveas/text/Evolution_Biodegradable_Plastics(saveas).pdf,351828,1938,"4,5,6,7,8,9"
original/saveas/text/Evolution_Biodegradable_Plastics(saveas).pdf,352594,52292,7
original/saveas/text/Evolution_Biodegradable_Plastics(saveas).pdf,372196,10829,"7,8,9"
original/saveas/text/Evolution_Food_Culture_Alternative_Foods(saveas).pdf,606,12675,"5,6,7,8,9"
original/saveas/text/Evolution_Food_Culture_Alternative_Foods(saveas).pdf,5737,8129,"5,6,7,8,9"
original/saveas/text/Evolution_Food_Culture_Alternative_Foods(saveas).pdf,11017,94779,"7,8,9"
original/saveas/text/Evolution_Food_Culture_Alternative_Foods(saveas).pdf,23451,12025,"5,6,7,8,9"
original/saveas/text/Evolution_Food_Culture_Alternative_Foods(saveas).pdf,28141,15331,"6,7,8,9"
original/saveas/text/Evolution_Food_Culture_Alternative_Foods(saveas).pdf,35552,85807,"7,8,9"
original/saveas/text/Evolution_Food_Culture_Alternative_Foods(saveas).pdf,46531,39177,"6,7,8,9"
original/saveas/text/Evolution_Food_Culture_Alternative_Foods(saveas).pdf,50969,44091,"7,9"
original/saveas/text/Evolution_Food_Culture_Alternative_Foods(saveas).pdf,56858,34071,"7,9"
original/saveas/text/Evolution_Food_Culture_Alternative_Foods(saveas).pdf,62421,31052,"7,9"
original/saveas/text/Evolution_Food_Culture_Alternative_Foods(saveas).pdf,71799,81056,7
original/saveas/text/Evolution_Food_Culture_Alternative_Foods(saveas).pdf,98064,11436,"7,9"
original/saveas/text/Evolution_Food_Culture_Alternative_Foods(saveas).pdf,103067,112976,7
original/saveas/text/Evolution_Food_Culture_Alternative_Foods(saveas).pdf,120464,618,"3,4,5,6,7,8,9"
original/saveas/text/Evolution_Food_Culture_Alternative_Foods(saveas).pdf,120923,72916,7
original/saveas/text/Evolution_Food_Culture_Alternative_Foods(saveas).pdf,133075,2430,"4,5,6,7,8,9"
original/saveas/text/Evolution_Food_Culture_Alternative_Foods(saveas).pdf,134205,119716,7
original/saveas/text/Evolution_Food_Culture_Alternative_Foods(saveas).pdf,200488,3172,"5,6,7,8,9"
original/saveas/text/Evolution_Food_Culture_Alternative_Foods(saveas).pdf,201872,113636,7
original/saveas/text/Evolution_Food_Culture_Alternative_Foods(saveas).pdf,246617,957,"3,4,5,6,7,8,9"
original/saveas/text/Evolution_Food_Culture_Alternative_Foods(saveas).pdf,247121,22884,"7,8"
original/saveas/text/Evolution_Food_Culture_Alternative_Foods(saveas).pdf,256689,1624,"4,5,6,7,8,9"
original/saveas/text/Evolution_Food_Culture_Alternative_Foods(saveas).pdf,257391,42808,7
original/saveas/text/Evolution_Food_Culture_Alternative_Foods(saveas).pdf,278534,1872,"4,5,6,7,8,9"
original/saveas/text/Evolution_Food_Culture_Alternative_Foods(saveas).pdf,279286,21760,"7,9"
original/saveas/text/Evolution_Food_Culture_Alternative_Foods(saveas).pdf,289942,14580,"7,9"
original/saveas/text/Evolution_Food_Culture_Alternative_Foods(saveas).pdf,296531,34816,"7,8,9"
original/saveas/text/Evolution_Food_Culture_Alternative_Foods(saveas).pdf,305827,22096,"7,9"
original/saveas/text/Evolution_Food_Culture_Alternative_Foods(saveas).pdf,314088,698,"3,4,5,6,7,8,9"
original/saveas/text/Evolution_Food_Culture_Alternative_Foods(saveas).pdf,314531,12828,7
original/saveas/text/Evolution_Food_Culture_Alternative_Foods(saveas).pdf,321406,927,"3,4,5,6,7,8,9"
original/saveas/text/Evolution_Food_Culture_Alternative_Foods(saveas).pdf,321901,9884,"6,7,8,9"
original/saveas/text/Evolution_Food_Culture_Alternative_Foods(saveas).pdf,327382,862,"3,4,5,6,7,8,9"
original/saveas/text/Evolution_Food_Culture_Alternative_Foods(saveas).pdf,327888,26516,7
original/saveas/text/Evolution_Food_Culture_Alternative_Foods(saveas).pdf,338504,1088,"3,4,5,6,7,8,9"
original/saveas/text/Evolution_Food_Culture_Alternative_Foods(saveas).pdf,339035,31236,7
original/saveas/text/Evolution_Food_Culture_Alternative_Foods(saveas).pdf,353306,1752,"4,5,6,7,8,9"
original/saveas/text/Evolution_Food_Culture_Alternative_Foods(saveas).pdf,354034,49524,7
original/saveas/text/Evolution_Food_Culture_Alternative_Foods(saveas).pdf,369326,2086,"4,5,6,7,8,9"
original/saveas/text/Evolution_Food_Culture_Alternative_Foods(saveas).pdf,370093,29692,7
original/saveas/text/Evolution_Food_Culture_Alternative_Foods(saveas).pdf,386777,10038,"7,9"
original/saveas/text/International_Logistics_Fire_Report(saveas).pdf,606,23622,"7,8,9"
original/saveas/text/International_Logistics_Fire_Report(saveas).pdf,6528,22983,"6,7,8,9"
original/saveas/text/International_Logistics_Fire_Report(saveas).pdf,12991,58817,"7,9"
original/saveas/text/International_Logistics_Fire_Report(saveas).pdf,23081,21577,"6,7,9"
original/saveas/text/International_Logistics_Fire_Report(saveas).pdf,28300,22398,"6,7,9"
original/saveas/text/International_Logistics_Fire_Report(saveas).pdf,35802,64319,"7,8,9"
original/saveas/text/International_Logistics_Fire_Report(saveas).pdf,45846,39234,7
original/saveas/text/International_Logistics_Fire_Report(saveas).pdf,51292,41886,7
original/saveas/text/International_Logistics_Fire_Report(saveas).pdf,57842,43846,7
original/saveas/text/International_Logistics_Fire_Report(saveas).pdf,65317,9756,"6,7,9"
original/saveas/text/International_Logistics_Fire_Report(saveas).pdf,68835,81056,7
original/saveas/text/International_Logistics_Fire_Report(saveas).pdf,95117,116252,7
original/saveas/text/International_Logistics_Fire_Report(saveas).pdf,114699,17212,7
original/saveas/text/International_Logistics_Fire_Report(saveas).pdf,125411,492,"3,4,5,6,7,8,9"
original/saveas/text/International_Logistics_Fire_Report(saveas).pdf,125813,68252,7
original/saveas/text/International_Logistics_Fire_Report(saveas).pdf,135538,1448,"4,5,6,7,8,9"
original/saveas/text/International_Logistics_Fire_Report(saveas).pdf,136305,83044,7
original/saveas/text/International_Logistics_Fire_Report(saveas).pdf,161151,2119,"4,5,6,7,8,9"
original/saveas/text/International_Logistics_Fire_Report(saveas).pdf,162166,76664,7
original/saveas/text/International_Logistics_Fire_Report(saveas).pdf,187388,898,"3,4,5,6,7,8,9"
original/saveas/text/International_Logistics_Fire_Report(saveas).pdf,187901,28980,7
original/saveas/text/International_Logistics_Fire_Report(saveas).pdf,199318,1500,"3,4,5,6,7,8,9"
original/saveas/text/International_Logistics_Fire_Report(saveas).pdf,199978,21384,"7,9"
original/saveas/text/International_Logistics_Fire_Report(saveas).pdf,210621,1787,"4,5,6,7,8,9"
original/saveas/text/International_Logistics_Fire_Report(saveas).pdf,211388,22280,"7,9"
original/saveas/text/International_Logistics_Fire_Report(saveas).pdf,221801,31688,"7,8"
original/saveas/text/International_Logistics_Fire_Report(saveas).pdf,229139,27296,7
original/saveas/text/International_Logistics_Fire_Report(saveas).pdf,240421,28560,7
original/saveas/text/International_Logistics_Fire_Report(saveas).pdf,251902,605,"3,4,5,6,7,8,9"
original/saveas/text/International_Logistics_Fire_Report(saveas).pdf,252318,8724,"6,7,8,9"
original/saveas/text/International_Logistics_Fire_Report(saveas).pdf,256548,955,"3,4,5,6,7,8,9"
original/saveas/text/International_Logistics_Fire_Report(saveas).pdf,257075,32400,7
original/saveas/text/International_Logistics_Fire_Report(saveas).pdf,272245,605,"3,4,5,6,7,8,9"
original/saveas/text/International_Logistics_Fire_Report(saveas).pdf,272653,13988,"7,8,9"
original/saveas/text/International_Logistics_Fire_Report(saveas).pdf,281619,796,"3,4,5,6,7,8,9"
original/saveas/text/International_Logistics_Fire_Report(saveas).pdf,282076,23844,"7,8,9"
original/saveas/text/International_Logistics_Fire_Report(saveas).pdf,289515,2013,"3,4,5,6,7,8,9"
original/saveas/text/International_Logistics_Fire_Report(saveas).pdf,290236,31984,7
original/saveas/text/International_Logistics_Fire_Report(saveas).pdf,305953,1787,"4,5,6,7,8,9"
original/saveas/text/International_Logistics_Fire_Report(saveas).pdf,306684,15600,"7,9"
original/saveas/text/International_Logistics_Fire_Report(saveas).pdf,317854,11095,"7,9"
original/saveas/text/Lumina_Interior_Lighting_Designbook(saveas).pdf,653,18718,"6,7,8,9"
original/saveas/text/Lumina_Interior_Lighting_Designbook(saveas).pdf,8442,19968,"6,7,8,9"
original/saveas/text/Lumina_Interior_Lighting_Designbook(saveas).pdf,15492,62732,"7,8,9"
original/saveas/text/Lumina_Interior_Lighting_Designbook(saveas).pdf,25913,16873,"6,7,8,9"
original/saveas/text/Lumina_Interior_Lighting_Designbook(saveas).pdf,31460,24843,"6,7"
original/saveas/text/Lumina_Interior_Lighting_Designbook(saveas).pdf,39163,62778,"7,8,9"
original/saveas/text/Lumina_Interior_Lighting_Designbook(saveas).pdf,49183,40631,7
original/saveas/text/Lumina_Interior_Lighting_Designbook(saveas).pdf,55523,40483,"7,9"
original/saveas/text/Lumina_Interior_Lighting_Designbook(saveas).pdf,61943,37574,7
original/saveas/text/Lumina_Interior_Lighting_Designbook(saveas).pdf,68703,18580,7
original/saveas/text/Lumina_Interior_Lighting_Designbook(saveas).pdf,77834,11072,7
original/saveas/text/Lumina_Interior_Lighting_Designbook(saveas).pdf,82284,337,"2,3,4,5,6,7,8,9"
original/saveas/text/Lumina_Interior_Lighting_Designbook(saveas).pdf,82603,85412,7
original/saveas/text/Lumina_Interior_Lighting_Designbook(saveas).pdf,105911,337,"2,3,4,5,6,7,8,9"
original/saveas/text/Lumina_Interior_Lighting_Designbook(saveas).pdf,106229,11088,"7,8"
original/saveas/text/Lumina_Interior_Lighting_Designbook(saveas).pdf,112429,58484,7
original/saveas/text/Lumina_Interior_Lighting_Designbook(saveas).pdf,130710,337,"2,3,4,5,6,7,8,9"
original/saveas/text/Lumina_Interior_Lighting_Designbook(saveas).pdf,131028,17692,7
original/saveas/text/Lumina_Interior_Lighting_Designbook(saveas).pdf,142733,435,"3,4,5,6,7,8,9"
original/saveas/text/Lumina_Interior_Lighting_Designbook(saveas).pdf,143104,40152,"7,8"
original/saveas/text/Lumina_Interior_Lighting_Designbook(saveas).pdf,150900,2236,"4,5,6,7,8,9"
original/saveas/text/Lumina_Interior_Lighting_Designbook(saveas).pdf,151956,112516,7
original/saveas/text/Lumina_Interior_Lighting_Designbook(saveas).pdf,213390,1940,"4,5,6,7,8,9"
original/saveas/text/Lumina_Interior_Lighting_Designbook(saveas).pdf,214328,72964,7
original/saveas/text/Lumina_Interior_Lighting_Designbook(saveas).pdf,236897,81056,7
original/saveas/text/Lumina_Interior_Lighting_Designbook(saveas).pdf,262866,632,"3,4,5,6,7,8,9"
original/saveas/text/Lumina_Interior_Lighting_Designbook(saveas).pdf,263293,11528,"7,8,9"
original/saveas/text/Lumina_Interior_Lighting_Designbook(saveas).pdf,267457,1949,"4,5,6,7,8,9"
original/saveas/text/Lumina_Interior_Lighting_Designbook(saveas).pdf,268261,72952,7
original/saveas/text/Lumina_Interior_Lighting_Designbook(saveas).pdf,303187,1978,"4,5,6,7,8,9"
original/saveas/text/Lumina_Interior_Lighting_Designbook(saveas).pdf,303976,70288,7
original/saveas/text/Lumina_Interior_Lighting_Designbook(saveas).pdf,333290,4780,"5,6,7,8,9"
original/saveas/text/Lumina_Interior_Lighting_Designbook(saveas).pdf,336290,24496,7
original/saveas/text/Lumina_Interior_Lighting_Designbook(saveas).pdf,345566,337,"2,3,4,5,6,7,8,9"
original/saveas/text/Lumina_Interior_Lighting_Designbook(saveas).pdf,345882,40396,7
original/saveas/text/Lumina_Interior_Lighting_Designbook(saveas).pdf,358424,628,"3,4,5,6,7,8,9"
original/saveas/text/Lumina_Interior_Lighting_Designbook(saveas).pdf,358850,8296,"7,8,9"
original/saveas/text/Lumina_Interior_Lighting_Designbook(saveas).pdf,362751,583,"3,4,5,6,7,8,9"
original/saveas/text/Lumina_Interior_Lighting_Designbook(saveas).pdf,363160,10328,"7,8,9"
original/saveas/text/Lumina_Interior_Lighting_Designbook(saveas).pdf,368882,636,"3,4,5,6,7,8,9"
original/saveas/text/Lumina_Interior_Lighting_Designbook(saveas).pdf,369293,14956,"7,8,9"
original/saveas/text/Lumina_Interior_Lighting_Designbook(saveas).pdf,378889,604,"3,4,5,6,7,8,9"
original/saveas/text/Lumina_Interior_Lighting_Designbook(saveas).pdf,379298,32240,7
original/saveas/text/Lumina_Interior_Lighting_Designbook(saveas).pdf,393152,1782,"4,5,6,7,8,9"
original/saveas/text/Lumina_Interior_Lighting_Designbook(saveas).pdf,393870,59356,7
original/saveas/text/Lumina_Interior_Lighting_Designbook(saveas).pdf,410795,1643,"4,5,6,7,8,9"
original/saveas/text/Lumina_Interior_Lighting_Designbook(saveas).pdf,411508,17948,"7,9"
original/saveas/text/Lumina_Interior_Lighting_Designbook(saveas).pdf,424269,10871,"7,8,9"
original/saveas/text/NeoHome_Smart_Appliances_Catalog_v5(saveas).pdf,632,19250,"6,7,8,9"
original/saveas/text/NeoHome_Smart_Appliances_Catalog_v5(saveas).pdf,7384,19844,"6,7,8,9"
original/saveas/text/NeoHome_Smart_Appliances_Catalog_v5(saveas).pdf,13039,82748,"7,9"
original/saveas/text/NeoHome_Smart_Appliances_Catalog_v5(saveas).pdf,23330,18497,"6,7,8,9"
original/saveas/text/NeoHome_Smart_Appliances_Catalog_v5(saveas).pdf,28714,21007,"6,7,8,9"
original/saveas/text/NeoHome_Smart_Appliances_Catalog_v5(saveas).pdf,35245,78257,7
original/saveas/text/NeoHome_Smart_Appliances_Catalog_v5(saveas).pdf,45022,38925,"7,9"
original/saveas/text/NeoHome_Smart_Appliances_Catalog_v5(saveas).pdf,50623,42782,"7,9"
original/saveas/text/NeoHome_Smart_Appliances_Catalog_v5(saveas).pdf,57650,43373,"7,9"
original/saveas/text/NeoHome_Smart_Appliances_Catalog_v5(saveas).pdf,64238,10495,"7,9"
original/saveas/text/NeoHome_Smart_Appliances_Catalog_v5(saveas).pdf,67404,22192,"7,8,9"
original/saveas/text/NeoHome_Smart_Appliances_Catalog_v5(saveas).pdf,74513,13316,"7,9"
original/saveas/text/NeoHome_Smart_Appliances_Catalog_v5(saveas).pdf,80656,337,"2,3,4,5,6,7,8,9"
original/saveas/text/NeoHome_Smart_Appliances_Catalog_v5(saveas).pdf,80975,85376,7
original/saveas/text/NeoHome_Smart_Appliances_Catalog_v5(saveas).pdf,104234,337,"2,3,4,5,6,7,8,9"
original/saveas/text/NeoHome_Smart_Appliances_Catalog_v5(saveas).pdf,104552,11088,"7,8"
original/saveas/text/NeoHome_Smart_Appliances_Catalog_v5(saveas).pdf,110752,58484,7
original/saveas/text/NeoHome_Smart_Appliances_Catalog_v5(saveas).pdf,129078,81056,7
original/saveas/text/NeoHome_Smart_Appliances_Catalog_v5(saveas).pdf,155047,407,"3,4,5,6,7,8,9"
original/saveas/text/NeoHome_Smart_Appliances_Catalog_v5(saveas).pdf,155411,50536,7
original/saveas/text/NeoHome_Smart_Appliances_Catalog_v5(saveas).pdf,173905,3626,"5,6,7,8,9"
original/saveas/text/NeoHome_Smart_Appliances_Catalog_v5(saveas).pdf,175412,187224,7
original/saveas/text/NeoHome_Smart_Appliances_Catalog_v5(saveas).pdf,246438,560,"3,4,5,6,7,8,9"
original/saveas/text/NeoHome_Smart_Appliances_Catalog_v5(saveas).pdf,246844,18332,"7,9"
original/saveas/text/NeoHome_Smart_Appliances_Catalog_v5(saveas).pdf,253971,2195,"4,5,6,7,8,9"
original/saveas/text/NeoHome_Smart_Appliances_Catalog_v5(saveas).pdf,254786,45900,7
original/saveas/text/NeoHome_Smart_Appliances_Catalog_v5(saveas).pdf,277266,13960,"7,9"
original/saveas/text/NeoHome_Smart_Appliances_Catalog_v5(saveas).pdf,282785,337,"2,3,4,5,6,7,8,9"
original/saveas/text/NeoHome_Smart_Appliances_Catalog_v5(saveas).pdf,283103,38012,7
original/saveas/text/NeoHome_Smart_Appliances_Catalog_v5(saveas).pdf,294940,684,"3,4,5,6,7,8,9"
original/saveas/text/NeoHome_Smart_Appliances_Catalog_v5(saveas).pdf,295382,12000,7
original/saveas/text/NeoHome_Smart_Appliances_Catalog_v5(saveas).pdf,301560,1138,"3,4,5,6,7,8,9"
original/saveas/text/NeoHome_Smart_Appliances_Catalog_v5(saveas).pdf,302116,14100,"7,8,9"
original/saveas/text/NeoHome_Smart_Appliances_Catalog_v5(saveas).pdf,310474,672,"3,4,5,6,7,8,9"
original/saveas/text/NeoHome_Smart_Appliances_Catalog_v5(saveas).pdf,310915,29136,7
original/saveas/text/NeoHome_Smart_Appliances_Catalog_v5(saveas).pdf,321894,1806,"4,5,6,7,8,9"
original/saveas/text/NeoHome_Smart_Appliances_Catalog_v5(saveas).pdf,322644,69120,7
original/saveas/text/NeoHome_Smart_Appliances_Catalog_v5(saveas).pdf,345475,11697,"7,8,9"
original/saveas/text/New_Care_Models_Aging_Society(saveas).pdf,595,16048,"5,7,8"
original/saveas/text/New_Care_Models_Aging_Society(saveas).pdf,5616,8109,"5,6,7,8,9"
original/saveas/text/New_Care_Models_Aging_Society(saveas).pdf,9663,104995,"7,8"
original/saveas/text/New_Care_Models_Aging_Society(saveas).pdf,21399,11034,"6,7,8"
original/saveas/text/New_Care_Models_Aging_Society(saveas).pdf,25256,13969,"6,7,8,9"
original/saveas/text/New_Care_Models_Aging_Society(saveas).pdf,30447,93187,"7,8,9"
original/saveas/text/New_Care_Models_Aging_Society(saveas).pdf,40620,39181,"6,7,8,9"
original/saveas/text/New_Care_Models_Aging_Society(saveas).pdf,45086,44575,"7,9"
original/saveas/text/New_Care_Models_Aging_Society(saveas).pdf,51041,43918,"7,9"
original/saveas/text/New_Care_Models_Aging_Society(saveas).pdf,57849,89424,7
original/saveas/text/New_Care_Models_Aging_Society(saveas).pdf,75096,81056,7
original/saveas/text/New_Care_Models_Aging_Society(saveas).pdf,101366,21156,7
original/saveas/text/New_Care_Models_Aging_Society(saveas).pdf,112084,670,"3,4,5,6,7,8,9"
original/saveas/text/New_Care_Models_Aging_Society(saveas).pdf,112559,52340,7
original/saveas/text/New_Care_Models_Aging_Society(saveas).pdf,128131,4726,"5,6,7,8,9"
original/saveas/text/New_Care_Models_Aging_Society(saveas).pdf,129971,230544,7
original/saveas/text/New_Care_Models_Aging_Society(saveas).pdf,213909,865,"3,4,5,6,7,8,9"
original/saveas/text/New_Care_Models_Aging_Society(saveas).pdf,214393,54808,7
original/saveas/text/New_Care_Models_Aging_Society(saveas).pdf,233948,2114,"4,5,6,7,8,9"
original/saveas/text/New_Care_Models_Aging_Society(saveas).pdf,234752,43436,7
original/saveas/text/New_Care_Models_Aging_Society(saveas).pdf,254969,5080,"6,7,8,9"
original/saveas/text/New_Care_Models_Aging_Society(saveas).pdf,258211,16948,7
original/saveas/text/New_Care_Models_Aging_Society(saveas).pdf,266378,8212,"7,8,9"
original/saveas/text/New_Care_Models_Aging_Society(saveas).pdf,269928,847,"3,4,5,6,7,8,9"
original/saveas/text/New_Care_Models_Aging_Society(saveas).pdf,270408,10288,"7,8,9"
original/saveas/text/New_Care_Models_Aging_Society(saveas).pdf,276153,859,"3,4,5,6,7,8,9"
original/saveas/text/New_Care_Models_Aging_Society(saveas).pdf,276648,36572,7
original/saveas/text/New_Care_Models_Aging_Society(saveas).pdf,292922,2134,"4,5,6,7,8,9"
original/saveas/text/New_Care_Models_Aging_Society(saveas).pdf,293719,44192,7
original/saveas/text/New_Care_Models_Aging_Society(saveas).pdf,319044,10388,"7,9"
original/saveas/text/Next_Decade_Space_Exploration(saveas).pdf,626,13726,"6,7,8,9"
original/saveas/text/Next_Decade_Space_Exploration(saveas).pdf,7424,7897,"5,6,7,8,9"
original/saveas/text/Next_Decade_Space_Exploration(saveas).pdf,12512,85072,"7,9"
original/saveas/text/Next_Decade_Space_Exploration(saveas).pdf,24156,11983,"5,6,7,8,9"
original/saveas/text/Next_Decade_Space_Exploration(saveas).pdf,28381,14523,"7,8,9"
original/saveas/text/Next_Decade_Space_Exploration(saveas).pdf,35556,75045,7
original/saveas/text/Next_Decade_Space_Exploration(saveas).pdf,46162,39214,"6,7,8,9"
original/saveas/text/Next_Decade_Space_Exploration(saveas).pdf,50594,43651,"7,9"
original/saveas/text/Next_Decade_Space_Exploration(saveas).pdf,56344,22936,"7,8,9"
original/saveas/text/Next_Decade_Space_Exploration(saveas).pdf,60520,12764,"7,8,9"
original/saveas/text/Next_Decade_Space_Exploration(saveas).pdf,67877,81056,7
original/saveas/text/Next_Decade_Space_Exploration(saveas).pdf,93846,730,"3,4,5,6,7,8,9"
original/saveas/text/Next_Decade_Space_Exploration(saveas).pdf,94301,11892,"7,9"
original/saveas/text/Next_Decade_Space_Exploration(saveas).pdf,100117,541,"3,4,5,6,7,8,9"
original/saveas/text/Next_Decade_Space_Exploration(saveas).pdf,100512,20464,7
original/saveas/text/Next_Decade_Space_Exploration(saveas).pdf,111290,660,"3,4,5,6,7,8,9"
original/saveas/text/Next_Decade_Space_Exploration(saveas).pdf,111765,52480,"7,8,9"
original/saveas/text/Next_Decade_Space_Exploration(saveas).pdf,117578,3034,"5,6,7,8,9"
original/saveas/text/Next_Decade_Space_Exploration(saveas).pdf,118886,136648,7
original/saveas/text/Next_Decade_Space_Exploration(saveas).pdf,197089,2759,"4,5,6,7,8,9"
original/saveas/text/Next_Decade_Space_Exploration(saveas).pdf,198280,156692,7
original/saveas/text/Next_Decade_Space_Exploration(saveas).pdf,281245,972,"3,4,5,6,7,8,9"
original/saveas/text/Next_Decade_Space_Exploration(saveas).pdf,281773,32832,7
original/saveas/text/Next_Decade_Space_Exploration(saveas).pdf,297796,1641,"4,5,6,7,8,9"
original/saveas/text/Next_Decade_Space_Exploration(saveas).pdf,298526,22620,"7,8,9"
original/saveas/text/Next_Decade_Space_Exploration(saveas).pdf,308214,1752,"4,5,6,7,8,9"
original/saveas/text/Next_Decade_Space_Exploration(saveas).pdf,308947,52308,7
original/saveas/text/Next_Decade_Space_Exploration(saveas).pdf,334000,24072,7
original/saveas/text/Next_Decade_Space_Exploration(saveas).pdf,343644,36008,7
original/saveas/text/Next_Decade_Space_Exploration(saveas).pdf,353144,619,"3,4,5,6,7,8,9"
original/saveas/text/Next_Decade_Space_Exploration(saveas).pdf,353558,7664,"7,8,9"
original/saveas/text/Next_Decade_Space_Exploration(saveas).pdf,357443,990,"3,4,5,6,7,8,9"
original/saveas/text/Next_Decade_Space_Exploration(saveas).pdf,357957,10416,"7,8,9"
original/saveas/text/Next_Decade_Space_Exploration(saveas).pdf,363769,692,"3,4,5,6,7,8,9"
original/saveas/text/Next_Decade_Space_Exploration(saveas).pdf,364201,11120,"7,9"
original/saveas/text/Next_Decade_Space_Exploration(saveas).pdf,371333,825,"3,4,5,6,7,8,9"
original/saveas/text/Next_Decade_Space_Exploration(saveas).pdf,371832,37620,7
original/saveas/text/Next_Decade_Space_Exploration(saveas).pdf,388670,1885,"3,4,5,6,7,8,9"
original/saveas/text/Next_Decade_Space_Exploration(saveas).pdf,389390,48116,7
original/saveas/text/Next_Decade_Space_Exploration(saveas).pdf,406029,1821,"4,5,6,7,8,9"
original/saveas/text/Next_Decade_Space_Exploration(saveas).pdf,406780,17364,"7,9"
original/saveas/text/Next_Decade_Space_Exploration(saveas).pdf,418606,9268,7
original/saveas/text/OceanQuest_Modular_Water_Leisure_Equipment_Guide(saveas).pdf,595,19140,"5,6,7,8,9"
original/saveas/text/OceanQuest_Modular_Water_Leisure_Equipment_Guide(saveas).pdf,4817,13000,"5,6,7,8,9"
original/saveas/text/OceanQuest_Modular_Water_Leisure_Equipment_Guide(saveas).pdf,9227,113505,"7,9"
original/saveas/text/OceanQuest_Modular_Water_Leisure_Equipment_Guide(saveas).pdf,19965,16610,"5,6,7,8,9"
original/saveas/text/OceanQuest_Modular_Water_Leisure_Equipment_Guide(saveas).pdf,23937,17830,"5,6,7,8,9"
original/saveas/text/OceanQuest_Modular_Water_Leisure_Equipment_Guide(saveas).pdf,27288,88958,7
original/saveas/text/OceanQuest_Modular_Water_Leisure_Equipment_Guide(saveas).pdf,36818,38811,"7,9"
original/saveas/text/OceanQuest_Modular_Water_Leisure_Equipment_Guide(saveas).pdf,41807,44195,"7,9"
original/saveas/text/OceanQuest_Modular_Water_Leisure_Equipment_Guide(saveas).pdf,48274,39955,"6,7,8,9"
original/saveas/text/OceanQuest_Modular_Water_Leisure_Equipment_Guide(saveas).pdf,53002,23422,"7,9"
original/saveas/text/OceanQuest_Modular_Water_Leisure_Equipment_Guide(saveas).pdf,58132,20284,7
original/saveas/text/OceanQuest_Modular_Water_Leisure_Equipment_Guide(saveas).pdf,68514,14964,"7,8,9"
original/saveas/text/OceanQuest_Modular_Water_Leisure_Equipment_Guide(saveas).pdf,77562,81056,7
original/saveas/text/OceanQuest_Modular_Water_Leisure_Equipment_Guide(saveas).pdf,103531,1473,"4,5,6,7,8,9"
original/saveas/text/OceanQuest_Modular_Water_Leisure_Equipment_Guide(saveas).pdf,104316,106224,7
original/saveas/text/OceanQuest_Modular_Water_Leisure_Equipment_Guide(saveas).pdf,134447,940,"3,4,5,6,7,8,9"
original/saveas/text/OceanQuest_Modular_Water_Leisure_Equipment_Guide(saveas).pdf,135038,58792,7
original/saveas/text/OceanQuest_Modular_Water_Leisure_Equipment_Guide(saveas).pdf,145753,1433,"3,4,5,6,7,8,9"
original/saveas/text/OceanQuest_Modular_Water_Leisure_Equipment_Guide(saveas).pdf,146398,69420,7
original/saveas/text/OceanQuest_Modular_Water_Leisure_Equipment_Guide(saveas).pdf,173951,1242,"3,4,5,6,7,8,9"
original/saveas/text/OceanQuest_Modular_Water_Leisure_Equipment_Guide(saveas).pdf,174559,25576,"7,9"
original/saveas/text/OceanQuest_Modular_Water_Leisure_Equipment_Guide(saveas).pdf,184349,6132,"6,7,8,9"
original/saveas/text/OceanQuest_Modular_Water_Leisure_Equipment_Guide(saveas).pdf,188335,35136,"7,8,9"
original/saveas/text/OceanQuest_Modular_Water_Leisure_Equipment_Guide(saveas).pdf,197852,9644,"6,7,8,9"
original/saveas/text/OceanQuest_Modular_Water_Leisure_Equipment_Guide(saveas).pdf,202888,26580,7
original/saveas/text/OceanQuest_Modular_Water_Leisure_Equipment_Guide(saveas).pdf,212666,1679,"3,4,5,6,7,8,9"
original/saveas/text/OceanQuest_Modular_Water_Leisure_Equipment_Guide(saveas).pdf,213346,28388,7
original/saveas/text/OceanQuest_Modular_Water_Leisure_Equipment_Guide(saveas).pdf,226932,1305,"3,4,5,6,7,8,9"
original/saveas/text/OceanQuest_Modular_Water_Leisure_Equipment_Guide(saveas).pdf,227550,12220,"7,9"
original/saveas/text/OceanQuest_Modular_Water_Leisure_Equipment_Guide(saveas).pdf,236738,12012,7
original/saveas/text/PetPal_Smart_PetCare_Products(saveas).pdf,653,18508,"6,7,8,9"
original/saveas/text/PetPal_Smart_PetCare_Products(saveas).pdf,8485,15726,"5,6,7,8,9"
original/saveas/text/PetPal_Smart_PetCare_Products(saveas).pdf,14658,65635,"7,8,9"
original/saveas/text/PetPal_Smart_PetCare_Products(saveas).pdf,25122,16454,"5,6,7,8,9"
original/saveas/text/PetPal_Smart_PetCare_Products(saveas).pdf,30525,20964,"6,7,8,9"
original/saveas/text/PetPal_Smart_PetCare_Products(saveas).pdf,37396,65212,"7,8,9"
original/saveas/text/PetPal_Smart_PetCare_Products(saveas).pdf,47533,40570,7
original/saveas/text/PetPal_Smart_PetCare_Products(saveas).pdf,53801,40283,7
original/saveas/text/PetPal_Smart_PetCare_Products(saveas).pdf,60150,35329,7
original/saveas/text/PetPal_Smart_PetCare_Products(saveas).pdf,66529,86992,7
original/saveas/text/PetPal_Smart_PetCare_Products(saveas).pdf,82574,861,"3,4,5,6,7,8,9"
original/saveas/text/PetPal_Smart_PetCare_Products(saveas).pdf,83072,34684,7
original/saveas/text/PetPal_Smart_PetCare_Products(saveas).pdf,94377,337,"2,3,4,5,6,7,8,9"
original/saveas/text/PetPal_Smart_PetCare_Products(saveas).pdf,94695,11088,"7,8"
original/saveas/text/PetPal_Smart_PetCare_Products(saveas).pdf,100895,58484,7
original/saveas/text/PetPal_Smart_PetCare_Products(saveas).pdf,119484,11960,"7,9"
original/saveas/text/PetPal_Smart_PetCare_Products(saveas).pdf,124572,337,"2,3,4,5,6,7,8,9"
original/saveas/text/PetPal_Smart_PetCare_Products(saveas).pdf,124891,85376,7
original/saveas/text/PetPal_Smart_PetCare_Products(saveas).pdf,148195,81056,7
original/saveas/text/PetPal_Smart_PetCare_Products(saveas).pdf,174164,435,"3,4,5,6,7,8,9"
original/saveas/text/PetPal_Smart_PetCare_Products(saveas).pdf,174542,51480,7
original/saveas/text/PetPal_Smart_PetCare_Products(saveas).pdf,193800,2821,"5,6,7,8,9"
original/saveas/text/PetPal_Smart_PetCare_Products(saveas).pdf,195015,151248,7
original/saveas/text/PetPal_Smart_PetCare_Products(saveas).pdf,247174,842,"3,4,5,6,7,8,9"
original/saveas/text/PetPal_Smart_PetCare_Products(saveas).pdf,247723,71656,7
original/saveas/text/PetPal_Smart_PetCare_Products(saveas).pdf,276607,540,"3,4,5,6,7,8,9"
original/saveas/text/PetPal_Smart_PetCare_Products(saveas).pdf,277006,15976,"7,8,9"
original/saveas/text/PetPal_Smart_PetCare_Products(saveas).pdf,283682,1769,"4,5,6,7,8,9"
original/saveas/text/PetPal_Smart_PetCare_Products(saveas).pdf,284410,21464,"7,9"
original/saveas/text/PetPal_Smart_PetCare_Products(saveas).pdf,294707,1578,"4,5,6,7,8,9"
original/saveas/text/PetPal_Smart_PetCare_Products(saveas).pdf,295411,22592,"7,9"
original/saveas/text/PetPal_Smart_PetCare_Products(saveas).pdf,305305,13748,"7,9"
original/saveas/text/PetPal_Smart_PetCare_Products(saveas).pdf,311260,24728,7
original/saveas/text/PetPal_Smart_PetCare_Products(saveas).pdf,320803,471,"2,3,4,5,6,7,8,9"
original/saveas/text/PetPal_Smart_PetCare_Products(saveas).pdf,321170,35400,"7,8,9"
original/saveas/text/PetPal_Smart_PetCare_Products(saveas).pdf,331359,11120,"7,8,9"
original/saveas/text/PetPal_Smart_PetCare_Products(saveas).pdf,336651,905,"3,4,5,6,7,8,9"
original/saveas/text/PetPal_Smart_PetCare_Products(saveas).pdf,337148,10112,"6,7,8,9"
original/saveas/text/PetPal_Smart_PetCare_Products(saveas).pdf,342714,740,"3,4,5,6,7,8,9"
original/saveas/text/PetPal_Smart_PetCare_Products(saveas).pdf,343188,27444,7
original/saveas/text/PetPal_Smart_PetCare_Products(saveas).pdf,354823,754,"3,4,5,6,7,8,9"
original/saveas/text/PetPal_Smart_PetCare_Products(saveas).pdf,355278,29592,7
original/saveas/text/PetPal_Smart_PetCare_Products(saveas).pdf,366803,1989,"4,5,6,7,8,9"
original/saveas/text/PetPal_Smart_PetCare_Products(saveas).pdf,367553,50684,7
original/saveas/text/PetPal_Smart_PetCare_Products(saveas).pdf,383893,1796,"4,5,6,7,8,9"
original/saveas/text/PetPal_Smart_PetCare_Products(saveas).pdf,384614,16576,"7,9"
original/saveas/text/PetPal_Smart_PetCare_Products(saveas).pdf,396594,10619,"7,9"
original/saveas/text/Quantum_Computing_Race(saveas).pdf,616,13522,"6,7,8"
original/saveas/text/Quantum_Computing_Race(saveas).pdf,6515,8147,"5,6,7,8,9"
original/saveas/text/Quantum_Computing_Race(saveas).pdf,11745,101471,"7,9"
original/saveas/text/Quantum_Computing_Race(saveas).pdf,24801,12418,"7,8,9"
original/saveas/text/Quantum_Computing_Race(saveas).pdf,29603,16121,"6,7,8,9"
original/saveas/text/Quantum_Computing_Race(saveas).pdf,37567,92305,"7,8,9"
original/saveas/text/Quantum_Computing_Race(saveas).pdf,49287,39162,"6,7,8,9"
original/saveas/text/Quantum_Computing_Race(saveas).pdf,53711,44385,7
original/saveas/text/Quantum_Computing_Race(saveas).pdf,59647,39463,7
original/saveas/text/Quantum_Computing_Race(saveas).pdf,65877,11488,"7,8,9"
original/saveas/text/Quantum_Computing_Race(saveas).pdf,72605,81056,7
original/saveas/text/Quantum_Computing_Race(saveas).pdf,98574,337,"2,3,4,5,6,7,8,9"
original/saveas/text/Quantum_Computing_Race(saveas).pdf,98894,36764,7
original/saveas/text/Quantum_Computing_Race(saveas).pdf,111428,20736,7
original/saveas/text/Quantum_Computing_Race(saveas).pdf,121882,754,"3,4,5,6,7,8,9"
original/saveas/text/Quantum_Computing_Race(saveas).pdf,122400,55320,7
original/saveas/text/Quantum_Computing_Race(saveas).pdf,140148,2834,"5,6,7,8,9"
original/saveas/text/Quantum_Computing_Race(saveas).pdf,141400,105860,7
original/saveas/text/Quantum_Computing_Race(saveas).pdf,181430,2653,"5,6,7,8,9"
original/saveas/text/Quantum_Computing_Race(saveas).pdf,182614,81252,7
original/saveas/text/Quantum_Computing_Race(saveas).pdf,211230,936,"3,4,5,6,7,8,9"
original/saveas/text/Quantum_Computing_Race(saveas).pdf,211743,20224,"7,8,9"
original/saveas/text/Quantum_Computing_Race(saveas).pdf,220340,1700,"4,5,6,7,8,9"
original/saveas/text/Quantum_Computing_Race(saveas).pdf,221064,71280,7
original/saveas/text/Quantum_Computing_Race(saveas).pdf,248641,2547,"4,5,6,7,8,9"
original/saveas/text/Quantum_Computing_Race(saveas).pdf,249539,82428,7
original/saveas/text/Quantum_Computing_Race(saveas).pdf,275472,22656,7
original/saveas/text/Quantum_Computing_Race(saveas).pdf,284307,5824,"7,8,9"
original/saveas/text/Quantum_Computing_Race(saveas).pdf,288052,35932,"7,8,9"
original/saveas/text/Quantum_Computing_Race(saveas).pdf,297560,736,"3,4,5,6,7,8,9"
original/saveas/text/Quantum_Computing_Race(saveas).pdf,298025,24888,7
original/saveas/text/Quantum_Computing_Race(saveas).pdf,307229,1104,"3,4,5,6,7,8,9"
original/saveas/text/Quantum_Computing_Race(saveas).pdf,307758,10232,"7,8,9"
original/saveas/text/Quantum_Computing_Race(saveas).pdf,313441,647,"3,4,5,6,7,8,9"
original/saveas/text/Quantum_Computing_Race(saveas).pdf,313863,10164,"6,7,8,9"
original/saveas/text/Quantum_Computing_Race(saveas).pdf,319533,85136,7
original/saveas/text/Quantum_Computing_Race(saveas).pdf,342608,906,"3,4,5,6,7,8,9"
original/saveas/text/Quantum_Computing_Race(saveas).pdf,343104,29180,"7,8,9"
original/saveas/text/Quantum_Computing_Race(saveas).pdf,352791,2000,"4,5,6,7,8,9"
original/saveas/text/Quantum_Computing_Race(saveas).pdf,353559,29396,7
original/saveas/text/Quantum_Computing_Race(saveas).pdf,366688,1796,"4,5,6,7,8,9"
original/saveas/text/Quantum_Computing_Race(saveas).pdf,367428,15484,"7,9"
original/saveas/text/Quantum_Computing_Race(saveas).pdf,378070,10521,7
original/saveas/text/Robots_Automation_Future_Work(saveas).pdf,616,11707,"5,6,7,8,9"
original/saveas/text/Robots_Automation_Future_Work(saveas).pdf,6222,7137,"5,6,7,8,9"
original/saveas/text/Robots_Automation_Future_Work(saveas).pdf,11675,86621,"7,9"
original/saveas/text/Robots_Automation_Future_Work(saveas).pdf,23287,11616,"5,6,7,8,9"
original/saveas/text/Robots_Automation_Future_Work(saveas).pdf,27796,13669,"6,7,8,9"
original/saveas/text/Robots_Automation_Future_Work(saveas).pdf,34199,82658,7
original/saveas/text/Robots_Automation_Future_Work(saveas).pdf,45058,39175,"6,7,8,9"
original/saveas/text/Robots_Automation_Future_Work(saveas).pdf,49485,43773,"7,9"
original/saveas/text/Robots_Automation_Future_Work(saveas).pdf,55300,27976,"7,8,9"
original/saveas/text/Robots_Automation_Future_Work(saveas).pdf,60110,19936,7
original/saveas/text/Robots_Automation_Future_Work(saveas).pdf,69982,81056,7
original/saveas/text/Robots_Automation_Future_Work(saveas).pdf,95951,337,"2,3,4,5,6,7,8,9"
original/saveas/text/Robots_Automation_Future_Work(saveas).pdf,96271,35172,7
original/saveas/text/Robots_Automation_Future_Work(saveas).pdf,107812,90380,7
original/saveas/text/Robots_Automation_Future_Work(saveas).pdf,125448,590,"3,4,5,6,7,8,9"
original/saveas/text/Robots_Automation_Future_Work(saveas).pdf,125887,70848,7
original/saveas/text/Robots_Automation_Future_Work(saveas).pdf,137341,2794,"5,6,7,8,9"
original/saveas/text/Robots_Automation_Future_Work(saveas).pdf,138605,131336,7
original/saveas/text/Robots_Automation_Future_Work(saveas).pdf,213230,2055,"4,5,6,7,8,9"
original/saveas/text/Robots_Automation_Future_Work(saveas).pdf,214211,89320,7
original/saveas/text/Robots_Automation_Future_Work(saveas).pdf,243263,85136,7
original/saveas/text/Robots_Automation_Future_Work(saveas).pdf,266338,921,"3,4,5,6,7,8,9"
original/saveas/text/Robots_Automation_Future_Work(saveas).pdf,266825,19696,"7,8,9"
original/saveas/text/Robots_Automation_Future_Work(saveas).pdf,275366,1786,"4,5,6,7,8,9"
original/saveas/text/Robots_Automation_Future_Work(saveas).pdf,276112,56416,7
original/saveas/text/Robots_Automation_Future_Work(saveas).pdf,302347,1979,"4,5,6,7,8,9"
original/saveas/text/Robots_Automation_Future_Work(saveas).pdf,303138,23036,"7,9"
original/saveas/text/Robots_Automation_Future_Work(saveas).pdf,312887,15388,"7,9"
original/saveas/text/Robots_Automation_Future_Work(saveas).pdf,319946,34996,"7,8,9"
original/saveas/text/Robots_Automation_Future_Work(saveas).pdf,329379,24196,7
original/saveas/text/Robots_Automation_Future_Work(saveas).pdf,339062,12436,7
original/saveas/text/Robots_Automation_Future_Work(saveas).pdf,344944,889,"3,4,5,6,7,8,9"
original/saveas/text/Robots_Automation_Future_Work(saveas).pdf,345440,9884,"6,7,8,9"
original/saveas/text/Robots_Automation_Future_Work(saveas).pdf,350815,656,"3,4,5,6,7,8,9"
original/saveas/text/Robots_Automation_Future_Work(saveas).pdf,351244,10908,"7,8,9"
original/saveas/text/Robots_Automation_Future_Work(saveas).pdf,358156,1145,"3,4,5,6,7,8,9"
original/saveas/text/Robots_Automation_Future_Work(saveas).pdf,358728,32636,7
original/saveas/text/Robots_Automation_Future_Work(saveas).pdf,369632,1840,"3,4,5,6,7,8,9"
original/saveas/text/Robots_Automation_Future_Work(saveas).pdf,370356,27840,7
original/saveas/text/Robots_Automation_Future_Work(saveas).pdf,382808,1578,"4,5,6,7,8,9"
original/saveas/text/Robots_Automation_Future_Work(saveas).pdf,383527,16644,"7,9"
original/saveas/text/Robots_Automation_Future_Work(saveas).pdf,394357,9597,"7,8,9"
original/saveas/text/Security_Breach_Investigation_Report(saveas).pdf,627,25796,"6,7,8"
original/saveas/text/Security_Breach_Investigation_Report(saveas).pdf,8123,25628,"6,7,8,9"
original/saveas/text/Security_Breach_Investigation_Report(saveas).pdf,15888,62800,"7,8"
original/saveas/text/Security_Breach_Investigation_Report(saveas).pdf,26309,23045,"7,8,9"
original/saveas/text/Security_Breach_Investigation_Report(saveas).pdf,33029,24873,"6,7,8,9"
original/saveas/text/Security_Breach_Investigation_Report(saveas).pdf,41541,63982,"7,9"
original/saveas/text/Security_Breach_Investigation_Report(saveas).pdf,51831,39495,"7,9"
original/saveas/text/Security_Breach_Investigation_Report(saveas).pdf,57395,42354,7
original/saveas/text/Security_Breach_Investigation_Report(saveas).pdf,63867,50961,7
original/saveas/text/Security_Breach_Investigation_Report(saveas).pdf,72246,337,"2,3,4,5,6,7,8,9"
original/saveas/text/Security_Breach_Investigation_Report(saveas).pdf,72563,10224,"6,7,9"
original/saveas/text/Security_Breach_Investigation_Report(saveas).pdf,77011,81056,7
original/saveas/text/Security_Breach_Investigation_Report(saveas).pdf,103321,17576,7
original/saveas/text/Security_Breach_Investigation_Report(saveas).pdf,114401,337,"2,3,4,5,6,7,8,9"
original/saveas/text/Security_Breach_Investigation_Report(saveas).pdf,114720,116376,7
original/saveas/text/Security_Breach_Investigation_Report(saveas).pdf,134814,506,"3,4,5,6,7,8,9"
original/saveas/text/Security_Breach_Investigation_Report(saveas).pdf,135224,55832,7
original/saveas/text/Security_Breach_Investigation_Report(saveas).pdf,157384,2506,"4,5,6,7,8,9"
original/saveas/text/Security_Breach_Investigation_Report(saveas).pdf,158535,83104,7
original/saveas/text/Security_Breach_Investigation_Report(saveas).pdf,188767,1336,"4,5,6,7,8,9"
original/saveas/text/Security_Breach_Investigation_Report(saveas).pdf,189518,103436,7
original/saveas/text/Security_Breach_Investigation_Report(saveas).pdf,218819,337,"2,3,4,5,6,7,8,9"
original/saveas/text/Security_Breach_Investigation_Report(saveas).pdf,219136,43752,7
original/saveas/text/Security_Breach_Investigation_Report(saveas).pdf,237859,865,"3,4,5,6,7,8,9"
original/saveas/text/Security_Breach_Investigation_Report(saveas).pdf,238344,14320,"7,8,9"
original/saveas/text/Security_Breach_Investigation_Report(saveas).pdf,244400,1621,"3,4,5,6,7,8,9"
original/saveas/text/Security_Breach_Investigation_Report(saveas).pdf,245085,77052,7
original/saveas/text/Security_Breach_Investigation_Report(saveas).pdf,277153,1270,"3,4,5,6,7,8,9"
original/saveas/text/Security_Breach_Investigation_Report(saveas).pdf,277772,45308,7
original/saveas/text/Security_Breach_Investigation_Report(saveas).pdf,299884,337,"2,3,4,5,6,7,8,9"
original/saveas/text/Security_Breach_Investigation_Report(saveas).pdf,300201,21948,7
original/saveas/text/Security_Breach_Investigation_Report(saveas).pdf,309564,20612,7
original/saveas/text/Security_Breach_Investigation_Report(saveas).pdf,319966,337,"2,3,4,5,6,7,8,9"
original/saveas/text/Security_Breach_Investigation_Report(saveas).pdf,320282,38596,7
original/saveas/text/Security_Breach_Investigation_Report(saveas).pdf,331677,684,"3,4,5,6,7,8,9"
original/saveas/text/Security_Breach_Investigation_Report(saveas).pdf,332113,12584,7
original/saveas/text/Security_Breach_Investigation_Report(saveas).pdf,338683,1074,"3,4,5,6,7,8,9"
original/saveas/text/Security_Breach_Investigation_Report(saveas).pdf,339261,36044,7
original/saveas/text/Security_Breach_Investigation_Report(saveas).pdf,357127,527,"3,4,5,6,7,8,9"
original/saveas/text/Security_Breach_Investigation_Report(saveas).pdf,357516,11292,"7,8,9"
original/saveas/text/Security_Breach_Investigation_Report(saveas).pdf,364221,85136,7
original/saveas/text/Security_Breach_Investigation_Report(saveas).pdf,387296,562,"3,4,5,6,7,8,9"
original/saveas/text/Security_Breach_Investigation_Report(saveas).pdf,387699,32412,7
original/saveas/text/Security_Breach_Investigation_Report(saveas).pdf,401991,1752,"4,5,6,7,8,9"
original/saveas/text/Security_Breach_Investigation_Report(saveas).pdf,402722,58588,7
original/saveas/text/Security_Breach_Investigation_Report(saveas).pdf,423730,1969,"3,4,5,6,7,8,9"
original/saveas/text/Security_Breach_Investigation_Report(saveas).pdf,424452,32056,7
original/saveas/text/Security_Breach_Investigation_Report(saveas).pdf,442896,11921,"7,9"
original/saveas/text/SkyGarden_Indoor_Vertical_Garden_Solutions(saveas).pdf,653,16302,"5,6,7,8,9"
original/saveas/text/SkyGarden_Indoor_Vertical_Garden_Solutions(saveas).pdf,7970,15865,"6,7,8,9"
original/saveas/text/SkyGarden_Indoor_Vertical_Garden_Solutions(saveas).pdf,14283,58774,"7,8,9"
original/saveas/text/SkyGarden_Indoor_Vertical_Garden_Solutions(saveas).pdf,24034,15224,"5,6,7,8,9"
original/saveas/text/SkyGarden_Indoor_Vertical_Garden_Solutions(saveas).pdf,28650,15926,"6,7,8,9"
original/saveas/text/SkyGarden_Indoor_Vertical_Garden_Solutions(saveas).pdf,34885,55523,"7,8,9"
original/saveas/text/SkyGarden_Indoor_Vertical_Garden_Solutions(saveas).pdf,44187,40505,"7,9"
original/saveas/text/SkyGarden_Indoor_Vertical_Garden_Solutions(saveas).pdf,50528,40797,"7,9"
original/saveas/text/SkyGarden_Indoor_Vertical_Garden_Solutions(saveas).pdf,56976,19508,7
original/saveas/text/SkyGarden_Indoor_Vertical_Garden_Solutions(saveas).pdf,61473,21244,"7,9"
original/saveas/text/SkyGarden_Indoor_Vertical_Garden_Solutions(saveas).pdf,68098,114360,7
original/saveas/text/SkyGarden_Indoor_Vertical_Garden_Solutions(saveas).pdf,86704,92836,7
original/saveas/text/SkyGarden_Indoor_Vertical_Garden_Solutions(saveas).pdf,113879,337,"2,3,4,5,6,7,8,9"
original/saveas/text/SkyGarden_Indoor_Vertical_Garden_Solutions(saveas).pdf,114198,85412,7
original/saveas/text/SkyGarden_Indoor_Vertical_Garden_Solutions(saveas).pdf,137506,337,"2,3,4,5,6,7,8,9"
original/saveas/text/SkyGarden_Indoor_Vertical_Garden_Solutions(saveas).pdf,137824,11088,"7,8"
original/saveas/text/SkyGarden_Indoor_Vertical_Garden_Solutions(saveas).pdf,144024,58484,7
original/saveas/text/SkyGarden_Indoor_Vertical_Garden_Solutions(saveas).pdf,162822,14916,"7,8"
original/saveas/text/SkyGarden_Indoor_Vertical_Garden_Solutions(saveas).pdf,171822,464,"3,4,5,6,7,8,9"
original/saveas/text/SkyGarden_Indoor_Vertical_Garden_Solutions(saveas).pdf,172217,53136,7
original/saveas/text/SkyGarden_Indoor_Vertical_Garden_Solutions(saveas).pdf,192654,2448,"4,5,6,7,8,9"
original/saveas/text/SkyGarden_Indoor_Vertical_Garden_Solutions(saveas).pdf,193799,102120,7
original/saveas/text/SkyGarden_Indoor_Vertical_Garden_Solutions(saveas).pdf,230508,898,"3,4,5,6,7,8,9"
original/saveas/text/SkyGarden_Indoor_Vertical_Garden_Solutions(saveas).pdf,231080,72096,7
original/saveas/text/SkyGarden_Indoor_Vertical_Garden_Solutions(saveas).pdf,260172,646,"3,4,5,6,7,8,9"
original/saveas/text/SkyGarden_Indoor_Vertical_Garden_Solutions(saveas).pdf,260600,23416,7
original/saveas/text/SkyGarden_Indoor_Vertical_Garden_Solutions(saveas).pdf,270143,1815,"4,5,6,7,8,9"
original/saveas/text/SkyGarden_Indoor_Vertical_Garden_Solutions(saveas).pdf,270893,96632,7
original/saveas/text/SkyGarden_Indoor_Vertical_Garden_Solutions(saveas).pdf,310189,1324,"3,4,5,6,7,8,9"
original/saveas/text/SkyGarden_Indoor_Vertical_Garden_Solutions(saveas).pdf,310804,63912,7
original/saveas/text/SkyGarden_Indoor_Vertical_Garden_Solutions(saveas).pdf,335852,13920,"7,9"
original/saveas/text/SkyGarden_Indoor_Vertical_Garden_Solutions(saveas).pdf,341947,36176,"7,8,9"
original/saveas/text/SkyGarden_Indoor_Vertical_Garden_Solutions(saveas).pdf,352080,6364,7
original/saveas/text/SkyGarden_Indoor_Vertical_Garden_Solutions(saveas).pdf,355655,727,"3,4,5,6,7,8,9"
original/saveas/text/SkyGarden_Indoor_Vertical_Garden_Solutions(saveas).pdf,356108,8700,"6,7,8,9"
original/saveas/text/SkyGarden_Indoor_Vertical_Garden_Solutions(saveas).pdf,360197,904,"3,4,5,6,7,8,9"
original/saveas/text/SkyGarden_Indoor_Vertical_Garden_Solutions(saveas).pdf,360717,27724,7
original/saveas/text/SkyGarden_Indoor_Vertical_Garden_Solutions(saveas).pdf,372944,10508,"7,9"
original/saveas/text/SkyGarden_Indoor_Vertical_Garden_Solutions(saveas).pdf,378008,693,"3,4,5,6,7,8,9"
original/saveas/text/SkyGarden_Indoor_Vertical_Garden_Solutions(saveas).pdf,378442,7204,"7,9"
original/saveas/text/SkyGarden_Indoor_Vertical_Garden_Solutions(saveas).pdf,382179,1857,"4,5,6,7,8,9"
original/saveas/text/SkyGarden_Indoor_Vertical_Garden_Solutions(saveas).pdf,382942,51080,7
original/saveas/text/SkyGarden_Indoor_Vertical_Garden_Solutions(saveas).pdf,407578,1470,"3,4,5,6,7,8,9"
original/saveas/text/SkyGarden_Indoor_Vertical_Garden_Solutions(saveas).pdf,408190,27164,7
original/saveas/text/SkyGarden_Indoor_Vertical_Garden_Solutions(saveas).pdf,424328,9450,"7,8"
original/saveas/text/Sustainable_Fashion_Innovation(saveas).pdf,616,16249,"6,7,8"
original/saveas/text/Sustainable_Fashion_Innovation(saveas).pdf,6954,9474,"5,6,7,8,9"
original/saveas/text/Sustainable_Fashion_Innovation(saveas).pdf,12716,107794,"7,9"
original/saveas/text/Sustainable_Fashion_Innovation(saveas).pdf,25343,12650,"6,7,8,9"
original/saveas/text/Sustainable_Fashion_Innovation(saveas).pdf,30893,15854,"6,7,8,9"
original/saveas/text/Sustainable_Fashion_Innovation(saveas).pdf,37772,92981,7
original/saveas/text/Sustainable_Fashion_Innovation(saveas).pdf,49640,39353,"6,7,8,9"
original/saveas/text/Sustainable_Fashion_Innovation(saveas).pdf,54141,44850,"7,9"
original/saveas/text/Sustainable_Fashion_Innovation(saveas).pdf,60139,46058,"7,9"
original/saveas/text/Sustainable_Fashion_Innovation(saveas).pdf,67187,112584,7
original/saveas/text/Sustainable_Fashion_Innovation(saveas).pdf,84501,567,"3,4,5,6,7,8,9"
original/saveas/text/Sustainable_Fashion_Innovation(saveas).pdf,84903,14412,"7,8,9"
original/saveas/text/Sustainable_Fashion_Innovation(saveas).pdf,94005,81056,7
original/saveas/text/Sustainable_Fashion_Innovation(saveas).pdf,120267,20828,7
original/saveas/text/Sustainable_Fashion_Innovation(saveas).pdf,130703,632,"3,4,5,6,7,8,9"
original/saveas/text/Sustainable_Fashion_Innovation(saveas).pdf,131162,52228,7
original/saveas/text/Sustainable_Fashion_Innovation(saveas).pdf,146708,2799,"5,6,7,8,9"
original/saveas/text/Sustainable_Fashion_Innovation(saveas).pdf,147936,83828,7
original/saveas/text/Sustainable_Fashion_Innovation(saveas).pdf,178585,3150,"5,6,7,8,9"
original/saveas/text/Sustainable_Fashion_Innovation(saveas).pdf,179914,109112,7
original/saveas/text/Sustainable_Fashion_Innovation(saveas).pdf,221625,918,"3,4,5,6,7,8,9"
original/saveas/text/Sustainable_Fashion_Innovation(saveas).pdf,222136,22184,"7,8"
original/saveas/text/Sustainable_Fashion_Innovation(saveas).pdf,231738,2313,"4,5,6,7,8,9"
original/saveas/text/Sustainable_Fashion_Innovation(saveas).pdf,232627,25532,7
original/saveas/text/Sustainable_Fashion_Innovation(saveas).pdf,245507,5240,"6,7,8,9"
original/saveas/text/Sustainable_Fashion_Innovation(saveas).pdf,248320,733,"3,4,5,6,7,8,9"
original/saveas/text/Sustainable_Fashion_Innovation(saveas).pdf,248779,25436,7
original/saveas/text/Sustainable_Fashion_Innovation(saveas).pdf,260209,23472,7
original/saveas/text/Sustainable_Fashion_Innovation(saveas).pdf,269542,8988,"7,8,9"
original/saveas/text/Sustainable_Fashion_Innovation(saveas).pdf,273520,918,"3,4,5,6,7,8,9"
original/saveas/text/Sustainable_Fashion_Innovation(saveas).pdf,274049,28044,7
original/saveas/text/Sustainable_Fashion_Innovation(saveas).pdf,285936,612,"3,4,5,6,7,8,9"
original/saveas/text/Sustainable_Fashion_Innovation(saveas).pdf,286342,9648,"6,7,9"
original/saveas/text/Sustainable_Fashion_Innovation(saveas).pdf,291520,1044,"3,4,5,6,7,8,9"
original/saveas/text/Sustainable_Fashion_Innovation(saveas).pdf,292062,20560,7
original/saveas/text/Sustainable_Fashion_Innovation(saveas).pdf,300666,2089,"4,5,6,7,8,9"
original/saveas/text/Sustainable_Fashion_Innovation(saveas).pdf,301439,42988,7
original/saveas/text/Sustainable_Fashion_Innovation(saveas).pdf,322937,1806,"4,5,6,7,8,9"
original/saveas/text/Sustainable_Fashion_Innovation(saveas).pdf,323679,51356,7
original/saveas/text/Sustainable_Fashion_Innovation(saveas).pdf,342972,10927,"7,9"
original/saveas/text/UrbanRide_Electric_Bike_Scooter_Series(saveas).pdf,663,19482,"7,8,9"
original/saveas/text/UrbanRide_Electric_Bike_Scooter_Series(saveas).pdf,9351,20191,"5,6,7,8,9"
original/saveas/text/UrbanRide_Electric_Bike_Scooter_Series(saveas).pdf,16528,65652,"7,8,9"
original/saveas/text/UrbanRide_Electric_Bike_Scooter_Series(saveas).pdf,27104,18511,"6,7,8,9"
original/saveas/text/UrbanRide_Electric_Bike_Scooter_Series(saveas).pdf,32161,18390,"6,7,8"
original/saveas/text/UrbanRide_Electric_Bike_Scooter_Series(saveas).pdf,38295,66533,"7,8,9"
original/saveas/text/UrbanRide_Electric_Bike_Scooter_Series(saveas).pdf,48447,40572,7
original/saveas/text/UrbanRide_Electric_Bike_Scooter_Series(saveas).pdf,54781,40379,7
original/saveas/text/UrbanRide_Electric_Bike_Scooter_Series(saveas).pdf,61174,37467,7
original/saveas/text/UrbanRide_Electric_Bike_Scooter_Series(saveas).pdf,67880,9872,"6,7,9"
original/saveas/text/UrbanRide_Electric_Bike_Scooter_Series(saveas).pdf,71750,20496,7
original/saveas/text/UrbanRide_Electric_Bike_Scooter_Series(saveas).pdf,82013,351,"2,3,4,5,6,7,8,9"
original/saveas/text/UrbanRide_Electric_Bike_Scooter_Series(saveas).pdf,82341,92648,7
original/saveas/text/UrbanRide_Electric_Bike_Scooter_Series(saveas).pdf,105715,337,"2,3,4,5,6,7,8,9"
original/saveas/text/UrbanRide_Electric_Bike_Scooter_Series(saveas).pdf,106033,11088,"7,8"
original/saveas/text/UrbanRide_Electric_Bike_Scooter_Series(saveas).pdf,112233,58484,7
original/saveas/text/UrbanRide_Electric_Bike_Scooter_Series(saveas).pdf,130514,337,"2,3,4,5,6,7,8,9"
original/saveas/text/UrbanRide_Electric_Bike_Scooter_Series(saveas).pdf,130833,115804,7
original/saveas/text/UrbanRide_Electric_Bike_Scooter_Series(saveas).pdf,150416,337,"2,3,4,5,6,7,8,9"
original/saveas/text/UrbanRide_Electric_Bike_Scooter_Series(saveas).pdf,150735,61432,7
original/saveas/text/UrbanRide_Electric_Bike_Scooter_Series(saveas).pdf,169716,464,"3,4,5,6,7,8,9"
original/saveas/text/UrbanRide_Electric_Bike_Scooter_Series(saveas).pdf,170109,66804,7
original/saveas/text/UrbanRide_Electric_Bike_Scooter_Series(saveas).pdf,180214,1937,"4,5,6,7,8,9"
original/saveas/text/UrbanRide_Electric_Bike_Scooter_Series(saveas).pdf,181169,90216,7
original/saveas/text/UrbanRide_Electric_Bike_Scooter_Series(saveas).pdf,210898,1544,"4,5,6,7,8,9"
original/saveas/text/UrbanRide_Electric_Bike_Scooter_Series(saveas).pdf,211713,69640,7
original/saveas/text/UrbanRide_Electric_Bike_Scooter_Series(saveas).pdf,231634,686,"3,4,5,6,7,8,9"
original/saveas/text/UrbanRide_Electric_Bike_Scooter_Series(saveas).pdf,232080,26320,"7,8"
original/saveas/text/UrbanRide_Electric_Bike_Scooter_Series(saveas).pdf,242513,1928,"4,5,6,7,8,9"
original/saveas/text/UrbanRide_Electric_Bike_Scooter_Series(saveas).pdf,243266,27908,7
original/saveas/text/UrbanRide_Electric_Bike_Scooter_Series(saveas).pdf,258279,1220,"3,4,5,6,7,8,9"
original/saveas/text/UrbanRide_Electric_Bike_Scooter_Series(saveas).pdf,258892,17228,"7,9"
original/saveas/text/UrbanRide_Electric_Bike_Scooter_Series(saveas).pdf,266347,81056,7
original/saveas/text/UrbanRide_Electric_Bike_Scooter_Series(saveas).pdf,292802,31016,"7,9"
original/saveas/text/UrbanRide_Electric_Bike_Scooter_Series(saveas).pdf,299957,6208,"7,8,9"
original/saveas/text/UrbanRide_Electric_Bike_Scooter_Series(saveas).pdf,303922,19248,7
original/saveas/text/UrbanRide_Electric_Bike_Scooter_Series(saveas).pdf,313348,902,"3,4,5,6,7,8,9"
original/saveas/text/UrbanRide_Electric_Bike_Scooter_Series(saveas).pdf,313859,16952,7
original/saveas/text/UrbanRide_Electric_Bike_Scooter_Series(saveas).pdf,323308,896,"3,4,5,6,7,8,9"
original/saveas/text/UrbanRide_Electric_Bike_Scooter_Series(saveas).pdf,323834,31140,7
original/saveas/text/UrbanRide_Electric_Bike_Scooter_Series(saveas).pdf,338029,775,"3,4,5,6,7,8,9"
original/saveas/text/UrbanRide_Electric_Bike_Scooter_Series(saveas).pdf,338489,17840,"7,9"
original/saveas/text/UrbanRide_Electric_Bike_Scooter_Series(saveas).pdf,346015,1965,"4,5,6,7,8,9"
original/saveas/text/UrbanRide_Electric_Bike_Scooter_Series(saveas).pdf,346739,42868,7
original/saveas/text/UrbanRide_Electric_Bike_Scooter_Series(saveas).pdf,368576,1677,"3,4,5,6,7,8,9"
original/saveas/text/UrbanRide_Electric_Bike_Scooter_Series(saveas).pdf,369281,55412,7
original/saveas/text/UrbanRide_Electric_Bike_Scooter_Series(saveas).pdf,391698,10801,"7,9"
original/saveas/text/Urban_Fine_Particulate_Matter(saveas).pdf,616,15992,"6,7,8,9"
original/saveas/text/Urban_Fine_Particulate_Matter(saveas).pdf,6900,8141,"5,6,7,8,9"
original/saveas/text/Urban_Fine_Particulate_Matter(saveas).pdf,12576,92687,"7,8,9"
original/saveas/text/Urban_Fine_Particulate_Matter(saveas).pdf,25459,11398,"5,6,7,8,9"
original/saveas/text/Urban_Fine_Particulate_Matter(saveas).pdf,30075,12803,"6,7,8,9"
original/saveas/text/Urban_Fine_Particulate_Matter(saveas).pdf,36362,88016,"7,9"
original/saveas/text/Urban_Fine_Particulate_Matter(saveas).pdf,47729,39271,"6,7,8,9"
original/saveas/text/Urban_Fine_Particulate_Matter(saveas).pdf,52189,43852,7
original/saveas/text/Urban_Fine_Particulate_Matter(saveas).pdf,57993,33154,7
original/saveas/text/Urban_Fine_Particulate_Matter(saveas).pdf,63419,112128,7
original/saveas/text/Urban_Fine_Particulate_Matter(saveas).pdf,80425,81056,7
original/saveas/text/Urban_Fine_Particulate_Matter(saveas).pdf,106394,337,"2,3,4,5,6,7,8,9"
original/saveas/text/Urban_Fine_Particulate_Matter(saveas).pdf,106712,15744,7
original/saveas/text/Urban_Fine_Particulate_Matter(saveas).pdf,117145,20200,7
original/saveas/text/Urban_Fine_Particulate_Matter(saveas).pdf,127191,618,"3,4,5,6,7,8,9"
original/saveas/text/Urban_Fine_Particulate_Matter(saveas).pdf,127652,52136,7
original/saveas/text/Urban_Fine_Particulate_Matter(saveas).pdf,143245,3272,"5,6,7,8,9"
original/saveas/text/Urban_Fine_Particulate_Matter(saveas).pdf,144644,141072,7
original/saveas/text/Urban_Fine_Particulate_Matter(saveas).pdf,225963,2904,"5,6,7,8,9"
original/saveas/text/Urban_Fine_Particulate_Matter(saveas).pdf,227223,105836,7
original/saveas/text/Urban_Fine_Particulate_Matter(saveas).pdf,266710,707,"3,4,5,6,7,8,9"
original/saveas/text/Urban_Fine_Particulate_Matter(saveas).pdf,267150,20676,"7,8"
original/saveas/text/Urban_Fine_Particulate_Matter(saveas).pdf,275601,1740,"4,5,6,7,8,9"
original/saveas/text/Urban_Fine_Particulate_Matter(saveas).pdf,276337,25208,7
original/saveas/text/Urban_Fine_Particulate_Matter(saveas).pdf,288181,1674,"3,4,5,6,7,8,9"
original/saveas/text/Urban_Fine_Particulate_Matter(saveas).pdf,288871,72420,7
original/saveas/text/Urban_Fine_Particulate_Matter(saveas).pdf,317094,337,"2,3,4,5,6,7,8,9"
original/saveas/text/Urban_Fine_Particulate_Matter(saveas).pdf,317413,127608,7
original/saveas/text/Urban_Fine_Particulate_Matter(saveas).pdf,324883,14280,"7,9"
original/saveas/text/Urban_Fine_Particulate_Matter(saveas).pdf,331111,36296,7
original/saveas/text/Urban_Fine_Particulate_Matter(saveas).pdf,341425,6336,"6,7,8,9"
original/saveas/text/Urban_Fine_Particulate_Matter(saveas).pdf,345443,12740,7
original/saveas/text/Urban_Fine_Particulate_Matter(saveas).pdf,351425,1019,"3,4,5,6,7,8,9"
original/saveas/text/Urban_Fine_Particulate_Matter(saveas).pdf,351945,11616,"7,8,9"
original/saveas/text/Urban_Fine_Particulate_Matter(saveas).pdf,358730,527,"3,4,5,6,7,8,9"
original/saveas/text/Urban_Fine_Particulate_Matter(saveas).pdf,359115,9796,"7,9"
original/saveas/text/Urban_Fine_Particulate_Matter(saveas).pdf,365443,945,"3,4,5,6,7,8,9"
original/saveas/text/Urban_Fine_Particulate_Matter(saveas).pdf,365952,31732,7
original/saveas/text/Urban_Fine_Particulate_Matter(saveas).pdf,378864,2082,"4,5,6,7,8,9"
original/saveas/text/Urban_Fine_Particulate_Matter(saveas).pdf,379637,31360,7
original/saveas/text/Urban_Fine_Particulate_Matter(saveas).pdf,393918,1834,"4,5,6,7,8,9"
original/saveas/text/Urban_Fine_Particulate_Matter(saveas).pdf,394666,46404,7
original/saveas/text/Urban_Fine_Particulate_Matter(saveas).pdf,419954,10038,"7,9"
original/saveas/text/ai_ethics_responsible_use_guidelines_multilang(saveas).pdf,606,20902,"5,6,7,8,9"
original/saveas/text/ai_ethics_responsible_use_guidelines_multilang(saveas).pdf,5941,19985,"5,7,8,9"
original/saveas/text/ai_ethics_responsible_use_guidelines_multilang(saveas).pdf,11997,75889,"7,8,9"
original/saveas/text/ai_ethics_responsible_use_guidelines_multilang(saveas).pdf,22551,19445,"5,6,7,8,9"
original/saveas/text/ai_ethics_responsible_use_guidelines_multilang(saveas).pdf,27296,22259,"7,9"
original/saveas/text/ai_ethics_responsible_use_guidelines_multilang(saveas).pdf,35037,74748,"7,8,9"
original/saveas/text/ai_ethics_responsible_use_guidelines_multilang(saveas).pdf,45511,40238,"7,9"
original/saveas/text/ai_ethics_responsible_use_guidelines_multilang(saveas).pdf,50354,44202,"7,9"
original/saveas/text/ai_ethics_responsible_use_guidelines_multilang(saveas).pdf,56231,41577,7
original/saveas/text/ai_ethics_responsible_use_guidelines_multilang(saveas).pdf,62831,9820,"7,9"
original/saveas/text/ai_ethics_responsible_use_guidelines_multilang(saveas).pdf,66586,13000,"7,8,9"
original/saveas/text/ai_ethics_responsible_use_guidelines_multilang(saveas).pdf,74489,23092,7
original/saveas/text/ai_ethics_responsible_use_guidelines_multilang(saveas).pdf,86502,81056,7
original/saveas/text/ai_ethics_responsible_use_guidelines_multilang(saveas).pdf,112471,572,"3,4,5,6,7,8,9"
original/saveas/text/ai_ethics_responsible_use_guidelines_multilang(saveas).pdf,112906,52884,7
original/saveas/text/ai_ethics_responsible_use_guidelines_multilang(saveas).pdf,132985,1025,"4,5,6,7,8,9"
original/saveas/text/ai_ethics_responsible_use_guidelines_multilang(saveas).pdf,133593,58172,7
original/saveas/text/ai_ethics_responsible_use_guidelines_multilang(saveas).pdf,143913,2949,"5,6,7,8,9"
original/saveas/text/ai_ethics_responsible_use_guidelines_multilang(saveas).pdf,145186,195908,7
original/saveas/text/ai_ethics_responsible_use_guidelines_multilang(saveas).pdf,243592,891,"3,4,5,6,7,8,9"
original/saveas/text/ai_ethics_responsible_use_guidelines_multilang(saveas).pdf,244069,19628,7
original/saveas/text/ai_ethics_responsible_use_guidelines_multilang(saveas).pdf,251747,1237,"3,4,5,6,7,8,9"
original/saveas/text/ai_ethics_responsible_use_guidelines_multilang(saveas).pdf,252364,15020,"7,9"
original/saveas/text/ai_ethics_responsible_use_guidelines_multilang(saveas).pdf,258386,2147,"4,5,6,7,8,9"
original/saveas/text/ai_ethics_responsible_use_guidelines_multilang(saveas).pdf,259165,70572,7
original/saveas/text/ai_ethics_responsible_use_guidelines_multilang(saveas).pdf,287433,31564,"7,9"
original/saveas/text/ai_ethics_responsible_use_guidelines_multilang(saveas).pdf,294673,22548,7
original/saveas/text/ai_ethics_responsible_use_guidelines_multilang(saveas).pdf,303574,7452,"6,7,8,9"
original/saveas/text/ai_ethics_responsible_use_guidelines_multilang(saveas).pdf,308027,632,"3,4,5,6,7,8,9"
original/saveas/text/ai_ethics_responsible_use_guidelines_multilang(saveas).pdf,308453,8828,"6,7,8,9"
original/saveas/text/ai_ethics_responsible_use_guidelines_multilang(saveas).pdf,312614,577,"3,4,5,6,7,8,9"
original/saveas/text/ai_ethics_responsible_use_guidelines_multilang(saveas).pdf,313009,9396,"7,9"
original/saveas/text/ai_ethics_responsible_use_guidelines_multilang(saveas).pdf,319042,654,"3,4,5,6,7,8,9"
original/saveas/text/ai_ethics_responsible_use_guidelines_multilang(saveas).pdf,319463,12028,"7,8,9"
original/saveas/text/ai_ethics_responsible_use_guidelines_multilang(saveas).pdf,326635,85136,7
original/saveas/text/ai_ethics_responsible_use_guidelines_multilang(saveas).pdf,349710,1015,"3,4,5,6,7,8,9"
original/saveas/text/ai_ethics_responsible_use_guidelines_multilang(saveas).pdf,350235,32360,"7,8"
original/saveas/text/ai_ethics_responsible_use_guidelines_multilang(saveas).pdf,360411,1358,"3,4,5,6,7,8,9"
original/saveas/text/ai_ethics_responsible_use_guidelines_multilang(saveas).pdf,360996,12540,"7,9"
original/saveas/text/ai_ethics_responsible_use_guidelines_multilang(saveas).pdf,367054,1987,"4,5,6,7,8,9"
original/saveas/text/ai_ethics_responsible_use_guidelines_multilang(saveas).pdf,367852,54860,7
original/saveas/text/ai_ethics_responsible_use_guidelines_multilang(saveas).pdf,397634,10696,7
original/saveas/text/climate_crisis_preparedness_community_action_guidelines_multilang(saveas).pdf,606,21276,"5,6,7,9"
original/saveas/text/climate_crisis_preparedness_community_action_guidelines_multilang(saveas).pdf,5905,19206,"5,6,7,8,9"
original/saveas/text/climate_crisis_preparedness_community_action_guidelines_multilang(saveas).pdf,11572,102498,"7,9"
original/saveas/text/climate_crisis_preparedness_community_action_guidelines_multilang(saveas).pdf,24385,20491,"6,7,8,9"
original/saveas/text/climate_crisis_preparedness_community_action_guidelines_multilang(saveas).pdf,29368,26561,"7,8,9"
original/saveas/text/climate_crisis_preparedness_community_action_guidelines_multilang(saveas).pdf,37329,88162,"7,8,9"
original/saveas/text/climate_crisis_preparedness_community_action_guidelines_multilang(saveas).pdf,48894,40161,7
original/saveas/text/climate_crisis_preparedness_community_action_guidelines_multilang(saveas).pdf,53754,44855,"7,8,9"
original/saveas/text/climate_crisis_preparedness_community_action_guidelines_multilang(saveas).pdf,59719,40657,"6,7,8,9"
original/saveas/text/climate_crisis_preparedness_community_action_guidelines_multilang(saveas).pdf,64300,24508,7
original/saveas/text/climate_crisis_preparedness_community_action_guidelines_multilang(saveas).pdf,69249,21784,"7,9"
original/saveas/text/climate_crisis_preparedness_community_action_guidelines_multilang(saveas).pdf,76156,89084,7
original/saveas/text/climate_crisis_preparedness_community_action_guidelines_multilang(saveas).pdf,93399,23544,7
original/saveas/text/climate_crisis_preparedness_community_action_guidelines_multilang(saveas).pdf,105720,81056,7
original/saveas/text/climate_crisis_preparedness_community_action_guidelines_multilang(saveas).pdf,131689,506,"3,4,5,6,7,8,9"
original/saveas/text/climate_crisis_preparedness_community_action_guidelines_multilang(saveas).pdf,132097,55816,"7,8,9"
original/saveas/text/climate_crisis_preparedness_community_action_guidelines_multilang(saveas).pdf,138736,1081,"4,5,6,7,8,9"
original/saveas/text/climate_crisis_preparedness_community_action_guidelines_multilang(saveas).pdf,139384,58888,7
original/saveas/text/climate_crisis_preparedness_community_action_guidelines_multilang(saveas).pdf,150422,3611,"5,6,7,8,9"
original/saveas/text/climate_crisis_preparedness_community_action_guidelines_multilang(saveas).pdf,151914,186948,7
original/saveas/text/climate_crisis_preparedness_community_action_guidelines_multilang(saveas).pdf,221914,897,"3,4,5,6,7,8,9"
original/saveas/text/climate_crisis_preparedness_community_action_guidelines_multilang(saveas).pdf,222390,21536,"7,8"
original/saveas/text/climate_crisis_preparedness_community_action_guidelines_multilang(saveas).pdf,231397,1314,"3,4,5,6,7,8,9"
original/saveas/text/climate_crisis_preparedness_community_action_guidelines_multilang(saveas).pdf,231994,57712,7
original/saveas/text/climate_crisis_preparedness_community_action_guidelines_multilang(saveas).pdf,253028,1946,"4,5,6,7,8,9"
original/saveas/text/climate_crisis_preparedness_community_action_guidelines_multilang(saveas).pdf,253789,23728,7
original/saveas/text/climate_crisis_preparedness_community_action_guidelines_multilang(saveas).pdf,267506,17260,"7,9"
original/saveas/text/climate_crisis_preparedness_community_action_guidelines_multilang(saveas).pdf,274442,22200,7
original/saveas/text/climate_crisis_preparedness_community_action_guidelines_multilang(saveas).pdf,283192,19852,7
original/saveas/text/climate_crisis_preparedness_community_action_guidelines_multilang(saveas).pdf,293063,605,"3,4,5,6,7,8,9"
original/saveas/text/climate_crisis_preparedness_community_action_guidelines_multilang(saveas).pdf,293464,7648,"6,7,8,9"
original/saveas/text/climate_crisis_preparedness_community_action_guidelines_multilang(saveas).pdf,296991,712,"3,4,5,6,7,8,9"
original/saveas/text/climate_crisis_preparedness_community_action_guidelines_multilang(saveas).pdf,297454,25100,7
original/saveas/text/climate_crisis_preparedness_community_action_guidelines_multilang(saveas).pdf,306895,1179,"3,4,5,6,7,8,9"
original/saveas/text/climate_crisis_preparedness_community_action_guidelines_multilang(saveas).pdf,307441,18332,"7,8,9"
original/saveas/text/climate_crisis_preparedness_community_action_guidelines_multilang(saveas).pdf,317852,837,"3,4,5,6,7,8,9"
original/saveas/text/climate_crisis_preparedness_community_action_guidelines_multilang(saveas).pdf,318330,30536,7
original/saveas/text/climate_crisis_preparedness_community_action_guidelines_multilang(saveas).pdf,330236,1467,"3,4,5,6,7,8,9"
original/saveas/text/climate_crisis_preparedness_community_action_guidelines_multilang(saveas).pdf,330870,24524,"7,8"
original/saveas/text/climate_crisis_preparedness_community_action_guidelines_multilang(saveas).pdf,340648,2094,"4,5,6,7,8,9"
original/saveas/text/climate_crisis_preparedness_community_action_guidelines_multilang(saveas).pdf,341431,35832,7
original/saveas/text/climate_crisis_preparedness_community_action_guidelines_multilang(saveas).pdf,360976,12397,"7,9"
original/saveas/text/confidential_doc_leak_collusion_investigation(saveas).pdf,643,14545,"5,6,7,8,9"
original/saveas/text/confidential_doc_leak_collusion_investigation(saveas).pdf,7324,15259,"5,6,7,8,9"
original/saveas/text/confidential_doc_leak_collusion_investigation(saveas).pdf,13198,44192,"6,7,8,9"
original/saveas/text/confidential_doc_leak_collusion_investigation(saveas).pdf,21415,15610,"5,6,7,8,9"
original/saveas/text/confidential_doc_leak_collusion_investigation(saveas).pdf,27071,16966,"5,6,7,8,9"
original/saveas/text/confidential_doc_leak_collusion_investigation(saveas).pdf,34002,46684,"7,8,9"
original/saveas/text/confidential_doc_leak_collusion_investigation(saveas).pdf,42513,40130,7
original/saveas/text/confidential_doc_leak_collusion_investigation(saveas).pdf,48379,46710,7
original/saveas/text/confidential_doc_leak_collusion_investigation(saveas).pdf,56445,2028,"4,5,6,7,9"
original/saveas/text/confidential_doc_leak_collusion_investigation(saveas).pdf,56985,337,"2,3,4,5,6,7,8,9"
original/saveas/text/confidential_doc_leak_collusion_investigation(saveas).pdf,57302,10684,"7,9"
original/saveas/text/confidential_doc_leak_collusion_investigation(saveas).pdf,62041,646,"3,4,5,6,7,8,9"
original/saveas/text/confidential_doc_leak_collusion_investigation(saveas).pdf,62478,39812,7
original/saveas/text/confidential_doc_leak_collusion_investigation(saveas).pdf,77077,337,"2,3,4,5,6,7,8,9"
original/saveas/text/confidential_doc_leak_collusion_investigation(saveas).pdf,77397,43716,7
original/saveas/text/confidential_doc_leak_collusion_investigation(saveas).pdf,96377,20028,7
original/saveas/text/confidential_doc_leak_collusion_investigation(saveas).pdf,106267,81740,7
original/saveas/text/confidential_doc_leak_collusion_investigation(saveas).pdf,125733,702,"3,4,5,6,7,8,9"
original/saveas/text/confidential_doc_leak_collusion_investigation(saveas).pdf,126225,75056,7
original/saveas/text/confidential_doc_leak_collusion_investigation(saveas).pdf,139377,1671,"4,5,6,7,8,9"
original/saveas/text/confidential_doc_leak_collusion_investigation(saveas).pdf,140219,84716,7
original/saveas/text/confidential_doc_leak_collusion_investigation(saveas).pdf,166263,758,"3,4,5,6,7,8,9"
original/saveas/text/confidential_doc_leak_collusion_investigation(saveas).pdf,166778,63440,7
original/saveas/text/confidential_doc_leak_collusion_investigation(saveas).pdf,194343,1006,"3,4,5,6,7,8,9"
original/saveas/text/confidential_doc_leak_collusion_investigation(saveas).pdf,194892,24152,"7,8"
original/saveas/text/confidential_doc_leak_collusion_investigation(saveas).pdf,205086,1677,"4,5,6,7,8,9"
original/saveas/text/confidential_doc_leak_collusion_investigation(saveas).pdf,205804,19360,"7,8"
original/saveas/text/confidential_doc_leak_collusion_investigation(saveas).pdf,214928,1053,"3,4,5,6,7,8,9"
original/saveas/text/confidential_doc_leak_collusion_investigation(saveas).pdf,215487,15624,"7,9"
original/saveas/text/confidential_doc_leak_collusion_investigation(saveas).pdf,221809,337,"2,3,4,5,6,7,8,9"
original/saveas/text/confidential_doc_leak_collusion_investigation(saveas).pdf,222127,21328,7
original/saveas/text/confidential_doc_leak_collusion_investigation(saveas).pdf,231046,393,"2,3,4,5,6,7,8,9"
original/saveas/text/confidential_doc_leak_collusion_investigation(saveas).pdf,231391,37636,7
original/saveas/text/confidential_doc_leak_collusion_investigation(saveas).pdf,243366,5236,"6,7,8,9"
original/saveas/text/confidential_doc_leak_collusion_investigation(saveas).pdf,246382,911,"3,4,5,6,7,8,9"
original/saveas/text/confidential_doc_leak_collusion_investigation(saveas).pdf,246866,13244,7
original/saveas/text/confidential_doc_leak_collusion_investigation(saveas).pdf,253778,1008,"3,4,5,6,7,8,9"
original/saveas/text/confidential_doc_leak_collusion_investigation(saveas).pdf,254341,30816,7
original/saveas/text/confidential_doc_leak_collusion_investigation(saveas).pdf,268560,768,"3,4,5,6,7,8,9"
original/saveas/text/confidential_doc_leak_collusion_investigation(saveas).pdf,268999,10236,"7,8,9"
original/saveas/text/confidential_doc_leak_collusion_investigation(saveas).pdf,274621,1276,"3,4,5,6,7,8,9"
original/saveas/text/confidential_doc_leak_collusion_investigation(saveas).pdf,275208,32492,7
original/saveas/text/confidential_doc_leak_collusion_investigation(saveas).pdf,288568,1684,"4,5,6,7,8,9"
original/saveas/text/confidential_doc_leak_collusion_investigation(saveas).pdf,289281,50224,7
original/saveas/text/confidential_doc_leak_collusion_investigation(saveas).pdf,313146,1296,"3,4,5,6,7,8,9"
original/saveas/text/confidential_doc_leak_collusion_investigation(saveas).pdf,313726,26268,7
original/saveas/text/confidential_doc_leak_collusion_investigation(saveas).pdf,328978,8540,"7,9"
original/saveas/text/digital_data_security_guidelines(saveas).pdf,606,19738,"5,7,8,9"
original/saveas/text/digital_data_security_guidelines(saveas).pdf,5928,18933,"5,6,7,8,9"
original/saveas/text/digital_data_security_guidelines(saveas).pdf,11091,87078,"7,8,9"
original/saveas/text/digital_data_security_guidelines(saveas).pdf,23231,18887,"5,6,7,8,9"
original/saveas/text/digital_data_security_guidelines(saveas).pdf,28017,21119,"6,7,8,9"
original/saveas/text/digital_data_security_guidelines(saveas).pdf,34629,79235,"7,8"
original/saveas/text/digital_data_security_guidelines(saveas).pdf,45314,40134,"7,9"
original/saveas/text/digital_data_security_guidelines(saveas).pdf,50123,44752,"7,9"
original/saveas/text/digital_data_security_guidelines(saveas).pdf,56139,50059,7
original/saveas/text/digital_data_security_guidelines(saveas).pdf,63867,18620,7
original/saveas/text/digital_data_security_guidelines(saveas).pdf,72783,81056,7
original/saveas/text/digital_data_security_guidelines(saveas).pdf,99031,33984,7
original/saveas/text/digital_data_security_guidelines(saveas).pdf,109618,12876,"7,9"
original/saveas/text/digital_data_security_guidelines(saveas).pdf,115500,449,"3,4,5,6,7,8,9"
original/saveas/text/digital_data_security_guidelines(saveas).pdf,115879,41932,"7,8,9"
original/saveas/text/digital_data_security_guidelines(saveas).pdf,124559,1274,"4,5,6,7,8,9"
original/saveas/text/digital_data_security_guidelines(saveas).pdf,125264,94696,7
original/saveas/text/digital_data_security_guidelines(saveas).pdf,148636,3515,"5,6,7,8,9"
original/saveas/text/digital_data_security_guidelines(saveas).pdf,150065,146256,7
original/saveas/text/digital_data_security_guidelines(saveas).pdf,234921,752,"3,4,5,6,7,8,9"
original/saveas/text/digital_data_security_guidelines(saveas).pdf,235387,25836,7
original/saveas/text/digital_data_security_guidelines(saveas).pdf,247779,1395,"3,4,5,6,7,8,9"
original/saveas/text/digital_data_security_guidelines(saveas).pdf,248399,28720,7
original/saveas/text/digital_data_security_guidelines(saveas).pdf,261225,1920,"4,5,6,7,8,9"
original/saveas/text/digital_data_security_guidelines(saveas).pdf,262002,64304,7
original/saveas/text/digital_data_security_guidelines(saveas).pdf,290184,337,"2,3,4,5,6,7,8,9"
original/saveas/text/digital_data_security_guidelines(saveas).pdf,290503,127608,7
original/saveas/text/digital_data_security_guidelines(saveas).pdf,297966,4744,"6,7,9"
original/saveas/text/digital_data_security_guidelines(saveas).pdf,301048,15504,"7,9"
original/saveas/text/digital_data_security_guidelines(saveas).pdf,308249,38012,7
original/saveas/text/digital_data_security_guidelines(saveas).pdf,319806,7440,"6,7,8,9"
original/saveas/text/digital_data_security_guidelines(saveas).pdf,322928,833,"3,4,5,6,7,8,9"
original/saveas/text/digital_data_security_guidelines(saveas).pdf,323399,13448,7
original/saveas/text/digital_data_security_guidelines(saveas).pdf,330541,896,"3,4,5,6,7,8,9"
original/saveas/text/digital_data_security_guidelines(saveas).pdf,331034,14364,"7,8,9"
original/saveas/text/digital_data_security_guidelines(saveas).pdf,339670,604,"3,4,5,6,7,8,9"
original/saveas/text/digital_data_security_guidelines(saveas).pdf,340086,31212,7
original/saveas/text/digital_data_security_guidelines(saveas).pdf,352999,1635,"3,4,5,6,7,8,9"
original/saveas/text/digital_data_security_guidelines(saveas).pdf,353639,35904,7
original/saveas/text/digital_data_security_guidelines(saveas).pdf,369435,1980,"4,5,6,7,8,9"
original/saveas/text/digital_data_security_guidelines(saveas).pdf,370205,53988,7
original/saveas/text/digital_data_security_guidelines(saveas).pdf,391102,11277,"7,9"
original/saveas/text/educational_technology_elearning_safety_guidelines_multilang(saveas).pdf,596,22517,"6,7,8,9"
original/saveas/text/educational_technology_elearning_safety_guidelines_multilang(saveas).pdf,5750,20213,"5,7,8,9"
original/saveas/text/educational_technology_elearning_safety_guidelines_multilang(saveas).pdf,12354,91220,"7,8,9"
original/saveas/text/educational_technology_elearning_safety_guidelines_multilang(saveas).pdf,24213,22943,"7,8,9"
original/saveas/text/educational_technology_elearning_safety_guidelines_multilang(saveas).pdf,29347,22850,"7,8,9"
original/saveas/text/educational_technology_elearning_safety_guidelines_multilang(saveas).pdf,36648,79586,7
original/saveas/text/educational_technology_elearning_safety_guidelines_multilang(saveas).pdf,47037,40693,"7,9"
original/saveas/text/educational_technology_elearning_safety_guidelines_multilang(saveas).pdf,52107,44040,"7,8,9"
original/saveas/text/educational_technology_elearning_safety_guidelines_multilang(saveas).pdf,57940,40755,"6,7,8,9"
original/saveas/text/educational_technology_elearning_safety_guidelines_multilang(saveas).pdf,62563,17580,7
original/saveas/text/educational_technology_elearning_safety_guidelines_multilang(saveas).pdf,66610,111892,7
original/saveas/text/educational_technology_elearning_safety_guidelines_multilang(saveas).pdf,83906,31216,"7,9"
original/saveas/text/educational_technology_elearning_safety_guidelines_multilang(saveas).pdf,93567,13112,"7,9"
original/saveas/text/educational_technology_elearning_safety_guidelines_multilang(saveas).pdf,99570,506,"3,4,5,6,7,8,9"
original/saveas/text/educational_technology_elearning_safety_guidelines_multilang(saveas).pdf,99979,65528,7
original/saveas/text/educational_technology_elearning_safety_guidelines_multilang(saveas).pdf,109980,758,"3,4,5,6,7,8,9"
original/saveas/text/educational_technology_elearning_safety_guidelines_multilang(saveas).pdf,110501,62124,7
original/saveas/text/educational_technology_elearning_safety_guidelines_multilang(saveas).pdf,121587,3501,"5,6,7,8,9"
original/saveas/text/educational_technology_elearning_safety_guidelines_multilang(saveas).pdf,123038,224804,7
original/saveas/text/educational_technology_elearning_safety_guidelines_multilang(saveas).pdf,241226,81056,7
original/saveas/text/educational_technology_elearning_safety_guidelines_multilang(saveas).pdf,267195,837,"3,4,5,6,7,8,9"
original/saveas/text/educational_technology_elearning_safety_guidelines_multilang(saveas).pdf,267678,21356,"7,9"
original/saveas/text/educational_technology_elearning_safety_guidelines_multilang(saveas).pdf,276391,1021,"3,4,5,6,7,8,9"
original/saveas/text/educational_technology_elearning_safety_guidelines_multilang(saveas).pdf,276941,15064,"7,8,9"
original/saveas/text/educational_technology_elearning_safety_guidelines_multilang(saveas).pdf,283021,2222,"4,5,6,7,8,9"
original/saveas/text/educational_technology_elearning_safety_guidelines_multilang(saveas).pdf,283870,74972,7
original/saveas/text/educational_technology_elearning_safety_guidelines_multilang(saveas).pdf,314320,5164,"7,8,9"
original/saveas/text/educational_technology_elearning_safety_guidelines_multilang(saveas).pdf,317668,32844,"7,8"
original/saveas/text/educational_technology_elearning_safety_guidelines_multilang(saveas).pdf,325840,30080,7
original/saveas/text/educational_technology_elearning_safety_guidelines_multilang(saveas).pdf,338521,704,"3,4,5,6,7,8,9"
original/saveas/text/educational_technology_elearning_safety_guidelines_multilang(saveas).pdf,338949,8452,"7,9"
original/saveas/text/educational_technology_elearning_safety_guidelines_multilang(saveas).pdf,343024,506,"3,4,5,6,7,8,9"
original/saveas/text/educational_technology_elearning_safety_guidelines_multilang(saveas).pdf,343404,9208,"6,7,8,9"
original/saveas/text/educational_technology_elearning_safety_guidelines_multilang(saveas).pdf,348393,670,"3,4,5,6,7,8,9"
original/saveas/text/educational_technology_elearning_safety_guidelines_multilang(saveas).pdf,348828,14856,"7,9"
original/saveas/text/educational_technology_elearning_safety_guidelines_multilang(saveas).pdf,358247,862,"3,4,5,6,7,8,9"
original/saveas/text/educational_technology_elearning_safety_guidelines_multilang(saveas).pdf,358733,8648,"7,9"
original/saveas/text/educational_technology_elearning_safety_guidelines_multilang(saveas).pdf,362628,1181,"3,4,5,6,7,8,9"
original/saveas/text/educational_technology_elearning_safety_guidelines_multilang(saveas).pdf,363205,32360,7
original/saveas/text/educational_technology_elearning_safety_guidelines_multilang(saveas).pdf,374187,2240,"4,5,6,7,8,9"
original/saveas/text/educational_technology_elearning_safety_guidelines_multilang(saveas).pdf,374987,49676,7
original/saveas/text/educational_technology_elearning_safety_guidelines_multilang(saveas).pdf,403750,11900,"7,9"
original/saveas/text/global_cloud_datacenter_cooling_failure_report(saveas).pdf,643,13021,"5,6,7,8,9"
original/saveas/text/global_cloud_datacenter_cooling_failure_report(saveas).pdf,6679,14820,"5,6,7,8,9"
original/saveas/text/global_cloud_datacenter_cooling_failure_report(saveas).pdf,12671,31960,"6,7,8,9"
original/saveas/text/global_cloud_datacenter_cooling_failure_report(saveas).pdf,19811,12828,"5,6,7,8,9"
original/saveas/text/global_cloud_datacenter_cooling_failure_report(saveas).pdf,24310,14008,"5,7,8,9"
original/saveas/text/global_cloud_datacenter_cooling_failure_report(saveas).pdf,30555,36146,"6,7,8,9"
original/saveas/text/global_cloud_datacenter_cooling_failure_report(saveas).pdf,37935,39605,"7,9"
original/saveas/text/global_cloud_datacenter_cooling_failure_report(saveas).pdf,44208,36558,7
original/saveas/text/global_cloud_datacenter_cooling_failure_report(saveas).pdf,51006,19400,7
original/saveas/text/global_cloud_datacenter_cooling_failure_report(saveas).pdf,60757,36868,7
original/saveas/text/global_cloud_datacenter_cooling_failure_report(saveas).pdf,72761,337,"2,3,4,5,6,7,8,9"
original/saveas/text/global_cloud_datacenter_cooling_failure_report(saveas).pdf,73079,11088,"7,8"
original/saveas/text/global_cloud_datacenter_cooling_failure_report(saveas).pdf,79279,58484,7
original/saveas/text/global_cloud_datacenter_cooling_failure_report(saveas).pdf,97964,11524,"7,9"
original/saveas/text/global_cloud_datacenter_cooling_failure_report(saveas).pdf,102860,337,"2,3,4,5,6,7,8,9"
original/saveas/text/global_cloud_datacenter_cooling_failure_report(saveas).pdf,103179,92372,7
original/saveas/text/global_cloud_datacenter_cooling_failure_report(saveas).pdf,126426,81740,7
original/saveas/text/global_cloud_datacenter_cooling_failure_report(saveas).pdf,145892,562,"3,4,5,6,7,8,9"
original/saveas/text/global_cloud_datacenter_cooling_failure_report(saveas).pdf,146327,49300,7
original/saveas/text/global_cloud_datacenter_cooling_failure_report(saveas).pdf,160047,1516,"4,5,6,7,8,9"
original/saveas/text/global_cloud_datacenter_cooling_failure_report(saveas).pdf,160858,111228,7
original/saveas/text/global_cloud_datacenter_cooling_failure_report(saveas).pdf,193723,688,"3,4,5,6,7,8,9"
original/saveas/text/global_cloud_datacenter_cooling_failure_report(saveas).pdf,194207,61708,7
original/saveas/text/global_cloud_datacenter_cooling_failure_report(saveas).pdf,220671,1002,"3,4,5,6,7,8,9"
original/saveas/text/global_cloud_datacenter_cooling_failure_report(saveas).pdf,221193,50872,7
original/saveas/text/global_cloud_datacenter_cooling_failure_report(saveas).pdf,238347,1268,"3,4,5,6,7,8,9"
original/saveas/text/global_cloud_datacenter_cooling_failure_report(saveas).pdf,238952,32968,7
original/saveas/text/global_cloud_datacenter_cooling_failure_report(saveas).pdf,254283,1000,"3,4,5,6,7,8,9"
original/saveas/text/global_cloud_datacenter_cooling_failure_report(saveas).pdf,254817,33060,7
original/saveas/text/global_cloud_datacenter_cooling_failure_report(saveas).pdf,269942,5380,"6,7,8,9"
original/saveas/text/global_cloud_datacenter_cooling_failure_report(saveas).pdf,273470,16772,7
original/saveas/text/global_cloud_datacenter_cooling_failure_report(saveas).pdf,281063,412,"2,3,4,5,6,7,8,9"
original/saveas/text/global_cloud_datacenter_cooling_failure_report(saveas).pdf,281408,37288,7
original/saveas/text/global_cloud_datacenter_cooling_failure_report(saveas).pdf,292203,698,"3,4,5,6,7,8,9"
original/saveas/text/global_cloud_datacenter_cooling_failure_report(saveas).pdf,292608,9044,"6,7,8,9"
original/saveas/text/global_cloud_datacenter_cooling_failure_report(saveas).pdf,297491,882,"3,4,5,6,7,8,9"
original/saveas/text/global_cloud_datacenter_cooling_failure_report(saveas).pdf,297988,15532,7
original/saveas/text/global_cloud_datacenter_cooling_failure_report(saveas).pdf,306604,436,"2,3,4,5,6,7,8,9"
original/saveas/text/global_cloud_datacenter_cooling_failure_report(saveas).pdf,306959,11932,"7,8,9"
original/saveas/text/global_cloud_datacenter_cooling_failure_report(saveas).pdf,313914,881,"3,4,5,6,7,8,9"
original/saveas/text/global_cloud_datacenter_cooling_failure_report(saveas).pdf,314405,31944,7
original/saveas/text/global_cloud_datacenter_cooling_failure_report(saveas).pdf,328339,1704,"3,4,5,6,7,8,9"
original/saveas/text/global_cloud_datacenter_cooling_failure_report(saveas).pdf,329007,38244,7
original/saveas/text/global_cloud_datacenter_cooling_failure_report(saveas).pdf,346695,1320,"3,4,5,6,7,8,9"
original/saveas/text/global_cloud_datacenter_cooling_failure_report(saveas).pdf,347287,49184,7
original/saveas/text/global_cloud_datacenter_cooling_failure_report(saveas).pdf,365555,7651,"7,9"
original/saveas/text/green_energy_sustainable_living_guidelines_multilang(saveas).pdf,606,19147,"5,6,7,8,9"
original/saveas/text/green_energy_sustainable_living_guidelines_multilang(saveas).pdf,5619,17969,"5,6,7,8,9"
original/saveas/text/green_energy_sustainable_living_guidelines_multilang(saveas).pdf,11199,75420,"7,8,9"
original/saveas/text/green_energy_sustainable_living_guidelines_multilang(saveas).pdf,21626,18624,"5,6,7,8,9"
original/saveas/text/green_energy_sustainable_living_guidelines_multilang(saveas).pdf,26167,20417,"6,7,8,9"
original/saveas/text/green_energy_sustainable_living_guidelines_multilang(saveas).pdf,33384,69654,"7,8"
original/saveas/text/green_energy_sustainable_living_guidelines_multilang(saveas).pdf,43166,40054,"7,9"
original/saveas/text/green_energy_sustainable_living_guidelines_multilang(saveas).pdf,47914,44047,"7,9"
original/saveas/text/green_energy_sustainable_living_guidelines_multilang(saveas).pdf,53781,37984,"7,9"
original/saveas/text/green_energy_sustainable_living_guidelines_multilang(saveas).pdf,59937,22708,"7,9"
original/saveas/text/green_energy_sustainable_living_guidelines_multilang(saveas).pdf,67391,10768,7
original/saveas/text/green_energy_sustainable_living_guidelines_multilang(saveas).pdf,71613,81056,7
original/saveas/text/green_energy_sustainable_living_guidelines_multilang(saveas).pdf,97908,116864,7
original/saveas/text/green_energy_sustainable_living_guidelines_multilang(saveas).pdf,117683,492,"3,4,5,6,7,8,9"
original/saveas/text/green_energy_sustainable_living_guidelines_multilang(saveas).pdf,118083,66248,7
original/saveas/text/green_energy_sustainable_living_guidelines_multilang(saveas).pdf,128215,1072,"4,5,6,7,8,9"
original/saveas/text/green_energy_sustainable_living_guidelines_multilang(saveas).pdf,128853,71960,7
original/saveas/text/green_energy_sustainable_living_guidelines_multilang(saveas).pdf,161999,2660,"5,6,7,8,9"
original/saveas/text/green_energy_sustainable_living_guidelines_multilang(saveas).pdf,163224,109432,7
original/saveas/text/green_energy_sustainable_living_guidelines_multilang(saveas).pdf,205564,671,"3,4,5,6,7,8,9"
original/saveas/text/green_energy_sustainable_living_guidelines_multilang(saveas).pdf,206005,18452,"7,8,9"
original/saveas/text/green_energy_sustainable_living_guidelines_multilang(saveas).pdf,213301,1110,"3,4,5,6,7,8,9"
original/saveas/text/green_energy_sustainable_living_guidelines_multilang(saveas).pdf,213873,29096,7
original/saveas/text/green_energy_sustainable_living_guidelines_multilang(saveas).pdf,228738,1697,"4,5,6,7,8,9"
original/saveas/text/green_energy_sustainable_living_guidelines_multilang(saveas).pdf,229461,27328,7
original/saveas/text/green_energy_sustainable_living_guidelines_multilang(saveas).pdf,244455,14220,"7,9"
original/saveas/text/green_energy_sustainable_living_guidelines_multilang(saveas).pdf,250742,33112,"7,8,9"
original/saveas/text/green_energy_sustainable_living_guidelines_multilang(saveas).pdf,259081,28660,7
original/saveas/text/green_energy_sustainable_living_guidelines_multilang(saveas).pdf,270896,590,"3,4,5,6,7,8,9"
original/saveas/text/green_energy_sustainable_living_guidelines_multilang(saveas).pdf,271309,11372,7
original/saveas/text/green_energy_sustainable_living_guidelines_multilang(saveas).pdf,277021,770,"3,4,5,6,7,8,9"
original/saveas/text/green_energy_sustainable_living_guidelines_multilang(saveas).pdf,277476,9552,"7,8,9"
original/saveas/text/green_energy_sustainable_living_guidelines_multilang(saveas).pdf,282526,824,"3,4,5,6,7,8,9"
original/saveas/text/green_energy_sustainable_living_guidelines_multilang(saveas).pdf,283029,31780,7
original/saveas/text/green_energy_sustainable_living_guidelines_multilang(saveas).pdf,297994,824,"3,4,5,6,7,8,9"
original/saveas/text/green_energy_sustainable_living_guidelines_multilang(saveas).pdf,298477,30144,7
original/saveas/text/green_energy_sustainable_living_guidelines_multilang(saveas).pdf,310392,1397,"3,4,5,6,7,8,9"
original/saveas/text/green_energy_sustainable_living_guidelines_multilang(saveas).pdf,310999,43280,7
original/saveas/text/green_energy_sustainable_living_guidelines_multilang(saveas).pdf,323682,1966,"4,5,6,7,8,9"
original/saveas/text/green_energy_sustainable_living_guidelines_multilang(saveas).pdf,324439,35692,7
original/saveas/text/green_energy_sustainable_living_guidelines_multilang(saveas).pdf,344374,10374,"7,8,9"
original/saveas/text/health_wellbeing_digital_age_guidelines_multilang(saveas).pdf,605,21518,"5,6,7,9"
original/saveas/text/health_wellbeing_digital_age_guidelines_multilang(saveas).pdf,5905,19606,"5,6,7,8,9"
original/saveas/text/health_wellbeing_digital_age_guidelines_multilang(saveas).pdf,10419,79765,"7,8,9"
original/saveas/text/health_wellbeing_digital_age_guidelines_multilang(saveas).pdf,19791,19621,"5,6,7,8,9"
original/saveas/text/health_wellbeing_digital_age_guidelines_multilang(saveas).pdf,24004,21549,"7,9"
original/saveas/text/health_wellbeing_digital_age_guidelines_multilang(saveas).pdf,30052,80885,"7,8,9"
original/saveas/text/health_wellbeing_digital_age_guidelines_multilang(saveas).pdf,39622,40056,"7,9"
original/saveas/text/health_wellbeing_digital_age_guidelines_multilang(saveas).pdf,44409,44461,"7,9"
original/saveas/text/health_wellbeing_digital_age_guidelines_multilang(saveas).pdf,50412,48914,7
original/saveas/text/health_wellbeing_digital_age_guidelines_multilang(saveas).pdf,57931,22476,"7,9"
original/saveas/text/health_wellbeing_digital_age_guidelines_multilang(saveas).pdf,65252,88548,7
original/saveas/text/health_wellbeing_digital_age_guidelines_multilang(saveas).pdf,82203,17068,7
original/saveas/text/health_wellbeing_digital_age_guidelines_multilang(saveas).pdf,92876,81056,7
original/saveas/text/health_wellbeing_digital_age_guidelines_multilang(saveas).pdf,118845,492,"3,4,5,6,7,8,9"
original/saveas/text/health_wellbeing_digital_age_guidelines_multilang(saveas).pdf,119241,56548,"7,8,9"
original/saveas/text/health_wellbeing_digital_age_guidelines_multilang(saveas).pdf,126192,3599,"5,6,7,8,9"
original/saveas/text/health_wellbeing_digital_age_guidelines_multilang(saveas).pdf,127696,95260,7
original/saveas/text/health_wellbeing_digital_age_guidelines_multilang(saveas).pdf,166826,779,"3,4,5,6,7,8,9"
original/saveas/text/health_wellbeing_digital_age_guidelines_multilang(saveas).pdf,167296,12436,"6,7,8,9"
original/saveas/text/health_wellbeing_digital_age_guidelines_multilang(saveas).pdf,171817,1820,"4,5,6,7,8,9"
original/saveas/text/health_wellbeing_digital_age_guidelines_multilang(saveas).pdf,172557,58640,7
original/saveas/text/health_wellbeing_digital_age_guidelines_multilang(saveas).pdf,197679,20996,7
original/saveas/text/health_wellbeing_digital_age_guidelines_multilang(saveas).pdf,205191,628,"3,4,5,6,7,8,9"
original/saveas/text/health_wellbeing_digital_age_guidelines_multilang(saveas).pdf,205621,30416,7
original/saveas/text/health_wellbeing_digital_age_guidelines_multilang(saveas).pdf,219989,12544,7
original/saveas/text/health_wellbeing_digital_age_guidelines_multilang(saveas).pdf,226073,1110,"3,4,5,6,7,8,9"
original/saveas/text/health_wellbeing_digital_age_guidelines_multilang(saveas).pdf,226621,14952,"7,8,9"
original/saveas/text/health_wellbeing_digital_age_guidelines_multilang(saveas).pdf,235589,751,"3,4,5,6,7,8,9"
original/saveas/text/health_wellbeing_digital_age_guidelines_multilang(saveas).pdf,236049,25592,"7,8,9"
original/saveas/text/health_wellbeing_digital_age_guidelines_multilang(saveas).pdf,244309,1690,"4,5,6,7,8,9"
original/saveas/text/health_wellbeing_digital_age_guidelines_multilang(saveas).pdf,245042,18164,"7,9"
original/saveas/text/health_wellbeing_digital_age_guidelines_multilang(saveas).pdf,257024,10864,"7,9"
original/saveas/text/illegal_item_trading_money_laundering_in_games(saveas).pdf,643,15505,"5,6,7,8,9"
original/saveas/text/illegal_item_trading_money_laundering_in_games(saveas).pdf,7399,14980,"5,6,7,8,9"
original/saveas/text/illegal_item_trading_money_laundering_in_games(saveas).pdf,13259,45299,"6,7,8,9"
original/saveas/text/illegal_item_trading_money_laundering_in_games(saveas).pdf,21798,14702,"5,6,7,8,9"
original/saveas/text/illegal_item_trading_money_laundering_in_games(saveas).pdf,28146,16545,"5,7,8,9"
original/saveas/text/illegal_item_trading_money_laundering_in_games(saveas).pdf,34893,48164,"7,8,9"
original/saveas/text/illegal_item_trading_money_laundering_in_games(saveas).pdf,43400,40124,"7,9"
original/saveas/text/illegal_item_trading_money_laundering_in_games(saveas).pdf,49263,40963,"7,9"
original/saveas/text/illegal_item_trading_money_laundering_in_games(saveas).pdf,55226,10879,7
original/saveas/text/illegal_item_trading_money_laundering_in_games(saveas).pdf,58274,337,"2,3,4,5,6,7,8,9"
original/saveas/text/illegal_item_trading_money_laundering_in_games(saveas).pdf,58594,33584,7
original/saveas/text/illegal_item_trading_money_laundering_in_games(saveas).pdf,69466,337,"2,3,4,5,6,7,8,9"
original/saveas/text/illegal_item_trading_money_laundering_in_games(saveas).pdf,69786,43716,7
original/saveas/text/illegal_item_trading_money_laundering_in_games(saveas).pdf,88776,11600,"7,9"
original/saveas/text/illegal_item_trading_money_laundering_in_games(saveas).pdf,93630,555,"3,4,5,6,7,8,9"
original/saveas/text/illegal_item_trading_money_laundering_in_games(saveas).pdf,94028,117092,7
original/saveas/text/illegal_item_trading_money_laundering_in_games(saveas).pdf,114515,81740,7
original/saveas/text/illegal_item_trading_money_laundering_in_games(saveas).pdf,133981,702,"3,4,5,6,7,8,9"
original/saveas/text/illegal_item_trading_money_laundering_in_games(saveas).pdf,134482,77472,7
original/saveas/text/illegal_item_trading_money_laundering_in_games(saveas).pdf,149132,1216,"4,5,6,7,8,9"
original/saveas/text/illegal_item_trading_money_laundering_in_games(saveas).pdf,149839,79712,7
original/saveas/text/illegal_item_trading_money_laundering_in_games(saveas).pdf,188632,1514,"4,5,6,7,8,9"
original/saveas/text/illegal_item_trading_money_laundering_in_games(saveas).pdf,189426,82464,7
original/saveas/text/illegal_item_trading_money_laundering_in_games(saveas).pdf,213788,1090,"3,4,5,6,7,8,9"
original/saveas/text/illegal_item_trading_money_laundering_in_games(saveas).pdf,214357,34856,7
original/saveas/text/illegal_item_trading_money_laundering_in_games(saveas).pdf,228324,1352,"3,4,5,6,7,8,9"
original/saveas/text/illegal_item_trading_money_laundering_in_games(saveas).pdf,228943,43328,7
original/saveas/text/illegal_item_trading_money_laundering_in_games(saveas).pdf,247700,1389,"3,4,5,6,7,8,9"
original/saveas/text/illegal_item_trading_money_laundering_in_games(saveas).pdf,248347,23500,7
original/saveas/text/illegal_item_trading_money_laundering_in_games(saveas).pdf,259511,337,"2,3,4,5,6,7,8,9"
original/saveas/text/illegal_item_trading_money_laundering_in_games(saveas).pdf,259829,15272,"7,8,9"
original/saveas/text/illegal_item_trading_money_laundering_in_games(saveas).pdf,267723,35928,7
original/saveas/text/illegal_item_trading_money_laundering_in_games(saveas).pdf,277440,613,"3,4,5,6,7,8,9"
original/saveas/text/illegal_item_trading_money_laundering_in_games(saveas).pdf,277867,28420,7
original/saveas/text/illegal_item_trading_money_laundering_in_games(saveas).pdf,290382,337,"2,3,4,5,6,7,8,9"
original/saveas/text/illegal_item_trading_money_laundering_in_games(saveas).pdf,290701,92336,7
original/saveas/text/illegal_item_trading_money_laundering_in_games(saveas).pdf,313846,882,"3,4,5,6,7,8,9"
original/saveas/text/illegal_item_trading_money_laundering_in_games(saveas).pdf,314331,13104,7
original/saveas/text/illegal_item_trading_money_laundering_in_games(saveas).pdf,321220,903,"3,4,5,6,7,8,9"
original/saveas/text/illegal_item_trading_money_laundering_in_games(saveas).pdf,321716,11088,"7,8,9"
original/saveas/text/illegal_item_trading_money_laundering_in_games(saveas).pdf,328080,853,"3,4,5,6,7,8,9"
original/saveas/text/illegal_item_trading_money_laundering_in_games(saveas).pdf,328590,33400,7
original/saveas/text/illegal_item_trading_money_laundering_in_games(saveas).pdf,344640,1393,"3,4,5,6,7,8,9"
original/saveas/text/illegal_item_trading_money_laundering_in_games(saveas).pdf,345252,36484,7
original/saveas/text/illegal_item_trading_money_laundering_in_games(saveas).pdf,361287,1551,"3,4,5,6,7,8,9"
original/saveas/text/illegal_item_trading_money_laundering_in_games(saveas).pdf,361938,42404,7
original/saveas/text/illegal_item_trading_money_laundering_in_games(saveas).pdf,375920,1971,"3,4,5,6,7,8,9"
original/saveas/text/illegal_item_trading_money_laundering_in_games(saveas).pdf,376637,32392,7
original/saveas/text/illegal_item_trading_money_laundering_in_games(saveas).pdf,395127,8820,"7,9"
original/saveas/text/messenger_app_data_misuse_investigation(saveas).pdf,632,11994,"5,6,7,8,9"
original/saveas/text/messenger_app_data_misuse_investigation(saveas).pdf,6172,14526,"5,6,7,8,9"
original/saveas/text/messenger_app_data_misuse_investigation(saveas).pdf,11632,36232,"7,8,9"
original/saveas/text/messenger_app_data_misuse_investigation(saveas).pdf,17976,12188,"5,6,7,8,9"
original/saveas/text/messenger_app_data_misuse_investigation(saveas).pdf,22052,14521,"5,6,7,8,9"
original/saveas/text/messenger_app_data_misuse_investigation(saveas).pdf,27259,40440,"7,8,9"
original/saveas/text/messenger_app_data_misuse_investigation(saveas).pdf,33751,39932,"7,9"
original/saveas/text/messenger_app_data_misuse_investigation(saveas).pdf,40003,38032,7
original/saveas/text/messenger_app_data_misuse_investigation(saveas).pdf,46728,337,"2,3,4,5,6,7,8,9"
original/saveas/text/messenger_app_data_misuse_investigation(saveas).pdf,47045,10152,"7,8,9"
original/saveas/text/messenger_app_data_misuse_investigation(saveas).pdf,53520,118240,7
original/saveas/text/messenger_app_data_misuse_investigation(saveas).pdf,74022,337,"2,3,4,5,6,7,8,9"
original/saveas/text/messenger_app_data_misuse_investigation(saveas).pdf,74340,11088,"7,8"
original/saveas/text/messenger_app_data_misuse_investigation(saveas).pdf,80540,58484,7
original/saveas/text/messenger_app_data_misuse_investigation(saveas).pdf,98866,81740,7
original/saveas/text/messenger_app_data_misuse_investigation(saveas).pdf,118332,730,"3,4,5,6,7,8,9"
original/saveas/text/messenger_app_data_misuse_investigation(saveas).pdf,118839,54148,"7,9"
original/saveas/text/messenger_app_data_misuse_investigation(saveas).pdf,126040,1924,"4,5,6,7,8,9"
original/saveas/text/messenger_app_data_misuse_investigation(saveas).pdf,126990,92148,7
original/saveas/text/messenger_app_data_misuse_investigation(saveas).pdf,157655,337,"2,3,4,5,6,7,8,9"
original/saveas/text/messenger_app_data_misuse_investigation(saveas).pdf,157974,92372,7
original/saveas/text/messenger_app_data_misuse_investigation(saveas).pdf,181220,33084,"5,7,8,9"
original/saveas/text/messenger_app_data_misuse_investigation(saveas).pdf,182842,1012,"3,4,5,6,7,8,9"
original/saveas/text/messenger_app_data_misuse_investigation(saveas).pdf,183385,13280,"6,7,8,9"
original/saveas/text/messenger_app_data_misuse_investigation(saveas).pdf,188380,1703,"3,4,5,6,7,8,9"
original/saveas/text/messenger_app_data_misuse_investigation(saveas).pdf,189090,27904,7
original/saveas/text/messenger_app_data_misuse_investigation(saveas).pdf,204301,337,"2,3,4,5,6,7,8,9"
original/saveas/text/messenger_app_data_misuse_investigation(saveas).pdf,204618,22120,7
original/saveas/text/messenger_app_data_misuse_investigation(saveas).pdf,213487,642,"3,4,5,6,7,8,9"
original/saveas/text/messenger_app_data_misuse_investigation(saveas).pdf,213914,30104,7
original/saveas/text/messenger_app_data_misuse_investigation(saveas).pdf,228013,337,"2,3,4,5,6,7,8,9"
original/saveas/text/messenger_app_data_misuse_investigation(saveas).pdf,228329,8572,"7,8,9"
original/saveas/text/messenger_app_data_misuse_investigation(saveas).pdf,233782,1237,"3,4,5,6,7,8,9"
original/saveas/text/messenger_app_data_misuse_investigation(saveas).pdf,234340,10568,"7,9"
original/saveas/text/messenger_app_data_misuse_investigation(saveas).pdf,239259,1937,"3,4,5,6,7,8,9"
original/saveas/text/messenger_app_data_misuse_investigation(saveas).pdf,239992,34248,7
original/saveas/text/messenger_app_data_misuse_investigation(saveas).pdf,259406,7441,"7,8,9"
original/saveas/text/open_source_software_contribution_guidelines_multilang(saveas).pdf,616,24169,"6,7,8,9"
original/saveas/text/open_source_software_contribution_guidelines_multilang(saveas).pdf,7194,20000,"5,6,7,8,9"
original/saveas/text/open_source_software_contribution_guidelines_multilang(saveas).pdf,12778,89113,"7,9"
original/saveas/text/open_source_software_contribution_guidelines_multilang(saveas).pdf,24359,21062,"6,7,8,9"
original/saveas/text/open_source_software_contribution_guidelines_multilang(saveas).pdf,29285,22233,"6,7,8,9"
original/saveas/text/open_source_software_contribution_guidelines_multilang(saveas).pdf,35248,81267,"7,8,9"
original/saveas/text/open_source_software_contribution_guidelines_multilang(saveas).pdf,46122,40280,"7,9"
original/saveas/text/open_source_software_contribution_guidelines_multilang(saveas).pdf,50966,44303,"7,8,9"
original/saveas/text/open_source_software_contribution_guidelines_multilang(saveas).pdf,56785,40751,"6,7,8,9"
original/saveas/text/open_source_software_contribution_guidelines_multilang(saveas).pdf,61388,18004,7
original/saveas/text/open_source_software_contribution_guidelines_multilang(saveas).pdf,65465,12308,"7,8,9"
original/saveas/text/open_source_software_contribution_guidelines_multilang(saveas).pdf,72765,10900,7
original/saveas/text/open_source_software_contribution_guidelines_multilang(saveas).pdf,77061,81056,7
original/saveas/text/open_source_software_contribution_guidelines_multilang(saveas).pdf,103030,887,"3,4,5,6,7,8,9"
original/saveas/text/open_source_software_contribution_guidelines_multilang(saveas).pdf,103525,45080,7
original/saveas/text/open_source_software_contribution_guidelines_multilang(saveas).pdf,120678,3775,"5,6,7,8,9"
original/saveas/text/open_source_software_contribution_guidelines_multilang(saveas).pdf,122201,124664,7
original/saveas/text/open_source_software_contribution_guidelines_multilang(saveas).pdf,174016,955,"3,4,5,6,7,8,9"
original/saveas/text/open_source_software_contribution_guidelines_multilang(saveas).pdf,174602,84380,7
original/saveas/text/open_source_software_contribution_guidelines_multilang(saveas).pdf,192482,85136,7
original/saveas/text/open_source_software_contribution_guidelines_multilang(saveas).pdf,215557,731,"3,4,5,6,7,8,9"
original/saveas/text/open_source_software_contribution_guidelines_multilang(saveas).pdf,216015,17832,"7,8,9"
original/saveas/text/open_source_software_contribution_guidelines_multilang(saveas).pdf,223118,1162,"3,4,5,6,7,8,9"
original/saveas/text/open_source_software_contribution_guidelines_multilang(saveas).pdf,223689,15400,"7,8,9"
original/saveas/text/open_source_software_contribution_guidelines_multilang(saveas).pdf,230092,2428,"4,5,6,7,8,9"
original/saveas/text/open_source_software_contribution_guidelines_multilang(saveas).pdf,230999,26952,"7,8,9"
original/saveas/text/open_source_software_contribution_guidelines_multilang(saveas).pdf,242899,15020,7
original/saveas/text/open_source_software_contribution_guidelines_multilang(saveas).pdf,249645,33184,"7,9"
original/saveas/text/open_source_software_contribution_guidelines_multilang(saveas).pdf,258030,28520,7
original/saveas/text/open_source_software_contribution_guidelines_multilang(saveas).pdf,269712,23920,"7,9"
original/saveas/text/open_source_software_contribution_guidelines_multilang(saveas).pdf,277943,14040,7
original/saveas/text/open_source_software_contribution_guidelines_multilang(saveas).pdf,284537,640,"3,4,5,6,7,8,9"
original/saveas/text/open_source_software_contribution_guidelines_multilang(saveas).pdf,284957,12320,"7,8,9"
original/saveas/text/open_source_software_contribution_guidelines_multilang(saveas).pdf,292379,727,"3,4,5,6,7,8,9"
original/saveas/text/open_source_software_contribution_guidelines_multilang(saveas).pdf,292838,33828,7
original/saveas/text/open_source_software_contribution_guidelines_multilang(saveas).pdf,307455,1404,"3,4,5,6,7,8,9"
original/saveas/text/open_source_software_contribution_guidelines_multilang(saveas).pdf,308062,34120,7
original/saveas/text/open_source_software_contribution_guidelines_multilang(saveas).pdf,319319,2080,"4,5,6,7,8,9"
original/saveas/text/open_source_software_contribution_guidelines_multilang(saveas).pdf,320102,35704,7
original/saveas/text/open_source_software_contribution_guidelines_multilang(saveas).pdf,340224,11823,"7,9"
original/saveas/text/personal_finance_cyber_fraud_prevention_guidelines_multilang(saveas).pdf,606,21963,"5,6,7,8,9"
original/saveas/text/personal_finance_cyber_fraud_prevention_guidelines_multilang(saveas).pdf,6037,20201,"5,6,7,8,9"
original/saveas/text/personal_finance_cyber_fraud_prevention_guidelines_multilang(saveas).pdf,12148,88501,"7,9"
original/saveas/text/personal_finance_cyber_fraud_prevention_guidelines_multilang(saveas).pdf,23297,22712,"6,7,8,9"
original/saveas/text/personal_finance_cyber_fraud_prevention_guidelines_multilang(saveas).pdf,28315,24953,"7,8,9"
original/saveas/text/personal_finance_cyber_fraud_prevention_guidelines_multilang(saveas).pdf,34498,90605,"7,8,9"
original/saveas/text/personal_finance_cyber_fraud_prevention_guidelines_multilang(saveas).pdf,45771,40288,7
original/saveas/text/personal_finance_cyber_fraud_prevention_guidelines_multilang(saveas).pdf,50608,44315,"7,8,9"
original/saveas/text/personal_finance_cyber_fraud_prevention_guidelines_multilang(saveas).pdf,56465,40782,"6,7,8,9"
original/saveas/text/personal_finance_cyber_fraud_prevention_guidelines_multilang(saveas).pdf,61099,23799,7
original/saveas/text/personal_finance_cyber_fraud_prevention_guidelines_multilang(saveas).pdf,65893,10544,"7,8,9"
original/saveas/text/personal_finance_cyber_fraud_prevention_guidelines_multilang(saveas).pdf,72144,12820,"7,9"
original/saveas/text/personal_finance_cyber_fraud_prevention_guidelines_multilang(saveas).pdf,78225,18812,7
original/saveas/text/personal_finance_cyber_fraud_prevention_guidelines_multilang(saveas).pdf,87274,85136,7
original/saveas/text/personal_finance_cyber_fraud_prevention_guidelines_multilang(saveas).pdf,110349,506,"3,4,5,6,7,8,9"
original/saveas/text/personal_finance_cyber_fraud_prevention_guidelines_multilang(saveas).pdf,110754,44540,7
original/saveas/text/personal_finance_cyber_fraud_prevention_guidelines_multilang(saveas).pdf,121114,3561,"5,6,7,8,9"
original/saveas/text/personal_finance_cyber_fraud_prevention_guidelines_multilang(saveas).pdf,122579,175268,7
original/saveas/text/personal_finance_cyber_fraud_prevention_guidelines_multilang(saveas).pdf,187834,689,"3,4,5,6,7,8,9"
original/saveas/text/personal_finance_cyber_fraud_prevention_guidelines_multilang(saveas).pdf,188324,60048,7
original/saveas/text/personal_finance_cyber_fraud_prevention_guidelines_multilang(saveas).pdf,198013,81056,7
original/saveas/text/personal_finance_cyber_fraud_prevention_guidelines_multilang(saveas).pdf,223982,805,"3,4,5,6,7,8,9"
original/saveas/text/personal_finance_cyber_fraud_prevention_guidelines_multilang(saveas).pdf,224461,20784,"7,8"
original/saveas/text/personal_finance_cyber_fraud_prevention_guidelines_multilang(saveas).pdf,233031,1826,"4,5,6,7,8,9"
original/saveas/text/personal_finance_cyber_fraud_prevention_guidelines_multilang(saveas).pdf,233808,27476,7
original/saveas/text/personal_finance_cyber_fraud_prevention_guidelines_multilang(saveas).pdf,248495,790,"3,4,5,6,7,8,9"
original/saveas/text/personal_finance_cyber_fraud_prevention_guidelines_multilang(saveas).pdf,248987,12456,"7,8,9"
original/saveas/text/personal_finance_cyber_fraud_prevention_guidelines_multilang(saveas).pdf,254049,14376,"7,9"
original/saveas/text/personal_finance_cyber_fraud_prevention_guidelines_multilang(saveas).pdf,260509,30440,7
original/saveas/text/personal_finance_cyber_fraud_prevention_guidelines_multilang(saveas).pdf,273837,22124,7
original/saveas/text/personal_finance_cyber_fraud_prevention_guidelines_multilang(saveas).pdf,282308,8516,"6,7,8,9"
original/saveas/text/personal_finance_cyber_fraud_prevention_guidelines_multilang(saveas).pdf,285941,824,"3,4,5,6,7,8,9"
original/saveas/text/personal_finance_cyber_fraud_prevention_guidelines_multilang(saveas).pdf,286444,32812,7
original/saveas/text/personal_finance_cyber_fraud_prevention_guidelines_multilang(saveas).pdf,302793,7844,"7,9"
original/saveas/text/personal_finance_cyber_fraud_prevention_guidelines_multilang(saveas).pdf,307228,954,"3,4,5,6,7,8,9"
original/saveas/text/personal_finance_cyber_fraud_prevention_guidelines_multilang(saveas).pdf,307733,21316,"7,8,9"
original/saveas/text/personal_finance_cyber_fraud_prevention_guidelines_multilang(saveas).pdf,316743,1700,"4,5,6,7,8,9"
original/saveas/text/personal_finance_cyber_fraud_prevention_guidelines_multilang(saveas).pdf,317480,18068,"7,9"
original/saveas/text/personal_finance_cyber_fraud_prevention_guidelines_multilang(saveas).pdf,326226,1045,"3,4,5,6,7,8,9"
original/saveas/text/personal_finance_cyber_fraud_prevention_guidelines_multilang(saveas).pdf,326754,32492,7
original/saveas/text/personal_finance_cyber_fraud_prevention_guidelines_multilang(saveas).pdf,340940,12250,"7,8,9"
original/saveas/text/remote_work_home_office_guidelines(saveas).pdf,606,20518,"5,6,7,8,9"
original/saveas/text/remote_work_home_office_guidelines(saveas).pdf,5685,17378,"5,6,7,8,9"
original/saveas/text/remote_work_home_office_guidelines(saveas).pdf,11102,72468,"7,8,9"
original/saveas/text/remote_work_home_office_guidelines(saveas).pdf,21315,18542,"5,6,7,8,9"
original/saveas/text/remote_work_home_office_guidelines(saveas).pdf,25844,21399,"6,7,9"
original/saveas/text/remote_work_home_office_guidelines(saveas).pdf,31587,72409,"7,8,9"
original/saveas/text/remote_work_home_office_guidelines(saveas).pdf,41936,40120,"7,9"
original/saveas/text/remote_work_home_office_guidelines(saveas).pdf,46721,43996,"7,9"
original/saveas/text/remote_work_home_office_guidelines(saveas).pdf,52547,38206,"7,9"
original/saveas/text/remote_work_home_office_guidelines(saveas).pdf,58703,12268,"7,8,9"
original/saveas/text/remote_work_home_office_guidelines(saveas).pdf,65738,81056,7
original/saveas/text/remote_work_home_office_guidelines(saveas).pdf,91989,89132,7
original/saveas/text/remote_work_home_office_guidelines(saveas).pdf,109282,23220,7
original/saveas/text/remote_work_home_office_guidelines(saveas).pdf,121350,449,"3,4,5,6,7,8,9"
original/saveas/text/remote_work_home_office_guidelines(saveas).pdf,121734,49732,"6,7,8"
original/saveas/text/remote_work_home_office_guidelines(saveas).pdf,125136,989,"3,4,5,6,7,8,9"
original/saveas/text/remote_work_home_office_guidelines(saveas).pdf,125729,65832,7
original/saveas/text/remote_work_home_office_guidelines(saveas).pdf,139322,2970,"5,6,7,8,9"
original/saveas/text/remote_work_home_office_guidelines(saveas).pdf,140600,200564,7
original/saveas/text/remote_work_home_office_guidelines(saveas).pdf,242577,616,"3,4,5,6,7,8,9"
original/saveas/text/remote_work_home_office_guidelines(saveas).pdf,242997,11688,"7,8,9"
original/saveas/text/remote_work_home_office_guidelines(saveas).pdf,247056,1151,"3,4,5,6,7,8,9"
original/saveas/text/remote_work_home_office_guidelines(saveas).pdf,247627,16120,7
original/saveas/text/remote_work_home_office_guidelines(saveas).pdf,254375,2201,"4,5,6,7,8,9"
original/saveas/text/remote_work_home_office_guidelines(saveas).pdf,255195,73836,7
original/saveas/text/remote_work_home_office_guidelines(saveas).pdf,285107,22044,7
original/saveas/text/remote_work_home_office_guidelines(saveas).pdf,293691,21152,7
original/saveas/text/remote_work_home_office_guidelines(saveas).pdf,302292,7564,"6,7,8,9"
original/saveas/text/remote_work_home_office_guidelines(saveas).pdf,307303,7712,"7,9"
original/saveas/text/remote_work_home_office_guidelines(saveas).pdf,312312,24928,7
original/saveas/text/remote_work_home_office_guidelines(saveas).pdf,320807,682,"3,4,5,6,7,8,9"
original/saveas/text/remote_work_home_office_guidelines(saveas).pdf,321240,12180,"7,8,9"
original/saveas/text/remote_work_home_office_guidelines(saveas).pdf,328401,790,"3,4,5,6,7,8,9"
original/saveas/text/remote_work_home_office_guidelines(saveas).pdf,328862,8220,"7,9"
original/saveas/text/remote_work_home_office_guidelines(saveas).pdf,332584,1438,"3,4,5,6,7,8,9"
original/saveas/text/remote_work_home_office_guidelines(saveas).pdf,333207,21596,"7,8,9"
original/saveas/text/remote_work_home_office_guidelines(saveas).pdf,342978,1946,"4,5,6,7,8,9"
original/saveas/text/remote_work_home_office_guidelines(saveas).pdf,343768,56492,7
original/saveas/text/remote_work_home_office_guidelines(saveas).pdf,373942,10290,"7,8,9"
original/saveas/text/smart_city_data_privacy_guidelines_multilang(saveas).pdf,615,23951,7
original/saveas/text/smart_city_data_privacy_guidelines_multilang(saveas).pdf,6954,20112,"5,6,7,8,9"
original/saveas/text/smart_city_data_privacy_guidelines_multilang(saveas).pdf,11520,92468,"7,9"
original/saveas/text/smart_city_data_privacy_guidelines_multilang(saveas).pdf,21581,23283,"5,6,7,9"
original/saveas/text/smart_city_data_privacy_guidelines_multilang(saveas).pdf,26546,24518,"6,7,8,9"
original/saveas/text/smart_city_data_privacy_guidelines_multilang(saveas).pdf,32246,89181,"7,9"
original/saveas/text/smart_city_data_privacy_guidelines_multilang(saveas).pdf,43524,40173,"7,9"
original/saveas/text/smart_city_data_privacy_guidelines_multilang(saveas).pdf,48375,44527,"7,8,9"
original/saveas/text/smart_city_data_privacy_guidelines_multilang(saveas).pdf,54265,40684,"6,7,8,9"
original/saveas/text/smart_city_data_privacy_guidelines_multilang(saveas).pdf,58856,23867,7
original/saveas/text/smart_city_data_privacy_guidelines_multilang(saveas).pdf,63667,110916,7
original/saveas/text/smart_city_data_privacy_guidelines_multilang(saveas).pdf,80496,16624,7
original/saveas/text/smart_city_data_privacy_guidelines_multilang(saveas).pdf,90810,632,"3,4,5,6,7,8,9"
original/saveas/text/smart_city_data_privacy_guidelines_multilang(saveas).pdf,91237,23976,"7,9"
original/saveas/text/smart_city_data_privacy_guidelines_multilang(saveas).pdf,99492,81056,7
original/saveas/text/smart_city_data_privacy_guidelines_multilang(saveas).pdf,125461,464,"3,4,5,6,7,8,9"
original/saveas/text/smart_city_data_privacy_guidelines_multilang(saveas).pdf,125847,56324,"7,8,9"
original/saveas/text/smart_city_data_privacy_guidelines_multilang(saveas).pdf,132595,3386,"5,6,7,8,9"
original/saveas/text/smart_city_data_privacy_guidelines_multilang(saveas).pdf,134031,213052,7
original/saveas/text/smart_city_data_privacy_guidelines_multilang(saveas).pdf,244592,653,"3,4,5,6,7,8,9"
original/saveas/text/smart_city_data_privacy_guidelines_multilang(saveas).pdf,245028,10832,"7,8"
original/saveas/text/smart_city_data_privacy_guidelines_multilang(saveas).pdf,248448,2082,"4,5,6,7,8,9"
original/saveas/text/smart_city_data_privacy_guidelines_multilang(saveas).pdf,249245,53552,7
original/saveas/text/smart_city_data_privacy_guidelines_multilang(saveas).pdf,273310,21404,7
original/saveas/text/smart_city_data_privacy_guidelines_multilang(saveas).pdf,281592,19356,7
original/saveas/text/smart_city_data_privacy_guidelines_multilang(saveas).pdf,291346,19132,"7,9"
original/saveas/text/smart_city_data_privacy_guidelines_multilang(saveas).pdf,298804,12388,7
original/saveas/text/smart_city_data_privacy_guidelines_multilang(saveas).pdf,304760,974,"3,4,5,6,7,8,9"
original/saveas/text/smart_city_data_privacy_guidelines_multilang(saveas).pdf,305306,33468,7
original/saveas/text/smart_city_data_privacy_guidelines_multilang(saveas).pdf,321756,849,"3,4,5,6,7,8,9"
original/saveas/text/smart_city_data_privacy_guidelines_multilang(saveas).pdf,322216,18420,"7,8,9"
original/saveas/text/smart_city_data_privacy_guidelines_multilang(saveas).pdf,328792,1198,"3,4,5,6,7,8,9"
original/saveas/text/smart_city_data_privacy_guidelines_multilang(saveas).pdf,329361,23244,7
original/saveas/text/smart_city_data_privacy_guidelines_multilang(saveas).pdf,339380,1700,"4,5,6,7,8,9"
original/saveas/text/smart_city_data_privacy_guidelines_multilang(saveas).pdf,340121,19252,"7,9"
original/saveas/text/smart_city_data_privacy_guidelines_multilang(saveas).pdf,352280,12110,"7,9"
original/saveas/text/smart_factory_robot_malfunction_analysis(saveas).pdf,622,14970,"5,6,7,8,9"
original/saveas/text/smart_factory_robot_malfunction_analysis(saveas).pdf,6041,15994,"5,6,7,8,9"
original/saveas/text/smart_factory_robot_malfunction_analysis(saveas).pdf,10658,41140,"7,8,9"
original/saveas/text/smart_factory_robot_malfunction_analysis(saveas).pdf,17358,14740,"5,6,7,8,9"
original/saveas/text/smart_factory_robot_malfunction_analysis(saveas).pdf,23210,14631,"5,6,7,8,9"
original/saveas/text/smart_factory_robot_malfunction_analysis(saveas).pdf,28943,43753,"7,9"
original/saveas/text/smart_factory_robot_malfunction_analysis(saveas).pdf,35768,40109,7
original/saveas/text/smart_factory_robot_malfunction_analysis(saveas).pdf,41631,46157,7
original/saveas/text/smart_factory_robot_malfunction_analysis(saveas).pdf,49482,337,"2,3,4,5,6,7,8,9"
original/saveas/text/smart_factory_robot_malfunction_analysis(saveas).pdf,49799,13020,"7,8,9"
original/saveas/text/smart_factory_robot_malfunction_analysis(saveas).pdf,57869,337,"2,3,4,5,6,7,8,9"
original/saveas/text/smart_factory_robot_malfunction_analysis(saveas).pdf,58189,43716,7
original/saveas/text/smart_factory_robot_malfunction_analysis(saveas).pdf,77221,13092,"7,9"
original/saveas/text/smart_factory_robot_malfunction_analysis(saveas).pdf,83242,337,"2,3,4,5,6,7,8,9"
original/saveas/text/smart_factory_robot_malfunction_analysis(saveas).pdf,83561,92372,7
original/saveas/text/smart_factory_robot_malfunction_analysis(saveas).pdf,106763,810,"3,4,5,6,7,8,9"
original/saveas/text/smart_factory_robot_malfunction_analysis(saveas).pdf,107308,61800,7
original/saveas/text/smart_factory_robot_malfunction_analysis(saveas).pdf,133561,1993,"4,5,6,7,8,9"
original/saveas/text/smart_factory_robot_malfunction_analysis(saveas).pdf,134532,127608,7
original/saveas/text/smart_factory_robot_malfunction_analysis(saveas).pdf,174928,1063,"3,4,5,6,7,8,9"
original/saveas/text/smart_factory_robot_malfunction_analysis(saveas).pdf,175509,32604,7
original/saveas/text/smart_factory_robot_malfunction_analysis(saveas).pdf,189185,1772,"4,5,6,7,8,9"
original/saveas/text/smart_factory_robot_malfunction_analysis(saveas).pdf,189949,27856,"7,8"
original/saveas/text/smart_factory_robot_malfunction_analysis(saveas).pdf,201042,337,"2,3,4,5,6,7,8,9"
original/saveas/text/smart_factory_robot_malfunction_analysis(saveas).pdf,201359,22768,7
original/saveas/text/smart_factory_robot_malfunction_analysis(saveas).pdf,210531,661,"3,4,5,6,7,8,9"
original/saveas/text/smart_factory_robot_malfunction_analysis(saveas).pdf,210970,29148,7
original/saveas/text/smart_factory_robot_malfunction_analysis(saveas).pdf,223967,684,"3,4,5,6,7,8,9"
original/saveas/text/smart_factory_robot_malfunction_analysis(saveas).pdf,224409,13436,7
original/saveas/text/smart_factory_robot_malfunction_analysis(saveas).pdf,231699,976,"3,4,5,6,7,8,9"
original/saveas/text/smart_factory_robot_malfunction_analysis(saveas).pdf,232244,33308,7
original/saveas/text/smart_factory_robot_malfunction_analysis(saveas).pdf,248087,81740,7
original/saveas/text/smart_factory_robot_malfunction_analysis(saveas).pdf,267553,1293,"3,4,5,6,7,8,9"
original/saveas/text/smart_factory_robot_malfunction_analysis(saveas).pdf,268144,37516,7
original/saveas/text/smart_factory_robot_malfunction_analysis(saveas).pdf,280296,2021,"4,5,6,7,8,9"
original/saveas/text/smart_factory_robot_malfunction_analysis(saveas).pdf,281040,32872,7
original/saveas/text/smart_factory_robot_malfunction_analysis(saveas).pdf,299439,8036,"7,9"
